Date,Open,High,Low,Close,Volume,Dividends,Stock Splits
2009-08-06 00:00:00-04:00,1.1692808659721592,1.1983357303561584,1.1026673012434172,1.1466039419174194,241978000,0.0,0.0
2009-08-07 00:00:00-04:00,1.144478360187033,1.1877063277121718,1.1359745212662034,1.164320707321167,24543000,0.0,0.0
2009-08-10 00:00:00-04:00,1.178494307200383,1.178494307200383,1.1062114340898686,1.1317230463027954,24210000,0.0,0.0
2009-08-11 00:00:00-04:00,1.1324315963456928,1.133848889188741,1.098416061242588,1.110463261604309,23054000,0.0,0.0
2009-08-12 00:00:00-04:00,1.1444782474497128,1.1480215203575517,1.1097541222659182,1.1338484287261963,14513000,0.0,0.0
2009-08-13 00:00:00-04:00,1.1338484976362635,1.1848716981927288,1.1338484976362635,1.172824501991272,11506000,0.0,0.0
2009-08-14 00:00:00-04:00,1.169281569024541,1.204714395042448,1.1515651982547472,1.1763681173324585,6378000,0.0,0.0
2009-08-17 00:00:00-04:00,1.1529823702335689,1.1600689177990957,1.1480218038333623,1.1494390964508057,2544000,0.0,0.0
2009-08-18 00:00:00-04:00,1.1678641538825563,1.2188873639356888,1.1586516251519456,1.2096748352050781,14467000,0.0,0.0
2009-08-19 00:00:00-04:00,1.1933753125679751,1.2713273911097767,1.1905406439150614,1.2677841186523438,20708000,0.0,0.0
2009-08-20 00:00:00-04:00,1.2720362676078112,1.2720362676078112,1.2252650273517742,1.2585718631744385,18821000,0.0,0.0
2009-08-21 00:00:00-04:00,1.2606979236322766,1.273453724914943,1.245816141389449,1.2628238201141357,8636000,0.0,0.0
2009-08-24 00:00:00-04:00,1.2415639291578242,1.2649495460482285,1.2259735460569834,1.2401466369628906,10216000,0.0,0.0
2009-08-25 00:00:00-04:00,1.2507768227221598,1.2684931915610524,1.2436902751866028,1.264949917793274,5308000,0.0,0.0
2009-08-26 00:00:00-04:00,1.2536114924233688,1.264949917793274,1.2153440850443746,1.264949917793274,7086000,0.0,0.0
2009-08-27 00:00:00-04:00,1.2649494820870326,1.2904610782190058,1.2436898468031485,1.286917805671692,11611000,0.0,0.0
2009-08-28 00:00:00-04:00,1.2826661187730184,1.3464451227247511,1.2755795721648593,1.3088864088058472,12950000,0.0,0.0
2009-08-31 00:00:00-04:00,1.3003830222344985,1.3039262967714456,1.262115606548473,1.2897531986236572,10048000,0.0,0.0
2009-09-01 00:00:00-04:00,1.2932961924138122,1.3067605989400466,1.2004623014283808,1.264949917793274,13835000,0.0,0.0
2009-09-02 00:00:00-04:00,1.258571641617585,1.2932957637186229,1.2387292981996036,1.2529023885726929,12934000,0.0,0.0
2009-09-03 00:00:00-04:00,1.2734531153499606,1.2734531153499606,1.2047135759187404,1.236603021621704,36577000,0.0,0.0
2009-09-04 00:00:00-04:00,1.2578631747397149,1.2755795408248352,1.2394381202198705,1.2585718631744385,11586000,0.0,0.0
2009-09-08 00:00:00-04:00,1.2585719875158539,1.2706191007482783,1.2366036576086104,1.2543200254440308,5749000,0.0,0.0
2009-09-09 00:00:00-04:00,1.2649497223080346,1.2649497223080346,1.2203044628378386,1.2231390476226807,5512000,0.0,0.0
2009-09-10 00:00:00-04:00,1.2054225294282632,1.2373120688647303,1.201170652787478,1.2082571983337402,4152000,0.0,0.0
2009-09-11 00:00:00-04:00,1.2047138290889008,1.2280994444145383,1.1721156883951904,1.1962099075317383,6203000,0.0,0.0
2009-09-14 00:00:00-04:00,1.1792025326364546,1.1976275880485807,1.1558169113759258,1.1799111366271973,16145000,0.0,0.0
2009-09-15 00:00:00-04:00,1.222430496475727,1.229517043222275,1.1784938390644892,1.2174699306488037,19869000,0.0,0.0
2009-09-16 00:00:00-04:00,1.2330600746099114,1.2578629833553066,1.2125090423910418,1.2458158731460571,20211000,0.0,0.0
2009-09-17 00:00:00-04:00,1.2514855293066525,1.2684932098458235,1.1714074396265952,1.179202675819397,14464000,0.0,0.0
2009-09-18 00:00:00-04:00,1.1742417827456446,1.2061313250175756,1.1466042864491433,1.1480215787887573,8999000,0.0,0.0
2009-09-21 00:00:00-04:00,1.1536910731954721,1.1784939899846991,1.1246361940224816,1.1770766973495483,5530000,0.0,0.0
2009-09-22 00:00:00-04:00,1.2018795490441634,1.230934426643522,1.1919584166571326,1.2224305868148804,11141000,0.0,0.0
2009-09-23 00:00:00-04:00,1.248650384300208,1.2606975782815255,1.225973457386557,1.2330600023269653,5303000,0.0,0.0
2009-09-24 00:00:00-04:00,1.2280999882734116,1.2649500215863045,1.1869979078206567,1.2394384145736694,7788000,0.0,0.0
2009-09-25 00:00:00-04:00,1.2387297085133375,1.2387297085133375,1.2118008109889509,1.2139267921447754,4685000,0.0,0.0
2009-09-28 00:00:00-04:00,1.2273910280154334,1.2649497416185933,1.206839992337558,1.2507766485214233,2336000,0.0,0.0
2009-09-29 00:00:00-04:00,1.2436902721875336,1.2642413106780777,1.2011709870767235,1.20684015750885,3567000,0.0,0.0
2009-09-30 00:00:00-04:00,1.2047142688049988,1.2280998926662994,1.2018795990918745,1.2096748352050781,5126000,0.0,0.0
2009-10-01 00:00:00-04:00,1.204714136154895,1.2110919944701204,1.148730365866011,1.155816912651062,6605000,0.0,0.0
2009-10-02 00:00:00-04:00,1.1480220789544162,1.1593605915678336,1.1267624311630067,1.1402268409729004,6296000,0.0,0.0
2009-10-05 00:00:00-04:00,1.1409351986727745,1.1714073685619488,1.1338486514649808,1.1685727834701538,1889000,0.0,0.0
2009-10-06 00:00:00-04:00,1.1862892508733398,1.2188874045514877,1.1650296074688904,1.1671555042266846,4694000,0.0,0.0
2009-10-07 00:00:00-04:00,1.1742420569155285,1.1770767267349083,1.1281794960141693,1.1430612802505493,2917000,0.0,0.0
2009-10-08 00:00:00-04:00,1.1416439142714674,1.146604565384338,1.1295967997365988,1.1345573663711548,5573000,0.0,0.0
2009-10-09 00:00:00-04:00,1.1324315306627657,1.1657382906950122,1.1295968606627604,1.1515651941299438,8705000,0.0,0.0
2009-10-12 00:00:00-04:00,1.1494391696060098,1.165738246939726,1.136683366280566,1.1579430103302002,12888000,0.0,0.0
2009-10-13 00:00:00-04:00,1.1473130313108366,1.1813285585096578,1.1444784462834205,1.1714073419570923,5573000,0.0,0.0
2009-10-14 00:00:00-04:00,1.193375574308679,1.2047140824506282,1.172115934901247,1.1947928667068481,6955000,0.0,0.0
2009-10-15 00:00:00-04:00,1.233060536526861,1.2720365505847195,1.2118008924953017,1.216052770614624,20920000,0.0,0.0
2009-10-16 00:00:00-04:00,1.2210131639093924,1.2210131639093924,1.1487303218865967,1.164320707321167,12638000,0.0,0.0
2009-10-19 00:00:00-04:00,1.166446847739907,1.1792026501052835,1.1381005733288985,1.150856375694275,21429000,0.0,0.0
2009-10-20 00:00:00-04:00,1.1579428518811041,1.1855804360507822,1.1529822858439736,1.1714073419570923,4890000,0.0,0.0
2009-10-21 00:00:00-04:00,1.1600688592381563,1.1983362648472262,1.14164380270657,1.1685727834701538,2338000,0.0,0.0
2009-10-22 00:00:00-04:00,1.1572340880058871,1.1572340880058871,1.106210888734181,1.1536908149719238,9834000,0.0,0.0
2009-10-23 00:00:00-04:00,1.143060820108498,1.1629031629433142,1.1281790418628157,1.1373915672302246,11341000,0.0,0.0
2009-10-26 00:00:00-04:00,1.1274707611608499,1.1423525447863825,1.1203842136207505,1.1225101947784424,1624000,0.0,0.0
2009-10-27 00:00:00-04:00,1.1303049233105638,1.1331395072624348,1.0814077165537455,1.0948721170425415,3288000,0.0,0.0
2009-10-28 00:00:00-04:00,1.0984158001403204,1.0984158001403204,1.0551878295938755,1.0580224990844727,6220000,0.0,0.0
2009-10-29 00:00:00-04:00,1.0594400918317948,1.077156464375137,1.0431410121962545,1.065817952156067,11833000,0.0,0.0
2009-10-30 00:00:00-04:00,1.0700693428485692,1.0764472842388386,1.053770271933369,1.0629827976226807,2781000,0.0,0.0
2009-11-02 00:00:00-05:00,1.070068648814275,1.070068648814275,1.043139777526,1.053769588470459,2766000,0.0,0.0
2009-11-03 00:00:00-05:00,1.0403057681450587,1.0502268967005755,1.0232980105778198,1.0268412828445435,3637000,0.0,0.0
2009-11-04 00:00:00-05:00,1.034636570583194,1.0806991124974745,1.0155028317438695,1.0473923683166504,8053000,0.0,0.0
2009-11-05 00:00:00-05:00,1.0644001063466342,1.1154233003501717,1.052352996170687,1.0856597423553467,2741000,0.0,0.0
2009-11-06 00:00:00-05:00,1.0856598986283288,1.1118801877292581,1.053770440025,1.0835340023040771,2575000,0.0,0.0
2009-11-09 00:00:00-05:00,1.0814082517091883,1.1154236983561934,1.0693610527562698,1.1097544431686401,2529000,0.0,0.0
2009-11-10 00:00:00-05:00,1.111879874188585,1.111879874188585,1.075738464171731,1.0948721170425415,1468000,0.0,0.0
2009-11-11 00:00:00-05:00,1.1005418919117251,1.1005418919117251,1.0714870124588876,1.0884947776794434,1535000,0.0,0.0
2009-11-12 00:00:00-05:00,1.0913290373848994,1.1303051227076673,1.0913290373848994,1.1055021286010742,1300000,0.0,0.0
2009-11-13 00:00:00-05:00,1.1062109493995214,1.1161321651256804,1.0920378564864062,1.1040849685668945,621000,0.0,0.0
2009-11-16 00:00:00-05:00,1.1076284674543038,1.1487305466500946,1.1005419195539912,1.1345573663711548,1556000,0.0,0.0
2009-11-17 00:00:00-05:00,1.1218014403176895,1.1473130437543464,1.104085072508429,1.1388092041015625,985000,0.0,0.0
2009-11-18 00:00:00-05:00,1.1444784854663184,1.1444784854663184,1.1203841739951588,1.135974645614624,1155000,0.0,0.0
2009-11-19 00:00:00-05:00,1.1225101687785206,1.1260534424664999,1.0806994885733803,1.1033765077590942,1166000,0.0,0.0
2009-11-20 00:00:00-05:00,1.1026677339511317,1.1090456767832169,1.0849513668813986,1.0941638946533203,4237000,0.0,0.0
2009-11-23 00:00:00-05:00,1.1012502778810944,1.106210843028025,1.0736126986711279,1.0764473676681519,4653000,0.0,0.0
2009-11-24 00:00:00-05:00,1.0700696338077658,1.086368709154795,1.063691775161596,1.081408143043518,5228000,0.0,0.0
2009-11-25 00:00:00-05:00,1.0899116568203473,1.1324310115009162,1.0884943647092604,1.098415493965149,1353000,0.0,0.0
2009-11-27 00:00:00-05:00,1.0721954332541472,1.1253446123764732,1.0672348679830288,1.1239272356033325,616000,0.0,0.0
2009-11-30 00:00:00-05:00,1.1246359239899029,1.13313976223729,1.0806992715015344,1.1239272356033325,2765000,0.0,0.0
2009-12-01 00:00:00-05:00,1.1267623493047383,1.1579431300088843,1.1267623493047383,1.1310142278671265,4178000,0.0,0.0
2009-12-02 00:00:00-05:00,1.135974876923506,1.141644048326796,1.0899122256843423,1.1062113046646118,8465000,0.0,0.0
2009-12-03 00:00:00-05:00,1.1040852460866166,1.1295968535340677,1.1040852460866166,1.1288882493972778,5079000,0.0,0.0
2009-12-04 00:00:00-05:00,1.162194921591469,1.1841632532636328,1.1055024554851858,1.1706987619400024,9468000,0.0,0.0
2009-12-07 00:00:00-05:00,1.1692808097992,1.1997529646330443,1.1692808097992,1.1955010890960693,3084000,0.0,0.0
2009-12-08 00:00:00-05:00,1.1770759295544726,1.2025875182594719,1.1728239699442204,1.1869970560073853,2495000,0.0,0.0
2009-12-09 00:00:00-05:00,1.1770767514525298,1.1912498474121094,1.1579430043244445,1.1912498474121094,967000,0.0,0.0
2009-12-10 00:00:00-05:00,1.1905410663620628,1.204005557164963,1.1869977926473485,1.1884151697158813,2555000,0.0,0.0
2009-12-11 00:00:00-05:00,1.1827455951079964,1.1834541989723748,1.166446523531287,1.174950361251831,774000,0.0,0.0
2009-12-14 00:00:00-05:00,1.1862890171218157,1.1976275251613253,1.182745743919256,1.1940841674804688,2248000,0.0,0.0
2009-12-15 00:00:00-05:00,1.1940845827340996,1.1976279416471909,1.1841634481080876,1.1862894296646118,1404000,0.0,0.0
2009-12-16 00:00:00-05:00,1.196210373379392,1.2139268272040564,1.1862892403367602,1.204714298248291,3157000,0.0,0.0
2009-12-17 00:00:00-05:00,1.1983361933613683,1.2032967592152437,1.1437697155338342,1.155816912651062,1490000,0.0,0.0
2009-12-18 00:00:00-05:00,1.1551082061403148,1.1905409395121682,1.1501476403639155,1.1614861488342285,4178000,0.0,0.0
2009-12-21 00:00:00-05:00,1.189832425093535,1.1940843027312276,1.1593602552043607,1.1685727834701538,1443000,0.0,0.0
2009-12-22 00:00:00-05:00,1.1692812985763736,1.1855803728103638,1.1501476394661676,1.1855803728103638,3127000,0.0,0.0
2009-12-23 00:00:00-05:00,1.186997649655298,1.1933755922604485,1.1799111030795524,1.1891236305236816,2235000,0.0,0.0
2009-12-24 00:00:00-05:00,1.1848717532652135,1.2047141005729614,1.1848717532652135,1.1891236305236816,308000,0.0,0.0
2009-12-28 00:00:00-05:00,1.1869977327835874,1.2614065615182448,1.1869977327835874,1.2316430807113647,7954000,0.0,0.0
2009-12-29 00:00:00-05:00,1.2415635696734557,1.2529020729065268,1.233059734487783,1.2422722578048706,2276000,0.0,0.0
2009-12-30 00:00:00-05:00,1.226682464427388,1.2599893041785197,1.226682464427388,1.253611445426941,3025000,0.0,0.0
2009-12-31 00:00:00-05:00,1.2479422363136656,1.2961307764053345,1.2479422363136656,1.2961307764053345,5558000,0.0,0.0
2010-01-04 00:00:00-05:00,1.2968390830207077,1.3393583556714102,1.2762880505525636,1.3365237712860107,5387000,0.0,0.0
2010-01-05 00:00:00-05:00,1.3429020482081588,1.3634530871009354,1.2826663086439125,1.3464453220367432,3011000,0.0,0.0
2010-01-06 00:00:00-05:00,1.3429017644387056,1.3677046759976768,1.3173901644724462,1.3570748567581177,5331000,0.0,0.0
2010-01-07 00:00:00-05:00,1.3492796312463966,1.3584921576347047,1.3216420520814722,1.3485709428787231,2718000,0.0,0.0
2010-01-08 00:00:00-05:00,1.3393588652831148,1.3677050578356724,1.335815591214045,1.3584926128387451,2899000,0.0,0.0
2010-01-11 00:00:00-05:00,1.3606179891006907,1.3854209825724262,1.3485708787709576,1.366995930671692,5127000,0.0,0.0
2010-01-12 00:00:00-05:00,1.3563665394437665,1.3563665394437665,1.3280202643367798,1.3464453220367432,9167000,0.0,0.0
2010-01-13 00:00:00-05:00,1.343610676624653,1.343610676624653,1.2932961567195278,1.3053432703018188,9439000,0.0,0.0
2010-01-14 00:00:00-05:00,1.3095950041618154,1.3372325001776295,1.2862093851216612,1.3060517311096191,10654000,0.0,0.0
2010-01-15 00:00:00-05:00,1.3152639689674825,1.3152639689674825,1.2862091851438417,1.2925870418548584,1587000,0.0,0.0
2010-01-19 00:00:00-05:00,1.2684930986204268,1.2862095506395714,1.22597381652241,1.262115240097046,3813000,0.0,0.0
2010-01-20 00:00:00-05:00,1.255028528805824,1.2762881670720871,1.2358947867835526,1.27274489402771,1938000,0.0,0.0
2010-01-21 00:00:00-05:00,1.2663670680375572,1.3103037254012244,1.2606978982290977,1.2748709917068481,3386000,0.0,0.0
2010-01-22 00:00:00-05:00,1.2670760079079,1.2798318114644607,1.2316432671831854,1.244399070739746,9235000,0.0,0.0
2010-01-25 00:00:00-05:00,1.2521939409354808,1.2614064683443007,1.2373122438704314,1.2507766485214233,2614000,0.0,0.0
2010-01-26 00:00:00-05:00,1.2068399728319301,1.2755795408248352,1.1933755683985574,1.2585718631744385,7654000,0.0,0.0
2010-01-27 00:00:00-05:00,1.250068134308898,1.2720363794998604,1.2224305500980488,1.2337690591812134,6963000,0.0,0.0
2010-01-28 00:00:00-05:00,1.2436900735169165,1.2571545623381364,1.2224304343575874,1.2557371854782104,144576000,0.0,0.0
2010-01-29 00:00:00-05:00,1.255737306964957,1.2656585235527869,1.22243055262206,1.2316430807113647,33570000,0.0,0.0
2010-02-01 00:00:00-05:00,1.2316427993150034,1.253611124010474,1.2252648577203737,1.2401466369628906,5095000,0.0,0.0
2010-02-02 00:00:00-05:00,1.2408556196804335,1.2614065725781989,1.2295171104744425,1.2543200254440308,17729000,0.0,0.0
2010-02-03 00:00:00-05:00,1.242981415906194,1.2536113202277195,1.2387295386558825,1.2486506700515747,12857000,0.0,0.0
2010-02-04 00:00:00-05:00,1.231642636525271,1.2458157255578806,1.2089656264904762,1.2203041315078735,13767000,0.0,0.0
2010-02-05 00:00:00-05:00,1.2224301245596618,1.2273906888773671,1.17636750024304,1.2188868522644043,5387000,0.0,0.0
2010-02-08 00:00:00-05:00,1.2103836840873659,1.2252654707759114,1.1955019818771482,1.20542311668396,4983000,0.0,0.0
2010-02-09 00:00:00-05:00,1.2075485141794737,1.2316428198073743,1.1919581308192362,1.204005241394043,1896000,0.0,0.0
2010-02-10 00:00:00-05:00,1.1947929910919004,1.200462245753078,1.1699900758677657,1.1905410289764404,5780000,0.0,0.0
2010-02-11 00:00:00-05:00,1.1877064986867902,1.2224306322897633,1.1692814413073913,1.2139267921447754,3700000,0.0,0.0
2010-02-12 00:00:00-05:00,1.2032967869588698,1.2323516632387987,1.1898323815481533,1.230225682258606,1632000,0.0,0.0
2010-02-16 00:00:00-05:00,1.233060223065835,1.2408554576870763,1.2238476960984483,1.238729476928711,4227000,0.0,0.0
2010-02-17 00:00:00-05:00,1.2472334647989547,1.2472334647989547,1.2167612955564666,1.2337690591812134,5077000,0.0,0.0
2010-02-18 00:00:00-05:00,1.2380203134239613,1.240146293366478,1.225973206387383,1.236603021621704,4619000,0.0,0.0
2010-02-19 00:00:00-05:00,1.2401462778888872,1.24865011307456,1.2302250664403847,1.2422722578048706,3746000,0.0,0.0
2010-02-22 00:00:00-05:00,1.2401468026316738,1.2465246606000235,1.221013144248328,1.2295169830322266,8465000,0.0,0.0
2010-02-23 00:00:00-05:00,1.2295170996940936,1.2394382318036188,1.2139267130312807,1.2316430807113647,18202000,0.0,0.0
2010-02-24 00:00:00-05:00,1.2401464688348018,1.2663666665603708,1.233768612583111,1.2571542263031006,8523000,0.0,0.0
2010-02-25 00:00:00-05:00,1.2755796831535033,1.3032172680170602,1.2536114374437242,1.2819576263427734,23197000,0.0,0.0
2010-02-26 00:00:00-05:00,1.27912307016046,1.2890442878416293,1.2727452108840975,1.2862097024917603,2807000,0.0,0.0
2010-03-01 00:00:00-05:00,1.3251853005356382,1.3322718461685865,1.2840833189688807,1.2968391180038452,8722000,0.0,0.0
2010-03-02 00:00:00-05:00,1.2890437539920732,1.328019751041829,1.2890437539920732,1.3266024589538574,9810000,0.0,0.0
2010-03-03 00:00:00-05:00,1.3287282862268577,1.4130582117230381,1.3287282862268577,1.3400667905807495,10634000,0.0,0.0
2010-03-04 00:00:00-05:00,1.3471537673690048,1.363452840933404,1.31101234705135,1.3506970405578613,3966000,0.0,0.0
2010-03-05 00:00:00-05:00,1.3499886126637295,1.393216587701685,1.3499886126637295,1.3719569444656372,3767000,0.0,0.0
2010-03-08 00:00:00-05:00,1.3804606809072395,1.3832953504788987,1.3528231805729756,1.3684135675430298,2220000,0.0,0.0
2010-03-09 00:00:00-05:00,1.37762582955621,1.4173105200630165,1.3570747959272855,1.3712478876113892,9227000,0.0,0.0
2010-03-10 00:00:00-05:00,1.3790432604711664,1.4158933701371963,1.3719567139166682,1.3988856077194214,5449000,0.0,0.0
2010-03-11 00:00:00-05:00,1.4024284804858254,1.4151842775367331,1.4024284804858254,1.4073890447616577,3947000,0.0,0.0
2010-03-12 00:00:00-05:00,1.4102240377126385,1.4173105838737436,1.3776258915802368,1.3925076723098755,4984000,0.0,0.0
2010-03-15 00:00:00-04:00,1.3861296742118379,1.3861296742118379,1.3485709641760741,1.3762085437774658,1792000,0.0,0.0
2010-03-16 00:00:00-04:00,1.376208288995569,1.3946333386520742,1.3577832393390634,1.3818775415420532,1623000,0.0,0.0
2010-03-17 00:00:00-04:00,1.3882558593113925,1.4166020469877554,1.3861298783400047,1.4095155000686646,3094000,0.0,0.0
2010-03-18 00:00:00-04:00,1.4130588850092454,1.4173108472874727,1.3804607328183276,1.4158935546875,2112000,0.0,0.0
2010-03-19 00:00:00-04:00,1.4251058101654053,1.4371530913443897,1.3953423315929476,1.4251058101654053,6365000,0.0,0.0
2010-03-22 00:00:00-04:00,1.4080983106803602,1.4279407448806252,1.3960511969314864,1.413058876991272,4734000,0.0,0.0
2010-03-23 00:00:00-04:00,1.415893617062439,1.4385705530959256,1.4137676358296687,1.432901382446289,2819000,0.0,0.0
2010-03-24 00:00:00-04:00,1.4314840467372638,1.4314840467372638,1.3868387774701625,1.3903820514678955,1535000,0.0,0.0
2010-03-25 00:00:00-04:00,1.3995942184709806,1.3995942184709806,1.3684133646751413,1.3925076723098755,5835000,0.0,0.0
2010-03-26 00:00:00-04:00,1.393216211050736,1.4314836092171574,1.393216211050736,1.4109326601028442,5250000,0.0,0.0
2010-03-29 00:00:00-04:00,1.4236888534231595,1.4456571008862849,1.4130589472593074,1.432901382446289,2961000,0.0,0.0
2010-03-30 00:00:00-04:00,1.437153544456893,1.4534526235334668,1.4144765207964467,1.4442400932312012,3539000,0.0,0.0
2010-03-31 00:00:00-04:00,1.4449481374426658,1.465499171610753,1.4293576685984986,1.4569952487945557,6620000,0.0,0.0
2010-04-01 00:00:00-04:00,1.4662080206647092,1.4740031719117868,1.4236887373880107,1.4527435302734375,3246000,0.0,0.0
2010-04-05 00:00:00-04:00,1.4662078692790317,1.466916473240163,1.402428866470847,1.4357357025146484,6120000,0.0,0.0
2010-04-06 00:00:00-04:00,1.4208539060743355,1.4761288971727908,1.4173105486036661,1.4654991626739502,2358000,0.0,0.0
2010-04-07 00:00:00-04:00,1.458412558312487,1.469750896268982,1.445656674676565,1.4513260126113892,1446000,0.0,0.0
2010-04-08 00:00:00-04:00,1.4513264517531734,1.4513264517531734,1.422980091415175,1.4243974685668945,1402000,0.0,0.0
2010-04-09 00:00:00-04:00,1.4243968782153138,1.4272314623873115,1.405263223858633,1.4180189371109009,1983000,0.0,0.0
2010-04-12 00:00:00-04:00,1.4116410073180354,1.4279401611361968,1.3939246459656096,1.4187276363372803,2867000,0.0,0.0
2010-04-13 00:00:00-04:00,1.4073896038125275,1.4343185006216685,1.3995944524192945,1.4279407262802124,2367000,0.0,0.0
2010-04-14 00:00:00-04:00,1.461955886407969,1.5278607846225518,1.452743359220417,1.527152180671692,4783000,0.0,0.0
2010-04-15 00:00:00-04:00,1.5306956958537565,1.559041884284206,1.5306956958537565,1.556207299232483,6148000,0.0,0.0
2010-04-16 00:00:00-04:00,1.5569157671570377,1.5576243711188726,1.5356561276926317,1.5505378246307373,3439000,0.0,0.0
2010-04-19 00:00:00-04:00,1.5363646349985,1.5618762345421175,1.5094358276203725,1.5519551038742065,4867000,0.0,0.0
2010-04-20 00:00:00-04:00,1.5923484873899216,1.6214034460381428,1.5717974520449056,1.5852619409561157,8506000,0.0,0.0
2010-04-21 00:00:00-04:00,1.5944743847403375,1.6178600036432518,1.5207741705218998,1.5477031469345093,5402000,0.0,0.0
2010-04-22 00:00:00-04:00,1.5477036271898894,1.5491210044248995,1.4860505052514803,1.5257353782653809,6441000,0.0,0.0
2010-04-23 00:00:00-04:00,1.518648380977041,1.5321128708782752,1.4938455511133013,1.5229003429412842,1886000,0.0,0.0
2010-04-26 00:00:00-04:00,1.5129792351231395,1.5611678565586757,1.5094360460675051,1.544160008430481,2550000,0.0,0.0
2010-04-27 00:00:00-04:00,1.5491206096758785,1.5491206096758785,1.4754203913685067,1.4881761074066162,2506000,0.0,0.0
2010-04-28 00:00:00-04:00,1.5009323988116652,1.508727551336963,1.46549965693762,1.4888852834701538,3139000,0.0,0.0
2010-04-29 00:00:00-04:00,1.5115614354917257,1.5448683494590303,1.5115614354917257,1.5165221691131592,3185000,0.0,0.0
2010-04-30 00:00:00-04:00,1.5285695345640629,1.5370732887163974,1.4520347334535098,1.4534521102905273,3603000,0.0,0.0
2010-05-03 00:00:00-04:00,1.4633733866053498,1.5214831393884205,1.4449483306773074,1.4966801404953003,4239000,0.0,0.0
2010-05-04 00:00:00-04:00,1.4860503465242194,1.4860503465242194,1.4116415977233003,1.4208542108535767,5540000,0.0,0.0
2010-05-05 00:00:00-04:00,1.4130582629979729,1.4215621838111037,1.3606177840561786,1.3882553577423096,6266000,0.0,0.0
2010-05-06 00:00:00-04:00,1.3868384025488565,1.387547006469848,1.314555564953567,1.3606181144714355,9155000,0.0,0.0
2010-05-07 00:00:00-04:00,1.363452657958342,1.381877709859076,1.3025083334974072,1.366995930671692,6025000,0.0,0.0
2010-05-10 00:00:00-04:00,1.417310592292021,1.4817982810107218,1.417310592292021,1.469751000404358,8944000,0.0,0.0
2010-05-11 00:00:00-04:00,1.4406966151427152,1.4740033747300405,1.4293581042507961,1.4640822410583496,2174000,0.0,0.0
2010-05-12 00:00:00-04:00,1.4569956871506402,1.4825072943181463,1.4527437244632833,1.4683341979980469,3533000,0.0,0.0
2010-05-13 00:00:00-04:00,1.4761293014243693,1.4761293014243693,1.4399879576914547,1.4499090909957886,2919000,0.0,0.0
2010-05-14 00:00:00-04:00,1.446365319879259,1.4520346579760441,1.3974681869361134,1.4336096048355103,5049000,0.0,0.0
2010-05-17 00:00:00-04:00,1.435027150224653,1.4541608095169065,1.4116414446210195,1.4541608095169067,2929000,0.0,0.0
2010-05-18 00:00:00-04:00,1.4598298190517909,1.4796722491088354,1.4130585819360362,1.422979712486267,3384000,0.0,0.0
2010-05-19 00:00:00-04:00,1.4059717547896042,1.4371526859351131,1.3414841656754641,1.4187276363372803,5790000,0.0,0.0
2010-05-20 00:00:00-04:00,1.401011843781601,1.43857056425758,1.3776262189963075,1.4243974685668945,11123000,0.0,0.0
2010-05-21 00:00:00-04:00,1.4102239673808041,1.435026962185971,1.384712368681843,1.403846025466919,8233000,0.0,0.0
2010-05-24 00:00:00-04:00,1.3995946499815843,1.4173110208465016,1.368413786572338,1.3740830421447754,4802000,0.0,0.0
2010-05-25 00:00:00-04:00,1.3464452556562658,1.3705395671897642,1.3124298116831732,1.3627443313598633,6804000,0.0,0.0
2010-05-26 00:00:00-04:00,1.3861294131792323,1.447073814501162,1.3804601606508011,1.4187276363372803,9462000,0.0,0.0
2010-05-27 00:00:00-04:00,1.4435309139684234,1.527152267353641,1.4378617441265724,1.5122705698013306,10657000,0.0,0.0
2010-05-28 00:00:00-04:00,1.5186482990985586,1.5229002608335556,1.4385703059303074,1.4633733034133911,7955000,0.0,0.0
2010-06-01 00:00:00-04:00,1.4640819753596692,1.4874675970313276,1.441404957691211,1.4449483156204224,4561000,0.0,0.0
2010-06-02 00:00:00-04:00,1.4414051106905392,1.4959716796875,1.4414051106905392,1.4959716796875,8618000,0.0,0.0
2010-06-03 00:00:00-04:00,1.4924278834584208,1.5590415470250876,1.4924278834584208,1.534947156906128,6463000,0.0,0.0
2010-06-04 00:00:00-04:00,1.5165225728162772,1.5193571578141274,1.4584128200556163,1.4747118949890137,3157000,0.0,0.0
2010-06-07 00:00:00-04:00,1.479672178114581,1.495262477100759,1.456286560678739,1.471876859664917,7353000,0.0,0.0
2010-06-08 00:00:00-04:00,1.4839240709380423,1.4952624082398012,1.4612470584213908,1.494553804397583,11924000,0.0,0.0
2010-06-09 00:00:00-04:00,1.5058929598516486,1.5519556085849397,1.4853419189585926,1.493137240409851,8025000,0.0,0.0
2010-06-10 00:00:00-04:00,1.523608714761745,1.5569154597847752,1.5228999419832432,1.5448683500289917,10099000,0.0,0.0
2010-06-11 00:00:00-04:00,1.5236091512540815,1.5576245098439674,1.5186484162096379,1.5540813207626343,7929000,0.0,0.0
2010-06-14 00:00:00-04:00,1.5696713632405883,1.570380136104828,1.510144411082826,1.5243175029754639,13409000,0.0,0.0
2010-06-15 00:00:00-04:00,1.5413249451046251,1.6086472058369357,1.5285692319233262,1.5767576694488525,12082000,0.0,0.0
2010-06-16 00:00:00-04:00,1.5746319304729743,1.6646312161644954,1.562584819244852,1.6214033365249634,26923000,0.0,0.0
2010-06-17 00:00:00-04:00,1.6504588065312014,1.6788050020697902,1.6320337456397882,1.6547107696533203,20536000,0.0,0.0
2010-06-18 00:00:00-04:00,1.6504582597115354,1.6674659376084788,1.6164427349610513,1.6327418088912964,12720000,0.0,0.0
2010-06-21 00:00:00-04:00,1.6575449786926872,1.6582535827331062,1.58597073295533,1.6291987895965576,7111000,0.0,0.0
2010-06-22 00:00:00-04:00,1.6221122290792516,1.6327419654252096,1.5661284553844752,1.5774669647216797,12008000,0.0,0.0
2010-06-23 00:00:00-04:00,1.594474646658686,1.6086477411124565,1.5243177784255388,1.5973092317581177,11441000,0.0,0.0
2010-06-24 00:00:00-04:00,1.605104484332396,1.6072302963499203,1.4690425467710855,1.5051840543746948,17771000,0.0,0.0
2010-06-25 00:00:00-04:00,1.5193567256870664,1.5640019758144241,1.4973883180494947,1.5214827060699463,95883000,0.0,0.0
2010-06-28 00:00:00-04:00,1.5264438695899567,1.5491208899343027,1.454161015079401,1.541325569152832,9663000,0.0,0.0
2010-06-29 00:00:00-04:00,1.5080190251411045,1.5087276293282235,1.442822709139986,1.4860506057739258,13274000,0.0,0.0
2010-06-30 00:00:00-04:00,1.480380479316911,1.5101440324108053,1.4647900145617205,1.4924275875091553,13444000,0.0,0.0
2010-07-01 00:00:00-04:00,1.5108528079655261,1.5271518783043339,1.465498953915024,1.517230749130249,11503000,0.0,0.0
2010-07-02 00:00:00-04:00,1.5221912804711595,1.5370729739072564,1.5073095870350628,1.528569221496582,5534000,0.0,0.0
2010-07-06 00:00:00-04:00,1.5455774114441005,1.5739236001927768,1.4704599774687859,1.4789637327194214,10588000,0.0,0.0
2010-07-07 00:00:00-04:00,1.4704594582398536,1.537072944486259,1.4527430120494187,1.5356557369232178,9493000,0.0,0.0
2010-07-08 00:00:00-04:00,1.542034196371066,1.5590418755426514,1.5129792351231395,1.544160008430481,2914000,0.0,0.0
2010-07-09 00:00:00-04:00,1.5406170135558535,1.5597506761550903,1.5236093322406017,1.5597506761550903,3255000,0.0,0.0
2010-07-12 00:00:00-04:00,1.54841145011456,1.5859701538482678,1.52006527136886,1.566127896308899,4995000,0.0,0.0
2010-07-13 00:00:00-04:00,1.58100992477355,1.5944744132203532,1.5689628131472586,1.5930570363998413,6589000,0.0,0.0
2010-07-14 00:00:00-04:00,1.5944746416341073,1.6199862453618235,1.5746322080873894,1.5795929431915283,5384000,0.0,0.0
2010-07-15 00:00:00-04:00,1.5767578415456485,1.6299070183412876,1.5526636201530977,1.623529076576233,8355000,0.0,0.0
2010-07-16 00:00:00-04:00,1.6079386666889133,1.6263637178800563,1.5576240778274748,1.5583326816558838,6599000,0.0,0.0
2010-07-19 00:00:00-04:00,1.5625849554861553,1.5852619721025187,1.5434512966346101,1.57817542552948,5262000,0.0,0.0
2010-07-20 00:00:00-04:00,1.5611674805955948,1.5654194416036789,1.5306953186464176,1.5590415000915527,7122000,0.0,0.0
2010-07-21 00:00:00-04:00,1.5710890375498598,1.5845535280847847,1.539199490273799,1.5427428483963013,5036000,0.0,0.0
2010-07-22 00:00:00-04:00,1.5611680732860094,1.6256556098691237,1.5512467708483795,1.619277834892273,8397000,0.0,0.0
2010-07-23 00:00:00-04:00,1.6228205443420465,1.6391196169345845,1.5944743605213862,1.6214033365249634,6317000,0.0,0.0
2010-07-26 00:00:00-04:00,1.6221120427908766,1.6263640044235965,1.5526637866740345,1.6157341003417969,6892000,0.0,0.0
2010-07-27 00:00:00-04:00,1.619277970791076,1.6341596722615268,1.575341301600723,1.5888057947158813,9720000,0.0,0.0
2010-07-28 00:00:00-04:00,1.5859702439630439,1.5980175226753897,1.5427423696066107,1.5448683500289917,3550000,0.0,0.0
2010-07-29 00:00:00-04:00,1.5526639808087237,1.5583331510567897,1.5136878862442733,1.5427428483963013,5103000,0.0,0.0
2010-07-30 00:00:00-04:00,1.529278263464229,1.5526638849680614,1.4945541332075378,1.5420341491699219,2775000,0.0,0.0
2010-08-02 00:00:00-04:00,1.557624181669169,1.615733923386783,1.530695375872172,1.5469944477081299,10105000,0.0,0.0
2010-08-03 00:00:00-04:00,1.5391994318529245,1.5519553178618404,1.5143966017632684,1.5306956768035889,4176000,0.0,0.0
2010-08-04 00:00:00-04:00,1.5370728631564912,1.5909306337030351,1.5058921019842424,1.5831354856491089,6168000,0.0,0.0
2010-08-05 00:00:00-04:00,1.5668371158550285,1.6121911548374548,1.5668371158550285,1.6114823818206787,4639000,0.0,0.0
2010-08-06 00:00:00-04:00,1.5987266275919902,1.6107737411237442,1.5866795140602363,1.600852608680725,2716000,0.0,0.0
2010-08-09 00:00:00-04:00,1.6072303825263288,1.6249468352751328,1.5930572879099316,1.6228208541870117,2267000,0.0,0.0
2010-08-10 00:00:00-04:00,1.6001431839667677,1.6171510257496182,1.5732143827381648,1.5803009271621704,3722000,0.0,0.0
2010-08-11 00:00:00-04:00,1.455577846449526,1.470459711116578,1.3662873342735398,1.4336096048355103,23300000,0.0,0.0
2010-08-12 00:00:00-04:00,1.4492002294865918,1.480381001029082,1.4314837783413543,1.446365475654602,18324000,0.0,0.0
2010-08-13 00:00:00-04:00,1.4442394399605405,1.456286550531948,1.413767192640491,1.4166017770767212,39578000,0.0,0.0
2010-08-16 00:00:00-04:00,1.4166019358197544,1.4385702633362896,1.3967595891077702,1.4364442825317383,14858000,0.0,0.0
2010-08-17 00:00:00-04:00,1.44494817478323,1.4676251902413895,1.4378616285721286,1.443530797958374,7749000,0.0,0.0
2010-08-18 00:00:00-04:00,1.4399878858046427,1.4754206236631324,1.4236888094940752,1.470460057258606,8339000,0.0,0.0
2010-08-19 00:00:00-04:00,1.4647904491603068,1.477546333823694,1.4442395832413888,1.4534521102905273,5891000,0.0,0.0
2010-08-20 00:00:00-04:00,1.4378618608100036,1.4562869177261282,1.4378618608100036,1.4477829933166504,4158000,0.0,0.0
2010-08-23 00:00:00-04:00,1.448491480559887,1.4577040082750576,1.4329011790085235,1.4456568956375122,5772000,0.0,0.0
2010-08-24 00:00:00-04:00,1.417310862145878,1.4513263917716805,1.4137675883696459,1.4343185424804688,10926000,0.0,0.0
2010-08-25 00:00:00-04:00,1.4350268582394858,1.4470739683442477,1.396759378484668,1.437861442565918,11221000,0.0,0.0
2010-08-26 00:00:00-04:00,1.4541609943822786,1.489593732568113,1.43573593673432,1.4598301649093628,7769000,0.0,0.0
2010-08-27 00:00:00-04:00,1.4612471315837445,1.4633731121734106,1.4180190848693022,1.4392787218093872,10518000,0.0,0.0
2010-08-30 00:00:00-04:00,1.43219229188594,1.4428221956931822,1.4123500300545402,1.4173105955123901,5904000,0.0,0.0
2010-08-31 00:00:00-04:00,1.4031377260921207,1.435027273625865,1.3960511787464682,1.4279407262802124,6339000,0.0,0.0
2010-09-01 00:00:00-04:00,1.438570282214821,1.5136877084394298,1.4286491509677808,1.4881761074066162,11095000,0.0,0.0
2010-09-02 00:00:00-04:00,1.5030579925961585,1.5051839734559962,1.4761290143426138,1.4917194843292236,3047000,0.0,0.0
2010-09-03 00:00:00-04:00,1.5002235570482823,1.503058142157922,1.4690426139724033,1.486759066581726,5240000,0.0,0.0
2010-09-07 00:00:00-04:00,1.4732942230144355,1.4874673141224188,1.4506172096590326,1.458412528038025,4393000,0.0,0.0
2010-09-08 00:00:00-04:00,1.456995234459808,1.466207761101189,1.4024287629986638,1.422979712486267,10604000,0.0,0.0
2010-09-09 00:00:00-04:00,1.4265229753824507,1.4385700858172363,1.3811690335691054,1.3939248323440552,15500000,0.0,0.0
2010-09-10 00:00:00-04:00,1.3847129731606798,1.3925082107433546,1.3046348692028789,1.3216426372528076,25537000,0.0,0.0
2010-09-13 00:00:00-04:00,1.3301456711069946,1.351405304897541,1.3294370673342748,1.3429014682769775,11641000,0.0,0.0
2010-09-14 00:00:00-04:00,1.334397853501396,1.4300662214638171,1.3188073852137776,1.4102239608764648,12115000,0.0,0.0
2010-09-15 00:00:00-04:00,1.4031373948920551,1.4251056357911545,1.3400670877160366,1.3542401790618896,11064000,0.0,0.0
2010-09-16 00:00:00-04:00,1.347153813298989,1.3925077623496318,1.3464451248457372,1.364161491394043,8576000,0.0,0.0
2010-09-17 00:00:00-04:00,1.37479152362859,1.4399878261709067,1.3677048918720576,1.4201453924179077,15408000,0.0,0.0
2010-09-20 00:00:00-04:00,1.4272315438232366,1.4867586596145128,1.4024286352290607,1.4619556665420532,12498000,0.0,0.0
2010-09-21 00:00:00-04:00,1.4704596519152144,1.5533722187529382,1.4477826383542236,1.471876859664917,9719000,0.0,0.0
2010-09-22 00:00:00-04:00,1.4740031030277292,1.5200657422364972,1.4669165561461193,1.4711685180664062,14238000,0.0,0.0
2010-09-23 00:00:00-04:00,1.4633733022902737,1.5342387679638425,1.4329011351549794,1.5115617513656616,10337000,0.0,0.0
2010-09-24 00:00:00-04:00,1.5151049483019854,1.5434511315625168,1.5108529870215897,1.529278039932251,7934000,0.0,0.0
2010-09-27 00:00:00-04:00,1.55762481987929,1.566837349863707,1.5399085330330882,1.5554988384246826,6663000,0.0,0.0
2010-09-28 00:00:00-04:00,1.5661278383141592,1.5888048480535957,1.545576808797579,1.5803009271621704,6547000,0.0,0.0
2010-09-29 00:00:00-04:00,1.5803014016080483,1.5944744947111755,1.5675455164412757,1.5824273824691772,3880000,0.0,0.0
2010-09-30 00:00:00-04:00,1.5859703694201865,1.629907020030701,1.583135784951638,1.5951828956604004,10464000,0.0,0.0
2010-10-01 00:00:00-04:00,1.6029792780750924,1.6058138644250144,1.5838454400605722,1.6036878824234009,6330000,0.0,0.0
2010-10-04 00:00:00-04:00,1.601560777904978,1.6036867584165146,1.5533721679044357,1.5810097455978394,7856000,0.0,0.0
2010-10-05 00:00:00-04:00,1.5902225731532078,1.6029784586421563,1.576758083678185,1.5909311771392822,4099000,0.0,0.0
2010-10-06 00:00:00-04:00,1.5888051858052166,1.607938842921851,1.5477031180344902,1.5788838863372803,10263000,0.0,0.0
2010-10-07 00:00:00-04:00,1.5831358532018056,1.6277811096150039,1.5774666840203067,1.6214033365249634,8158000,0.0,0.0
2010-10-08 00:00:00-04:00,1.6051040683353168,1.6093558602250284,1.5625846288291392,1.5732145309448242,11144000,0.0,0.0
2010-10-11 00:00:00-04:00,1.5774663177838069,1.5916394064036057,1.564001832908035,1.5831354856491089,3876000,0.0,0.0
2010-10-12 00:00:00-04:00,1.5866795140719419,1.5866795140719419,1.540616872076706,1.5604591369628906,8550000,0.0,0.0
2010-10-13 00:00:00-04:00,1.5739231946632781,1.57604917516732,1.5264433576383336,1.5590415000915527,9490000,0.0,0.0
2010-10-14 00:00:00-04:00,1.5611682043079183,1.5944749660503446,1.544160352391235,1.5888057947158813,8488000,0.0,0.0
2010-10-15 00:00:00-04:00,1.5980183472823384,1.610065463254656,1.552664300143437,1.6079394817352295,8650000,0.0,0.0
2010-10-18 00:00:00-04:00,1.6128997588976117,1.6143171359745445,1.5880967582693086,1.6114823818206787,4626000,0.0,0.0
2010-10-19 00:00:00-04:00,1.5852620816229952,1.6100650808204868,1.5661284214495692,1.586679458618164,5217000,0.0,0.0
2010-10-20 00:00:00-04:00,1.5973086591378582,1.6051039765625126,1.5647105197889928,1.566127896308899,3061000,0.0,0.0
2010-10-21 00:00:00-04:00,1.5732152942275288,1.5739238983935164,1.5519556486380999,1.5554988384246826,3467000,0.0,0.0
2010-10-22 00:00:00-04:00,1.5590416822734408,1.5937658092883915,1.5554983247004555,1.5930570363998413,5244000,0.0,0.0
2010-10-25 00:00:00-04:00,1.5944748085116056,1.6384114733608888,1.588096864673009,1.6199864149093628,6475000,0.0,0.0
2010-10-26 00:00:00-04:00,1.6157339404258477,1.6639225525662555,1.604395433513012,1.6596705913543701,14787000,0.0,0.0
2010-10-27 00:00:00-04:00,1.6589616407943464,1.68305585735124,1.6433711759275993,1.6795125007629395,11251000,0.0,0.0
2010-10-28 00:00:00-04:00,1.6979388551892556,1.7043168005787157,1.6362858899611559,1.6603801250457764,13518000,0.0,0.0
2010-10-29 00:00:00-04:00,1.6660488643810352,1.768095108970094,1.655418959238107,1.7489614486694336,13607000,0.0,0.0
2010-11-01 00:00:00-04:00,1.7362051146985533,1.7525041841566817,1.6844733222785258,1.6887251138687134,8575000,0.0,0.0
2010-11-02 00:00:00-04:00,1.7078590174222783,1.7319532363891108,1.6915599471902307,1.7064416408538818,4040000,0.0,0.0
2010-11-03 00:00:00-04:00,1.709276751063519,1.7553393917551907,1.6979382418965991,1.7489614486694336,5849000,0.0,0.0
2010-11-04 00:00:00-04:00,1.768803856848258,1.797858648898906,1.7482528198346592,1.7921894788742065,9831000,0.0,0.0
2010-11-05 00:00:00-04:00,1.797150587666581,1.8212448209834882,1.7822688851396662,1.7978591918945312,6295000,0.0,0.0
2010-11-08 00:00:00-05:00,1.782268492010213,1.8127406635271572,1.766678019737606,1.7893550395965576,3744000,0.0,0.0
2010-11-09 00:00:00-05:00,1.7950244411391842,1.803528366920075,1.7560483399189597,1.7595916986465454,4079000,0.0,0.0
2010-11-10 00:00:00-05:00,1.761007507922266,1.766676843591014,1.7277007733357177,1.7439998388290405,2680000,0.0,0.0
2010-11-11 00:00:00-05:00,1.7291190075878524,1.7787248322852027,1.6901429179902094,1.761008381843567,12118000,0.0,0.0
2010-11-12 00:00:00-05:00,1.7581735975735324,1.829039222342068,1.740457318098829,1.822661280632019,10075000,0.0,0.0
2010-11-15 00:00:00-05:00,1.8389612249678082,1.8396698291751945,1.7773080970955302,1.7836860418319702,4987000,0.0,0.0
2010-11-16 00:00:00-05:00,1.7730559216715862,1.776599110903355,1.730536468194039,1.7645519971847534,5697000,0.0,0.0
2010-11-17 00:00:00-05:00,1.762426113097046,1.7858117377667626,1.7362059030945267,1.7432924509048462,6378000,0.0,0.0
2010-11-18 00:00:00-05:00,1.7553384657794884,1.7829760356151276,1.7489605260582206,1.7765980958938599,6640000,0.0,0.0
2010-11-19 00:00:00-05:00,1.7666782074865202,1.7950244008443135,1.7603002632940248,1.7907724380493164,3454000,0.0,0.0
2010-11-22 00:00:00-05:00,1.7950239855882983,1.8432126045227053,1.7950239855882983,1.843212604522705,9078000,0.0,0.0
2010-11-23 00:00:00-05:00,1.8354171684691396,1.8467556762614044,1.8184094912590376,1.841086506843567,6454000,0.0,0.0
2010-11-24 00:00:00-05:00,1.8510080410097463,1.8708504762076517,1.8474648515909295,1.8637639284133911,8239000,0.0,0.0
2010-11-26 00:00:00-05:00,1.8602203264419093,1.9169127013721208,1.85455115653153,1.9140781164169312,6268000,0.0,0.0
2010-11-29 00:00:00-05:00,1.9183304454472623,1.920456426809664,1.8680158347981506,1.907700538635254,10205000,0.0,0.0
2010-11-30 00:00:00-05:00,1.907699973655247,1.9310855927591977,1.8488816239326715,1.8502990007400513,54355000,0.0,0.0
2010-12-01 00:00:00-05:00,1.8765192468163518,1.9133693550732997,1.8630547581906838,1.903448224067688,16522000,0.0,0.0
2010-12-02 00:00:00-05:00,1.9105349150637916,2.018250494314821,1.901322387301756,2.0132899284362793,19060000,0.0,0.0
2010-12-03 00:00:00-05:00,1.9842353703892324,1.9842353703892324,1.8743937879326051,1.88148033618927,26279000,0.0,0.0
2010-12-06 00:00:00-05:00,1.9027390480041504,1.9055736321256294,1.8630543634337786,1.9027390480041504,8971000,0.0,0.0
2010-12-07 00:00:00-05:00,1.7546304162512296,1.7921891248768511,1.734787987170889,1.7617169618606567,117381000,0.0,0.0
2010-12-08 00:00:00-05:00,1.7709299004494796,1.8240789204188426,1.7617173721162223,1.7999846935272217,49077000,0.0,0.0
2010-12-09 00:00:00-05:00,1.8240784220813173,1.8786449731343167,1.8120313119267728,1.871558427810669,34051000,0.0,0.0
2010-12-10 00:00:00-05:00,1.892110207418934,1.892110207418934,1.853842712388315,1.8708505630493164,14052000,0.0,0.0
2010-12-13 00:00:00-05:00,1.890034249564578,1.897139634474734,1.872270702586319,1.8886131048202515,12177000,0.007,0.0
2010-12-14 00:00:00-05:00,1.893587203353527,1.900692589562131,1.8452704754915583,1.868007779121399,9460000,0.0,0.0
2010-12-15 00:00:00-05:00,1.8687188253402112,1.9092195182197647,1.8410077625362729,1.875824213027954,18005000,0.0,0.0
2010-12-16 00:00:00-05:00,1.8900355408457752,1.9646422180769147,1.8772457376259974,1.9639315605163574,24425000,0.0,0.0
2010-12-17 00:00:00-05:00,1.9696144386783196,2.017930983652975,1.9561141578271626,2.0015885829925537,36401000,0.0,0.0
2010-12-20 00:00:00-05:00,1.9816946153702462,2.0207743338342317,1.9681943274310387,1.9760102033615112,14602000,0.0,0.0
2010-12-21 00:00:00-05:00,1.985956173177943,1.9959036738764802,1.9660610023752023,1.9809824228286743,14950000,0.0,0.0
2010-12-22 00:00:00-05:00,1.9859579555365925,2.0030108533823956,1.9461677476258394,1.9994580745697021,9600000,0.0,0.0
2010-12-23 00:00:00-05:00,1.9987472295761108,2.0221950234532953,1.9831153105227255,1.9987472295761108,5885000,0.0,0.0
2010-12-27 00:00:00-05:00,1.9966153323010745,2.0563007103105133,1.9767203192351048,2.043510913848877,13311000,0.0,0.0
2010-12-28 00:00:00-05:00,2.044222062417145,2.046353695673146,2.0051423452648702,2.010826587677002,5836000,0.0,0.0
2010-12-29 00:00:00-05:00,2.0214854205837938,2.037117346480817,2.000169250400141,2.0342750549316406,6296000,0.0,0.0
2010-12-30 00:00:00-05:00,2.0349836389296394,2.055589130526639,2.0143779779269506,2.0520365238189697,6815000,0.0,0.0
2010-12-31 00:00:00-05:00,2.053459357664857,2.053459357664857,2.0101163682114036,2.0186429023742676,6177000,0.0,0.0
2011-01-03 00:00:00-05:00,2.039247961487359,2.039247961487359,1.9667729452935396,1.9752994775772095,14436000,0.0,0.0
2011-01-04 00:00:00-05:00,1.9752984580243131,2.010825375192687,1.9163237585842425,1.9895092248916626,16262000,0.0,0.0
2011-01-05 00:00:00-05:00,1.978852776568582,2.0015899196320275,1.971747387597661,1.988800287246704,9537000,0.0,0.0
2011-01-06 00:00:00-05:00,1.9923523048308072,2.027168751261376,1.973167777252233,2.026458263397217,9598000,0.0,0.0
2011-01-07 00:00:00-05:00,2.02290477095213,2.0257470602166894,1.9738777375215084,2.0094046592712402,8774000,0.0,0.0
2011-01-10 00:00:00-05:00,2.007984082420582,2.06766946336147,1.9845362904950414,2.0534586906433105,15385000,0.0,0.0
2011-01-11 00:00:00-05:00,2.070511068580547,2.079037597851115,2.0491949148098576,2.0776164531707764,13549000,0.0,0.0
2011-01-12 00:00:00-05:00,2.0804584664853953,2.084011243301267,1.9909305913563833,2.0015885829925537,15599000,0.0,0.0
2011-01-13 00:00:00-05:00,2.017932349576237,2.0364063949499793,1.99093193900327,2.0143797397613525,9645000,0.0,0.0
2011-01-14 00:00:00-05:00,2.0136679918524423,2.0648266592584976,1.9895095487211516,2.0612740516662598,9776000,0.0,0.0
2011-01-18 00:00:00-05:00,1.9646418905869945,1.9816947892982633,1.9347991907879045,1.9717472791671753,100182000,0.0,0.0
2011-01-19 00:00:00-05:00,1.9895100640387975,2.0250369961919272,1.9546936197069977,1.9724571704864502,29795000,0.0,0.0
2011-01-20 00:00:00-05:00,1.9674837583474916,1.976720779250804,1.9383515503425046,1.9681942462921143,20963000,0.0,0.0
2011-01-21 00:00:00-05:00,1.988799936219335,2.0015895663472616,1.9653521398132976,1.9731680154800415,12490000,0.0,0.0
2011-01-24 00:00:00-05:00,2.005141821838882,2.005141821838882,1.9596672167893807,1.995904803276062,21495000,0.0,0.0
2011-01-25 00:00:00-05:00,2.0001676932895096,2.0001676932895096,1.9468772246135464,1.9909306764602661,14548000,0.0,0.0
2011-01-26 00:00:00-05:00,1.9987471422807281,2.0165106935840145,1.9752993494276274,2.0072736740112305,15209000,0.0,0.0
2011-01-27 00:00:00-05:00,2.0193528608466313,2.0918278740070138,2.0193528608466313,2.0761959552764893,37302000,0.0,0.0
2011-01-28 00:00:00-05:00,2.081880642992173,2.086143909522049,1.9802734118514111,1.99306321144104,13722000,0.0,0.0
2011-01-31 00:00:00-05:00,1.9923517685764875,2.0520371376515567,1.9859570407086686,2.0399580001831055,13104000,0.0,0.0
2011-02-01 00:00:00-05:00,2.054880001970795,2.0960913512294868,2.0435113480578524,2.065538167953491,15835000,0.0,0.0
2011-02-02 00:00:00-05:00,2.061984848529583,2.0889854156649563,2.039247546668822,2.0463531017303467,11300000,0.0,0.0
2011-02-03 00:00:00-05:00,2.0449319833291213,2.1017750693116732,2.0321421873395917,2.089695930480957,12326000,0.0,0.0
2011-02-04 00:00:00-05:00,2.1166965753831333,2.2183036122337425,2.111722652712558,2.2168824672698975,25500000,0.0,0.0
2011-02-07 00:00:00-05:00,2.2147511481576143,2.2367777953941155,2.171408172104142,2.1877505779266357,9762000,0.0,0.0
2011-02-08 00:00:00-05:00,2.2310932315741128,2.291488923142079,2.202671520393847,2.2673306465148926,34684000,0.0,0.0
2011-02-09 00:00:00-05:00,2.268751651339872,2.3412266461540683,2.255961856687269,2.328436851501465,42916000,0.0,0.0
2011-02-10 00:00:00-05:00,2.3440698397636655,2.3447803277678267,2.2843844428628457,2.3078322410583496,35043000,0.0,0.0
2011-02-11 00:00:00-05:00,2.3113852574350564,2.3696495149096335,2.296463991379282,2.3653862476348877,27725000,0.0,0.0
2011-02-14 00:00:00-05:00,2.385991558156982,2.440703027987194,2.385991558156982,2.4186763763427734,25997000,0.0,0.0
2011-02-15 00:00:00-05:00,2.4080177756446264,2.4343078585713998,2.3746224755123966,2.395228147506714,19788000,0.0,0.0
2011-02-16 00:00:00-05:00,2.4094393101773397,2.458466536541083,2.402333922417629,2.4428346157073975,12605000,0.0,0.0
2011-02-17 00:00:00-05:00,2.439281404779036,2.4456761336011814,2.366806399746677,2.3895435333251953,34387000,0.0,0.0
2011-02-18 00:00:00-05:00,2.399492157847972,2.420808324295472,2.3895444779811394,2.4051764011383057,15639000,0.0,0.0
2011-02-22 00:00:00-05:00,2.3618327700696535,2.3618327700696535,2.282963026431103,2.3163583278656006,20118000,0.0,0.0
2011-02-23 00:00:00-05:00,2.3433592171827318,2.344780193109449,2.1969880241649156,2.2268307209014893,33272000,0.0,0.0
2011-02-24 00:00:00-05:00,2.263067364863645,2.424359765722927,2.2495670817974793,2.414412260055542,35331000,0.0,0.0
2011-02-25 00:00:00-05:00,2.432887107897866,2.457756049771745,2.4016234356212296,2.441413640975952,19132000,0.0,0.0
2011-02-28 00:00:00-05:00,2.4399914401182397,2.4534917218497045,2.379595585555989,2.4151225090026855,16263000,0.0,0.0
2011-03-01 00:00:00-05:00,2.291490223427258,2.307122148035734,2.2623581773993937,2.278700590133667,101318000,0.0,0.0
2011-03-02 00:00:00-05:00,2.281541615160019,2.3120947921564636,2.276567861858943,2.306410551071167,26617000,0.0,0.0
2011-03-03 00:00:00-05:00,2.3298587060271796,2.3504643796409193,2.29859486695606,2.3447799682617188,32848000,0.0,0.0
2011-03-04 00:00:00-05:00,2.3490430685512953,2.3554379673741046,2.309963357175167,2.3298585414886475,20498000,0.0,0.0
2011-03-07 00:00:00-05:00,2.3447792924991293,2.3447792924991293,2.243172268315495,2.2723042964935303,16709000,0.0,0.0
2011-03-08 00:00:00-05:00,2.2680416676073465,2.312805792775603,2.244593873188637,2.3014371395111084,19603000,0.0,0.0
2011-03-09 00:00:00-05:00,2.2552524922877693,2.265910490400987,2.1984093839350733,2.2026724815368652,43929000,0.0,0.0
2011-03-10 00:00:00-05:00,2.189171719149518,2.2111983663474484,2.142276134645855,2.2033824920654297,36191000,0.0,0.0
2011-03-11 00:00:00-05:00,2.2012510234367837,2.2396200792915484,2.1820664955094013,2.2190144062042236,13135000,0.0,0.0
2011-03-14 00:00:00-04:00,2.209067382048291,2.214751794527056,2.182777461375752,2.2026724815368652,16414000,0.0,0.0
2011-03-15 00:00:00-04:00,2.1486714596347594,2.222567634811266,2.1209603939435695,2.207646369934082,19796000,0.0,0.0
2011-03-16 00:00:00-04:00,2.204795692196873,2.214768876311694,2.0943778356373497,2.105775833129883,28724000,0.008,0.0
2011-03-17 00:00:00-04:00,2.1563550713474653,2.1592045293513746,2.013880302877696,2.088679552078247,38143000,0.0,0.0
2011-03-18 00:00:00-04:00,2.1421077056325295,2.1720274405963753,2.1271479230721697,2.159917116165161,30697000,0.0,0.0
2011-03-21 00:00:00-04:00,2.1941109928547697,2.2190441340801663,2.1784388879410956,2.207646131515503,19947000,0.0,0.0
2011-03-22 00:00:00-04:00,2.2190439331834853,2.2297296126964286,2.169177825090349,2.187699556350708,15176000,0.0,0.0
2011-03-23 00:00:00-04:00,2.1884118159519264,2.2097830045251428,2.1620540336959366,2.2090706825256348,12364000,0.0,0.0
2011-03-24 00:00:00-04:00,2.227592510482418,2.23186661250912,2.179863367726934,2.2133450508117676,13371000,0.0,0.0
2011-03-25 00:00:00-04:00,2.219043793350595,2.22189325109345,2.1919735201857127,2.1976726055145264,9122000,0.0,0.0
2011-03-28 00:00:00-04:00,2.1990975871312233,2.243977275305563,2.1898367206626297,2.207646131515503,10740000,0.0,0.0
2011-03-29 00:00:00-04:00,2.212631794000692,2.216193742608498,2.180575105745726,2.2062203884124756,14708000,0.0,0.0
2011-03-30 00:00:00-04:00,2.2439774055277497,2.250388644344887,2.18057615058006,2.24326491355896,17353000,0.0,0.0
2011-03-31 00:00:00-04:00,2.2461139796589156,2.265348030983292,2.194823062898514,2.215481758117676,15803000,0.0,0.0
2011-04-01 00:00:00-04:00,2.2439765003510814,2.272471412000493,2.2126319616622725,2.24540114402771,16029000,0.0,0.0
2011-04-04 00:00:00-04:00,2.2503876935936398,2.2503876935936398,2.134270913856121,2.1798627376556396,18790000,0.0,0.0
2011-04-05 00:00:00-04:00,2.1905491559114827,2.3080907889383946,2.1805759676166234,2.2560875415802,20444000,0.0,0.0
2011-04-06 00:00:00-04:00,2.289568591088842,2.340859505955451,2.2610736761280794,2.3344480991363525,21373000,0.0,0.0
2011-04-07 00:00:00-04:00,2.341571647306224,2.3486953754970683,2.3016787354688804,2.3130767345428467,16580000,0.0,0.0
2011-04-08 00:00:00-04:00,2.340859786883746,2.360806161812823,2.2988297313196364,2.3202009201049805,8340000,0.0,0.0
2011-04-11 00:00:00-04:00,2.3009672865509034,2.324475615483661,2.261074359578856,2.29598069190979,8896000,0.0,0.0
2011-04-12 00:00:00-04:00,2.2810200913238057,2.2909934476210703,2.1998096161354237,2.2347159385681152,18839000,0.0,0.0
2011-04-13 00:00:00-04:00,2.2703345507675157,2.300254279549198,2.2304416356729697,2.265347957611084,8770000,0.0,0.0
2011-04-14 00:00:00-04:00,2.246114242022887,2.2646358037202394,2.186987097562259,2.2133450508117676,11746000,0.0,0.0
2011-04-15 00:00:00-04:00,2.2083578627968365,2.2681973177916603,2.1784383051425085,2.261073589324951,12119000,0.0,0.0
2011-04-18 00:00:00-04:00,2.2361403537481492,2.2582240298874354,2.1748762577335525,2.2511003017425537,8052000,0.0,0.0
2011-04-19 00:00:00-04:00,2.248251061319016,2.2788831145951596,2.239702687980647,2.2632110118865967,7237000,0.0,0.0
2011-04-20 00:00:00-04:00,2.292418487507925,2.323763035840261,2.2753215692268203,2.319488763809204,11153000,0.0,0.0
2011-04-21 00:00:00-04:00,2.3422844089685584,2.3551070532526834,2.3166389505572114,2.3223378658294678,8335000,0.0,0.0
2011-04-25 00:00:00-04:00,2.3180633174314527,2.3294613164569338,2.279595219333146,2.296692132949829,6000000,0.0,0.0
2011-04-26 00:00:00-04:00,2.320912588408811,2.320912588408811,2.2689093600272687,2.304527997970581,11000000,0.0,0.0
2011-04-27 00:00:00-04:00,2.2981176851012735,2.3864519087127216,2.290993954651267,2.3786158561706543,9822000,0.0,0.0
2011-04-28 00:00:00-04:00,2.3722038336200124,2.4092472903062903,2.3408594617240546,2.342996597290039,7214000,0.0,0.0
2011-04-29 00:00:00-04:00,2.346558446132591,2.38645136147337,2.3308863446422405,2.3836019039154053,8180000,0.0,0.0
2011-05-02 00:00:00-04:00,2.4035481911115477,2.4035481911115477,2.3451335530863737,2.361518144607544,7082000,0.0,0.0
2011-05-03 00:00:00-04:00,2.371491111890823,2.381464296288596,2.2888558400293113,2.2909929752349854,11762000,0.0,0.0
2011-05-04 00:00:00-04:00,2.2974051059071914,2.323050568521786,2.2738967793307396,2.318063974380493,7482000,0.0,0.0
2011-05-05 00:00:00-04:00,2.315213670107,2.3793272182895375,2.2852939463512576,2.367929220199585,8190000,0.0,0.0
2011-05-06 00:00:00-04:00,2.4113840168391527,2.4933069668286745,2.3949994268412484,2.4868955612182617,19072000,0.0,0.0
2011-05-09 00:00:00-04:00,2.493306899306542,2.538898719445429,2.4683737691699776,2.526076078414917,13743000,0.0,0.0
2011-05-10 00:00:00-04:00,2.5474477058517344,2.5773674332831953,2.536762198096766,2.5510096549987793,16750000,0.0,0.0
2011-05-11 00:00:00-04:00,2.5510096836222385,2.5695314117712944,2.5310631418297613,2.555283784866333,13834000,0.0,0.0
2011-05-12 00:00:00-04:00,2.561694545712314,2.569530764011051,2.4811964166214064,2.4975810050964355,20255000,0.0,0.0
2011-05-13 00:00:00-04:00,2.497581809410624,2.5225147760912865,2.4847589952522,2.485471487045288,10121000,0.0,0.0
2011-05-16 00:00:00-04:00,2.471936425254598,2.4918827991988075,2.432043507523077,2.440592050552368,7560000,0.0,0.0
2011-05-17 00:00:00-04:00,2.4291938849405668,2.4534145287557223,2.4092473425068985,2.4413042068481445,12570000,0.0,0.0
2011-05-18 00:00:00-04:00,2.449852142622305,2.475497595553856,2.3978489149631517,2.466949224472046,6843000,0.0,0.0
2011-05-19 00:00:00-04:00,2.4719360409154403,2.4975814961728293,2.4669494482047085,2.4797720909118652,7067000,0.0,0.0
2011-05-20 00:00:00-04:00,2.4819093294475563,2.5082671076606307,2.4434412298848573,2.449852466583252,13164000,0.0,0.0
2011-05-23 00:00:00-04:00,2.4163715894285405,2.4170839115043554,2.2639236254008677,2.2817330360412598,24924000,0.0,0.0
2011-05-24 00:00:00-04:00,2.2888568567646748,2.3016795038516205,2.2425525231446093,2.258937120437622,28000000,0.0,0.0
2011-05-25 00:00:00-04:00,2.3365850225918785,2.4705112126534545,2.323049888261515,2.457688570022583,67195000,0.0,0.0
2011-05-26 00:00:00-04:00,2.460538535747066,2.482622046447079,2.3971372916614806,2.472648859024048,18410000,0.0,0.0
2011-05-27 00:00:00-04:00,2.479060678416413,2.5018566847501047,2.4341811577141144,2.494020462036133,17129000,0.0,0.0
2011-05-31 00:00:00-04:00,2.4120958517462885,2.4270557951509315,2.384313269552118,2.407109260559082,107163000,0.0,0.0
2011-06-01 00:00:00-04:00,2.410671778752993,2.439879011142765,2.397136645275412,2.4056851863861084,33826000,0.0,0.0
2011-06-02 00:00:00-04:00,2.408535137561633,2.432755782553137,2.3494081689981963,2.387876272201538,23147000,0.0,0.0
2011-06-03 00:00:00-04:00,2.402123601114483,2.4320433296860955,2.3579564150979295,2.414233922958374,40817000,0.0,0.0
2011-06-06 00:00:00-04:00,2.422782711608064,2.422782711608064,2.3693546558376974,2.3743412494659424,13823000,0.0,0.0
2011-06-07 00:00:00-04:00,2.407823235855045,2.4398799375051685,2.3793281446148598,2.4256324768066406,49845000,0.0,0.0
2011-06-08 00:00:00-04:00,2.407823486221863,2.434181274270524,2.3686428803053254,2.3800408840179443,17524000,0.0,0.0
2011-06-09 00:00:00-04:00,2.4434407430779848,2.467661380951754,2.404260159587906,2.4384541511535645,32459000,0.0,0.0
2011-06-10 00:00:00-04:00,2.442016146420439,2.4498521958765345,2.3779025976194097,2.4056851863861084,14248000,0.0,0.0
2011-06-13 00:00:00-04:00,2.4056854150190254,2.4441535139869837,2.349407910325558,2.3843140602111816,23053000,0.0,0.0
2011-06-14 00:00:00-04:00,2.40497398819292,2.4548402783673637,2.404261665998277,2.4377431869506836,21844000,0.0,0.0
2011-06-15 00:00:00-04:00,2.4384565588818807,2.449884615008575,2.392030134083111,2.3970298767089844,19194000,0.009,0.0
2011-06-16 00:00:00-04:00,2.386316471690871,2.3906018442375614,2.3327475268019406,2.3834593296051025,21770000,0.0,0.0
2011-06-17 00:00:00-04:00,2.4056013589366696,2.4170294169520132,2.2991778347484515,2.321319580078125,20208000,0.0,0.0
2011-06-20 00:00:00-04:00,2.318462122551507,2.367745516631724,2.2991773531920643,2.3391754627227783,19129000,0.0,0.0
2011-06-21 00:00:00-04:00,2.354175334078889,2.457027692525957,2.3463186181914883,2.433457374572754,18439000,0.0,0.0
2011-06-22 00:00:00-04:00,2.4270283449611263,2.5920205220517754,2.3963155206197357,2.5713071823120117,38382000,0.0,0.0
2011-06-23 00:00:00-04:00,2.534166424011399,2.576307307209183,2.4877399984052015,2.558450937271118,38113000,0.0,0.0
2011-06-24 00:00:00-04:00,2.5555938754793686,2.5591650471662417,2.499882166720096,2.5370233058929443,102656000,0.0,0.0
2011-06-27 00:00:00-04:00,2.539165943158763,2.5727357385840084,2.4998820349284223,2.5320234298706055,18084000,0.0,0.0
2011-06-28 00:00:00-04:00,2.557736493091996,2.6698739338682524,2.557736493091996,2.6391611099243164,31148000,0.0,0.0
2011-06-29 00:00:00-04:00,2.661303969802828,2.6991593204908426,2.61702030382128,2.6934452056884766,25680000,0.0,0.0
2011-06-30 00:00:00-04:00,2.6998725548716345,2.764155173931335,2.653446133738599,2.7141575813293457,26329000,0.0,0.0
2011-07-01 00:00:00-04:00,2.729871862855506,2.7848692114749722,2.7291576624408735,2.761298894882202,19479000,0.0,0.0
2011-07-05 00:00:00-04:00,2.76772682107493,2.7912971343599344,2.750584821492463,2.7827260494232178,9519000,0.0,0.0
2011-07-06 00:00:00-04:00,2.7620124684644565,2.7912967205047607,2.734870817049689,2.7912967205047607,12312000,0.0,0.0
2011-07-07 00:00:00-04:00,2.7948688687347767,2.817724814621924,2.7527279790336436,2.761298894882202,23121000,0.0,0.0
2011-07-08 00:00:00-04:00,2.729157219711586,2.729157219711586,2.644875453981675,2.711300849914551,20213000,0.0,0.0
2011-07-11 00:00:00-04:00,2.6720164168286633,2.72272837454132,2.649874679271165,2.6705880165100098,14573000,0.0,0.0
2011-07-12 00:00:00-04:00,2.6563034776637657,2.65987464940483,2.5005964049448726,2.5291664600372314,34677000,0.0,0.0
2011-07-13 00:00:00-04:00,2.553451075498547,2.590592214251725,2.503453480410553,2.5270237922668457,19458000,0.0,0.0
2011-07-14 00:00:00-04:00,2.5320234052149093,2.606305508630232,2.507024523804311,2.5127384662628174,22356000,0.0,0.0
2011-07-15 00:00:00-04:00,2.526309823825075,2.5677365113808537,2.4963111938809246,2.5363094806671143,13745000,0.0,0.0
2011-07-18 00:00:00-04:00,2.519881362093689,2.550594188550609,2.457027138299379,2.499882221221924,11983000,0.0,0.0
2011-07-19 00:00:00-04:00,2.5213098809177468,2.6041630791781856,2.5098818242109675,2.58559250831604,17896000,0.0,0.0
2011-07-20 00:00:00-04:00,2.5905923245290183,2.642732692940838,2.5655934407753818,2.5763072967529297,14829000,0.0,0.0
2011-07-21 00:00:00-04:00,2.56416544061757,2.656304111659972,2.5520231813343472,2.625591278076172,20498000,0.0,0.0
2011-07-22 00:00:00-04:00,2.6227336119355313,2.670588609343087,2.591306584166708,2.6477324962615967,14929000,0.0,0.0
2011-07-25 00:00:00-04:00,2.6170193314062478,2.6170193314062478,2.563450397780284,2.577735424041748,14361000,0.0,0.0
2011-07-26 00:00:00-04:00,2.592020498562483,2.639161120161187,2.586306556067891,2.618447780609131,27251000,0.0,0.0
2011-07-27 00:00:00-04:00,2.6034488912818072,2.6177339196607523,2.387744724352378,2.4020297527313232,40519000,0.0,0.0
2011-07-28 00:00:00-04:00,2.420599846460416,2.4855968319741275,2.314890555122248,2.4741687774658203,47042000,0.0,0.0
2011-07-29 00:00:00-04:00,2.401315552399667,2.4498847510626627,2.344889639215543,2.4020297527313232,38414000,0.0,0.0
2011-08-01 00:00:00-04:00,2.4284571932378145,2.435599707382415,2.3534607095740223,2.371316909790039,23795000,0.0,0.0
2011-08-02 00:00:00-04:00,2.3463172001269754,2.4148853408868862,2.288462740893762,2.2891769409179688,21037000,0.0,0.0
2011-08-03 00:00:00-04:00,2.2913201347402588,2.345603263302704,2.237037006177813,2.341317892074585,17009000,0.0,0.0
2011-08-04 00:00:00-04:00,2.3006051868391535,2.3213185219066172,2.2041811935100535,2.207038164138794,26030000,0.0,0.0
2011-08-05 00:00:00-04:00,2.2334660793487933,2.320604808698514,2.0777590187777975,2.0956153869628906,43748000,0.0,0.0
2011-08-08 00:00:00-04:00,2.043474797619556,2.071330647170103,1.8870535541014546,1.9420510530471802,43697000,0.0,0.0
2011-08-09 00:00:00-04:00,1.9799072644518052,2.120614974949448,1.9591939181369078,2.1163294315338135,42112000,0.0,0.0
2011-08-10 00:00:00-04:00,2.089901277282663,2.1691831165475333,2.041332089126605,2.089186906814575,30432000,0.0,0.0
2011-08-11 00:00:00-04:00,2.114186073541524,2.224895119720028,2.114186073541524,2.1934680938720703,27065000,0.0,0.0
2011-08-12 00:00:00-04:00,2.249179860832112,2.285606803179303,2.207038975127819,2.217038631439209,25743000,0.0,0.0
2011-08-15 00:00:00-04:00,2.227752359098341,2.314176903440479,2.227752359098341,2.257750988006592,17067000,0.0,0.0
2011-08-16 00:00:00-04:00,2.2384657296550388,2.262750239533562,2.189896539607051,2.212038278579712,17459000,0.0,0.0
2011-08-17 00:00:00-04:00,2.237752132641046,2.287749910671719,2.186326123997696,2.1927542686462402,19023000,0.0,0.0
2011-08-18 00:00:00-04:00,2.129185563422967,2.1356138775559383,2.01990507461734,2.043475389480591,23055000,0.0,0.0
2011-08-19 00:00:00-04:00,2.0449039090316377,2.124900144142719,2.0106199055788814,2.0206193923950195,12609000,0.0,0.0
2011-08-22 00:00:00-04:00,2.0563326051020705,2.064189493145308,1.9506232494504157,1.9741935729980469,25793000,0.0,0.0
2011-08-23 00:00:00-04:00,1.9870493473029496,2.0927586572726113,1.9470512346195903,2.0899016857147217,35977000,0.0,0.0
2011-08-24 00:00:00-04:00,2.2870352152150084,2.3898875584807047,2.2413231572585746,2.304891586303711,69346000,0.0,0.0
2011-08-25 00:00:00-04:00,2.2934634547015196,2.304891511391946,2.2006107708146287,2.205610513687134,25065000,0.0,0.0
2011-08-26 00:00:00-04:00,2.184182448193239,2.2520364014682372,2.1213282365934285,2.251322031021118,20916000,0.0,0.0
2011-08-29 00:00:00-04:00,2.2834635528974307,2.3498889393733253,2.2677499565248227,2.346317768096924,13459000,0.0,0.0
2011-08-30 00:00:00-04:00,2.3248905221764313,2.412029257953741,2.304891381522298,2.3663170337677,17145000,0.0,0.0
2011-08-31 00:00:00-04:00,2.3784593251678365,2.464169661634847,2.3384612135608216,2.3648886680603027,22913000,0.0,0.0
2011-09-01 00:00:00-04:00,2.3577461852892423,2.367745670750056,2.248465534654318,2.2541794776916504,31135000,0.0,0.0
2011-09-02 00:00:00-04:00,2.2027541722631225,2.252751785582729,2.1791838518119206,2.2234673500061035,16862000,0.0,0.0
2011-09-06 00:00:00-04:00,2.1777536423396655,2.2484645505041416,2.1584688801658793,2.2470359802246094,11800000,0.0,0.0
2011-09-07 00:00:00-04:00,2.3006058226519257,2.37417373070106,2.2956060800971354,2.335604190826416,14595000,0.0,0.0
2011-09-08 00:00:00-04:00,2.297749101130311,2.382030874028071,2.2927493580317626,2.3634603023529053,19383000,0.0,0.0
2011-09-09 00:00:00-04:00,2.3363185106189897,2.374888222757566,2.2856067119042063,2.3070342540740967,19032000,0.0,0.0
2011-09-12 00:00:00-04:00,2.274893322809658,2.405601544206213,2.271322150193508,2.394887685775757,20470000,0.0,0.0
2011-09-13 00:00:00-04:00,2.394887341605013,2.4634555148329516,2.364174512239468,2.4513132572174072,20511000,0.0,0.0
2011-09-14 00:00:00-04:00,2.4641694312458804,2.6263046336985107,2.4570269180656696,2.6113052368164062,47206000,0.0,0.0
2011-09-15 00:00:00-04:00,2.6370961010405507,2.694408648505023,2.594111690442196,2.6320812702178955,29980000,0.011,0.0
2011-09-16 00:00:00-04:00,2.619902385398153,2.640678235209961,2.57333585492425,2.614171028137207,18030000,0.0,0.0
2011-09-19 00:00:00-04:00,2.578351521945192,2.72163310866758,2.536799808846174,2.6757829189300537,41148000,0.0,0.0
2011-09-20 00:00:00-04:00,2.6865284869505213,2.7058714565291497,2.5984104195340576,2.60199236869812,27096000,0.0,0.0
2011-09-21 00:00:00-04:00,2.618469265651166,2.7216319789334156,2.5704700283235207,2.57763409614563,32939000,0.0,0.0
2011-09-22 00:00:00-04:00,2.496680255558667,2.50814279967519,2.3619956610980495,2.4343528747558594,35534000,0.0,0.0
2011-09-23 00:00:00-04:00,2.4264731001890247,2.5110092362320815,2.392085458630777,2.4930989742279053,20868000,0.0,0.0
2011-09-26 00:00:00-04:00,2.494531377322591,2.513157820765139,2.4042638996300596,2.4429500102996826,25446000,0.0,0.0
2011-09-27 00:00:00-04:00,2.4845006309153232,2.5181718978099563,2.461575720175889,2.47088885307312,23268000,0.0,0.0
2011-09-28 00:00:00-04:00,2.365578082482963,2.406413262325778,2.356264774876106,2.3648617267608643,106504000,0.0,0.0
2011-09-29 00:00:00-04:00,2.3885032492790597,2.404264100493713,2.3118475480254532,2.37632417678833,49076000,0.0,0.0
2011-09-30 00:00:00-04:00,2.3727417808773494,2.391368393176727,2.32330965688397,2.3476674556732178,51674000,0.0,0.0
2011-10-03 00:00:00-04:00,2.3491001672347296,2.3806220322513516,2.2688625373698237,2.284623384475708,36639000,0.0,0.0
2011-10-04 00:00:00-04:00,2.2874892392000175,2.3448017854363177,2.2108335548845908,2.316861867904663,37205000,0.0,0.0
2011-10-05 00:00:00-04:00,2.3118479136772905,2.3426534360390447,2.26384865508698,2.3362057209014893,35119000,0.0,0.0
2011-10-06 00:00:00-04:00,2.346234190875011,2.374890458172841,2.3132794493215405,2.360562324523926,24844000,0.0,0.0
2011-10-07 00:00:00-04:00,2.374890871681754,2.394950193960974,2.3304735813143806,2.3555479049682617,18240000,0.0,0.0
2011-10-10 00:00:00-04:00,2.3641453170272557,2.4400844930778525,2.3641453170272557,2.411428213119507,37583000,0.0,0.0
2011-10-11 00:00:00-04:00,2.408562960810167,2.4293388179673796,2.3641456522545563,2.387787103652954,13002000,0.0,0.0
2011-10-12 00:00:00-04:00,2.4028308645647947,2.4257557806384216,2.3576970463962525,2.4107112884521484,28894000,0.0,0.0
2011-10-13 00:00:00-04:00,2.39208473879237,2.502411530102779,2.384204314700507,2.4400839805603027,60207000,0.0,0.0
2011-10-14 00:00:00-04:00,2.5059938566430136,2.5654558219145605,2.491665717513817,2.557575225830078,35004000,0.0,0.0
2011-10-17 00:00:00-04:00,2.5325005592718304,2.5568583567398395,2.4938144547466217,2.5117247104644775,21298000,0.0,0.0
2011-10-18 00:00:00-04:00,2.5024107052368993,2.5769169587588645,2.5009778236903037,2.567603826522827,13948000,0.0,0.0
2011-10-19 00:00:00-04:00,2.5389477774627665,2.539664303747471,2.4716055798197076,2.4809188842773438,30312000,0.0,0.0
2011-10-20 00:00:00-04:00,2.473755338130493,2.494531188666386,2.372741849583812,2.4343528747558594,27141000,0.0,0.0
2011-10-21 00:00:00-04:00,2.4587110252612985,2.4716064532851925,2.3942343975565166,2.424323558807373,27170000,0.0,0.0
2011-10-24 00:00:00-04:00,2.441516688454369,2.551127116340523,2.4357855023971826,2.5325005054473877,25690000,0.0,0.0
2011-10-25 00:00:00-04:00,2.49596360063048,2.5332168218408317,2.461576143209272,2.4673073291778564,24614000,0.0,0.0
2011-10-26 00:00:00-04:00,2.4923812577030953,2.5167390504224407,2.409994404911398,2.4193077087402344,23137000,0.0,0.0
2011-10-27 00:00:00-04:00,2.440800469270553,2.489516065893028,2.3978158882206126,2.4185917377471924,43170000,0.0,0.0
2011-10-28 00:00:00-04:00,2.4150088331837902,2.4350681483707497,2.2273100769382927,2.40641188621521,71596000,0.0,0.0
2011-10-31 00:00:00-04:00,2.3655771228665494,2.449396686521253,2.362711530335713,2.4193077087402344,35767000,0.0,0.0
2011-11-01 00:00:00-04:00,2.341936241204499,2.394233957818019,2.312563441081445,2.364144802093506,16196000,0.0,0.0
2011-11-02 00:00:00-04:00,2.394950343607768,2.3999651744909216,2.3211604207765806,2.3354885578155518,21439000,0.0,0.0
2011-11-03 00:00:00-04:00,2.4006819211488386,2.471606257239922,2.350533266106852,2.4594273567199707,31449000,0.0,0.0
2011-11-04 00:00:00-04:00,2.408562396408794,2.485934447619661,2.408562396408794,2.4630093574523926,17113000,0.0,0.0
2011-11-07 00:00:00-05:00,2.460143865864906,2.478770481047344,2.4078461405318574,2.477337598800659,17289000,0.0,0.0
2011-11-08 00:00:00-05:00,2.488083839416504,2.4973971471977934,2.4264728052348503,2.488083839416504,9475000,0.0,0.0
2011-11-09 00:00:00-05:00,2.4393673329610115,2.474471315576235,2.369159367730566,2.380621910095215,15446000,0.0,0.0
2011-11-10 00:00:00-05:00,2.411427297550006,2.418591364819543,2.3562639966550547,2.3720250129699707,9560000,0.0,0.0
2011-11-11 00:00:00-05:00,2.38850253074441,2.463725156269383,2.3813382922321917,2.4565610885620117,11553000,0.0,0.0
2011-11-14 00:00:00-05:00,2.4443832560335146,2.4579950418522785,2.3519666910830885,2.370593309402466,16063000,0.0,0.0
2011-11-15 00:00:00-05:00,2.3619952340374066,2.4013976902878778,2.343368624566451,2.3634281158447266,16231000,0.0,0.0
2011-11-16 00:00:00-05:00,2.3476665825147522,2.385636148601652,2.2831899898623407,2.2996673583984375,17180000,0.0,0.0
2011-11-17 00:00:00-05:00,2.2953701448757373,2.301101332380428,2.217281732996171,2.235191822052002,17349000,0.0,0.0
2011-11-18 00:00:00-05:00,2.254534435628914,2.2624148593015683,2.1141184958298265,2.139192819595337,32279000,0.0,0.0
2011-11-21 00:00:00-05:00,2.104088465494483,2.13059549574731,2.062536775299912,2.1098196506500244,36389000,0.0,0.0
2011-11-22 00:00:00-05:00,2.1212831918709782,2.164984139803433,2.08474648496786,2.106955051422119,24014000,0.0,0.0
2011-11-23 00:00:00-05:00,2.0775827311356467,2.10480613381233,2.0539412787142144,2.0754334926605225,23819000,0.0,0.0
2011-11-25 00:00:00-05:00,2.0747160007794903,2.086895070074303,2.0281496442949236,2.0374629497528076,8951000,0.0,0.0
2011-11-28 00:00:00-05:00,2.101223585943633,2.116268080185732,2.0145382281177695,2.0474929809570312,47653000,0.0,0.0
2011-11-29 00:00:00-05:00,2.0525075190405135,2.1033725232076534,2.043194213229766,2.0682685375213623,31500000,0.0,0.0
2011-11-30 00:00:00-05:00,2.1083872836415325,2.1571028778236307,2.0761488921702553,2.143491268157959,36586000,0.0,0.0
2011-12-01 00:00:00-05:00,2.1363279915446336,2.1764468214532915,2.0861793260551234,2.142775535583496,48612000,0.0,0.0
2011-12-02 00:00:00-05:00,2.1692818271689354,2.2667131809480656,2.1606848777042185,2.232325553894043,57689000,0.0,0.0
2011-12-05 00:00:00-05:00,2.2581163532914967,2.2882055072362415,2.205102284212291,2.223728895187378,28980000,0.0,0.0
2011-12-06 00:00:00-05:00,2.215848327996135,2.2351912947675565,2.1535209526649193,2.20725154876709,27058000,0.0,0.0
2011-12-07 00:00:00-05:00,2.195072542259109,2.2488031399027704,2.1807444056614473,2.236624240875244,25019000,0.0,0.0
2011-12-08 00:00:00-05:00,2.2337590282450743,2.2667137821946217,2.1914909668400075,2.1979386806488037,29397000,0.0,0.0
2011-12-09 00:00:00-05:00,2.1513716119873876,2.195788900357752,2.1341778835489666,2.1929233074188232,33703000,0.0,0.0
2011-12-12 00:00:00-05:00,2.0503582657998227,2.1227154741756165,1.9765683462670949,2.110536575317383,36729000,0.0,0.0
2011-12-13 00:00:00-05:00,2.1162681234185983,2.1556705906543705,2.0825970142051524,2.094775915145874,32928000,0.0,0.0
2011-12-14 00:00:00-05:00,2.0747164140340244,2.1033728624773,2.025284283866339,2.0568063259124756,21125000,0.0,0.0
2011-12-15 00:00:00-05:00,2.076949883172567,2.104287541615598,2.0568061919055682,2.060403347015381,23917000,0.012,0.0
2011-12-16 00:00:00-05:00,2.080546581517999,2.09853201155767,2.026590462920759,2.071913719177246,90364000,0.0,0.0
2011-12-19 00:00:00-05:00,2.074071897675217,2.074071897675217,1.9704763443608364,1.9819869995117188,31124000,0.0,0.0
2011-12-20 00:00:00-05:00,2.009324411339863,2.0863018332701238,2.0086050490808707,2.0740716457366943,29613000,0.0,0.0
2011-12-21 00:00:00-05:00,2.074071584569874,2.090618116691041,1.981986700307665,2.007885456085205,27523000,0.0,0.0
2011-12-22 00:00:00-05:00,2.0129218938255407,2.0963739327346325,2.0057277554975466,2.087740898132324,27874000,0.0,0.0
2011-12-23 00:00:00-05:00,2.1021303078913003,2.1301875139505793,2.075511998881938,2.1143603324890137,11767000,0.0,0.0
2011-12-27 00:00:00-05:00,2.105726001980994,2.1244307930269493,2.088460106985404,2.110761880874634,7993000,0.0,0.0
2011-12-28 00:00:00-05:00,2.1122008721129326,2.112920234409654,2.061122375566815,2.0675971508026123,13375000,0.0,0.0
2011-12-29 00:00:00-05:00,2.0690357737702265,2.101409476837328,2.0683164115088384,2.0949347019195557,10221000,0.0,0.0
2011-12-30 00:00:00-05:00,2.083424426035968,2.097812703004144,2.0618420105837036,2.07623028755188,8364000,0.0,0.0
2012-01-03 00:00:00-05:00,2.120833000106306,2.170472583354324,2.0783875519005344,2.0827040672302246,23032000,0.0,0.0
2012-01-04 00:00:00-05:00,2.0783885074733965,2.092776784173135,2.0215547630528943,2.04673433303833,20254000,0.0,0.0
2012-01-05 00:00:00-05:00,2.047453786534897,2.0683168401345253,2.027310266867529,2.049612045288086,20075000,0.0,0.0
2012-01-06 00:00:00-05:00,2.043857195471545,2.053928957239452,2.0157999978136663,2.036663055419922,24357000,0.0,0.0
2012-01-09 00:00:00-05:00,2.1078844595144646,2.1863006139527696,2.104287304809458,2.1740705966949463,33485000,0.0,0.0
2012-01-10 00:00:00-05:00,2.195653485738768,2.239537684901806,2.1855817248189644,2.2050058841705322,26829000,0.0,0.0
2012-01-11 00:00:00-05:00,2.2078832984470207,2.276947064950134,2.200689159676317,2.2445733547210693,27103000,0.0,0.0
2012-01-12 00:00:00-05:00,2.2445732195298165,2.2970906180667927,2.217235562456417,2.2791051864624023,19873000,0.0,0.0
2012-01-13 00:00:00-05:00,2.2675937280729523,2.302125682780966,2.245291958578547,2.271190881729126,24275000,0.0,0.0
2012-01-17 00:00:00-05:00,2.2805436989714853,2.320830901185794,2.26399716642772,2.276946544647217,31782000,0.0,0.0
2012-01-18 00:00:00-05:00,2.3740673303934603,2.517950235285556,2.358240332635771,2.441692352294922,44274000,0.0,0.0
2012-01-19 00:00:00-05:00,2.4373764019570068,2.4711888349982316,2.417232711694672,2.4186716079711914,31546000,0.0,0.0
2012-01-20 00:00:00-05:00,2.410757969743671,2.4488869179177684,2.39852795241712,2.432340383529663,23462000,0.0,0.0
2012-01-23 00:00:00-05:00,2.435217995272146,2.438815149983889,2.3942114263845884,2.421549081802368,20124000,0.0,0.0
2012-01-24 00:00:00-05:00,2.416513971709532,2.463275968717991,2.416513971709532,2.436657667160034,30778000,0.0,0.0
2012-01-25 00:00:00-05:00,2.4855767228483505,2.4855767228483505,2.4244264707717282,2.4424118995666504,30352000,0.0,0.0
2012-01-26 00:00:00-05:00,2.4431320244649233,2.476944634293248,2.434499160026857,2.4517650604248047,25537000,0.0,0.0
2012-01-27 00:00:00-05:00,2.434498544570807,2.4805409911661287,2.4316209238189312,2.444570302963257,29468000,0.0,0.0
2012-01-30 00:00:00-05:00,2.417232800113725,2.4467288884478933,2.3992475393691874,2.4265851974487305,16590000,0.0,0.0
2012-01-31 00:00:00-05:00,2.446008868600382,2.4517641093264966,2.4006856189147996,2.441692352294922,16225000,0.0,0.0
2012-02-01 00:00:00-05:00,2.4740664484225587,2.510756673904013,2.456081188391196,2.4906129837036133,39361000,0.0,0.0
2012-02-02 00:00:00-05:00,2.50356297094046,2.530900632689817,2.4999658153955933,2.517951250076294,36188000,0.0,0.0
2012-02-03 00:00:00-05:00,2.5380942726824336,2.5524825480138653,2.5157923258534742,2.5273029804229736,23816000,0.0,0.0
2012-02-06 00:00:00-05:00,2.517950485814338,2.5215476402673773,2.4560808700048913,2.4675915241241455,18853000,0.0,0.0
2012-02-07 00:00:00-05:00,2.4704696111946607,2.49205202742233,2.4424124186421516,2.4877355098724365,15076000,0.0,0.0
2012-02-08 00:00:00-05:00,2.4855769642272567,2.517950670593282,2.477663463980312,2.509317636489868,15032000,0.0,0.0
2012-02-09 00:00:00-05:00,2.518669946615406,2.5402523596125537,2.502842946663894,2.5273029804229736,11790000,0.0,0.0
2012-02-10 00:00:00-05:00,2.48773555295675,2.546727560276095,2.4711890164101264,2.4812607765197754,8898000,0.0,0.0
2012-02-13 00:00:00-05:00,2.507160573587817,2.530181894494227,2.447449183288559,2.5042829513549805,14360000,0.0,0.0
2012-02-14 00:00:00-05:00,2.4870154337000017,2.513633722256032,2.4596776114109584,2.482698917388916,18319000,0.0,0.0
2012-02-15 00:00:00-05:00,2.5121958093491883,2.552483022063736,2.5042821363819248,2.516512155532837,19864000,0.0,0.0
2012-02-16 00:00:00-05:00,2.520109496095363,2.5862956483874107,2.497807543484625,2.5798208713531494,16769000,0.0,0.0
2012-02-17 00:00:00-05:00,2.5661516214351443,2.5747846563593613,2.5064402539340938,2.535216808319092,18402000,0.0,0.0
2012-02-21 00:00:00-05:00,2.552482114581211,2.5812586603575784,2.5380938416930277,2.551762580871582,20449000,0.0,0.0
2012-02-22 00:00:00-05:00,2.5424106624120695,2.6129133156789357,2.5424106624120695,2.582697868347168,24333000,0.0,0.0
2012-02-23 00:00:00-05:00,2.575503797794329,2.6805384181141667,2.569029193678456,2.6755025386810303,47606000,0.0,0.0
2012-02-24 00:00:00-05:00,2.687013253258169,2.6906104083178506,2.6021224864155683,2.6129136085510254,19325000,0.0,0.0
2012-02-27 00:00:00-05:00,2.6050000580022057,2.675502717830476,2.5567991759456743,2.6603949069976807,26216000,0.0,0.0
2012-02-28 00:00:00-05:00,2.6496036918108747,2.692049158691815,2.6301793642809477,2.662553071975708,21581000,0.0,0.0
2012-02-29 00:00:00-05:00,2.6575166266335946,2.712192099675489,2.640970095126636,2.7057173252105713,34503000,0.0,0.0
2012-03-01 00:00:00-05:00,2.71506953812938,2.7193860541501143,2.6733436168129963,2.68485426902771,12550000,0.0,0.0
2012-03-02 00:00:00-05:00,2.6798194146574503,2.683416570119822,2.6136332635417756,2.6330575942993164,19601000,0.0,0.0
2012-03-05 00:00:00-05:00,2.627301946029061,2.629460204810032,2.5388140220964415,2.5503246784210205,24881000,0.0,0.0
2012-03-06 00:00:00-05:00,2.495648660745,2.552482396384498,2.489173885773956,2.540252208709717,19936000,0.0,0.0
2012-03-07 00:00:00-05:00,2.5546406714391057,2.587733565734842,2.536655242464558,2.571906566619873,12857000,0.0,0.0
2012-03-08 00:00:00-05:00,2.6114747876704256,2.648884204088446,2.597086339482833,2.620107650756836,17478000,0.0,0.0
2012-03-09 00:00:00-05:00,2.6273020801472993,2.6488844975369483,2.5934896433890295,2.64528751373291,13307000,0.0,0.0
2012-03-12 00:00:00-04:00,2.6424099926753057,2.6517623910512955,2.597086725762857,2.6330575942993164,8724000,0.0,0.0
2012-03-13 00:00:00-04:00,2.6582364179655804,2.710034279003191,2.653200538631615,2.7071566581726074,12902000,0.0,0.0
2012-03-14 00:00:00-04:00,2.7049984415873265,2.7603932866411514,2.6618336138943373,2.6697471141815186,22282000,0.0,0.0
2012-03-15 00:00:00-04:00,2.6812986665822702,2.7267810896928473,2.6632500067507947,2.7260591983795166,16248000,0.013,0.0
2012-03-16 00:00:00-04:00,2.7318340707732225,2.801140785314294,2.7195610605288887,2.736165761947632,23520000,0.0,0.0
2012-03-19 00:00:00-04:00,2.7267805109207974,2.7549363316618005,2.715951455020252,2.7477169036865234,10058000,0.0,0.0
2012-03-20 00:00:00-04:00,2.7217274520379853,2.754214970237636,2.707288593310312,2.745551586151123,17642000,0.0,0.0
2012-03-21 00:00:00-04:00,2.7498828849667647,2.7867019178198533,2.732556291396179,2.7693753242492676,13604000,0.0,0.0
2012-03-22 00:00:00-04:00,2.7563805995160067,2.7679317200147975,2.7332783585184255,2.7397758960723877,19680000,0.0,0.0
2012-03-23 00:00:00-04:00,2.729668473437951,2.7556584507233475,2.708732251065475,2.7506048679351807,14863000,0.0,0.0
2012-03-26 00:00:00-04:00,2.7765952900581494,2.804751117638563,2.741220032748767,2.8040292263031006,16678000,0.0,0.0
2012-03-27 00:00:00-04:00,2.7931996231937197,2.817023755335015,2.7708194456555897,2.799697160720825,17597000,0.0,0.0
2012-03-28 00:00:00-04:00,2.8033061514250845,2.806194059974556,2.728224143757948,2.7412190437316895,16691000,0.0,0.0
2012-03-29 00:00:00-04:00,2.71811665327544,2.770096419043029,2.7072874278292556,2.767930746078491,13024000,0.0,0.0
2012-03-30 00:00:00-04:00,2.7765946547333704,2.831462342543975,2.754214479331907,2.8134138584136963,24210000,0.0,0.0
2012-04-02 00:00:00-04:00,2.8076388755849884,2.8163022601728573,2.7513273921381893,2.7932000160217285,14370000,0.0,0.0
2012-04-03 00:00:00-04:00,2.787424021653956,2.8148577808623885,2.752770661884369,2.770097255706787,12313000,0.0,0.0
2012-04-04 00:00:00-04:00,2.7469941522900845,2.7527696240117896,2.6776876310061946,2.7007896900177,13125000,0.0,0.0
2012-04-05 00:00:00-04:00,2.7051213959512634,2.742662478739558,2.6964580161925227,2.71522855758667,13792000,0.0,0.0
2012-04-09 00:00:00-04:00,2.6885174583910025,2.721726860674023,2.6762444483515795,2.7130634784698486,12198000,0.0,0.0
2012-04-10 00:00:00-04:00,2.6993467867442855,2.7246146989069078,2.640147407767261,2.656752109527588,20072000,0.0,0.0
2012-04-11 00:00:00-04:00,2.674800841546982,2.758546421404548,2.6639717845092075,2.7058444023132324,15944000,0.0,0.0
2012-04-12 00:00:00-04:00,2.7166736649154917,2.7758730501082582,2.707288390234025,2.7542147636413574,12525000,0.0,0.0
2012-04-13 00:00:00-04:00,2.737610501187852,2.7383323925489567,2.686352427804115,2.691406011581421,8941000,0.0,0.0
2012-04-16 00:00:00-04:00,2.699346587270039,2.712341487975566,2.6711907682625466,2.674800395965576,17633000,0.0,0.0
2012-04-17 00:00:00-04:00,2.6979027543549137,2.7397755391931455,2.6870735265089096,2.7246146202087402,11296000,0.0,0.0
2012-04-18 00:00:00-04:00,2.71089815733892,2.7296685343460467,2.6791325332119955,2.7058444023132324,8837000,0.0,0.0
2012-04-19 00:00:00-04:00,2.6697473581013815,2.684908279493713,2.570841197981263,2.5780606269836426,28969000,0.0,0.0
2012-04-20 00:00:00-04:00,2.580947533025937,2.580947533025937,2.426451664426987,2.4748218059539795,80400000,0.0,0.0
2012-04-23 00:00:00-04:00,2.4380035806134095,2.4423351003398555,2.392520988300453,2.3990185260772705,43912000,0.0,0.0
2012-04-24 00:00:00-04:00,2.3961307892744816,2.401184372393462,2.3376532935231435,2.359311580657959,37246000,0.0,0.0
2012-04-25 00:00:00-04:00,2.4928718022518517,2.5462955540335575,2.466159754236197,2.5253591537475586,40196000,0.0,0.0
2012-04-26 00:00:00-04:00,2.50442178797616,2.5448506152201267,2.484207288291815,2.5311336517333984,16242000,0.0,0.0
2012-04-27 00:00:00-04:00,2.5332986071016053,2.5491812382827255,2.4907039494233354,2.4979233741760254,17007000,0.0,0.0
2012-04-30 00:00:00-04:00,2.4849301730852273,2.4993690334374237,2.461106036291624,2.4892618656158447,13464000,0.0,0.0
2012-05-01 00:00:00-04:00,2.492870630837229,2.5231921217016677,2.466880658578624,2.4878170490264893,11762000,0.0,0.0
2012-05-02 00:00:00-04:00,2.4639933717777223,2.5166952169924732,2.4445007599330966,2.5109195709228516,8848000,0.0,0.0
2012-05-03 00:00:00-04:00,2.505865510326099,2.507309464599333,2.4033495764186266,2.408403158187866,18368000,0.0,0.0
2012-05-04 00:00:00-04:00,2.377360408194561,2.4084039725052713,2.279176131784499,2.283507823944092,38604000,0.0,0.0
2012-05-07 00:00:00-04:00,2.2784544682910877,2.3094980380510473,2.2531865464660092,2.2596840858459473,19848000,0.0,0.0
2012-05-08 00:00:00-04:00,2.244522254219234,2.286395039369576,2.2308052895536314,2.2777316570281982,28533000,0.0,0.0
2012-05-09 00:00:00-04:00,2.250297898134258,2.2553514804546926,2.217810386503191,2.2430784702301025,24596000,0.0,0.0
2012-05-10 00:00:00-04:00,2.252463600432895,2.26329282849015,2.2113128780648075,2.2293615341186523,22290000,0.0,0.0
2012-05-11 00:00:00-04:00,2.2156449406221896,2.2488543493972335,2.2098694661068645,2.2336935997009277,29039000,0.0,0.0
2012-05-14 00:00:00-04:00,2.214922483489181,2.2705120569655155,2.19976156554129,2.2474098205566406,18594000,0.0,0.0
2012-05-15 00:00:00-04:00,2.2517410538878533,2.2856723383834465,2.231526730230799,2.241633892059326,21493000,0.0,0.0
2012-05-16 00:00:00-04:00,2.2423564425592835,2.285673010672048,2.2170885305558747,2.2214200496673584,19452000,0.0,0.0
2012-05-17 00:00:00-04:00,2.216366791181825,2.233693558658977,2.1694405882639147,2.170884370803833,18872000,0.0,0.0
2012-05-18 00:00:00-04:00,2.1824347424732515,2.1838786966421977,2.1448936553277207,2.167273998260498,22855000,0.0,0.0
2012-05-21 00:00:00-04:00,2.1658304147434158,2.231527328491211,2.14417213125095,2.231527328491211,28360000,0.0,0.0
2012-05-22 00:00:00-04:00,2.2336934442812635,2.2683466332115962,2.225751952219296,2.2575175762176514,28475000,0.0,0.0
2012-05-23 00:00:00-04:00,2.287839269253948,2.425008598495368,2.2741224740296238,2.419955015182495,47735000,0.0,0.0
2012-05-24 00:00:00-04:00,2.415622922281772,2.4199546135810217,2.3412627953937983,2.3470382690429688,27487000,0.0,0.0
2012-05-25 00:00:00-04:00,2.353536831625728,2.411292281785313,2.3513709850322613,2.3932437896728516,15457000,0.0,0.0
2012-05-29 00:00:00-04:00,2.422120966112772,2.4914275250304585,2.3975749397798856,2.487095832824707,19163000,0.0,0.0
2012-05-30 00:00:00-04:00,2.4509986662016816,2.4582180957819975,2.3730287234594054,2.3867456912994385,26237000,0.0,0.0
2012-05-31 00:00:00-04:00,2.402628733301119,2.4098481635667555,2.344151227662105,2.3896336555480957,19157000,0.0,0.0
2012-06-01 00:00:00-04:00,2.3412628849757646,2.3585894787109742,2.2279177041824467,2.2365810871124268,38892000,0.0,0.0
2012-06-04 00:00:00-04:00,2.2539070736083064,2.284950624577428,2.1788249007761773,2.2040929794311523,39732000,0.0,0.0
2012-06-05 00:00:00-04:00,2.2077040408332707,2.273400807494564,2.193987071089501,2.267625331878662,36053000,0.0,0.0
2012-06-06 00:00:00-04:00,2.295780763841183,2.3816920244786393,2.2798979504702612,2.3802480697631836,25299000,0.0,0.0
2012-06-07 00:00:00-04:00,2.4134569138177553,2.4170667136985236,2.3723061935004424,2.3788037300109863,23101000,0.0,0.0
2012-06-08 00:00:00-04:00,2.3701402468958337,2.4574954380622436,2.346316119498151,2.443056583404541,25119000,0.0,0.0
2012-06-11 00:00:00-04:00,2.461105936012233,2.473379121723834,2.3925212660714315,2.399740695953369,15443000,0.0,0.0
2012-06-12 00:00:00-04:00,2.4047945169040816,2.466881649995003,2.4047945169040816,2.4488329887390137,18471000,0.0,0.0
2012-06-13 00:00:00-04:00,2.4481106532003207,2.4899832712024623,2.4293401039796247,2.457495927810669,20580000,0.0,0.0
2012-06-14 00:00:00-04:00,2.450244504456581,2.4509697637444594,2.367578776566489,2.415437936782837,23709000,0.015,0.0
2012-06-15 00:00:00-04:00,2.4190634551869676,2.490127106569471,2.4176132824362595,2.470548391342163,18289000,0.0,0.0
2012-06-18 00:00:00-04:00,2.4618468302197973,2.543787474335062,2.4516949287301055,2.520583152770996,17163000,0.0,0.0
2012-06-19 00:00:00-04:00,2.532185603366473,2.537986641001743,2.4944783400773587,2.516232490539551,19152000,0.0,0.0
2012-06-20 00:00:00-04:00,2.5234837291049277,2.577143929252674,2.522758642663815,2.557565212249756,29267000,0.0,0.0
2012-06-21 00:00:00-04:00,2.5561147486310003,2.5662666491983224,2.4937526538500174,2.500278949737549,23173000,0.0,0.0
2012-06-22 00:00:00-04:00,2.4988283768373436,2.541611577104079,2.4930271682375054,2.5234830379486084,55520000,0.0,0.0
2012-06-25 00:00:00-04:00,2.493027107860233,2.5118807328016164,2.4683724473460655,2.4806997776031494,23592000,0.0,0.0
2012-06-26 00:00:00-04:00,2.4872265948030545,2.510430914855501,2.4625717562228506,2.4937527179718018,18656000,0.0,0.0
2012-06-27 00:00:00-04:00,2.4959278044422293,2.5423367838952333,2.489401682176989,2.5307345390319824,11415000,0.0,0.0
2012-06-28 00:00:00-04:00,2.5024547606306644,2.51913295961099,2.4603966335023246,2.4879519939422607,16941000,0.0,0.0
2012-06-29 00:00:00-04:00,2.5394367353943244,2.6061495260270084,2.5394367353943244,2.6032488346099854,18990000,0.0,0.0
2012-07-02 00:00:00-04:00,2.593821118082019,2.624276984281165,2.5575642168385317,2.573517322540283,21855000,0.0,0.0
2012-07-03 00:00:00-04:00,2.578593539389999,2.595996819218092,2.5698918130326724,2.5916459560394287,9803000,0.0,0.0
2012-07-05 00:00:00-04:00,2.5916463425865857,2.60759945232559,2.5720676282489725,2.5800442695617676,8576000,0.0,0.0
2012-07-06 00:00:00-04:00,2.574243117803134,2.575693463407004,2.470548334394223,2.500278949737549,14716000,0.0,0.0
2012-07-09 00:00:00-04:00,2.5017302308311296,2.508981615788863,2.401661014682418,2.4139883518218994,21974000,0.0,0.0
2012-07-10 00:00:00-04:00,2.4364665933257004,2.4705482442369013,2.4110868428335746,2.4241392612457275,21338000,0.0,0.0
2012-07-11 00:00:00-04:00,2.422690032898218,2.432841937052081,2.387883282087852,2.4002106189727783,18940000,0.0,0.0
2012-07-12 00:00:00-04:00,2.3871569316874757,2.392232881077147,2.330596056397037,2.362502098083496,21140000,0.0,0.0
2012-07-13 00:00:00-04:00,2.360328178230472,2.4110878738059687,2.355252053074931,2.403836488723755,16791000,0.0,0.0
2012-07-16 00:00:00-04:00,2.390783174628488,2.3994849032713605,2.3479999636120406,2.3741049766540527,13761000,0.0,0.0
2012-07-17 00:00:00-04:00,2.400209867166343,2.408911595364996,2.3617775224332873,2.3958590030670166,18038000,0.0,0.0
2012-07-18 00:00:00-04:00,2.3922326688653306,2.4690973348958902,2.3864314608727812,2.4502437114715576,21230000,0.0,0.0
2012-07-19 00:00:00-04:00,2.503904477285096,2.6395054673464595,2.4959278365901745,2.613400459289551,34675000,0.0,0.0
2012-07-20 00:00:00-04:00,2.6068740022047483,2.6104996062974193,2.556114334701418,2.5582897663116455,14961000,0.0,0.0
2012-07-23 00:00:00-04:00,2.5118813796634383,2.5234836266833836,2.445893675375386,2.501004219055176,15101000,0.0,0.0
2012-07-24 00:00:00-04:00,2.514780868690547,2.544511646924148,2.4487933643032,2.4785239696502686,9758000,0.0,0.0
2012-07-25 00:00:00-04:00,2.4748987420303656,2.5198571999358332,2.452419340191074,2.4806997776031494,20470000,0.0,0.0
2012-07-26 00:00:00-04:00,2.5387112081392753,2.5909212277225584,2.5379861218048525,2.569892168045044,13101000,0.0,0.0
2012-07-27 00:00:00-04:00,2.5952722636027383,2.6445817682316113,2.5778689802164405,2.619926929473877,11498000,0.0,0.0
2012-07-30 00:00:00-04:00,2.633704692109235,2.6612600501629475,2.590196395811732,2.6083247661590576,12044000,0.0,0.0
2012-07-31 00:00:00-04:00,2.627903729902375,2.7294230908199477,2.6264533841631956,2.675762891769409,23597000,0.0,0.0
2012-08-01 00:00:00-04:00,2.6909902537473633,2.69171534004154,2.6402305825369,2.660534381866455,15423000,0.0,0.0
2012-08-02 00:00:00-04:00,2.63588028483997,2.6931662636552645,2.617751740501313,2.649657964706421,13151000,0.0,0.0
2012-08-03 00:00:00-04:00,2.6938909662707053,2.71637037187863,2.6590844012256283,2.690990447998047,14333000,0.0,0.0
2012-08-06 00:00:00-04:00,2.696791814193668,2.7149201841165214,2.6830141354894135,2.6880900859832764,11303000,0.0,0.0
2012-08-07 00:00:00-04:00,2.7033181913215882,2.728698119060817,2.6873652519532625,2.712019920349121,15424000,0.0,0.0
2012-08-08 00:00:00-04:00,2.7163704716323713,2.7337737547940137,2.7011424475901653,2.717820644378662,17173000,0.0,0.0
2012-08-09 00:00:00-04:00,2.685914980569749,2.724347330028479,2.6837395482525928,2.706218957901001,9996000,0.0,0.0
2012-08-10 00:00:00-04:00,2.699692258040231,2.7141950227324294,2.666335864670857,2.6938910484313965,14662000,0.0,0.0
2012-08-13 00:00:00-04:00,2.6938906399689393,2.6938906399689393,2.6170259641776137,2.6300785541534424,21116000,0.0,0.0
2012-08-14 00:00:00-04:00,2.66343462437411,2.6663351419490326,2.609049185076482,2.6213765144348145,24324000,0.0,0.0
2012-08-15 00:00:00-04:00,2.6141252760718086,2.6561833882959944,2.610499499241268,2.652557611465454,15984000,0.0,0.0
2012-08-16 00:00:00-04:00,2.661259596588527,2.6931656405247706,2.661259596588527,2.676487445831299,25881000,0.0,0.0
2012-08-17 00:00:00-04:00,2.737398718607859,2.7468255302025435,2.6395049989865824,2.6714110374450684,29985000,0.0,0.0
2012-08-20 00:00:00-04:00,2.67938725263309,2.67938725263309,2.5677158691682855,2.6075985431671143,25468000,0.0,0.0
2012-08-21 00:00:00-04:00,2.610500204849778,2.6511079827405686,2.5887460566461336,2.6380555629730225,19231000,0.0,0.0
2012-08-22 00:00:00-04:00,2.6286285737060697,2.659809534684266,2.613400722839947,2.6460318565368652,13251000,0.0,0.0
2012-08-23 00:00:00-04:00,2.627902548228142,2.6322534106026456,2.5901953048311492,2.6119494438171387,12060000,0.0,0.0
2012-08-24 00:00:00-04:00,2.611950058489401,2.6351545480231318,2.598897641180783,2.6141254901885986,13030000,0.0,0.0
2012-08-27 00:00:00-04:00,2.615576083042178,2.6199267739655663,2.584394950032895,2.5938217639923096,13306000,0.0,0.0
2012-08-28 00:00:00-04:00,2.5981723383591278,2.640955539580067,2.5872953529325033,2.6300785541534424,15320000,0.0,0.0
2012-08-29 00:00:00-04:00,2.6387806024455487,2.6728622562896702,2.6264532693047387,2.654008626937866,11952000,0.0,0.0
2012-08-30 00:00:00-04:00,2.646756169926639,2.646756169926639,2.5996221156803974,2.6119494438171387,13671000,0.0,0.0
2012-08-31 00:00:00-04:00,2.6315281370560792,2.668510294148215,2.603972963647562,2.651832103729248,13266000,0.0,0.0
2012-09-04 00:00:00-04:00,2.6373305454782194,2.65328348417911,2.5619160247590775,2.6025238037109375,21527000,0.0,0.0
2012-09-05 00:00:00-04:00,2.582220118657215,2.582945205116764,2.541612337850029,2.551038980484009,16184000,0.0,0.0
2012-09-06 00:00:00-04:00,2.5843946282322157,2.669235943302773,2.5517634994937093,2.654733180999756,22883000,0.0,0.0
2012-09-07 00:00:00-04:00,2.6619843071173896,2.6706860328201487,2.6177507653104284,2.625002145767212,15846000,0.0,0.0
2012-09-10 00:00:00-04:00,2.6076003195224757,2.6242785211504724,2.53436121509867,2.537986993789673,16238000,0.0,0.0
2012-09-11 00:00:00-04:00,2.5408859978272025,2.579318330023284,2.525658151333618,2.5350849628448486,12420000,0.0,0.0
2012-09-12 00:00:00-04:00,2.5539392870475965,2.574243087946755,2.53871126348664,2.554664373397827,13803000,0.0,0.0
2012-09-13 00:00:00-04:00,2.558289994293063,2.566991548622848,2.498103335857519,2.5430619716644287,21875000,0.0,0.0
2012-09-14 00:00:00-04:00,2.544512372616882,2.574242986443096,2.5162319314339476,2.542336940765381,34024000,0.0,0.0
2012-09-17 00:00:00-04:00,2.5517634714809634,2.5662662336247717,2.5292840691374665,2.5582897663116455,15298000,0.0,0.0
2012-09-18 00:00:00-04:00,2.5553756040944386,2.561931630877176,2.5240525965869414,2.5612032413482666,10544000,0.016,0.0
2012-09-19 00:00:00-04:00,2.559018411325104,2.5801432749596898,2.5313375195954637,2.5531909465789795,20797000,0.0,0.0
2012-09-20 00:00:00-04:00,2.5189541591806424,2.5429927564520467,2.4198860375687827,2.45849347114563,40250000,0.0,0.0
2012-09-21 00:00:00-04:00,2.5007432458191086,2.631134385210987,2.5007432458191086,2.5866994857788086,68640000,0.0,0.0
2012-09-24 00:00:00-04:00,2.549548444863155,2.559746594182011,2.493458449935241,2.5204107761383057,44190000,0.0,0.0
2012-09-25 00:00:00-04:00,2.517497511889903,2.548820528958072,2.398761298726811,2.4045889377593994,34009000,0.0,0.0
2012-09-26 00:00:00-04:00,2.3849212172329426,2.4431967481265677,2.3594258352866038,2.4373691082000732,41268000,0.0,0.0
2012-09-27 00:00:00-04:00,2.416971941812927,2.5488200121346347,2.4016745444191896,2.542263984680176,41134000,0.0,0.0
2012-09-28 00:00:00-04:00,2.50948472553815,2.551006070731286,2.48398934551526,2.540079355239868,25908000,0.0,0.0
2012-10-01 00:00:00-04:00,2.5597468423007492,2.588884513849941,2.516768724663425,2.5269670486450195,20091000,0.0,0.0
2012-10-02 00:00:00-04:00,2.542264014454452,2.542264014454452,2.4839886773079627,2.507298707962036,17096000,0.0,0.0
2012-10-03 00:00:00-04:00,2.5153116993071327,2.553190738086413,2.50802728213221,2.5182254314422607,27255000,0.0,0.0
2012-10-04 00:00:00-04:00,2.5182254205141046,2.5182254205141046,2.4767042601646514,2.507298707962036,11425000,0.0,0.0
2012-10-05 00:00:00-04:00,2.5291507808331546,2.5699437062356494,2.489086592051554,2.5087544918060303,15117000,0.0,0.0
2012-10-08 00:00:00-04:00,2.4767050684204652,2.4934592506851145,2.455580199708645,2.467963695526123,10039000,0.0,0.0
2012-10-09 00:00:00-04:00,2.4402823504356124,2.4577650930239794,2.4067739920402147,2.44683837890625,20770000,0.0,0.0
2012-10-10 00:00:00-04:00,2.453394073119898,2.455579415645707,2.3710801414531812,2.3739938735961914,14476000,0.0,0.0
2012-10-11 00:00:00-04:00,2.4045884334035184,2.4388251759697996,2.3718084700341513,2.3987607955932617,13768000,0.0,0.0
2012-10-12 00:00:00-04:00,2.3841922232907202,2.4045886973542308,2.3703517773555762,2.4024033546447754,26733000,0.0,0.0
2012-10-15 00:00:00-04:00,2.4111442633359372,2.430083782102455,2.3892910125301543,2.4177002906799316,17144000,0.0,0.0
2012-10-16 00:00:00-04:00,2.425713644726463,2.5196828701780527,2.4206145690882623,2.502200126647949,18602000,0.0,0.0
2012-10-17 00:00:00-04:00,2.48326041600407,2.520411069524687,2.4679631902451247,2.48471736907959,13410000,0.0,0.0
2012-10-18 00:00:00-04:00,2.4818036327607644,2.5058422295871647,2.4628641111794516,2.4803466796875,12752000,0.0,0.0
2012-10-19 00:00:00-04:00,2.485445385545278,2.489816070441274,2.396575429465415,2.4177002906799316,19088000,0.0,0.0
2012-10-22 00:00:00-04:00,2.4388255807483112,2.454122806900031,2.403860269106085,2.432997941970825,12707000,0.0,0.0
2012-10-23 00:00:00-04:00,2.4009460752772607,2.4293553529645733,2.3907479264687472,2.421342372894287,10953000,0.0,0.0
2012-10-24 00:00:00-04:00,2.44246708240215,2.4468377669561407,2.3739936033035813,2.3841917514801025,13522000,0.0,0.0
2012-10-25 00:00:00-04:00,2.408958831322244,2.4577645792806613,2.4067734889554973,2.454850673675537,15396000,0.0,0.0
2012-10-26 00:00:00-04:00,2.454850662231846,2.4759755225624573,2.432997412340445,2.464320421218872,12623000,0.0,0.0
2012-10-31 00:00:00-04:00,2.4490242813415612,2.45485174775313,2.390020358971651,2.406046152114868,22851000,0.0,0.0
2012-11-01 00:00:00-04:00,2.4249857235502725,2.517498013692405,2.407503150316254,2.513127326965332,18725000,0.0,0.0
2012-11-02 00:00:00-04:00,2.528424155815305,2.5386223074448164,2.4723341481787484,2.4745194911956787,19223000,0.0,0.0
2012-11-05 00:00:00-05:00,2.403860158052146,2.507298961412984,2.4031317683664466,2.500014543533325,13881000,0.0,0.0
2012-11-06 00:00:00-05:00,2.5000144787285428,2.5699450969696045,2.4920016713708915,2.5699450969696045,20045000,0.0,0.0
2012-11-07 00:00:00-05:00,2.5335229426762895,2.557561539446623,2.46869157036617,2.4737906455993652,20751000,0.0,0.0
2012-11-08 00:00:00-05:00,2.548820154498264,2.548820154498264,2.4643207034967505,2.4650492668151855,13265000,0.0,0.0
2012-11-09 00:00:00-05:00,2.4767048940276672,2.4767048940276672,2.4344551595789667,2.438825845718384,14186000,0.0,0.0
2012-11-12 00:00:00-05:00,2.446110011999216,2.4657779239202986,2.4198860715463626,2.4482953548431396,7607000,0.0,0.0
2012-11-13 00:00:00-05:00,2.4227996101825733,2.463592383880208,2.4169721455147184,2.4242565631866455,11113000,0.0,0.0
2012-11-14 00:00:00-05:00,2.4533949679873723,2.468692197573442,2.394391045617462,2.406046152114868,12054000,0.0,0.0
2012-11-15 00:00:00-05:00,2.414058813226376,2.419886452953431,2.3375724963306843,2.3492274284362793,13745000,0.0,0.0
2012-11-16 00:00:00-05:00,2.346313526320299,2.3586970210457574,2.307706088898593,2.326645612716675,23888000,0.0,0.0
2012-11-19 00:00:00-05:00,2.35141251885162,2.391476908099084,2.3317446059448748,2.3856494426727295,16664000,0.0,0.0
2012-11-20 00:00:00-05:00,2.427170064979158,2.4388251668820407,2.3674377762732592,2.390019416809082,11905000,0.0,0.0
2012-11-21 00:00:00-05:00,2.3878347681321443,2.4009466520824994,2.3688952451238903,2.3907485008239746,7802000,0.0,0.0
2012-11-23 00:00:00-05:00,2.4038600437620756,2.4577648724480525,2.3929335042991946,2.4439244270324707,8177000,0.0,0.0
2012-11-26 00:00:00-05:00,2.458494155558035,2.4941878665452983,2.433727161678822,2.479619026184082,16562000,0.0,0.0
2012-11-27 00:00:00-05:00,2.4665066895912684,2.5153124556456192,2.447567164506633,2.4854462146759033,20547000,0.0,0.0
2012-11-28 00:00:00-05:00,2.449023401732201,2.524052916622904,2.4482950121109357,2.5174970626831055,20702000,0.0,0.0
2012-11-29 00:00:00-05:00,2.540807240479832,2.580871624426481,2.5291521374949406,2.556833028793335,19060000,0.0,0.0
2012-11-30 00:00:00-05:00,2.5196825508485716,2.580871624426481,2.469420016917974,2.556833028793335,41634000,0.0,0.0
2012-12-03 00:00:00-05:00,2.577958885577855,2.591799336560806,2.522597255320335,2.5357091426849365,17504000,0.0,0.0
2012-12-04 00:00:00-05:00,2.534251438519411,2.5612037670370675,2.526967020712633,2.5437211990356445,16899000,0.0,0.0
2012-12-05 00:00:00-05:00,2.551734529744909,2.5612042922028837,2.513127090085246,2.515312433242798,15875000,0.0,0.0
2012-12-06 00:00:00-05:00,2.516039808778214,2.5604748701696405,2.5102123451568064,2.5582895278930664,11963000,0.0,0.0
2012-12-07 00:00:00-05:00,2.49345846772139,2.5174970619582813,2.4730619952639823,2.494915246963501,85050000,0.0,0.0
2012-12-10 00:00:00-05:00,2.504384740086611,2.5145828883923924,2.4839884434750488,2.509483814239502,26845000,0.0,0.0
2012-12-11 00:00:00-05:00,2.5247814799183756,2.540807093631446,2.5007428856745633,2.5174970626831055,43625000,0.0,0.0
2012-12-12 00:00:00-05:00,2.534251218696773,2.54080707258226,2.5094840613626714,2.5182254314422607,49274000,0.0,0.0
2012-12-13 00:00:00-05:00,2.562147943473429,2.56287993268512,2.4589299597285112,2.466982364654541,66194000,0.017,0.0
2012-12-14 00:00:00-05:00,2.4274523574464717,2.4355047630450453,2.2327290737426213,2.2795798778533936,98714000,0.0,0.0
2012-12-17 00:00:00-05:00,2.2978812825606996,2.342535953087864,2.2707957542907944,2.341803789138794,70583000,0.0,0.0
2012-12-18 00:00:00-05:00,2.3593729789635782,2.379138089868954,2.3198425826202964,2.3623011112213135,41414000,0.0,0.0
2012-12-19 00:00:00-05:00,2.3637652169603673,2.379138041902942,2.3381436675235494,2.341803789138794,25023000,0.0,0.0
2012-12-20 00:00:00-05:00,2.3461958685372757,2.3601047134245596,2.3000772232295796,2.3352153301239014,23788000,0.0,0.0
2012-12-21 00:00:00-05:00,2.2795795288842227,2.311057331719406,2.270062971664344,2.295684337615967,35064000,0.0,0.0
2012-12-24 00:00:00-05:00,2.290559891661737,2.2934880226164323,2.2678666585972826,2.280311346054077,7995000,0.0,0.0
2012-12-26 00:00:00-05:00,2.2854363050704536,2.3110578513150397,2.2524943419749146,2.260546922683716,16339000,0.0,0.0
2012-12-27 00:00:00-05:00,2.2751867920061217,2.3052004360134446,2.2466371260289533,2.2964160442352295,27545000,0.0,0.0
2012-12-28 00:00:00-05:00,2.2737229205066734,2.303736742756544,2.266402505853709,2.280311346054077,19617000,0.0,0.0
2012-12-31 00:00:00-05:00,2.2934886781752244,2.3264306407957487,2.2671351429853055,2.3169140815734863,26644000,0.0,0.0
2013-01-02 00:00:00-05:00,2.374013129573934,2.4201317665527764,2.360104287198535,2.382065534591675,36716000,0.0,0.0
2013-01-03 00:00:00-05:00,2.367425219099212,2.414276030044123,2.367425219099212,2.3945107460021973,23295000,0.0,0.0
2013-01-04 00:00:00-05:00,2.393778828083109,2.398903102958334,2.3564447506210993,2.3791379928588867,27113000,0.0,0.0
2013-01-07 00:00:00-05:00,2.369620957216177,2.3784055264017288,2.349855851081174,2.3659608364105225,16822000,0.0,0.0
2013-01-08 00:00:00-05:00,2.375477028561007,2.3937781547094095,2.3491236721966677,2.349855661392212,20969000,0.0,0.0
2013-01-09 00:00:00-05:00,2.379138144786572,2.4128121028591485,2.368889594381666,2.4018313884735107,29456000,0.0,0.0
2013-01-10 00:00:00-05:00,2.4494138766938987,2.458930436420683,2.4172040762130584,2.453806161880493,44591000,0.0,0.0
2013-01-11 00:00:00-05:00,2.4552704216073717,2.516029903903756,2.4516101256156224,2.51383376121521,47871000,0.0,0.0
2013-01-14 00:00:00-05:00,2.4772320468015723,2.5343312417000465,2.462591209696061,2.5306711196899414,49258000,0.0,0.0
2013-01-15 00:00:00-05:00,2.510905385503174,2.5211539340336047,2.47576728042848,2.4794275760650635,33736000,0.0,0.0
2013-01-16 00:00:00-05:00,2.4750352475416824,2.533598580436008,2.4721071158034658,2.5299384593963623,27669000,0.0,0.0
2013-01-17 00:00:00-05:00,2.5460430888301584,2.559951931755913,2.5321344204368903,2.548239231109619,21065000,0.0,0.0
2013-01-18 00:00:00-05:00,2.5284741044583194,2.543846925756394,2.5116371301417444,2.521153688430786,18830000,0.0,0.0
2013-01-22 00:00:00-05:00,2.521885677673794,2.5335983782243443,2.513101283160245,2.521153688430786,13809000,0.0,0.0
2013-01-23 00:00:00-05:00,2.55116736661454,2.5621480780289585,2.5013886069558087,2.5196895599365234,22791000,0.0,0.0
2013-01-24 00:00:00-05:00,2.4677146739090037,2.511637170784956,2.458930104720818,2.4838194847106934,44567000,0.0,0.0
2013-01-25 00:00:00-05:00,2.4764996848572607,2.5101736424152983,2.475767695420248,2.500657081604004,35089000,0.0,0.0
2013-01-28 00:00:00-05:00,2.5182261578499583,2.5277427184099346,2.4969968939444316,2.5240824222564697,38462000,0.0,0.0
2013-01-29 00:00:00-05:00,2.5109060070507563,2.54091967075729,2.5021214349744314,2.5306711196899414,23732000,0.0,0.0
2013-01-30 00:00:00-05:00,2.5248135232346347,2.5863051505277683,2.5248135232346347,2.565808057785034,25185000,0.0,0.0
2013-01-31 00:00:00-05:00,2.6002140634142035,2.641940413742026,2.580448959286944,2.6185150146484375,67764000,0.0,0.0
2013-02-01 00:00:00-05:00,2.62949618490422,2.657313873009627,2.6221757682237183,2.654385566711426,27973000,0.0,0.0
2013-02-04 00:00:00-05:00,2.6170522720257905,2.650726233673552,2.5723975948265614,2.5753257274627686,43401000,0.0,0.0
2013-02-05 00:00:00-05:00,2.568004974147363,2.6038750742336734,2.5665409952862053,2.5921623706817627,29392000,0.0,0.0
2013-02-06 00:00:00-05:00,2.5789855923910485,2.619979966032443,2.5687370426138307,2.608999252319336,20811000,0.0,0.0
2013-02-07 00:00:00-05:00,2.608998108609343,2.608998108609343,2.5284735499654674,2.5592193603515625,42435000,0.0,0.0
2013-02-08 00:00:00-05:00,2.5826455414956966,2.600946495848786,2.565808565752654,2.585573673248291,32966000,0.0,0.0
2013-02-11 00:00:00-05:00,2.589965731906017,2.6126589691719593,2.5621480463550377,2.5914297103881836,29999000,0.0,0.0
2013-02-12 00:00:00-05:00,2.5767895176568314,2.587770231659749,2.5460436929811894,2.572397232055664,31224000,0.0,0.0
2013-02-13 00:00:00-05:00,2.5885021514397426,2.598018711808723,2.554096206043826,2.5745933055877686,26590000,0.0,0.0
2013-02-14 00:00:00-05:00,2.5687370426138307,2.6111953950619577,2.5614166249826003,2.608999252319336,32372000,0.0,0.0
2013-02-15 00:00:00-05:00,2.6046072101092044,2.6192480457580762,2.560684528630061,2.572397232055664,25317000,0.0,0.0
2013-02-19 00:00:00-05:00,2.562148158166112,2.602410535234963,2.547507325510619,2.6016783714294434,24396000,0.0,0.0
2013-02-20 00:00:00-05:00,2.5972865478764273,2.6155875034491074,2.5379910469055176,2.5379910469055176,33262000,0.0,0.0
2013-02-21 00:00:00-05:00,2.523349126154228,2.538721943160096,2.41281075282888,2.4647858142852783,61853000,0.0,0.0
2013-02-22 00:00:00-05:00,2.4867483544366222,2.5233504434627405,2.467715233236535,2.495532751083374,18964000,0.0,0.0
2013-02-25 00:00:00-05:00,2.4984605913715234,2.5050488439934355,2.411347408861015,2.4120795726776123,30632000,0.0,0.0
2013-02-26 00:00:00-05:00,2.4252569675445557,2.445022080303055,2.3908510175921642,2.4252569675445557,34556000,0.0,0.0
2013-02-27 00:00:00-05:00,2.4743029992194394,2.5160293520853,2.4618581352029283,2.466250419616699,35971000,0.0,0.0
2013-02-28 00:00:00-05:00,2.466250998133015,2.5116376568343375,2.439897460001038,2.505049228668213,34786000,0.0,0.0
2013-03-01 00:00:00-05:00,2.4830873490390784,2.4955320383002073,2.4347725704179437,2.466982364654541,31500000,0.0,0.0
2013-03-04 00:00:00-05:00,2.4567342690671916,2.466982818044281,2.4164720625050515,2.455270290374756,17005000,0.0,0.0
2013-03-05 00:00:00-05:00,2.4669825253500375,2.515297481650813,2.465518546831295,2.51310133934021,30510000,0.0,0.0
2013-03-06 00:00:00-05:00,2.511637162568705,2.545311111636609,2.50431674644666,2.5409188270568848,24610000,0.0,0.0
2013-03-07 00:00:00-05:00,2.5394556342305785,2.5716654402264254,2.518226368548809,2.559952735900879,30738000,0.0,0.0
2013-03-08 00:00:00-05:00,2.5658086587327964,2.5921620199936424,2.560684209814431,2.581913471221924,19688000,0.0,0.0
2013-03-11 00:00:00-04:00,2.568004196392116,2.6104627120920827,2.5599517914969407,2.581181049346924,28173000,0.0,0.0
2013-03-12 00:00:00-04:00,2.5782531756189284,2.6016784034364084,2.5621481896867593,2.59509015083313,22477000,0.0,0.0
2013-03-13 00:00:00-04:00,2.5987510399313543,2.643405715452029,2.5811820702419714,2.6346211433410645,27495000,0.0,0.0
2013-03-14 00:00:00-04:00,2.6390136321773165,2.707093547670887,2.6375494785354685,2.6836681365966797,43449000,0.0,0.0
2013-03-15 00:00:00-04:00,2.6865957060092764,2.6924519699031313,2.6214439411607158,2.635352611541748,34447000,0.0,0.0
2013-03-18 00:00:00-04:00,2.6046064493560417,2.6280316748326826,2.5658082287654587,2.581181049346924,28689000,0.0,0.0
2013-03-19 00:00:00-04:00,2.5906979721595835,2.622175781498346,2.5650764263818697,2.5841095447540283,33400000,0.0,0.0
2013-03-20 00:00:00-04:00,2.6119273258429474,2.6412089937540273,2.5877699323630554,2.630228281021118,29636000,0.0,0.0
2013-03-21 00:00:00-04:00,2.605943130512399,2.6317008927511196,2.5853370610897426,2.6169822216033936,27816000,0.019,0.0
2013-03-22 00:00:00-04:00,2.632436213776041,2.652306573513594,2.603734933964747,2.634644031524658,17306000,0.0,0.0
2013-03-25 00:00:00-04:00,2.63979533133947,2.6412672682046465,2.5941675695035187,2.6140377521514893,12888000,0.0,0.0
2013-03-26 00:00:00-04:00,2.6250762875317424,2.6478903406336523,2.616981074586726,2.6339075565338135,9556000,0.0,0.0
2013-03-27 00:00:00-04:00,2.6103584019782624,2.6294927068871,2.5941679712556893,2.6228692531585693,14861000,0.0,0.0
2013-03-28 00:00:00-04:00,2.6346435479026242,2.6442106979036724,2.6110937886741703,2.643474817276001,14740000,0.0,0.0
2013-04-01 00:00:00-04:00,2.636115643217918,2.6493623726146303,2.5897518271389113,2.6007907390594482,18501000,0.0,0.0
2013-04-02 00:00:00-04:00,2.617717377464219,2.6206612512466867,2.5588427091804893,2.5669379234313965,23020000,0.0,0.0
2013-04-03 00:00:00-04:00,2.566937786315361,2.5816564526000785,2.5095350579891007,2.524989604949951,18297000,0.0,0.0
2013-04-04 00:00:00-04:00,2.5198373026685528,2.5522183232943485,2.4992310710264736,2.5463309288024902,15348000,0.0,0.0
2013-04-05 00:00:00-04:00,2.502911428266865,2.533084639375568,2.4528678611667023,2.526461362838745,14449000,0.0,0.0
2013-04-08 00:00:00-04:00,2.5205749478244637,2.5514842291977007,2.4999688772159128,2.550748348236084,12357000,0.0,0.0
2013-04-09 00:00:00-04:00,2.5544271410861183,2.585336412931375,2.5183663531767113,2.5595786571502686,16008000,0.0,0.0
2013-04-10 00:00:00-04:00,2.5617868423248167,2.612566304976638,2.5603150806441266,2.6037352085113525,14817000,0.0,0.0
2013-04-11 00:00:00-04:00,2.5934320347348696,2.6434756172273164,2.576505546953934,2.622133493423462,18282000,0.0,0.0
2013-04-12 00:00:00-04:00,2.612566283826756,2.6147741017902995,2.5433885725036616,2.569146156311035,16125000,0.0,0.0
2013-04-15 00:00:00-04:00,2.5522192815563187,2.5558990360905547,2.48156964382631,2.485985279083252,24634000,0.0,0.0
2013-04-16 00:00:00-04:00,2.5080634539933473,2.5463320615959457,2.4918728487475486,2.5448601245880127,22491000,0.0,0.0
2013-04-17 00:00:00-04:00,2.4837769494857995,2.4852488860881614,2.3755946098312433,2.3844258785247803,64010000,0.0,0.0
2013-04-18 00:00:00-04:00,2.435941207357889,2.4491881104210065,2.2997934757065384,2.308624744415283,41056000,0.0,0.0
2013-04-19 00:00:00-04:00,2.29979359936861,2.346157411661912,2.2688843326863,2.3005294799804688,37180000,0.0,0.0
2013-04-22 00:00:00-04:00,2.3078891479319013,2.3432140543404945,2.249750360096751,2.324079751968384,36395000,0.0,0.0
2013-04-23 00:00:00-04:00,2.3446860498167177,2.38589835392619,2.3343828421940818,2.382218599319458,25542000,0.0,0.0
2013-04-24 00:00:00-04:00,2.382218463170133,2.4168073122868687,2.3579326456268337,2.4006168842315674,32062000,0.0,0.0
2013-04-25 00:00:00-04:00,2.414599852581349,2.442565428665532,2.393993786380686,2.401353120803833,25126000,0.0,0.0
2013-04-26 00:00:00-04:00,2.3984087398753133,2.3984087398753133,2.352044928652098,2.363083839416504,30945000,0.0,0.0
2013-04-29 00:00:00-04:00,2.3807462356098132,2.413127438687085,2.3697073246891764,2.3939931392669678,20430000,0.0,0.0
2013-04-30 00:00:00-04:00,2.3895778457539274,2.3895778457539274,2.32187190751527,2.3520452976226807,52511000,0.0,0.0
2013-05-01 00:00:00-04:00,2.3594044340877223,2.360140314736587,2.299793715021284,2.304945230484009,37068000,0.0,0.0
2013-05-02 00:00:00-04:00,2.3218722497430786,2.3719158300878336,2.3042098818697907,2.3616127967834473,32536000,0.0,0.0
2013-05-03 00:00:00-04:00,2.3667635477962965,2.383690029375152,2.343949495190701,2.3461573123931885,46901000,0.0,0.0
2013-05-06 00:00:00-04:00,2.3586683371884,2.4212227532288346,2.352045060542487,2.41386342048645,32848000,0.0,0.0
2013-05-07 00:00:00-04:00,2.4226947073182683,2.424902524702834,2.389577622010112,2.3947291374206543,16093000,0.0,0.0
2013-05-08 00:00:00-04:00,2.401352351450501,2.4668504594701197,2.3976725976876727,2.465378522872925,25437000,0.0,0.0
2013-05-09 00:00:00-04:00,2.4639073313016224,2.5080633339009193,2.4580197590121684,2.4926087856292725,29769000,0.0,0.0
2013-05-10 00:00:00-04:00,2.4992317487785614,2.5124786531680248,2.4896645985396164,2.5065910816192627,15644000,0.0,0.0
2013-05-13 00:00:00-04:00,2.4896650498460113,2.511743227830604,2.472002682918704,2.474210500717163,14952000,0.0,0.0
2013-05-14 00:00:00-04:00,2.471266675410315,2.4889290414318785,2.4528682531867663,2.480097770690918,15938000,0.0,0.0
2013-05-15 00:00:00-04:00,2.4771539781499237,2.516158463340012,2.468322883204839,2.5154225826263428,16947000,0.0,0.0
2013-05-16 00:00:00-04:00,2.514686878565584,2.54044445995695,2.494816694217855,2.5176305770874023,24749000,0.0,0.0
2013-05-17 00:00:00-04:00,2.5382365658768062,2.5595786865738774,2.5286695898336617,2.5338211059570312,27443000,0.0,0.0
2013-05-20 00:00:00-04:00,2.5198384358020203,2.542652319042391,2.5198384358020203,2.5345571041107178,13881000,0.0,0.0
2013-05-21 00:00:00-04:00,2.5470684911634187,2.5853371070114077,2.5345576380116697,2.5823934078216553,20743000,0.0,0.0
2013-05-22 00:00:00-04:00,2.574297223450968,2.5934315254861326,2.5191023103837535,2.5433881282806396,33873000,0.0,0.0
2013-05-23 00:00:00-04:00,2.5198382349976627,2.5279334492842334,2.490400900726111,2.4999680519104004,28513000,0.0,0.0
2013-05-24 00:00:00-04:00,2.491872770950288,2.509535312652588,2.478626040133923,2.509535312652588,15118000,0.0,0.0
2013-05-28 00:00:00-04:00,2.5411805574877415,2.5470679546270736,2.502911949700982,2.5345571041107178,20919000,0.0,0.0
2013-05-29 00:00:00-04:00,2.529405470576898,2.553691289707272,2.513214866003196,2.5338211059570312,22858000,0.0,0.0
2013-05-30 00:00:00-04:00,2.6640808726910934,2.8134755183212232,2.6567215400495288,2.7833023071289062,82607000,0.0,0.0
2013-05-31 00:00:00-04:00,2.747241706485692,2.8164194028056904,2.73105110341788,2.776679039001465,33432000,0.0,0.0
2013-06-03 00:00:00-04:00,2.7729991351953553,2.7766788892915972,2.6927823557768096,2.7450337409973145,27210000,0.0,0.0
2013-06-04 00:00:00-04:00,2.7523929808859076,2.8105317601468665,2.751657100275615,2.781830310821533,33120000,0.0,0.0
2013-06-05 00:00:00-04:00,2.7774147300798937,2.779622547413897,2.70970879973133,2.7229557037353516,15019000,0.0,0.0
2013-06-06 00:00:00-04:00,2.7369391069036193,2.739146749276213,2.6817440120002702,2.7045578956604004,29731000,0.0,0.0
2013-06-07 00:00:00-04:00,2.705293028457521,2.7472412020440435,2.6604009817916943,2.744297504425049,30733000,0.0,0.0
2013-06-10 00:00:00-04:00,2.759752196810616,2.7604880773898284,2.707500815559509,2.710444688796997,26360000,0.0,0.0
2013-06-11 00:00:00-04:00,2.6810081135523656,2.705294111144431,2.6684972620694336,2.6707050800323486,21699000,0.0,0.0
2013-06-12 00:00:00-04:00,2.6979339618566573,2.699405898636712,2.628756266940524,2.647890567779541,21307000,0.0,0.0
2013-06-13 00:00:00-04:00,2.645669911462345,2.750786213830726,2.6367869704313995,2.747084856033325,29106000,0.021,0.0
2013-06-14 00:00:00-04:00,2.7493058141704756,2.7981626107338795,2.7426434755962483,2.7826173305511475,21762000,0.0,0.0
2013-06-17 00:00:00-04:00,2.79816249078276,2.8381363440240674,2.79298073094398,2.8196299076080322,24727000,0.0,0.0
2013-06-18 00:00:00-04:00,2.8159282575244076,2.8721877619142515,2.811486875616655,2.8684864044189453,27383000,0.0,0.0
2013-06-19 00:00:00-04:00,2.864044899975091,2.8773695754206834,2.8181490898132324,2.8181490898132324,24035000,0.0,0.0
2013-06-20 00:00:00-04:00,2.791499576240313,2.8085254306918257,2.733019475145571,2.7433831691741943,31638000,0.0,0.0
2013-06-21 00:00:00-04:00,2.7419028897586943,2.774474024066116,2.71081215726635,2.767071485519409,80030000,0.0,0.0
2013-06-24 00:00:00-04:00,2.737462016587737,2.7382022176805663,2.672319555175667,2.7159945964813232,36858000,0.0,0.0
2013-06-25 00:00:00-04:00,2.748565345653819,2.78261705973182,2.724877150689006,2.746344566345215,26019000,0.0,0.0
2013-06-26 00:00:00-04:00,2.7678114130472387,2.792239803929912,2.7382010871827274,2.7574477195739746,20661000,0.0,0.0
2013-06-27 00:00:00-04:00,2.7744739057867833,2.8011230787169277,2.760409206690945,2.762629985809326,26359000,0.0,0.0
2013-06-28 00:00:00-04:00,2.7389419096380996,2.784837719223858,2.7211758524240914,2.767071485519409,22998000,0.0,0.0
2013-07-01 00:00:00-04:00,2.801863667377046,2.8033440692406515,2.7641105960079657,2.78409743309021,27147000,0.0,0.0
2013-07-02 00:00:00-04:00,2.8092658301148545,2.885511987087973,2.799642513327822,2.848499298095703,40377000,0.0,0.0
2013-07-03 00:00:00-04:00,2.841837406746487,2.877369699644989,2.8225907701544384,2.856642484664917,15203000,0.0,0.0
2013-07-05 00:00:00-04:00,2.858863265570247,2.9003175190626846,2.824811551041086,2.8729281425476074,14447000,0.0,0.0
2013-07-08 00:00:00-04:00,2.8818104542091976,2.889213168046653,2.7530063396687257,2.7589282989501953,22643000,0.0,0.0
2013-07-09 00:00:00-04:00,2.792240498495677,2.810746758212688,2.7670717240746665,2.781876802444458,13855000,0.0,0.0
2013-07-10 00:00:00-04:00,2.781876774866798,2.838876484866848,2.771513255408772,2.8373959064483643,17363000,0.0,0.0
2013-07-11 00:00:00-04:00,2.7781755363991487,2.857382685613703,2.7744741786743163,2.856642484664917,16769000,0.0,0.0
2013-07-12 00:00:00-04:00,2.864044373862663,2.8855117849212415,2.8633041730818047,2.883291006088257,18342000,0.0,0.0
2013-07-15 00:00:00-04:00,2.885511460745593,2.89291399719376,2.810005518378133,2.813706874847412,21551000,0.0,0.0
2013-07-16 00:00:00-04:00,2.8248117272158035,2.8973567194745873,2.8248117272158035,2.8773698806762695,31254000,0.0,0.0
2013-07-17 00:00:00-04:00,2.887732473314224,2.9417710114134787,2.87662857949706,2.881070137023926,23992000,0.0,0.0
2013-07-18 00:00:00-04:00,2.868485933589139,2.8781092497088485,2.772252772392042,2.7833566665649414,37050000,0.0,0.0
2013-07-19 00:00:00-04:00,2.7944608937632265,2.8240710464324876,2.7766946609693246,2.801863431930542,17757000,0.0,0.0
2013-07-22 00:00:00-04:00,2.829993065539556,2.829993065539556,2.778915498170023,2.797421932220459,9869000,0.0,0.0
2013-07-23 00:00:00-04:00,2.8188895242416327,2.8248114846769474,2.7766948943008436,2.78409743309021,16501000,0.0,0.0
2013-07-24 00:00:00-04:00,2.7589284708794617,2.812226813695753,2.728578118812352,2.7307987213134766,20506000,0.0,0.0
2013-07-25 00:00:00-04:00,2.7019298040545623,2.73746192620398,2.6871247237438918,2.7315399646759033,25512000,0.0,0.0
2013-07-26 00:00:00-04:00,2.704150228705284,2.7278382481979198,2.6908255522808737,2.722656488418579,12256000,0.0,0.0
2013-07-29 00:00:00-04:00,2.7108120018487947,2.7315392144854957,2.693045945653359,2.7085912227630615,13094000,0.0,0.0
2013-07-30 00:00:00-04:00,2.7204345496950753,2.7389409780122693,2.690084204924103,2.727837085723877,11651000,0.0,0.0
2013-07-31 00:00:00-04:00,2.739681744710097,2.743383101734421,2.7063702374528535,2.7152533531188965,13124000,0.0,0.0
2013-08-01 00:00:00-04:00,2.741163398090956,2.7774358993019814,2.7263583171669232,2.768552780151367,19499000,0.0,0.0
2013-08-02 00:00:00-04:00,2.7604093564048195,2.775214433670044,2.733760182029328,2.775214433670044,15183000,0.0,0.0
2013-08-05 00:00:00-04:00,2.755227325595481,2.7685520005693767,2.7359808670061367,2.740422248840332,11773000,0.0,0.0
2013-08-06 00:00:00-04:00,2.7337596105597264,2.7352400120825178,2.716733757614787,2.7285778522491455,10730000,0.0,0.0
2013-08-07 00:00:00-04:00,2.736720924581078,2.761889518448723,2.7152535114631795,2.760409116744995,18035000,0.0,0.0
2013-08-08 00:00:00-04:00,2.7833570222603092,2.7833570222603092,2.759668829324529,2.762629985809326,19396000,0.0,0.0
2013-08-09 00:00:00-04:00,2.7522657738796887,2.756707331281781,2.719694647081676,2.7263569831848145,13858000,0.0,0.0
2013-08-12 00:00:00-04:00,2.72709746631301,2.798161862634021,2.7196949287064554,2.790759325027466,9880000,0.0,0.0
2013-08-13 00:00:00-04:00,2.8011224926132727,2.8218497012177512,2.7626294077599205,2.8144471645355225,13754000,0.0,0.0
2013-08-14 00:00:00-04:00,2.8055642086917025,2.808525188234081,2.750045092187879,2.7552268505096436,15271000,0.0,0.0
2013-08-15 00:00:00-04:00,2.6752802121409465,2.7345005242623026,2.64641025703465,2.6663970947265625,25111000,0.0,0.0
2013-08-16 00:00:00-04:00,2.6626960630409924,2.690825820637609,2.6567741016998485,2.6834232807159424,13543000,0.0,0.0
2013-08-19 00:00:00-04:00,2.6886050410120617,2.6952673798887035,2.6708389804981567,2.6834232807159424,23389000,0.0,0.0
2013-08-20 00:00:00-04:00,2.690085909946136,2.7463452547212297,2.685644350215643,2.7233972549438477,17417000,0.0,0.0
2013-08-21 00:00:00-04:00,2.7122925800694273,2.7382013752522654,2.693045945653359,2.7085912227630615,14425000,0.0,0.0
2013-08-22 00:00:00-04:00,2.681202322260359,2.748565554597882,2.6708388023593437,2.7100722789764404,9940000,0.0,0.0
2013-08-23 00:00:00-04:00,2.723396272026826,2.7426429062522173,2.700448457022168,2.7196950912475586,18312000,0.0,0.0
2013-08-26 00:00:00-04:00,2.73524137548103,2.792241098290107,2.7278388347060125,2.774474859237671,13890000,0.0,0.0
2013-08-27 00:00:00-04:00,2.8011233460914866,2.8011233460914866,2.6908254629723403,2.7056305408477783,29863000,0.0,0.0
2013-08-28 00:00:00-04:00,2.881810869451519,2.9203041397988336,2.8055647061415634,2.8336944580078125,67806000,0.0,0.0
2013-08-29 00:00:00-04:00,2.842576962804084,2.886992362973368,2.8225901297976317,2.883291006088257,35955000,0.0,0.0
2013-08-30 00:00:00-04:00,2.884030535242198,2.8862513135580126,2.8344335646665337,2.8507192134857178,25073000,0.0,0.0
2013-09-03 00:00:00-04:00,2.87366888469243,2.896616883343679,2.815928964010494,2.838876962661743,17351000,0.0,0.0
2013-09-04 00:00:00-04:00,2.855901489135407,2.896615530328685,2.8248107635607145,2.885511636734009,12588000,0.0,0.0
2013-09-05 00:00:00-04:00,2.8980964980968262,2.9017978555150905,2.8662655655595866,2.8714473247528076,14372000,0.0,0.0
2013-09-06 00:00:00-04:00,2.9003174263011835,2.9003174263011835,2.829993220154028,2.854421615600586,17155000,0.0,0.0
2013-09-09 00:00:00-04:00,2.877370000365195,2.8869933196669733,2.8596037638139307,2.869967460632324,16364000,0.0,0.0
2013-09-10 00:00:00-04:00,2.8869926421082175,2.936589629029306,2.8832912848652326,2.93584942817688,24344000,0.0,0.0
2013-09-11 00:00:00-04:00,2.904019056323081,2.9217851156351955,2.8633050012627943,2.9054994583129883,23927000,0.0,0.0
2013-09-12 00:00:00-04:00,2.9114211770810168,2.9203041172144744,2.8581228303185267,2.8892135620117188,20006000,0.0,0.0
2013-09-13 00:00:00-04:00,2.898836700806501,2.90771981742357,2.8647849890949852,2.8862524032592773,14480000,0.0,0.0
2013-09-16 00:00:00-04:00,2.9143821880788416,2.9373300042803785,2.8899537935941186,2.907719850540161,21556000,0.0,0.0
2013-09-17 00:00:00-04:00,2.959842273517374,3.005263656945199,2.941227019377905,2.9873931407928467,37247000,0.023,0.0
2013-09-18 00:00:00-04:00,2.9948390712952713,3.0290913374122415,2.966543821367724,3.0283467769622803,23648000,0.0,0.0
2013-09-19 00:00:00-04:00,3.034304141998291,3.0380272999537947,2.989627311711898,3.034304141998291,25017000,0.0,0.0
2013-09-20 00:00:00-04:00,3.0648337723584618,3.17056883641283,3.040261496655557,3.099086046218872,87192000,0.0,0.0
2013-09-23 00:00:00-04:00,3.1705680345501084,3.178758909399505,3.0894052667253766,3.1177003383636475,29711000,0.0,0.0
2013-09-24 00:00:00-04:00,3.116212936458963,3.1713143443302205,3.1005760936244178,3.157911539077759,29753000,0.0,0.0
2013-09-25 00:00:00-04:00,3.16610080440115,3.1720579988778503,3.084193463535006,3.1430180072784424,20584000,0.0,0.0
2013-09-26 00:00:00-04:00,3.162378009139378,3.176525369640282,3.1303594202260747,3.1474857330322266,16874000,0.0,0.0
2013-09-27 00:00:00-04:00,3.135571650598712,3.1847161964979596,3.115467095918098,3.179503917694092,21998000,0.0,0.0
2013-09-30 00:00:00-04:00,3.134826941390088,3.2234360319132898,3.125146944776298,3.207799196243286,35229000,0.0,0.0
2013-10-01 00:00:00-04:00,3.2122682192985197,3.2487541840177787,3.2003541812861145,3.2331173419952393,27411000,0.0,0.0
2013-10-02 00:00:00-04:00,3.2070552087101163,3.235350288047238,3.197375210366916,3.2323720455169678,17366000,0.0,0.0
2013-10-03 00:00:00-04:00,3.2308822143165217,3.2457744888752633,3.1891836325161447,3.2241804599761963,22817000,0.0,0.0
2013-10-04 00:00:00-04:00,3.233116674691618,3.2561998300901296,3.223436676143202,3.2390735149383545,17246000,0.0,0.0
2013-10-07 00:00:00-04:00,3.23907257667836,3.23907257667836,3.192906634314112,3.2018420696258545,14587000,0.0,0.0
2013-10-08 00:00:00-04:00,3.2100329386666853,3.2368392475181875,3.1541869944825027,3.172057867050171,21682000,0.0,0.0
2013-10-09 00:00:00-04:00,3.199608126504761,3.2063098807137647,3.1147221986892606,3.142272710800171,27594000,0.0,0.0
2013-10-10 00:00:00-04:00,3.224924868628898,3.2517311746086017,3.170568051295395,3.2398171424865723,32464000,0.0,0.0
2013-10-11 00:00:00-04:00,3.220458472828507,3.2390739115564093,3.1854616326512297,3.2234370708465576,18979000,0.0,0.0
2013-10-14 00:00:00-04:00,3.211523209067233,3.299387762490252,3.2025877705733765,3.2934305667877197,20183000,0.0,0.0
2013-10-15 00:00:00-04:00,3.2964080078952382,3.3090662454363433,3.24502943211481,3.256943464279175,18761000,0.0,0.0
2013-10-16 00:00:00-04:00,3.2822603521333753,3.320980335993698,3.2666235175112814,3.3135340213775635,16999000,0.0,0.0
2013-10-17 00:00:00-04:00,3.2830059230700304,3.3604459146261805,3.2763045219007223,3.3582122325897217,23286000,0.0,0.0
2013-10-18 00:00:00-04:00,3.446075811317765,3.446075811317765,3.3544884731527693,3.429694414138794,27417000,0.0,0.0
2013-10-21 00:00:00-04:00,3.4363963396907247,3.515325805595565,3.428950378037769,3.5034117698669434,43360000,0.0,0.0
2013-10-22 00:00:00-04:00,3.504156070845104,3.504156070845104,3.459479239058448,3.4900083541870117,47814000,0.0,0.0
2013-10-23 00:00:00-04:00,3.463201899745975,3.4676696177889665,3.329171423635772,3.379805088043213,56673000,0.0,0.0
2013-10-24 00:00:00-04:00,3.371614065330338,3.402888090266601,3.347786355160748,3.3872509002685547,30021000,0.0,0.0
2013-10-25 00:00:00-04:00,3.3641685190289707,3.4177807847337283,3.3641685190289707,3.3976762294769287,21912000,0.0,0.0
2013-10-28 00:00:00-04:00,3.376827694263741,3.4066122551236218,3.367147694231281,3.3887417316436768,19048000,0.0,0.0
2013-10-29 00:00:00-04:00,3.4155459110989437,3.4460750167817387,3.393952240020817,3.4103336334228516,22162000,0.0,0.0
2013-10-30 00:00:00-04:00,3.429694000895972,3.429694000895972,3.306088088751831,3.3395957946777344,20740000,0.0,0.0
2013-10-31 00:00:00-04:00,3.350766718006516,3.3961881258298354,3.350766718006516,3.3827853202819824,17394000,0.0,0.0
2013-11-01 00:00:00-04:00,3.4095898990347107,3.4170362146957607,3.3187467652932146,3.32991623878479,22074000,0.0,0.0
2013-11-04 00:00:00-05:00,3.3574661168065147,3.3731033057123225,3.3209801711658433,3.353743314743042,13911000,0.0,0.0
2013-11-05 00:00:00-05:00,3.3537438875388137,3.3656575662963095,3.32023617782604,3.352998971939087,12484000,0.0,0.0
2013-11-06 00:00:00-05:00,3.3641686859858257,3.387251484612964,3.348531848350054,3.3783164024353027,10405000,0.0,0.0
2013-11-07 00:00:00-05:00,3.377571467963119,3.387996381388773,3.2450300965042884,3.2509872913360596,32309000,0.0,0.0
2013-11-08 00:00:00-05:00,3.256199118966086,3.3053436616238008,3.2092882577656123,3.3023650646209717,36069000,0.0,0.0
2013-11-11 00:00:00-05:00,3.3090678446768873,3.3194927610063996,3.2681141603951893,3.2919418811798096,9140000,0.0,0.0
2013-11-12 00:00:00-05:00,3.318003056654106,3.3641693734623694,3.299387972841705,3.3604462146759033,13438000,0.0,0.0
2013-11-13 00:00:00-05:00,3.3023662601585433,3.379061698913574,3.3023662601585433,3.379061698913574,9863000,0.0,0.0
2013-11-14 00:00:00-05:00,3.3433192545067576,3.3574669711273133,3.1705687677113814,3.198119640350342,59660000,0.0,0.0
2013-11-15 00:00:00-05:00,3.2003531214629946,3.3366176447885696,3.193651721403984,3.321725368499756,48369000,0.0,0.0
2013-11-18 00:00:00-05:00,3.321725672824246,3.3299165498044676,3.2658797203897594,3.2733256816864014,13463000,0.0,0.0
2013-11-19 00:00:00-05:00,3.264390149720423,3.294919619827883,3.19663051914604,3.198119640350342,12296000,0.0,0.0
2013-11-20 00:00:00-05:00,3.220457587590177,3.2212025031848985,3.1608884840831935,3.179503917694092,11085000,0.0,0.0
2013-11-21 00:00:00-05:00,3.196629895196854,3.218223568683953,3.1809927053643188,3.2055649757385254,15434000,0.0,0.0
2013-11-22 00:00:00-05:00,3.206309943541606,3.2405622105326954,3.1981190682633565,3.2241804599761963,11219000,0.0,0.0
2013-11-25 00:00:00-05:00,3.2710924304027302,3.276304710514465,3.2316278716738984,3.2547106742858887,16001000,0.0,0.0
2013-11-26 00:00:00-05:00,3.2606674303914045,3.3403410978246346,3.24279655524156,3.3321502208709717,18712000,0.0,0.0
2013-11-27 00:00:00-05:00,3.3135342620918684,3.3366174130069903,3.256199197645706,3.326192855834961,19086000,0.0,0.0
2013-11-29 00:00:00-05:00,3.350021294383195,3.357467256096586,3.325449017127131,3.3306612968444824,11401000,0.0,0.0
2013-12-02 00:00:00-05:00,3.387250938453387,3.440863198174384,3.3462972719545028,3.3507649898529053,24454000,0.0,0.0
2013-12-03 00:00:00-05:00,3.3455528437777557,3.3485314408477542,3.321725132397311,3.334383726119995,16189000,0.0,0.0
2013-12-04 00:00:00-05:00,3.312044900478266,3.3433185697224537,3.30757718272055,3.3135340213775635,26443000,0.0,0.0
2013-12-05 00:00:00-05:00,3.390230324786058,3.5503225807517995,3.3552334889831106,3.5436208248138428,45947000,0.0,0.0
2013-12-06 00:00:00-05:00,3.5972330886828128,3.5972330886828128,3.4959657398008237,3.4967103004455566,27552000,0.0,0.0
2013-12-09 00:00:00-05:00,3.506389256891948,3.539896961366269,3.4661801535466874,3.527238368988037,20719000,0.0,0.0
2013-12-10 00:00:00-05:00,3.5272388908933427,3.5302174880877146,3.460968032562441,3.4699034690856934,15997000,0.0,0.0
2013-12-11 00:00:00-05:00,3.481817786314041,3.4989437451615544,3.429694639057462,3.433417797088623,13005000,0.0,0.0
2013-12-12 00:00:00-05:00,3.4587357995007015,3.461714397942528,3.405123512967906,3.4066126346588135,13678000,0.0,0.0
2013-12-13 00:00:00-05:00,3.427461304567229,3.436396387663527,3.3961872710204375,3.3991658687591553,15876000,0.0,0.0
2013-12-16 00:00:00-05:00,3.7014785902554266,3.764025931613494,3.6009554686845213,3.7305185794830322,121534000,0.0,0.0
2013-12-17 00:00:00-05:00,3.7491342522114444,4.061127868309502,3.745411449201126,3.9881556034088135,87230000,0.0,0.0
2013-12-18 00:00:00-05:00,3.9986275934113014,3.9986275934113014,3.8909006143825304,3.976184606552124,42787000,0.025,0.0
2013-12-19 00:00:00-05:00,3.9612237805122987,3.965712450684193,3.838534294838762,3.848259687423706,30366000,0.0,0.0
2013-12-20 00:00:00-05:00,3.8475111087906897,3.8916493955047984,3.840029873952747,3.863969326019287,28889000,0.0,0.0
2013-12-23 00:00:00-05:00,3.91110045132435,3.91110045132435,3.87519109235271,3.894641876220703,12988000,0.0,0.0
2013-12-24 00:00:00-05:00,3.9133456198137937,3.94925463134588,3.9081088963971355,3.936537027359009,7448000,0.0,0.0
2013-12-26 00:00:00-05:00,3.9522462210876292,3.961223560933786,3.9245661493494692,3.944016933441162,7010000,0.0,0.0
2013-12-27 00:00:00-05:00,3.9567363612456696,3.969454323540926,3.9357894649711977,3.948507070541382,8043000,0.0,0.0
2013-12-30 00:00:00-05:00,3.949255116381375,3.9537437879647994,3.904368757272204,3.9425222873687744,10962000,0.0,0.0
2013-12-31 00:00:00-05:00,3.9552384476507947,3.98740682983029,3.9305509435520314,3.955986499786377,8655000,0.0,0.0
2014-01-02 00:00:00-05:00,3.953743140277532,3.9559876540640926,3.8819251201578444,3.9387810230255127,14537000,0.0,0.0
2014-01-03 00:00:00-05:00,3.923818037816558,3.9619715532233233,3.887160983511484,3.953742265701294,11661000,0.0,0.0
2014-01-06 00:00:00-05:00,3.9500019038780803,3.9948882445588065,3.922321833265416,3.9268105030059814,12634000,0.0,0.0
2014-01-07 00:00:00-05:00,3.951498392317529,3.969453073025054,3.9268108847071623,3.9642159938812256,13359000,0.0,0.0
2014-01-08 00:00:00-05:00,3.973192374334226,4.033789228719786,3.954489645903187,4.0233154296875,22968000,0.0,0.0
2014-01-09 00:00:00-05:00,4.039774641940714,4.052492242446712,3.947009393875216,3.982170343399048,12339000,0.0,0.0
2014-01-10 00:00:00-05:00,4.035285633387329,4.041270407048038,3.9552383492724816,3.9874067306518555,16691000,0.0,0.0
2014-01-13 00:00:00-05:00,4.01134685940471,4.023316408747393,3.919329655704851,3.938032388687134,13944000,0.0,0.0
2014-01-14 00:00:00-05:00,3.988901498612928,4.177424481207249,3.9455116365646172,4.134782314300537,34855000,0.0,0.0
2014-01-15 00:00:00-05:00,4.165457009115355,4.27767305915041,4.153487458826944,4.261962890625,27187000,0.0,0.0
2014-01-16 00:00:00-05:00,4.246252835034237,4.261214951655182,4.125807493019379,4.146754741668701,24084000,0.0,0.0
2014-01-17 00:00:00-05:00,4.134036866426711,4.220817358635145,4.131792352688989,4.1998701095581055,31181000,0.0,0.0
2014-01-21 00:00:00-05:00,4.235030267110468,4.2507407901340395,4.180418532800969,4.197625160217285,16597000,0.0,0.0
2014-01-22 00:00:00-05:00,4.204358454535109,4.277672928811484,4.178174841123896,4.275428771972656,25526000,0.0,0.0
2014-01-23 00:00:00-05:00,4.244008293719387,4.275428988126363,4.169945763419008,4.193137168884277,15551000,0.0,0.0
2014-01-24 00:00:00-05:00,4.166950894305068,4.188645824562196,4.050994297721028,4.076429843902588,17426000,0.0,0.0
2014-01-27 00:00:00-05:00,4.086156242284214,4.133287087108971,4.0203230266594145,4.07343864440918,21031000,0.0,0.0
2014-01-28 00:00:00-05:00,4.069698492110276,4.0996227168759845,3.9619711402637647,4.093637943267822,25223000,0.0,0.0
2014-01-29 00:00:00-05:00,4.035285176841252,4.1849062850555745,3.992643000473983,4.045010566711426,23974000,0.0,0.0
2014-01-30 00:00:00-05:00,4.10112003344545,4.134784885439899,4.046508289267788,4.118326663970947,11989000,0.0,0.0
2014-01-31 00:00:00-05:00,4.02705724140698,4.136280722701238,4.02705724140698,4.087654113769531,15784000,0.0,0.0
2014-02-03 00:00:00-05:00,4.099623545707303,4.127303619737939,3.961971941265708,3.984415292739868,11421000,0.0,0.0
2014-02-04 00:00:00-05:00,4.003118058535201,4.051745027517993,3.972445772476827,4.040523529052734,13487000,0.0,0.0
2014-02-05 00:00:00-05:00,4.018827201861008,4.09438581251102,3.9791772312561844,4.038277626037598,9017000,0.0,0.0
2014-02-06 00:00:00-05:00,4.039025922457503,4.179669697316517,4.011345856029462,4.129546642303467,18053000,0.0,0.0
2014-02-07 00:00:00-05:00,4.149746215886822,4.252236857111724,4.124310657809278,4.2320380210876465,17039000,0.0,0.0
2014-02-10 00:00:00-05:00,4.203610968227727,4.225305914157304,4.15722851012224,4.212588310241699,12347000,0.0,0.0
2014-02-11 00:00:00-05:00,4.204358836528764,4.35098779840372,4.20361078418119,4.344254970550537,17344000,0.0,0.0
2014-02-12 00:00:00-05:00,4.353980581171982,4.473677524140275,4.353980581171982,4.4093403816223145,25864000,0.0,0.0
2014-02-13 00:00:00-05:00,4.296374222727824,4.451980459932818,4.292633605858506,4.419811725616455,22614000,0.0,0.0
2014-02-14 00:00:00-05:00,4.301611464091199,4.36744468802177,4.297122794649921,4.345001697540283,28180000,0.0,0.0
2014-02-18 00:00:00-05:00,4.3771707561428865,4.3771707561428865,4.318818401104457,4.366697311401367,15872000,0.0,0.0
2014-02-19 00:00:00-05:00,4.3532321137936245,4.37043874531377,4.300864880308453,4.316575050354004,14598000,0.0,0.0
2014-02-20 00:00:00-05:00,4.342009066042018,4.416071575604929,4.316573510746406,4.413827419281006,22282000,0.0,0.0
2014-02-21 00:00:00-05:00,4.445994972911956,4.451231693418165,4.368940269256363,4.380161762237549,17998000,0.0,0.0
2014-02-24 00:00:00-05:00,4.377170767929787,4.4878907036989215,4.377170767929787,4.456470012664795,20672000,0.0,0.0
2014-02-25 00:00:00-05:00,4.488637980951891,4.488637980951891,4.3681930301705005,4.413827419281006,26929000,0.0,0.0
2014-02-26 00:00:00-05:00,4.488638988901865,4.749728139633525,4.486394832074004,4.630779266357422,49125000,0.0,0.0
2014-02-27 00:00:00-05:00,4.577663873146303,4.654718969248723,4.546991587858445,4.5918779373168945,16460000,0.0,0.0
2014-02-28 00:00:00-05:00,4.574670985024053,4.636015908005033,4.54773931993543,4.615817070007324,15225000,0.0,0.0
2014-03-03 00:00:00-05:00,4.57467045739388,4.673420835929147,4.5522274651960375,4.618808746337891,15340000,0.0,0.0
2014-03-04 00:00:00-05:00,4.675665396706685,4.7953623167103885,4.659207177223664,4.739254474639893,36761000,0.0,0.0
2014-03-05 00:00:00-05:00,4.725040904735013,4.8050882105007275,4.708582683535286,4.719056129455566,24656000,0.0,0.0
2014-03-06 00:00:00-05:00,4.734766946950546,4.781149407626424,4.716812261927601,4.760950565338135,12162000,0.0,0.0
2014-03-07 00:00:00-05:00,4.784141056881259,4.784141056881259,4.671925010450644,4.694368362426758,15133000,0.0,0.0
2014-03-10 00:00:00-04:00,4.707834065528086,4.744491121844399,4.673421165900036,4.698108673095703,13519000,0.0,0.0
2014-03-11 00:00:00-04:00,4.711574209079032,4.761697274448766,4.624046036097158,4.639756202697754,16191000,0.0,0.0
2014-03-12 00:00:00-04:00,4.62105435451263,4.7362626216806785,4.522304309304299,4.726537227630615,23598000,0.0,0.0
2014-03-13 00:00:00-04:00,4.742994461258226,4.8252859044449465,4.641251878762478,4.689130783081055,35377000,0.0,0.0
2014-03-14 00:00:00-04:00,4.695863609081359,4.731772608957836,4.653969835346289,4.689130783081055,13939000,0.0,0.0
2014-03-17 00:00:00-04:00,4.715313396563484,4.787131737885078,4.695114566100345,4.743741512298584,13968000,0.0,0.0
2014-03-18 00:00:00-04:00,4.752006745659413,4.809106119366784,4.717446692691887,4.794831275939941,13109000,0.027,0.0
2014-03-19 00:00:00-04:00,4.809105397023722,4.874468879975939,4.792576803130718,4.839157581329346,17558000,0.0,0.0
2014-03-20 00:00:00-04:00,4.832397199333909,4.912786794968635,4.830894338959624,4.906776428222656,19966000,0.0,0.0
2014-03-21 00:00:00-04:00,4.93156964645838,4.945844491797426,4.781308323981808,4.80084228515625,23267000,0.0,0.0
2014-03-24 00:00:00-04:00,4.810609437390816,4.835402515285296,4.684390294587284,4.745245933532715,24811000,0.0,0.0
2014-03-25 00:00:00-04:00,4.785064757455273,4.8819833085941795,4.754261314686455,4.808355331420898,16145000,0.0,0.0
2014-03-26 00:00:00-04:00,4.837657031829932,4.874470847072965,4.667110476733523,4.7189507484436035,28414000,0.0,0.0
2014-03-27 00:00:00-04:00,4.7159450112459735,4.741489340361982,4.646073642171173,4.716696262359619,25247000,0.0,0.0
2014-03-28 00:00:00-04:00,4.7324731887238025,4.859443930124556,4.723457817913124,4.816619396209717,14330000,0.0,0.0
2014-03-31 00:00:00-04:00,4.845919197410508,4.9082776768823395,4.826385241786823,4.839157581329346,14819000,0.0,0.0
2014-04-01 00:00:00-04:00,4.849676899255286,4.903019663766228,4.8248838237220735,4.887242317199707,21962000,0.0,0.0
2014-04-02 00:00:00-04:00,4.863951982624577,4.9067765181943885,4.796334370303906,4.856439113616943,20979000,0.0,0.0
2014-04-03 00:00:00-04:00,4.863950964124096,4.9270606985249925,4.768535290729497,4.80309534072876,21592000,0.0,0.0
2014-04-04 00:00:00-04:00,4.85042717460806,4.863950765337764,4.510837412342183,4.643066883087158,38830000,0.0,0.0
2014-04-07 00:00:00-04:00,4.582963814253747,4.653586433253854,4.419930503072376,4.5348801612854,43274000,0.0,0.0
2014-04-08 00:00:00-04:00,4.554414012344292,4.581461200826257,4.511589834623443,4.520605564117432,22055000,0.0,0.0
2014-04-09 00:00:00-04:00,4.585968846981067,4.700167245877343,4.585968846981067,4.693405628204346,19256000,0.0,0.0
2014-04-10 00:00:00-04:00,4.699416156826019,4.699416156826019,4.479283471212089,4.497314929962158,20396000,0.0,0.0
2014-04-11 00:00:00-04:00,4.452985907287101,4.504825790707953,4.39213029851039,4.3973894119262695,21903000,0.0,0.0
2014-04-14 00:00:00-04:00,4.391380998125163,4.475527215266178,4.365836668354744,4.419179439544678,19419000,0.0,0.0
2014-04-15 00:00:00-04:00,4.43721120725235,4.459750175802823,4.302727572383132,4.428195476531982,25014000,0.0,0.0
2014-04-16 00:00:00-04:00,4.4672626578992665,4.4672626578992665,4.365836241614034,4.455993175506592,17916000,0.0,0.0
2014-04-17 00:00:00-04:00,4.458246890624052,4.63254967369427,4.4266921968937964,4.574699401855469,19092000,0.0,0.0
2014-04-21 00:00:00-04:00,4.580707873364562,4.671615661679027,4.569438037480357,4.64982795715332,12560000,0.0,0.0
2014-04-22 00:00:00-04:00,4.628793569591816,4.792578497694041,4.628793569591816,4.766282558441162,22830000,0.0,0.0
2014-04-23 00:00:00-04:00,4.806853405694709,4.854185813884458,4.791827306916297,4.8534345626831055,26984000,0.0,0.0
2014-04-24 00:00:00-04:00,4.91579255594228,4.919548811556508,4.773795704462409,4.912035942077637,27519000,0.0,0.0
2014-04-25 00:00:00-04:00,4.872216691993873,4.885739928498951,4.6723692081085835,4.683639049530029,19266000,0.0,0.0
2014-04-28 00:00:00-04:00,4.726463783409149,4.727215034608637,4.531875750974211,4.566435813903809,30708000,0.0,0.0
2014-04-29 00:00:00-04:00,4.581460321309584,4.624284849059678,4.50858360651567,4.5769524574279785,21656000,0.0,0.0
2014-04-30 00:00:00-04:00,4.590476942731949,4.783562443290407,4.53563167278736,4.770790100097656,25375000,0.0,0.0
2014-05-01 00:00:00-04:00,4.727214543398565,4.875973012953031,4.701670214018064,4.770039081573486,18863000,0.0,0.0
2014-05-02 00:00:00-04:00,4.862449265634572,4.88273447678443,4.746748007075679,4.828640460968018,13407000,0.0,0.0
2014-05-05 00:00:00-04:00,4.798587784016909,4.842163564326072,4.734726794611302,4.827137470245361,13529000,0.0,0.0
2014-05-06 00:00:00-04:00,5.103618879487336,5.114888362674776,4.977399378086536,5.059291839599609,127802000,0.0,0.0
2014-05-07 00:00:00-04:00,5.090094734635557,5.154706980578321,4.984912067002051,5.019472122192383,560280000,0.0,0.0
2014-05-08 00:00:00-04:00,5.0194728916008,5.1787495986534395,5.011959663635842,5.105121612548828,53700000,0.0,0.0
2014-05-09 00:00:00-04:00,5.102866229617552,5.150949873513334,5.009704662163688,5.064549922943115,38700000,0.0,0.0
2014-05-12 00:00:00-04:00,5.103618131379945,5.197531313426754,5.064550213256438,5.193774700164795,27394000,0.0,0.0
2014-05-13 00:00:00-04:00,5.204293673782339,5.20955278979985,5.15095090424724,5.1659770011901855,23021000,0.0,0.0
2014-05-14 00:00:00-04:00,5.1494480201033905,5.229086363819419,5.0750687920148145,5.147193908691406,30243000,0.0,0.0
2014-05-15 00:00:00-04:00,5.159213695999672,5.1802501531912375,5.0420099632175965,5.103617191314697,32093000,0.0,0.0
2014-05-16 00:00:00-04:00,5.115639434421424,5.178749182909055,5.057788801786896,5.144940376281738,52044000,0.0,0.0
2014-05-19 00:00:00-04:00,5.191522160118845,5.214812739491439,5.119397026562476,5.132920265197754,37789000,0.0,0.0
2014-05-20 00:00:00-04:00,5.135925173200034,5.137427675526248,5.027737124203085,5.072815418243408,29085000,0.0,0.0
2014-05-21 00:00:00-04:00,5.072813093535393,5.141933184371781,5.061543614752362,5.139679431915283,16896000,0.0,0.0
2014-05-22 00:00:00-04:00,5.141183758671282,5.200536893432647,5.099862082964145,5.159966468811035,15679000,0.0,0.0
2014-05-23 00:00:00-04:00,5.193022510903049,5.304966771530866,5.163721577604422,5.300458908081055,32017000,0.0,0.0
2014-05-27 00:00:00-04:00,5.336524191951917,5.35530654673095,5.283181415918341,5.329010963439941,31637000,0.0,0.0
2014-05-28 00:00:00-04:00,5.30046103614773,5.315487134263121,5.247118620700876,5.266652584075928,34927000,0.0,0.0
2014-05-29 00:00:00-04:00,5.2952018354711905,5.323000277755078,5.24486442549804,5.318492412567139,27566000,0.0,0.0
2014-05-30 00:00:00-04:00,5.3981290010084635,5.409398481166013,5.21481052359425,5.309474945068359,38938000,0.0,0.0
2014-06-02 00:00:00-04:00,5.350045103118581,5.409398221196359,5.304215575530122,5.382351398468018,26599000,0.0,0.0
2014-06-03 00:00:00-04:00,5.359062025969654,5.415410153123915,5.322248217159187,5.368077754974365,22308000,0.0,0.0
2014-06-04 00:00:00-04:00,5.35380418940343,5.398882486945433,5.3447884582449365,5.380099773406982,19379000,0.0,0.0
2014-06-05 00:00:00-04:00,5.3725870484722815,5.409400867074452,5.351550580699612,5.399633884429932,27288000,0.0,0.0
2014-06-06 00:00:00-04:00,5.430436233716831,5.435695349246658,5.352300393558965,5.381601333618164,15866000,0.0,0.0
2014-06-09 00:00:00-04:00,5.400385806957167,5.446966610903929,5.3695819965039515,5.3936238288879395,17420000,0.0,0.0
2014-06-10 00:00:00-04:00,5.390617315317341,5.428182376827155,5.371834605437237,5.398881435394287,16409000,0.0,0.0
2014-06-11 00:00:00-04:00,5.384606169136436,5.43870018307075,5.360564703610399,5.3906168937683105,24943000,0.0,0.0
2014-06-12 00:00:00-04:00,5.359811915119596,5.412403415450352,5.3492936867035015,5.391366958618164,13604000,0.0,0.0
2014-06-13 00:00:00-04:00,5.422923244859273,5.443208456829092,5.327507551843753,5.365824222564697,13508000,0.0,0.0
2014-06-16 00:00:00-04:00,5.369580043766559,5.404891349090389,5.304216548454349,5.325253009796143,15668000,0.0,0.0
2014-06-17 00:00:00-04:00,5.325253364947918,5.402955867981755,5.325253364947918,5.392394065856934,13817000,0.029,0.0
2014-06-18 00:00:00-04:00,5.399937308438145,5.422569224109805,5.322234817641221,5.372779369354248,13833000,0.0,0.0
2014-06-19 00:00:00-04:00,5.365991339771317,5.380324831017406,5.306394362353367,5.350903511047363,12734000,0.0,0.0
2014-06-20 00:00:00-04:00,5.3682542348129365,5.427851206934088,5.346376651288178,5.399184226989746,21834000,0.0,0.0
2014-06-23 00:00:00-04:00,5.402201796582056,5.4286057653689594,5.340341809709826,5.374289512634277,13349000,0.0,0.0
2014-06-24 00:00:00-04:00,5.4150268666027825,5.454255293182765,5.328271941473967,5.331289291381836,15304000,0.0,0.0
2014-06-25 00:00:00-04:00,5.324499655055805,5.4089915639562065,5.285271230238955,5.403710842132568,12827000,0.0,0.0
2014-06-26 00:00:00-04:00,5.410500182217106,5.421815963189017,5.3094117714607,5.353166580200195,8126000,0.0,0.0
2014-06-27 00:00:00-04:00,5.3365676611902835,5.36900667645688,5.299602623056865,5.35165548324585,16935000,0.0,0.0
2014-06-30 00:00:00-04:00,5.350148092180919,5.43690299987793,5.350148092180919,5.43690299987793,17773000,0.0,0.0
2014-07-01 00:00:00-04:00,5.467832508982031,5.592307141619603,5.458025405812947,5.584763050079346,21429000,0.0,0.0
2014-07-02 00:00:00-04:00,5.55081601577651,5.627764175834039,5.55081601577651,5.6066412925720215,16081000,0.0,0.0
2014-07-03 00:00:00-04:00,5.633044250192246,5.685851812009134,5.613430043779296,5.671518325805664,7994000,0.0,0.0
2014-07-07 00:00:00-04:00,5.6903791266652,5.699431534419214,5.614939637511983,5.622483730316162,19066000,0.0,0.0
2014-07-08 00:00:00-04:00,5.607396035157492,5.620220489612577,5.439166574757016,5.536483287811279,19169000,0.0,0.0
2014-07-09 00:00:00-04:00,5.556852923436185,5.599853038787842,5.5138524483623055,5.599853038787842,9798000,0.0,0.0
2014-07-10 00:00:00-04:00,5.436902761234106,5.547798616809063,5.4353940866495325,5.518377304077148,15479000,0.0,0.0
2014-07-11 00:00:00-04:00,5.527430283807104,5.543272446721335,5.482166807028385,5.522149562835693,12517000,0.0,0.0
2014-07-14 00:00:00-04:00,5.6255015972383156,5.650396530227153,5.5379923429357785,5.585518836975098,12242000,0.0,0.0
2014-07-15 00:00:00-04:00,5.583255498783216,5.611168139486134,5.483675772641782,5.538746356964111,14556000,0.0,0.0
2014-07-16 00:00:00-04:00,5.515360883239788,5.611168936177597,5.488202935764406,5.556097984313965,15180000,0.0,0.0
2014-07-17 00:00:00-04:00,5.52667492167414,5.557604904445928,5.405971979590707,5.42407751083374,17816000,0.0,0.0
2014-07-18 00:00:00-04:00,5.487448835601511,5.677555555317,5.477641728643084,5.6579413414001465,33949000,0.0,0.0
2014-07-21 00:00:00-04:00,5.621729745492677,5.695660204887607,5.61946637362064,5.689624786376953,15368000,0.0,0.0
2014-07-22 00:00:00-04:00,5.701694728490573,5.76657241375199,5.680571844852468,5.687361240386963,23997000,0.0,0.0
2014-07-23 00:00:00-04:00,5.71074716683418,5.711501504103227,5.551570491957749,5.5545878410339355,24450000,0.0,0.0
2014-07-24 00:00:00-04:00,5.559869208595433,5.5742026975415255,5.45199141240456,5.470096588134766,20676000,0.0,0.0
2014-07-25 00:00:00-04:00,5.452745792297455,5.45425446702287,5.258867060917607,5.274709224700928,36838000,0.0,0.0
2014-07-28 00:00:00-04:00,5.2822527516166495,5.337323333885804,5.215866389904801,5.319218158721924,31813000,0.0,0.0
2014-07-29 00:00:00-04:00,5.310919261141547,5.369007547352784,5.268673496422182,5.271690845489502,19111000,0.0,0.0
2014-07-30 00:00:00-04:00,5.352411159716776,5.359200915160106,5.259621192731263,5.319218158721924,17545000,0.0,0.0
2014-07-31 00:00:00-04:00,5.2814995257701405,5.30337711164856,5.190218214241013,5.233973026275635,18476000,0.0,0.0
2014-08-01 00:00:00-04:00,5.274709243255963,5.3343062117853535,5.183427587326316,5.313937664031982,19141000,0.0,0.0
2014-08-04 00:00:00-04:00,5.304884324003383,5.401446331075101,5.275463011594834,5.381832122802734,15452000,0.0,0.0
2014-08-05 00:00:00-04:00,5.342604039619528,5.387867876704783,5.268673945065275,5.289796829223633,15388000,0.0,0.0
2014-08-06 00:00:00-04:00,5.26565536972348,5.353919297935505,5.2626376611735495,5.3026204109191895,10354000,0.0,0.0
2014-08-07 00:00:00-04:00,5.347884672402744,5.347884672402744,5.239252191942277,5.252830982208252,11222000,0.0,0.0
2014-08-08 00:00:00-04:00,5.260374319024083,5.318462596975239,5.229444337149595,5.3131818771362305,12822000,0.0,0.0
2014-08-11 00:00:00-04:00,5.319219213128849,5.390131972618948,5.319219213128849,5.342605113983154,14173000,0.0,0.0
2014-08-12 00:00:00-04:00,5.347885025239161,5.385604409176301,5.315446002525528,5.367498874664307,9421000,0.0,0.0
2014-08-13 00:00:00-04:00,5.403710642146443,5.441430030959014,5.3622188468137795,5.4293599128723145,10836000,0.0,0.0
2014-08-14 00:00:00-04:00,5.482921505304279,5.599852071416601,5.482921505304279,5.570430755615234,18997000,0.0,0.0
2014-08-15 00:00:00-04:00,5.623239503389517,5.6496431155012825,5.538747584909631,5.642099380493164,21143000,0.0,0.0
2014-08-18 00:00:00-04:00,5.681327096966849,5.688116493594567,5.60890530747503,5.685853481292725,12531000,0.0,0.0
2014-08-19 00:00:00-04:00,5.701693135144288,5.780149949271962,5.690377359174961,5.704710483551025,18734000,0.0,0.0
2014-08-20 00:00:00-04:00,5.7084834833349944,5.771098149631418,5.706220471651529,5.762045383453369,11375000,0.0,0.0
2014-08-21 00:00:00-04:00,5.743185545696939,5.7816596223058125,5.714518572548284,5.75374698638916,15550000,0.0,0.0
2014-08-22 00:00:00-04:00,5.771852285903494,5.771852285903494,5.696413169916439,5.749220371246338,15837000,0.0,0.0
2014-08-25 00:00:00-04:00,5.808818662462578,5.824661186226316,5.689624723880012,5.716028690338135,17100000,0.0,0.0
2014-08-26 00:00:00-04:00,5.7228178455996765,5.74469506744278,5.678308704848061,5.7303619384765625,13544000,0.0,0.0
2014-08-27 00:00:00-04:00,5.73338049431219,5.771854584691602,5.696415438658986,5.745450973510742,13434000,0.0,0.0
2014-08-28 00:00:00-04:00,5.698677285460793,5.77034472932337,5.654168144447871,5.760537624359131,18587000,0.0,0.0
2014-08-29 00:00:00-04:00,6.172435672159893,6.397244029509901,5.771099065759313,6.192803859710693,62934000,0.0,0.0
2014-09-02 00:00:00-04:00,6.259191861979405,6.422894970698698,6.216191386878023,6.41384220123291,41604000,0.0,0.0
2014-09-03 00:00:00-04:00,6.432700862808409,6.5021049320946025,6.374612213001357,6.441752910614014,32681000,0.0,0.0
2014-09-04 00:00:00-04:00,6.452315425521946,6.582070803954904,6.447788681926814,6.494561195373535,28061000,0.0,0.0
2014-09-05 00:00:00-04:00,6.514929745680542,6.643176456531638,6.506631674553543,6.6295976638793945,26594000,0.0,0.0
2014-09-08 00:00:00-04:00,6.643929945188988,6.76463254063674,6.602438158212243,6.652982711791992,28949000,0.0,0.0
2014-09-09 00:00:00-04:00,6.6673149469290856,6.722385513746727,6.635629910046482,6.669577598571777,21896000,0.0,0.0
2014-09-10 00:00:00-04:00,6.659773502063091,6.721633487272701,6.617527728695003,6.714089393615723,18855000,0.0,0.0
2014-09-11 00:00:00-04:00,6.707300246509457,6.72238843438446,6.625071349257244,6.719370365142822,17888000,0.0,0.0
2014-09-12 00:00:00-04:00,6.714843729040987,6.7193697533247425,6.593386417706081,6.627334117889404,18244000,0.0,0.0
2014-09-15 00:00:00-04:00,6.649212687269975,6.656756781640095,6.5081411442153625,6.54133415222168,15998000,0.0,0.0
2014-09-16 00:00:00-04:00,6.515682643677022,6.659016782403468,6.462875443005829,6.632613182067871,21146000,0.0,0.0
2014-09-17 00:00:00-04:00,6.66062987852538,6.695459045087595,6.615201409880305,6.643215656280518,15653000,0.032,0.0
2014-09-18 00:00:00-04:00,6.676531207512153,6.778746364863876,6.665174449188159,6.777988910675049,18165000,0.0,0.0
2014-09-19 00:00:00-04:00,6.824174648634688,6.880961326933567,6.731046055901362,6.746188640594482,41834000,0.0,0.0
2014-09-22 00:00:00-04:00,6.711358813422013,6.7514872683875975,6.543271897585314,6.600815296173096,23869000,0.0,0.0
2014-09-23 00:00:00-04:00,6.587943579207341,6.659115372854643,6.540242750725567,6.629586219787598,20829000,0.0,0.0
2014-09-24 00:00:00-04:00,6.6394304177148324,6.742402296356285,6.613687087018192,6.740131378173828,14503000,0.0,0.0
2014-09-25 00:00:00-04:00,6.72649958079374,6.72649958079374,6.494055131244706,6.546298503875732,17940000,0.0,0.0
2014-09-26 00:00:00-04:00,6.553113204137325,6.637156645855586,6.54629900763331,6.62504243850708,9834000,0.0,0.0
2014-09-29 00:00:00-04:00,6.542514410692439,6.610657832669977,6.516771805503176,6.595515251159668,9826000,0.0,0.0
2014-09-30 00:00:00-04:00,6.633372738649629,6.656844428339665,6.526615037025867,6.587186813354492,14885000,0.0,0.0
2014-10-01 00:00:00-04:00,6.596272448346001,6.596272448346001,6.423642963346742,6.476643085479736,22257000,0.0,0.0
2014-10-02 00:00:00-04:00,6.441813529761533,6.466041946539791,6.120782313979122,6.30022668838501,34278000,0.0,0.0
2014-10-03 00:00:00-04:00,6.331270865337776,6.394113555351694,6.2881133152758215,6.319913387298584,20650000,0.0,0.0
2014-10-06 00:00:00-04:00,6.365341091383577,6.398656067471301,6.249497573162027,6.275240898132324,19536000,0.0,0.0
2014-10-07 00:00:00-04:00,6.240411083197089,6.260096940798905,6.130625041772708,6.135167598724365,15266000,0.0,0.0
2014-10-08 00:00:00-04:00,6.132897983043677,6.341870810694806,6.004182427449484,6.307041645050049,27681000,0.0,0.0
2014-10-09 00:00:00-04:00,6.278268883170368,6.307040577987082,6.101096157122768,6.102611064910889,18880000,0.0,0.0
2014-10-10 00:00:00-04:00,5.886823408320555,5.889094686775957,5.205390409746508,5.403006076812744,105981000,0.0,0.0
2014-10-13 00:00:00-04:00,5.360606431598576,5.461307012242645,5.209177014166609,5.227348327636719,65240000,0.0,0.0
2014-10-14 00:00:00-04:00,5.4560069827093685,5.520364575164979,5.22886285730975,5.452978610992432,69034000,0.0,0.0
2014-10-15 00:00:00-04:00,5.3197208669372085,5.5612508574217205,5.289434981504095,5.493107795715332,31955000,0.0,0.0
2014-10-16 00:00:00-04:00,5.350763737705569,5.761138090830054,5.337892435225365,5.7240376472473145,33985000,0.0,0.0
2014-10-17 00:00:00-04:00,5.861837374102705,6.034466807053113,5.817165649752982,5.841394424438477,41607000,0.0,0.0
2014-10-20 00:00:00-04:00,5.805050550150034,5.910294382091238,5.739178789372906,5.904994010925293,14370000,0.0,0.0
2014-10-21 00:00:00-04:00,5.980710915331659,6.243441308240749,5.978439275407919,6.237383842468262,24112000,0.0,0.0
2014-10-22 00:00:00-04:00,6.244955488508528,6.283569756814868,6.112454472212144,6.122297763824463,17307000,0.0,0.0
2014-10-23 00:00:00-04:00,6.219213137704601,6.276756544269066,6.141984588970779,6.161669731140137,18205000,0.0,0.0
2014-10-24 00:00:00-04:00,6.185898609427625,6.239656187236508,6.115483540417071,6.197256088256836,11269000,0.0,0.0
2014-10-27 00:00:00-04:00,6.17151239650702,6.205584108924147,6.066268887241111,6.176054954528809,14977000,0.0,0.0
2014-10-28 00:00:00-04:00,6.2207260265786575,6.378212907671264,6.176811748768947,6.375184535980225,18230000,0.0,0.0
2014-10-29 00:00:00-04:00,6.403198390102971,6.446355933402917,6.326726594009275,6.426670074462891,14214000,0.0,0.0
2014-10-30 00:00:00-04:00,6.34792566134832,6.403197404238625,6.146524545696204,6.238139629364014,19976000,0.0,0.0
2014-10-31 00:00:00-04:00,6.444084236674193,6.656842857710612,6.397898322276255,6.530399322509766,25461000,0.0,0.0
2014-11-03 00:00:00-05:00,6.544785930827572,6.653815259581118,6.518285872115329,6.537214279174805,15941000,0.0,0.0
2014-11-04 00:00:00-05:00,6.503899554063667,6.553871296054527,6.42515611552384,6.463013648986816,18288000,0.0,0.0
2014-11-05 00:00:00-05:00,6.495572521854859,6.571286882453353,6.421371625305636,6.565229415893555,14789000,0.0,0.0
2014-11-06 00:00:00-05:00,6.544788415164039,6.654574517513106,6.537216760637147,6.634888648986816,17114000,0.0,0.0
2014-11-07 00:00:00-05:00,6.650785515738205,6.657599711990997,6.416069417429811,6.438783645629883,19751000,0.0,0.0
2014-11-10 00:00:00-05:00,6.429699644214785,6.51752893293611,6.322185214957258,6.50465726852417,14364000,0.0,0.0
2014-11-11 00:00:00-05:00,6.499356180740676,6.53342788815823,6.464527741466775,6.523585319519043,7927000,0.0,0.0
2014-11-12 00:00:00-05:00,6.504657790774839,6.609144578422639,6.481943554271101,6.590972900390625,10396000,0.0,0.0
2014-11-13 00:00:00-05:00,6.59248465886088,6.690913943560505,6.551598759381389,6.621256351470947,12281000,0.0,0.0
2014-11-14 00:00:00-05:00,6.6295871246581575,6.742402296356285,6.534943630855004,6.740131378173828,12955000,0.0,0.0
2014-11-17 00:00:00-05:00,6.721960187978836,6.742402785539444,6.6318592460760355,6.702274322509766,11200000,0.0,0.0
2014-11-18 00:00:00-05:00,6.6894020872795705,6.948346688865054,6.68864463317985,6.921089172363281,20025000,0.0,0.0
2014-11-19 00:00:00-05:00,6.92866077759141,6.965760864700054,6.746187992208692,6.757545471191406,18763000,0.0,0.0
2014-11-20 00:00:00-05:00,6.726500320380544,6.883987187324863,6.664414373857448,6.809029579162598,15121000,0.0,0.0
2014-11-21 00:00:00-05:00,6.9430434465118065,6.945315085681668,6.7726849502164175,6.830228328704834,17461000,0.0,0.0
2014-11-24 00:00:00-05:00,6.855972103269931,6.916543856633531,6.843100443213908,6.900643825531006,11876000,0.0,0.0
2014-11-25 00:00:00-05:00,6.953645859904815,7.0081601642391975,6.89534572967503,6.901402473449707,25923000,0.0,0.0
2014-11-26 00:00:00-05:00,6.93396073859783,7.10659022983375,6.93396073859783,7.100533485412598,16143000,0.0,0.0
2014-11-28 00:00:00-05:00,7.127031929305282,7.149746159872601,7.016488425919328,7.071760177612305,8700000,0.0,0.0
2014-12-01 00:00:00-05:00,7.04526111314742,7.068732800935058,6.8158449692908984,6.886260032653809,17168000,0.0,0.0
2014-12-02 00:00:00-05:00,6.866574278774648,6.996803661580328,6.79313084230806,6.980903625488281,19794000,0.0,0.0
2014-12-03 00:00:00-05:00,7.043746985238824,7.231519044942894,7.043746985238824,7.202747344970703,31727000,0.0,0.0
2014-12-04 00:00:00-05:00,7.688834922180003,7.857679262933538,7.534377150666796,7.803921699523926,61855000,0.0,0.0
2014-12-05 00:00:00-05:00,7.8622248829170465,7.950054185831402,7.702467038213643,7.873582363128662,29596000,0.0,0.0
2014-12-08 00:00:00-05:00,7.874334849803307,7.887206509355557,7.545732775734154,7.6252336502075195,34818000,0.0,0.0
2014-12-09 00:00:00-05:00,7.563152124683022,7.8008967109186305,7.363265085415084,7.77136754989624,22903000,0.0,0.0
2014-12-10 00:00:00-05:00,7.722909629733302,7.83648226553787,7.5086367466781345,7.5146942138671875,22194000,0.0,0.0
2014-12-11 00:00:00-05:00,7.577534190417605,7.783477872131805,7.56011925094948,7.613120079040527,15685000,0.0,0.0
2014-12-12 00:00:00-05:00,7.494248255294707,7.660820962583183,7.482891501163642,7.510905742645264,13177000,0.0,0.0
2014-12-15 00:00:00-05:00,7.569204652614101,7.635833869269408,7.362503528919003,7.435946941375732,16749000,0.0,0.0
2014-12-16 00:00:00-05:00,7.401119508119629,7.547249635309564,7.269375951739138,7.369319438934326,22113000,0.0,0.0
2014-12-17 00:00:00-05:00,7.395916148667624,7.587405908797911,7.256858324251123,7.522056579589844,27875000,0.035,0.0
2014-12-18 00:00:00-05:00,7.667195045947564,7.750781647531054,7.59880567888899,7.724185943603516,33281000,0.0,0.0
2014-12-19 00:00:00-05:00,7.731024323628237,7.777376937244486,7.557011613280251,7.610203742980957,65173000,0.0,0.0
2014-12-22 00:00:00-05:00,7.674791322718222,7.720383734915272,7.598803002818705,7.70594596862793,15924000,0.0,0.0
2014-12-23 00:00:00-05:00,7.776614851953263,7.788772779761891,7.642116009166963,7.658073425292969,13011000,0.0,0.0
2014-12-24 00:00:00-05:00,7.668710428619255,7.6922668174663205,7.620078000786308,7.653512477874756,6358000,0.0,0.0
2014-12-26 00:00:00-05:00,7.6725112018511235,7.699867082967851,7.614760138830799,7.645915508270264,5761000,0.0,0.0
2014-12-29 00:00:00-05:00,7.645916807442762,7.704427343262599,7.537253452047951,7.696828365325928,13677000,0.0,0.0
2014-12-30 00:00:00-05:00,7.680113014673677,7.746222541610528,7.644398680865017,7.663395404815674,11730000,0.0,0.0
2014-12-31 00:00:00-05:00,7.682390809390721,7.829048333842777,7.631479250100812,7.643637180328369,15121000,0.0,0.0
2015-01-02 00:00:00-05:00,7.669471272253094,7.766735411563051,7.532692602562084,7.605640888214111,13500000,0.0,0.0
2015-01-05 00:00:00-05:00,7.604121841215022,7.66111271654821,7.477221975221289,7.484060764312744,15596000,0.0,0.0
2015-01-06 00:00:00-05:00,7.519018012024319,7.528896105034489,7.232542444551466,7.313849925994873,22194000,0.0,0.0
2015-01-07 00:00:00-05:00,7.374637290371268,7.552449413878876,7.3351234851473555,7.511415958404541,30907000,0.0,0.0
2015-01-08 00:00:00-05:00,7.63907655035878,7.925551296522523,7.626158435282587,7.886796951293945,33265000,0.0,0.0
2015-01-09 00:00:00-05:00,7.938470128003232,8.039534504401937,7.794853359769134,7.971145153045654,23432000,0.0,0.0
2015-01-12 00:00:00-05:00,7.984064433675383,8.027377744156627,7.805492776089745,7.838927268981934,18692000,0.0,0.0
2015-01-13 00:00:00-05:00,7.8860349096290925,8.159591451260509,7.730259566170891,7.794849395751953,24337000,0.0,0.0
2015-01-14 00:00:00-05:00,7.68315132173783,7.864002806134979,7.599564732628071,7.856403827667236,20984000,0.0,0.0
2015-01-15 00:00:00-05:00,7.869319365014991,8.01977561087047,7.678589126232991,7.699106216430664,18372000,0.0,0.0
2015-01-16 00:00:00-05:00,7.65123671319152,7.895917884889518,7.6223611738835615,7.8890790939331055,15375000,0.0,0.0
2015-01-20 00:00:00-05:00,7.8791980778195265,7.996979305215513,7.794851329737193,7.9688639640808105,12840000,0.0,0.0
2015-01-21 00:00:00-05:00,7.927832981917357,8.12160259689416,7.911116097856857,8.007620811462402,16451000,0.0,0.0
2015-01-22 00:00:00-05:00,8.053211779845752,8.09196613064193,7.714305786526171,7.993941783905029,20639000,0.0,0.0
2015-01-23 00:00:00-05:00,7.981021672167978,8.168711878210672,7.9217509663632,8.12919807434082,15088000,0.0,0.0
2015-01-26 00:00:00-05:00,8.11096225220057,8.13527883369466,7.949867707930775,8.11020278930664,9611000,0.0,0.0
2015-01-27 00:00:00-05:00,7.984061798321853,8.053210599906754,7.813088451456146,7.962785243988037,15242000,0.0,0.0
2015-01-28 00:00:00-05:00,8.13983615787878,8.23254133988909,7.9681033699979755,7.978741645812988,23302000,0.0,0.0
2015-01-29 00:00:00-05:00,7.950628092046319,8.100324174502724,7.771296288392374,8.09500503540039,15842000,0.0,0.0
2015-01-30 00:00:00-05:00,8.000779691828596,8.110202492856457,7.797891506102112,7.817648410797119,16938000,0.0,0.0
2015-02-02 00:00:00-05:00,7.8457650292830765,7.864002286529264,7.534974367143657,7.7826948165893555,21581000,0.0,0.0
2015-02-03 00:00:00-05:00,7.788774278035254,7.881479491841772,7.702147666963199,7.841965675354004,15390000,0.0,0.0
2015-02-04 00:00:00-05:00,7.821450561679897,8.000022227589099,7.7849760406948025,7.963547706604004,16658000,0.0,0.0
2015-02-05 00:00:00-05:00,7.958985722302943,8.07144781959962,7.8837575949339245,8.069928169250488,16585000,0.0,0.0
2015-02-06 00:00:00-05:00,8.075248843643388,8.139079243194697,7.922512721993629,7.958987236022949,10682000,0.0,0.0
2015-02-09 00:00:00-05:00,7.898954709576332,7.929349887368351,7.737100007377776,7.769014835357666,20346000,0.0,0.0
2015-02-10 00:00:00-05:00,7.829806928544191,8.165674333658668,7.818408462588295,8.133759498596191,20398000,0.0,0.0
2015-02-11 00:00:00-05:00,8.114764256188026,8.229506235755117,8.079810110595208,8.202150344848633,17169000,0.0,0.0
2015-02-12 00:00:00-05:00,8.267498559300376,8.361723418449422,8.241662325108104,8.335887908935547,21072000,0.0,0.0
2015-02-13 00:00:00-05:00,8.358685340731848,8.373883298287952,8.213548179592179,8.370083808898926,14614000,0.0,0.0
2015-02-17 00:00:00-05:00,8.373884533401664,8.46127062820284,8.289537740688594,8.424796104431152,15312000,0.0,0.0
2015-02-18 00:00:00-05:00,8.382996574146091,8.403513660581666,8.304729165050958,8.358680725097656,16681000,0.0,0.0
2015-02-19 00:00:00-05:00,8.35868507490256,8.442271664767333,8.332089374703699,8.427074432373047,13196000,0.0,0.0
2015-02-20 00:00:00-05:00,8.467346709061953,8.522817941371466,8.393638220301401,8.515219688415527,19283000,0.0,0.0
2015-02-23 00:00:00-05:00,8.586649093062906,8.604126163414058,8.507621457953489,8.575250625610352,23854000,0.0,0.0
2015-02-24 00:00:00-05:00,8.624641210589193,8.632239462407016,8.481023743397204,8.600324630737305,23213000,0.0,0.0
2015-02-25 00:00:00-05:00,8.60868452539943,8.65503712647452,8.534215853838104,8.562331199645996,38216000,0.0,0.0
2015-02-26 00:00:00-05:00,9.364765158375704,9.870085532595425,9.350327391987806,9.821453094482422,89263000,0.0,0.0
2015-02-27 00:00:00-05:00,9.779661582841443,9.779661582841443,9.585132512559051,9.69759464263916,33825000,0.0,0.0
2015-03-02 00:00:00-05:00,9.666439064635089,9.944555444824855,9.666439064635089,9.803977966308594,27893000,0.0,0.0
2015-03-03 00:00:00-05:00,9.744707326136345,9.797898726628189,9.693795039466664,9.743186950683594,18682000,0.0,0.0
2015-03-04 00:00:00-05:00,9.702910347362215,9.86932400737419,9.450630288230062,9.832849502563477,36143000,0.0,0.0
2015-03-05 00:00:00-05:00,9.829812901667161,9.995467144385689,9.785740133482145,9.921758651733398,21688000,0.0,0.0
2015-03-06 00:00:00-05:00,9.878445184940043,9.915679162155312,9.688475085229658,9.718110084533691,22329000,0.0,0.0
2015-03-09 00:00:00-04:00,9.710512544001407,9.771302922396151,9.645162488653897,9.659600257873535,17835000,0.0,0.0
2015-03-10 00:00:00-04:00,9.553214174380972,9.64515990506242,9.461269168377806,9.507621765136719,17688000,0.0,0.0
2015-03-11 00:00:00-04:00,9.521302049891299,9.610208505146876,9.46203132128041,9.47266960144043,17742000,0.0,0.0
2015-03-12 00:00:00-04:00,9.337409978340016,9.590450278265996,9.236345606023542,9.583611488342285,22305000,0.0,0.0
2015-03-13 00:00:00-04:00,9.552456220386084,9.631483848548958,9.417957359917926,9.498504638671875,18414000,0.0,0.0
2015-03-16 00:00:00-04:00,9.640604125167984,9.912641193800573,9.627686005917486,9.868568420410156,23077000,0.0,0.0
2015-03-17 00:00:00-04:00,9.788020889945372,9.848051811951844,9.688476869814812,9.810057640075684,19006000,0.0,0.0
2015-03-18 00:00:00-04:00,9.805485377261792,10.00516188563372,9.731559272366658,9.941143035888672,21250000,0.038,0.0
2015-03-19 00:00:00-04:00,9.945714475858068,10.132434695994045,9.909132282250866,10.063081741333008,24461000,0.0,0.0
2015-03-20 00:00:00-04:00,10.16901681507605,10.226175947055053,10.075275489757942,10.158347129821777,55522000,0.0,0.0
2015-03-23 00:00:00-04:00,10.28866949241033,10.386221519366135,10.204073718956398,10.245990753173828,23849000,0.0,0.0
2015-03-24 00:00:00-04:00,10.28638008179409,10.316864990943179,10.127096558683165,10.145387649536133,25819000,0.0,0.0
2015-03-25 00:00:00-04:00,10.107283161299195,10.161394012028568,9.48081718366124,9.48310375213623,48853000,0.0,0.0
2015-03-26 00:00:00-04:00,9.165299320001877,9.537215608914723,8.9137985657538,9.504444122314453,45058000,0.0,0.0
2015-03-27 00:00:00-04:00,9.525783573431722,9.831395186724825,9.515113888422142,9.771187782287598,24297000,0.0,0.0
2015-03-30 00:00:00-04:00,9.89465253912575,9.976200048207788,9.778047697889274,9.949525833129883,19523000,0.0,0.0
2015-03-31 00:00:00-04:00,9.855021029996333,9.869501420485863,9.65839356425759,9.677446365356445,16402000,0.0,0.0
2015-04-01 00:00:00-04:00,9.653060359139003,9.67592386969925,9.420612366853149,9.57456111907959,21830000,0.0,0.0
2015-04-02 00:00:00-04:00,9.611141128681153,9.672110960835726,9.498347011876968,9.528069496154785,14508000,0.0,0.0
2015-04-06 00:00:00-04:00,9.4023182191235,9.658392070914767,9.336013551224504,9.589800834655762,14227000,0.0,0.0
2015-04-07 00:00:00-04:00,9.641626153342639,9.691926301777528,9.557030383082347,9.576083183288574,16132000,0.0,0.0
2015-04-08 00:00:00-04:00,9.562366418784533,9.714791019912008,9.549410164154686,9.66296672821045,13607000,0.0,0.0
2015-04-09 00:00:00-04:00,9.590562508983323,9.750608484138125,9.576082120778869,9.695735931396484,13961000,0.0,0.0
2015-04-10 00:00:00-04:00,9.721649384645811,9.752896734797389,9.608093554592966,9.665252685546875,11669000,0.0,0.0
2015-04-13 00:00:00-04:00,9.698024663249743,9.714790896729584,9.534167946558707,9.553220748901367,10483000,0.0,0.0
2015-04-14 00:00:00-04:00,9.531119795614803,9.55245989554083,9.308579788266606,9.448810577392578,16047000,0.0,0.0
2015-04-15 00:00:00-04:00,9.509017681121167,9.62562251536533,9.499872132668898,9.595137596130371,16893000,0.0,0.0
2015-04-16 00:00:00-04:00,9.531882494460286,9.61495414696997,9.51130482591963,9.551697731018066,15456000,0.0,0.0
2015-04-17 00:00:00-04:00,9.426709789725537,9.471675106394601,9.217125304719637,9.286478996276855,26817000,0.0,0.0
2015-04-20 00:00:00-04:00,9.336015676287463,9.436615985214594,9.313152167936158,9.376408576965332,13295000,0.0,0.0
2015-04-21 00:00:00-04:00,9.474721365281402,9.530356356999027,9.369547929157928,9.381742477416992,20616000,0.0,0.0
2015-04-22 00:00:00-04:00,9.443474914415486,9.755183820129455,9.35506842862844,9.747562408447266,22580000,0.0,0.0
2015-04-23 00:00:00-04:00,9.54331226493153,9.561602633022769,9.339825106000292,9.455667495727539,28053000,0.0,0.0
2015-04-24 00:00:00-04:00,9.42975362237202,9.42975362237202,8.830724394660125,9.107375144958496,55059000,0.0,0.0
2015-04-27 00:00:00-04:00,9.14548354858274,9.293335718683501,9.047931526370101,9.156915664672852,27320000,0.0,0.0
2015-04-28 00:00:00-04:00,9.174444712387652,9.221696588692478,8.73088891031385,8.951142311096191,31023000,0.0,0.0
2015-04-29 00:00:00-04:00,8.842158825109188,8.956477082626247,8.74536923140543,8.919133186340332,20903000,0.0,0.0
2015-04-30 00:00:00-04:00,8.893222053600804,9.064700193185255,8.860451289570863,8.907702445983887,21339000,0.0,0.0
2015-05-01 00:00:00-04:00,8.986960945956067,9.40689148413355,8.983912672646255,9.358877182006836,25334000,0.0,0.0
2015-05-04 00:00:00-04:00,9.361166013800323,9.438902816537572,9.211027978134572,9.233891487121582,14207000,0.0,0.0
2015-05-05 00:00:00-04:00,9.153106843468839,9.196548021372315,8.888649796718058,8.900843620300293,22090000,0.0,0.0
2015-05-06 00:00:00-04:00,8.980863825588896,9.021255988225263,8.794142924347158,8.900078773498535,14475000,0.0,0.0
2015-05-07 00:00:00-04:00,9.145483996328261,9.422897255094322,9.145483996328261,9.334490776062012,23542000,0.0,0.0
2015-05-08 00:00:00-04:00,9.38936493721916,9.52121260981032,9.353545171126296,9.399272918701172,14846000,0.0,0.0
2015-05-11 00:00:00-04:00,9.417561678394371,9.439662751315888,9.343635595488776,9.359640121459961,12418000,0.0,0.0
2015-05-12 00:00:00-04:00,9.299431073637253,9.418322449188882,9.244558522438306,9.370308876037598,10264000,0.0,0.0
2015-05-13 00:00:00-04:00,9.422133805645117,9.514350980267695,9.321533515808738,9.384027481079102,11857000,0.0,0.0
2015-05-14 00:00:00-04:00,9.461004195827234,9.807008749821254,9.422898588570918,9.674399375915527,23279000,0.0,0.0
2015-05-15 00:00:00-04:00,9.73917990283678,9.869502707418182,9.646200273478671,9.74527645111084,22627000,0.0,0.0
2015-05-18 00:00:00-04:00,9.751370555865545,9.938090732183296,9.700307983173326,9.921323776245117,17984000,0.0,0.0
2015-05-19 00:00:00-04:00,9.97315199459427,10.048602230404326,9.850449875705834,9.867216110229492,16053000,0.0,0.0
2015-05-20 00:00:00-04:00,9.903034344531829,9.989154246977954,9.763565296093688,9.839777946472168,18721000,0.0,0.0
2015-05-21 00:00:00-04:00,9.870263392380188,9.909893856418687,9.74298888446269,9.876359939575195,21309000,0.0,0.0
2015-05-22 00:00:00-04:00,9.89389088553966,10.199502529685365,9.89389088553966,10.108809471130371,22856000,0.0,0.0
2015-05-26 00:00:00-04:00,10.239893970235551,10.252850224359056,9.956384150536515,10.006684303283691,26781000,0.0,0.0
2015-05-27 00:00:00-04:00,10.066890450411279,11.037074349136978,10.031070693196623,10.783287048339844,114248000,0.0,0.0
2015-05-28 00:00:00-04:00,11.051556038539056,11.086613368099973,10.364882570087785,10.851117134094238,249123000,0.0,0.0
2015-05-29 00:00:00-04:00,10.983725118381885,11.373932466321603,10.982963413427361,11.284764289855957,118244000,0.0,0.0
2015-06-01 00:00:00-04:00,11.29772374428086,11.46996359912166,11.06222747303641,11.174259185791016,83579000,0.0,0.0
2015-06-02 00:00:00-04:00,11.15825472959577,11.178069966426825,10.909040495447668,10.986777305603027,41264000,0.0,0.0
2015-06-03 00:00:00-04:00,11.127004606726725,11.127004606726725,10.883886997592638,10.902939796447754,30450000,0.0,0.0
2015-06-04 00:00:00-04:00,10.859498411697132,10.93190035416232,10.706312138547604,10.761184692382812,28017000,0.0,0.0
2015-06-05 00:00:00-04:00,10.743657475991382,10.97762956493853,10.617144667591297,10.960100173950195,38593000,0.0,0.0
2015-06-08 00:00:00-04:00,10.94180942659482,10.95705152153268,10.481486675751007,10.565320014953613,54422000,0.0,0.0
2015-06-09 00:00:00-04:00,10.589707595477803,10.725365210271192,10.403749108728915,10.685734748840332,44071000,0.0,0.0
2015-06-10 00:00:00-04:00,10.66439578534213,10.973055646411458,10.657536806530405,10.88769817352295,42617000,0.0,0.0
2015-06-11 00:00:00-04:00,10.835873401758805,10.918182597428352,10.747466932521345,10.821393013000488,31517000,0.0,0.0
2015-06-12 00:00:00-04:00,10.768046079063259,10.782526470794876,10.660586788939892,10.705552101135254,19145000,0.0,0.0
2015-06-15 00:00:00-04:00,10.605712730304829,10.976104861564373,10.594280614183061,10.907513618469238,34565000,0.0,0.0
2015-06-16 00:00:00-04:00,10.875503862906022,10.935711259561783,10.774902846532736,10.821393013000488,20998000,0.0,0.0
2015-06-17 00:00:00-04:00,10.814514229327365,10.890942185334254,10.65860216118304,10.752608299255371,25429000,0.04,0.0
2015-06-18 00:00:00-04:00,10.755666260637083,10.986477865386139,10.755666260637083,10.929157257080078,25298000,0.0,0.0
2015-06-19 00:00:00-04:00,10.929920094570436,10.998705109670766,10.822157244386391,10.920748710632324,26881000,0.0,0.0
2015-06-22 00:00:00-04:00,11.017817171090707,11.092715988239622,10.852732918536118,10.950560569763184,22846000,0.0,0.0
2015-06-23 00:00:00-04:00,11.002525871869334,11.002525871869334,10.765600533859615,10.825213432312012,21497000,0.0,0.0
2015-06-24 00:00:00-04:00,10.857316546155554,10.869544817603431,10.68688241624726,10.697582244873047,22402000,0.0,0.0
2015-06-25 00:00:00-04:00,10.709808879245367,10.780122340411666,10.610453551156315,10.641024589538574,17538000,0.0,0.0
2015-06-26 00:00:00-04:00,10.611980120954513,10.626501416288713,10.298626850618842,10.329197883605957,71798000,0.0,0.0
2015-06-29 00:00:00-04:00,10.15341519109213,10.333784527361244,10.015081303863328,10.089216232299805,40473000,0.0,0.0
2015-06-30 00:00:00-04:00,10.226022632861628,10.270350385380063,10.097623974404293,10.159530639648438,28695000,0.0,0.0
2015-07-01 00:00:00-04:00,10.272644030354629,10.52409144862818,10.265765673552687,10.355950355529785,43059000,0.0,0.0
2015-07-02 00:00:00-04:00,10.363590587183264,10.527909437121444,10.344483235652591,10.519502639770508,32797000,0.0,0.0
2015-07-06 00:00:00-04:00,10.40639008286825,10.51720980833315,10.231370675479988,10.256591796875,30188000,0.0,0.0
2015-07-07 00:00:00-04:00,10.237486545487396,10.275699796640762,9.64211479212341,10.1526517868042,59268000,0.0,0.0
2015-07-08 00:00:00-04:00,9.94323957748878,10.038009574820824,9.695613664199659,9.7865629196167,51371000,0.0,0.0
2015-07-09 00:00:00-04:00,9.949354786363868,10.039539469116338,9.455632059802685,9.529003143310547,73469000,0.0,0.0
2015-07-10 00:00:00-04:00,9.676508054175335,9.99826820207776,9.668100526015737,9.923369407653809,50948000,0.0,0.0
2015-07-13 00:00:00-04:00,10.041065123671114,10.041065123671114,9.817896507336881,9.8729248046875,25304000,0.0,0.0
2015-07-14 00:00:00-04:00,9.885919617002612,10.125138018586908,9.821719924037424,10.111380577087402,26289000,0.0,0.0
2015-07-15 00:00:00-04:00,10.063231370145596,10.202329854776856,9.998267820191971,10.067052841186523,23100000,0.0,0.0
2015-07-16 00:00:00-04:00,10.21303050441277,10.300158301870162,10.00361853928466,10.294808387756348,33977000,0.0,0.0
2015-07-17 00:00:00-04:00,10.31467855285654,10.317735438076205,10.085395397347302,10.215322494506836,29000000,0.0,0.0
2015-07-20 00:00:00-04:00,10.28334190512473,10.365119772017962,10.222199833588645,10.290220260620117,23563000,0.0,0.0
2015-07-21 00:00:00-04:00,10.325379129121787,10.423206023088124,10.252008047558146,10.28028678894043,31532000,0.0,0.0
2015-07-22 00:00:00-04:00,9.709372604629255,9.935598170687912,9.582502378870878,9.90426254272461,61346000,0.0,0.0
2015-07-23 00:00:00-04:00,10.02578126356591,10.317734924780265,9.973810573061794,10.086158752441406,30608000,0.0,0.0
2015-07-24 00:00:00-04:00,10.203858898935218,10.229844611996953,9.808727662237454,9.819427490234375,36311000,0.0,0.0
2015-07-27 00:00:00-04:00,9.733064869009159,9.744529283501015,9.484675052654934,9.526710510253906,34893000,0.0,0.0
2015-07-28 00:00:00-04:00,9.597784521851413,9.901202548246648,9.440344032260077,9.814839363098145,27869000,0.0,0.0
2015-07-29 00:00:00-04:00,9.811016686064663,9.868337273918089,9.587848103084445,9.827066421508789,33407000,0.0,0.0
2015-07-30 00:00:00-04:00,9.610015103709406,9.843118991968026,9.558808269540872,9.75599193572998,39169000,0.0,0.0
2015-07-31 00:00:00-04:00,9.808726746881023,9.808726746881023,9.550401727458578,9.56415843963623,30593000,0.0,0.0
2015-08-03 00:00:00-04:00,9.661982668586669,9.743759785010175,9.495370093889933,9.61459732055664,27273000,0.0,0.0
2015-08-04 00:00:00-04:00,9.595494082746196,9.595494082746196,9.076550285684146,9.436524391174316,47467000,0.0,0.0
2015-08-05 00:00:00-04:00,9.400604672069113,9.606195169599175,9.247749459692205,9.534353256225586,34158000,0.0,0.0
2015-08-06 00:00:00-04:00,9.556514946696023,9.584029098335645,9.217176658624714,9.42123794555664,46052000,0.0,0.0
2015-08-07 00:00:00-04:00,9.249276697049641,9.475502236109813,9.23399081336855,9.3662109375,30527000,0.0,0.0
2015-08-10 00:00:00-04:00,9.438052012305674,9.736884014854255,9.400602620996684,9.727712631225586,28907000,0.0,0.0
2015-08-11 00:00:00-04:00,9.60237312807023,9.647465467709537,9.394489614257376,9.493081092834473,26744000,0.0,0.0
2015-08-12 00:00:00-04:00,9.292841725443498,9.681858474620677,9.2187067840555,9.609251976013184,27205000,0.0,0.0
2015-08-13 00:00:00-04:00,9.600844384718563,9.692557503827544,9.477795640143805,9.491552352905273,14571000,0.0,0.0
2015-08-14 00:00:00-04:00,9.477028489069257,9.51524246057173,9.260738241278064,9.32111644744873,26496000,0.0,0.0
2015-08-17 00:00:00-04:00,9.272203505909301,9.593199729919434,9.23246108850344,9.593199729919434,21293000,0.0,0.0
2015-08-18 00:00:00-04:00,9.612305311642526,9.612305311642526,9.307359587853192,9.34251594543457,19502000,0.0,0.0
2015-08-19 00:00:00-04:00,9.29207597307308,9.383789088229749,9.117821127162514,9.282140731811523,30891000,0.0,0.0
2015-08-20 00:00:00-04:00,9.17743711762528,9.220236436579448,8.79147720336914,8.79147720336914,41756000,0.0,0.0
2015-08-21 00:00:00-04:00,8.617220522339162,8.826632491241789,8.508693795341514,8.517865180969238,56472000,0.0,0.0
2015-08-24 00:00:00-04:00,7.726075781794015,8.789949439097738,7.642769437489184,8.402461051940918,69040000,0.0,0.0
2015-08-25 00:00:00-04:00,8.72268886336139,8.789180845515657,8.269472527498632,8.29316520690918,43921000,0.0,0.0
2015-08-26 00:00:00-04:00,8.605757175263854,8.922167440809954,8.497229715128672,8.88089656829834,59354000,0.0,0.0
2015-08-27 00:00:00-04:00,9.209534777497401,9.706314362348971,9.200363392561668,9.649758338928223,91882000,0.0,0.0
2015-08-28 00:00:00-04:00,9.593965752372291,9.761342244597014,9.52976606063292,9.75369930267334,36322000,0.0,0.0
2015-08-31 00:00:00-04:00,9.67879914445617,9.785798137706598,9.553458112219992,9.627593040466309,30087000,0.0,0.0
2015-09-01 00:00:00-04:00,9.287488512221737,9.554984854440901,9.026105938952888,9.1231689453125,49749000,0.0,0.0
2015-09-02 00:00:00-04:00,9.335640780233375,9.482381487293772,9.18354943028269,9.48008918762207,36700000,0.0,0.0
2015-09-03 00:00:00-04:00,9.584029813138692,9.69867102688086,9.416653320371859,9.459452629089355,29954000,0.0,0.0
2015-09-04 00:00:00-04:00,9.266089896034487,9.462508973890463,9.220997561533597,9.259211540222168,24923000,0.0,0.0
2015-09-08 00:00:00-04:00,9.584028702756656,9.884389143594435,9.53970095655939,9.871397018432617,35477000,0.0,0.0
2015-09-09 00:00:00-04:00,9.9493539619026,10.072402704873838,9.652814953535042,9.719306945800781,31502000,0.0,0.0
2015-09-10 00:00:00-04:00,9.824012795952505,9.871398161384006,9.538172889619208,9.837769508361816,36224000,0.0,0.0
2015-09-11 00:00:00-04:00,9.794970227849428,10.028838712707444,9.701728668204387,10.018138885498047,39606000,0.0,0.0
2015-09-14 00:00:00-04:00,10.126667357987838,10.220673512929647,9.981455090161502,10.0265474319458,34643000,0.0,0.0
2015-09-15 00:00:00-04:00,10.098385816719977,10.31391147900556,10.012022634694544,10.270347595214844,30804000,0.0,0.0
2015-09-16 00:00:00-04:00,10.26498450199961,10.26498450199961,9.986682274070692,10.08098316192627,27317000,0.042,0.0
2015-09-17 00:00:00-04:00,10.082516156081633,10.201350260647862,9.982082331314786,10.01351547241211,19918000,0.0,0.0
2015-09-18 00:00:00-04:00,9.854814653074158,9.927648791621948,9.70607990629962,9.781980514526367,44021000,0.0,0.0
2015-09-21 00:00:00-04:00,9.841778352570845,9.919212174333769,9.676943588595993,9.756677627563477,16515000,0.0,0.0
2015-09-22 00:00:00-04:00,9.582645408936619,9.647812642448054,9.483744815323345,9.560412406921387,22483000,0.0,0.0
2015-09-23 00:00:00-04:00,9.569612967139653,9.7980810548009,9.492178389141607,9.624813079833984,21879000,0.0,0.0
2015-09-24 00:00:00-04:00,9.514410972595215,9.610245089130068,9.157907942100556,9.514410972595215,44995000,0.0,0.0
2015-09-25 00:00:00-04:00,9.657009699563554,9.884711452656084,9.598743138200227,9.71681022644043,35087000,0.0,0.0
2015-09-28 00:00:00-04:00,9.65701220612277,9.826447441830323,9.26217610708831,9.265242576599121,39887000,0.0,0.0
2015-09-29 00:00:00-04:00,9.346507902395743,9.390208373938314,9.051338704940886,9.174773216247559,47991000,0.0,0.0
2015-09-30 00:00:00-04:00,9.337307988675343,9.601043327535516,9.276741205760647,9.584177017211914,43955000,0.0,0.0
2015-10-01 00:00:00-04:00,9.438511703785688,9.575746102018586,9.161742689323457,9.364144325256348,45674000,0.0,0.0
2015-10-02 00:00:00-04:00,9.199305580964275,9.457674934727777,9.062838223986642,9.455374717712402,35207000,0.0,0.0
2015-10-05 00:00:00-04:00,9.503678143314664,9.573445811148053,9.27367610421056,9.293609619140625,39085000,0.0,0.0
2015-10-06 00:00:00-04:00,9.25834346990741,9.277510002772226,8.550704021454209,8.978507995605469,115846000,0.0,0.0
2015-10-07 00:00:00-04:00,9.096577142234716,9.164811593663549,8.879608637261164,9.095810890197754,37284000,0.0,0.0
2015-10-08 00:00:00-04:00,9.009941183094057,9.043674544318447,8.723972036666618,8.946307182312012,41409000,0.0,0.0
2015-10-09 00:00:00-04:00,8.936338527112524,9.052872392570382,8.858137717866585,8.96317195892334,34479000,0.0,0.0
2015-10-12 00:00:00-04:00,9.015308290865626,9.045208931816441,8.875007420553581,9.022208213806152,24184000,0.0,0.0
2015-10-13 00:00:00-04:00,8.919471699913032,8.944771897823168,8.679503311192434,8.695603370666504,32475000,0.0,0.0
2015-10-14 00:00:00-04:00,8.663404368866546,9.0283405596498,8.615870436010049,9.005340576171875,33530000,0.0,0.0
2015-10-15 00:00:00-04:00,9.046741361268817,9.352644010698093,9.022974393468223,9.343443870544434,49316000,0.0,0.0
2015-10-16 00:00:00-04:00,9.345741561583345,9.351875230892745,9.192407140410284,9.282108306884766,19866000,0.0,0.0
2015-10-19 00:00:00-04:00,9.276742944696872,9.29667645885273,8.998440729471596,9.120341300964355,18593000,0.0,0.0
2015-10-20 00:00:00-04:00,9.082773159356917,9.205440695830442,9.016072704678342,9.191640853881836,21920000,0.0,0.0
2015-10-21 00:00:00-04:00,9.335008447683252,9.405542356495628,9.208507455310853,9.238408088684082,28197000,0.0,0.0
2015-10-22 00:00:00-04:00,9.324277934792386,9.63094761087856,9.29284478835204,9.609480857849121,34344000,0.0,0.0
2015-10-23 00:00:00-04:00,9.77278004381712,9.954481892542473,9.511344868041075,9.934548377990723,35498000,0.0,0.0
2015-10-26 00:00:00-04:00,9.818011066967863,9.818011066967863,9.410141479094325,9.476841926574707,58129000,0.0,0.0
2015-10-27 00:00:00-04:00,9.436976666263366,9.594911533983923,9.272141877027861,9.314309120178223,32280000,0.0,0.0
2015-10-28 00:00:00-04:00,9.567309378019566,9.801911053829059,9.48374188981071,9.743643760681152,30966000,0.0,0.0
2015-10-29 00:00:00-04:00,9.276741685192304,9.519010291684104,9.101939785793983,9.206974029541016,61582000,0.0,0.0
2015-10-30 00:00:00-04:00,9.265243199550046,9.508278837951723,9.213109558579541,9.440044403076172,25516000,0.0,0.0
2015-11-02 00:00:00-05:00,9.480678787195885,9.599512901666891,9.38867811168707,9.491412162780762,26068000,0.0,0.0
2015-11-03 00:00:00-05:00,9.313543916273124,9.579579554960514,9.313543916273124,9.364144325256348,26222000,0.0,0.0
2015-11-04 00:00:00-05:00,9.391742253288546,9.572677089615286,9.204673747652555,9.515176773071289,43098000,0.0,0.0
2015-11-05 00:00:00-05:00,9.576510777738255,9.583410698908725,9.246074964015872,9.281341552734375,28308000,0.0,0.0
2015-11-06 00:00:00-05:00,9.44924402256181,9.950648351470136,9.447710787787827,9.941448211669922,45287000,0.0,0.0
2015-11-09 00:00:00-05:00,9.841779985125536,9.885480463480535,9.637845150625123,9.69841194152832,28250000,0.0,0.0
2015-11-10 00:00:00-05:00,9.438512053664294,9.512879434950378,9.182443529364924,9.189343452453613,44759000,0.0,0.0
2015-11-11 00:00:00-05:00,9.216176803282123,9.40707881676619,9.18627689313636,9.196243286132812,25953000,0.0,0.0
2015-11-12 00:00:00-05:00,9.216176165963107,9.308176839254083,9.11727557012767,9.188575744628906,26588000,0.0,0.0
2015-11-13 00:00:00-05:00,9.123405905463343,9.191640321881277,8.832837140422722,9.01147174835205,39824000,0.0,0.0
2015-11-16 00:00:00-05:00,9.006105102249736,9.335774637273879,8.976205202573368,9.312774658203125,27796000,0.0,0.0
2015-11-17 00:00:00-05:00,9.312008644294966,9.482210115671197,9.276742054794138,9.358009338378906,19868000,0.0,0.0
2015-11-18 00:00:00-05:00,9.347276107785612,9.667744812035185,9.322742160180537,9.653944969177246,20270000,0.0,0.0
2015-11-19 00:00:00-05:00,9.667743880000208,9.670044097306855,9.430841969788318,9.599510192871094,32780000,0.0,0.0
2015-11-20 00:00:00-05:00,9.676177575962633,9.711444161908323,9.486042611509774,9.690744400024414,28057000,0.0,0.0
2015-11-23 00:00:00-05:00,9.71758007749251,9.71758007749251,9.522844633496044,9.538178443908691,16003000,0.0,0.0
2015-11-24 00:00:00-05:00,9.461510610780797,9.85864766260822,9.461510610780797,9.83948040008545,35659000,0.0,0.0
2015-11-25 00:00:00-05:00,9.890081123054914,9.90311471576053,9.78734707854277,9.843314170837402,21396000,0.0,0.0
2015-11-27 00:00:00-05:00,9.861711691476563,10.001246257252479,9.802678146060495,9.969812393188477,13262000,0.0,0.0
2015-11-30 00:00:00-05:00,9.923046593828497,10.020413934830293,9.745945206082132,10.00124740600586,32615000,0.0,0.0
2015-12-01 00:00:00-05:00,10.056447711043804,10.25578283196544,10.03651419895164,10.188315391540527,43255000,0.0,0.0
2015-12-02 00:00:00-05:00,10.202116997532155,10.350084753018832,10.084816130585947,10.13618278503418,54364000,0.0,0.0
2015-12-03 00:00:00-05:00,11.106024379124808,11.259358822598516,10.954223170412392,11.09989070892334,120661000,0.0,0.0
2015-12-04 00:00:00-05:00,11.101421855658499,11.338323763893154,10.98182152405361,11.313023567199707,60329000,0.0,0.0
2015-12-07 00:00:00-05:00,11.246322346833685,11.478624535780154,11.158922138599067,11.410390853881836,44769000,0.0,0.0
2015-12-08 00:00:00-05:00,11.257825010330391,11.391992915670919,11.17579073998093,11.3298921585083,34560000,0.0,0.0
2015-12-09 00:00:00-05:00,11.28082701054683,11.346761231787031,11.072292433284522,11.166592597961426,30803000,0.0,0.0
2015-12-10 00:00:00-05:00,11.201859084368113,11.4571613299799,11.131325163560488,11.295392990112305,33078000,0.0,0.0
2015-12-11 00:00:00-05:00,11.087624453465017,11.325293396800124,11.063091234188928,11.072291374206543,27777000,0.0,0.0
2015-12-14 00:00:00-05:00,11.050823632652676,11.144358265432103,10.828488504978319,10.925856590270996,36993000,0.0,0.0
2015-12-15 00:00:00-05:00,10.938887614191525,11.057722428674499,10.833853372669644,10.984121322631836,35398000,0.0,0.0
2015-12-16 00:00:00-05:00,11.010270977105101,11.095633882550212,10.797248019651281,11.064871788024902,29644000,0.044,0.0
2015-12-17 00:00:00-05:00,11.14562025648929,11.189455358883768,10.798016820084513,10.803400039672852,24378000,0.0,0.0
2015-12-18 00:00:00-05:00,10.784173597499997,10.913371599422662,10.654975595577334,10.781867027282715,51964000,0.0,0.0
2015-12-21 00:00:00-05:00,11.00488638936097,11.22790641308764,10.909525668366527,11.212525367736816,26627000,0.0,0.0
2015-12-22 00:00:00-05:00,11.322497194837394,11.322497194837394,10.97873904117866,11.158693313598633,21684000,0.0,0.0
2015-12-23 00:00:00-05:00,11.22944545275496,11.2786637758471,11.104092708022328,11.267127990722656,16170000,0.0,0.0
2015-12-24 00:00:00-05:00,11.259437924513236,11.327113213189072,11.20637433755822,11.252516746520996,7436000,0.0,0.0
2015-12-28 00:00:00-05:00,11.220217062446723,11.258668946431754,11.068716830231956,11.254823684692383,13873000,0.0,0.0
2015-12-29 00:00:00-05:00,11.304807986147845,11.441696485217593,11.151770564989786,11.377097129821777,22533000,0.0,0.0
2015-12-30 00:00:00-05:00,11.344030789391098,11.450157216520761,11.314038043992127,11.333264350891113,17396000,0.0,0.0
2015-12-31 00:00:00-05:00,11.272513105856643,11.343264319683975,11.160234085370744,11.162541389465332,19673000,0.0,0.0
2016-01-04 00:00:00-05:00,10.925674303289005,10.947207178037779,10.757255832868069,10.941823959350586,30970000,0.0,0.0
2016-01-05 00:00:00-05:00,11.007962351244384,11.020266747531492,10.551924475718279,10.575764656066895,38173000,0.0,0.0
2016-01-06 00:00:00-05:00,10.348899389609285,10.463485684580874,10.17279037967727,10.250463485717773,50824000,0.0,0.0
2016-01-07 00:00:00-05:00,10.098195385478158,10.287378164759023,9.85825705574127,9.924393653869629,50056000,0.0,0.0
2016-01-08 00:00:00-05:00,9.99975879125979,10.263537287009898,9.848258562246636,9.859025001525879,64641000,0.0,0.0
2016-01-11 00:00:00-05:00,9.958999696681502,9.995144276512223,9.64523352987756,9.846720695495605,38941000,0.0,0.0
2016-01-12 00:00:00-05:00,9.986683848472587,10.125878930092986,9.75597331056491,9.991297721862793,41112000,0.0,0.0
2016-01-13 00:00:00-05:00,9.824420222474423,9.995915404226603,9.465280930431316,9.482969284057617,48470000,0.0,0.0
2016-01-14 00:00:00-05:00,9.550640648078389,9.742130689991273,9.250717617085872,9.627544403076172,63942000,0.0,0.0
2016-01-15 00:00:00-05:00,9.244565511814256,9.519879765590472,9.174583663349122,9.22610855102539,75916000,0.0,0.0
2016-01-19 00:00:00-05:00,9.440671291854303,9.597554022570444,9.152283239732709,9.233800888061523,54773000,0.0,0.0
2016-01-20 00:00:00-05:00,9.061535741053467,9.657537332088179,9.010779463277968,9.522956848144531,103988000,0.0,0.0
2016-01-21 00:00:00-05:00,9.597554345240548,9.68983917042177,9.486044676043786,9.576790809631348,48475000,0.0,0.0
2016-01-22 00:00:00-05:00,9.726751074795578,9.726751074795578,9.553718700739482,9.575251579284668,58428000,0.0,0.0
2016-01-25 00:00:00-05:00,9.569098695415565,9.611395838811994,9.53603003300397,9.573713302612305,61359000,0.0,0.0
2016-01-26 00:00:00-05:00,9.612934848918256,9.729059119494998,9.53603107676342,9.566023826599121,119134000,0.0,0.0
2016-01-27 00:00:00-05:00,9.509112308214371,9.64446285055396,9.235336041611431,9.409137725830078,58156000,0.0,0.0
2016-01-28 00:00:00-05:00,9.454512999267404,9.732134591985059,9.382223838110187,9.718292236328125,49969000,0.0,0.0
2016-01-29 00:00:00-05:00,9.954382850294799,10.331209582855701,9.852100973327259,10.282760620117188,259449000,0.0,0.0
2016-02-01 00:00:00-05:00,10.254308830491116,10.665743027999143,10.225085428545793,10.588069915771484,45619000,0.0,0.0
2016-02-02 00:00:00-05:00,10.382738409702066,10.58114892812364,10.12818765665532,10.24661922454834,59005000,0.0,0.0
2016-02-03 00:00:00-05:00,10.555004293989635,10.58268901059582,10.019755927410143,10.102042198181152,56234000,0.0,0.0
2016-02-04 00:00:00-05:00,10.105117001199979,10.556540322766,10.035903755517786,10.468101501464844,60833000,0.0,0.0
2016-02-05 00:00:00-05:00,10.5357727358917,10.5357727358917,9.765200261359675,9.87132740020752,70953000,0.0,0.0
2016-02-08 00:00:00-05:00,9.76597229106271,9.76597229106271,9.16843197856863,9.37145709991455,91242000,0.0,0.0
2016-02-09 00:00:00-05:00,9.215343250515703,9.668304524341785,9.133825608141304,9.206114768981934,63400000,0.0,0.0
2016-02-10 00:00:00-05:00,9.419906993331844,9.510653123577564,9.124597763853377,9.166894912719727,45473000,0.0,0.0
2016-02-11 00:00:00-05:00,8.95925376700903,9.04692396732982,8.786221403313107,8.944642066955566,66673000,0.0,0.0
2016-02-12 00:00:00-05:00,9.056153373067868,9.407602089079413,8.900039263608264,9.356077194213867,39965000,0.0,0.0
2016-02-16 00:00:00-05:00,9.479890657631177,9.750591058739241,9.455281863625286,9.708293914794922,38521000,0.0,0.0
2016-02-17 00:00:00-05:00,9.766739833516477,10.060511044097458,9.745976302967044,10.049744606018066,32742000,0.0,0.0
2016-02-18 00:00:00-05:00,10.132802467506131,10.15049081981087,9.695990814900942,9.772125244140625,39202000,0.0,0.0
2016-02-19 00:00:00-05:00,9.770584923109517,9.904396784550523,9.612932882509055,9.89516830444336,31118000,0.0,0.0
2016-02-22 00:00:00-05:00,9.997452585837806,10.184328069180623,9.95823208607044,10.046670913696289,24204000,0.0,0.0
2016-02-23 00:00:00-05:00,10.00975814318617,10.035905634997098,9.848260784152789,9.855951309204102,22352000,0.0,0.0
2016-02-24 00:00:00-05:00,9.729057165183525,10.093579563829742,9.644463619532802,10.023597717285156,25680000,0.0,0.0
2016-02-25 00:00:00-05:00,10.057437051482076,10.18894163699822,9.896709061760408,10.187403678894043,25652000,0.0,0.0
2016-02-26 00:00:00-05:00,10.320445844640833,10.379661259023429,10.170484311204643,10.236620903015137,27142000,0.0,0.0
2016-02-29 00:00:00-05:00,10.254306609719674,10.60652458136039,10.220469341146796,10.302756309509277,35911000,0.0,0.0
2016-03-01 00:00:00-05:00,10.41042203160021,10.661896842311686,10.352744578405165,10.645747184753418,44906000,0.0,0.0
2016-03-02 00:00:00-05:00,10.601146410258535,10.631139165685347,10.385816834856461,10.53347110748291,43834000,0.0,0.0
2016-03-03 00:00:00-05:00,10.593455598313282,10.678049907846262,10.328139082256685,10.561156272888184,59437000,0.0,0.0
2016-03-04 00:00:00-05:00,11.227909089817512,11.370949472001344,10.898761828245668,11.232522964477539,72399000,0.0,0.0
2016-03-07 00:00:00-05:00,11.132546346312276,11.245594689376714,10.810321054726064,11.036417007446289,41363000,0.0,0.0
2016-03-08 00:00:00-05:00,10.942594452300543,10.983352902803455,10.721112383934498,10.738031387329102,33216000,0.0,0.0
2016-03-09 00:00:00-05:00,10.824165719154214,10.96105427307584,10.80263283653012,10.917219161987305,31152000,0.0,0.0
2016-03-10 00:00:00-05:00,11.032572635286638,11.212526930567265,10.92029362884689,11.106400489807129,54546000,0.0,0.0
2016-03-11 00:00:00-05:00,11.227136873240484,11.537057744293936,11.208679912502223,11.44477367401123,55822000,0.0,0.0
2016-03-14 00:00:00-04:00,11.313271458821797,11.47323010711205,11.304811588906995,11.392481803894043,28444000,0.0,0.0
2016-03-15 00:00:00-04:00,11.420166381200946,11.53398334281727,11.234059524968147,11.417859077453613,30891000,0.0,0.0
2016-03-16 00:00:00-04:00,11.377735247501043,11.51739123973905,11.330668899965216,11.468009948730469,34906000,0.049,0.0
2016-03-17 00:00:00-04:00,11.370793202333763,11.706430632893113,11.370793202333763,11.693313598632812,44708000,0.0,0.0
2016-03-18 00:00:00-04:00,11.723405018160426,11.805192584690634,11.64084555843019,11.765841484069824,70568000,0.0,0.0
2016-03-21 00:00:00-04:00,11.77355801478836,11.805193128214093,11.637759993119086,11.79670524597168,28207000,0.0,0.0
2016-03-22 00:00:00-04:00,11.758896299696934,12.00657392011452,11.693311873906145,11.94098949432373,33945000,0.0,0.0
2016-03-23 00:00:00-04:00,11.945617369453753,11.984195830967169,11.754265168698824,11.804417610168457,27577000,0.0,0.0
2016-03-24 00:00:00-04:00,11.709515505232512,11.82756806534796,11.660134946343584,11.805191993713379,25651000,0.0,0.0
2016-03-28 00:00:00-04:00,11.826794453448345,11.84376947799772,11.733432922182342,11.812906265258789,17224000,0.0,0.0
2016-03-29 00:00:00-04:00,11.826026288746155,11.954109066703262,11.741924504208114,11.892382621765137,26765000,0.0,0.0
2016-03-30 00:00:00-04:00,11.959508190156086,12.135428456372829,11.924015821147622,12.108423233032227,26794000,0.0,0.0
2016-03-31 00:00:00-04:00,12.115365360032039,12.142371314822611,11.917069054187982,11.920927047729492,24968000,0.0,0.0
2016-04-01 00:00:00-04:00,11.88543730035243,12.184810453859786,11.66322182714583,12.175551414489746,25671000,0.0,0.0
2016-04-04 00:00:00-04:00,12.190985262610285,12.21644744082546,12.010435070947047,12.037440299987793,17760000,0.0,0.0
2016-04-05 00:00:00-04:00,11.917070368418402,12.117681639678448,11.917070368418402,11.961822509765625,56915000,0.0,0.0
2016-04-06 00:00:00-04:00,11.93636035545023,12.173235887336583,11.859973840803134,12.155488967895508,28149000,0.0,0.0
2016-04-07 00:00:00-04:00,12.150859594146755,12.187123853820033,11.93558824377855,11.957192420959473,22975000,0.0,0.0
2016-04-08 00:00:00-04:00,12.058269685366314,12.106107189866204,11.93172998998657,12.048238754272461,18526000,0.0,0.0
2016-04-11 00:00:00-04:00,12.147001564158904,12.175549835943585,12.005802519787158,12.006573677062988,18568000,0.0,0.0
2016-04-12 00:00:00-04:00,12.037437679215037,12.065214795539628,11.805192024191486,11.99268627166748,16537000,0.0,0.0
2016-04-13 00:00:00-04:00,12.072932009987525,12.318294722848325,12.006575681334514,12.305177688598633,21730000,0.0,0.0
2016-04-14 00:00:00-04:00,12.136201550402806,12.276629461506246,12.036667792859522,12.254253387451172,27549000,0.0,0.0
2016-04-15 00:00:00-04:00,12.201011818028306,12.21721495061497,11.922470991651121,11.997314453125,27685000,0.0,0.0
2016-04-18 00:00:00-04:00,11.986514441245205,12.067530854050675,11.867690712521215,12.028951644897461,15297000,0.0,0.0
2016-04-19 00:00:00-04:00,12.071382505774665,12.096072774590652,11.634667765336081,11.656271934509277,24560000,0.0,0.0
2016-04-20 00:00:00-04:00,11.686370894043856,11.890068320519307,11.60458331328742,11.822940826416016,19435000,0.0,0.0
2016-04-21 00:00:00-04:00,11.797477080177872,11.826797249587404,11.608439765479332,11.677882194519043,16117000,0.0,0.0
2016-04-22 00:00:00-04:00,11.60458031231472,11.800561698115187,11.475726403258216,11.5991792678833,25699000,0.0,0.0
2016-04-25 00:00:00-04:00,11.593005059353635,11.640072139481227,11.478811245678433,11.504273414611816,10870000,0.0,0.0
2016-04-26 00:00:00-04:00,11.688682027761992,11.890836337504942,11.57680241683712,11.632356643676758,26309000,0.0,0.0
2016-04-27 00:00:00-04:00,11.358444551465105,11.832967461975135,11.303662219750336,11.691767692565918,38930000,0.0,0.0
2016-04-28 00:00:00-04:00,11.603809920878051,11.883894581935474,11.367706249935548,11.418630599975586,25520000,0.0,0.0
2016-04-29 00:00:00-04:00,11.289004563825149,11.403199138438223,11.052900897424932,11.245796203613281,35067000,0.0,0.0
2016-05-02 00:00:00-04:00,11.277430338223484,11.329125840182448,11.149347583462403,11.271257400512695,19525000,0.0,0.0
2016-05-03 00:00:00-04:00,11.195641611166845,11.264312132803614,10.981913323043562,11.049040794372559,23986000,0.0,0.0
2016-05-04 00:00:00-04:00,10.995801166777607,11.143173126322965,10.900124698728568,10.961851119995117,20888000,0.0,0.0
2016-05-05 00:00:00-04:00,11.096880242706126,11.180210855105715,10.963396442733188,11.001204490661621,16841000,0.0,0.0
2016-05-06 00:00:00-04:00,10.93793659531512,10.995033890085827,10.738869060694219,10.947967529296875,30027000,0.0,0.0
2016-05-09 00:00:00-04:00,10.956452912968562,11.10459680386239,10.899356363226026,10.987316131591797,17300000,0.0,0.0
2016-05-10 00:00:00-04:00,10.995034806704382,11.198732246556052,10.917876373375023,11.157838821411133,18461000,0.0,0.0
2016-05-11 00:00:00-04:00,11.117712602957704,11.282058874356649,11.072960462628615,11.099194526672363,16716000,0.0,0.0
2016-05-12 00:00:00-04:00,11.116171131108228,11.167095483576752,10.76510170921652,10.8823823928833,26452000,0.0,0.0
2016-05-13 00:00:00-04:00,10.874665521254457,11.043641701114824,10.772816824580417,10.805994987487793,21716000,0.0,0.0
2016-05-16 00:00:00-04:00,10.869265242610664,11.08145053286588,10.855377050571306,11.006607055664062,20373000,0.0,0.0
2016-05-17 00:00:00-04:00,10.995802747853622,11.032838164436649,10.792876538487613,10.892410278320312,21248000,0.0,0.0
2016-05-18 00:00:00-04:00,10.843031981425037,11.191786457955597,10.827600002756556,11.101511001586914,22620000,0.0,0.0
2016-05-19 00:00:00-04:00,11.035926832148109,11.161693920948517,10.888554826959812,11.013550758361816,17478000,0.0,0.0
2016-05-20 00:00:00-04:00,11.12080078229488,11.393940618963002,11.088394510657082,11.321412086486816,25889000,0.0,0.0
2016-05-23 00:00:00-04:00,11.434061442790203,11.599951510567967,11.410142320776824,11.427117347717285,17609000,0.0,0.0
2016-05-24 00:00:00-04:00,11.465697468588507,11.7033449366345,11.446408231070293,11.683283805847168,19907000,0.0,0.0
2016-05-25 00:00:00-04:00,11.715689730360921,11.882350974517054,11.611526084844728,11.849173545837402,21737000,0.0,0.0
2016-05-26 00:00:00-04:00,11.86460443739486,11.901640595373177,11.714146333323049,11.80673599243164,18431000,0.0,0.0
2016-05-27 00:00:00-04:00,11.805193298877557,11.87694993733437,11.763527987810358,11.828340530395508,18693000,0.0,0.0
2016-05-31 00:00:00-04:00,11.882350521524364,11.955650943630637,11.828340071465632,11.910127639770508,32058000,0.0,0.0
2016-06-01 00:00:00-04:00,11.836823606746558,11.984195563381697,11.831422563388317,11.94175910949707,30777000,0.0,0.0
2016-06-02 00:00:00-04:00,11.975710513432976,11.99962963415457,11.835282625731333,11.952563285827637,46746000,0.0,0.0
2016-06-03 00:00:00-04:00,12.790499713119003,12.808246631875926,12.437888054835573,12.54282283782959,82985000,0.0,0.0
2016-06-06 00:00:00-04:00,12.607635730522963,12.6493002990089,12.423998751248352,12.564427375793457,34010000,0.0,0.0
2016-06-07 00:00:00-04:00,12.603005499074902,12.804387920439439,12.562112088991107,12.718742370605469,32340000,0.0,0.0
2016-06-08 00:00:00-04:00,12.660876314005645,12.701769729397231,12.603007134892101,12.63078498840332,25620000,0.0,0.0
2016-06-09 00:00:00-04:00,12.51041664060298,12.734945554167986,12.508872854395415,12.664731979370117,29143000,0.0,0.0
2016-06-10 00:00:00-04:00,12.512730540449034,12.575229601369614,12.345298164049527,12.408568382263184,26657000,0.0,0.0
2016-06-13 00:00:00-04:00,12.356102176354565,12.518906162665488,12.317522966418766,12.346071243286133,21568000,0.0,0.0
2016-06-14 00:00:00-04:00,12.288977270522468,12.386196105274692,12.201016741695557,12.267373085021973,25669000,0.0,0.0
2016-06-15 00:00:00-04:00,12.292914049480947,12.393535414099963,12.243376957485866,12.260405540466309,30884000,0.05,0.0
2016-06-16 00:00:00-04:00,12.155908615283508,12.294457258840163,12.043676795510555,12.278203010559082,22804000,0.0,0.0
2016-06-17 00:00:00-04:00,12.304521817896488,12.364895066169451,11.991819409264094,12.074639320373535,43333000,0.0,0.0
2016-06-20 00:00:00-04:00,12.260405080566423,12.353286847763604,12.128048064053342,12.146624565124512,20265000,0.0,0.0
2016-06-21 00:00:00-04:00,12.199253032166034,12.260400597653986,12.044450143439777,12.059930801391602,16126000,0.0,0.0
2016-06-22 00:00:00-04:00,12.053741680437124,12.165199938372291,11.98175792999955,12.008074760437012,16039000,0.0,0.0
2016-06-23 00:00:00-04:00,12.179129969423443,12.278204124451076,12.072316222720591,12.277430534362793,24435000,0.0,0.0
2016-06-24 00:00:00-04:00,11.765032195343244,11.987175090198514,11.48638695822037,11.511155128479004,64177000,0.0,0.0
2016-06-27 00:00:00-04:00,11.339323940527272,11.397375679018886,11.011915944332529,11.117181777954102,37864000,0.0,0.0
2016-06-28 00:00:00-04:00,11.35480443419989,11.604811338998177,11.345516185703989,11.592427253723145,37233000,0.0,0.0
2016-06-29 00:00:00-04:00,11.765805859804518,12.047546917774818,11.670601872831837,11.997236251831055,47860000,0.0,0.0
2016-06-30 00:00:00-04:00,11.997236707182278,12.170616110267044,11.932993297927066,12.028197288513184,42626000,0.0,0.0
2016-07-01 00:00:00-04:00,11.956216852121479,12.06457928579248,11.890426244508255,11.936866760253906,19779000,0.0,0.0
2016-07-05 00:00:00-04:00,11.732522151524119,11.74258398869341,11.573849097879005,11.669053077697754,26321000,0.0,0.0
2016-07-06 00:00:00-04:00,11.56069387771701,11.708530806842356,11.390410283567185,11.6589937210083,20603000,0.0,0.0
2016-07-07 00:00:00-04:00,11.62106684051476,11.842435433543582,11.62106684051476,11.686858177185059,19248000,0.0,0.0
2016-07-08 00:00:00-04:00,11.815345240548389,12.0165886817392,11.760390070873795,12.008074760437012,26741000,0.0,0.0
2016-07-11 00:00:00-04:00,12.159780522014033,12.26582068420119,12.096311437990936,12.17990493774414,25201000,0.0,0.0
2016-07-12 00:00:00-04:00,12.274335916380766,12.454681348938545,12.2487934143842,12.275110244750977,20306000,0.0,0.0
2016-07-13 00:00:00-04:00,12.299877910380571,12.413658410269154,12.178357817902528,12.183775901794434,15734000,0.0,0.0
2016-07-14 00:00:00-04:00,12.349416177099341,12.466293263381743,12.296008923242324,12.445394515991211,23550000,0.0,0.0
2016-07-15 00:00:00-04:00,12.47016011422895,12.505764450670858,12.357927545294721,12.474029541015625,19259000,0.0,0.0
2016-07-18 00:00:00-04:00,12.571556240070397,12.670630393643648,12.535176838017733,12.564589500427246,14626000,0.0,0.0
2016-07-19 00:00:00-04:00,12.498026469956505,12.539050373717922,12.367992446518125,12.42526912689209,14797000,0.0,0.0
2016-07-20 00:00:00-04:00,12.508087187737464,12.676049252677974,12.455453532946182,12.590907096862793,18064000,0.0,0.0
2016-07-21 00:00:00-04:00,12.617223535260155,12.653601462100898,12.370312472062201,12.415979385375977,19530000,0.0,0.0
2016-07-22 00:00:00-04:00,12.352513107258531,12.407469022802353,12.128048641308576,12.358705520629883,19664000,0.0,0.0
2016-07-25 00:00:00-04:00,12.356381849046356,12.438427441426308,12.327743509092196,12.367218017578125,9627000,0.0,0.0
2016-07-26 00:00:00-04:00,12.493381597924785,12.65515051297353,12.412883935462677,12.650506019592285,28631000,0.0,0.0
2016-07-27 00:00:00-04:00,12.844010439272965,12.972497269101904,12.594003520009,12.822338104248047,30493000,0.0,0.0
2016-07-28 00:00:00-04:00,12.771252628512881,12.923734034491916,12.687659128481405,12.711653709411621,19512000,0.0,0.0
2016-07-29 00:00:00-04:00,12.688430240366253,12.74415972160809,12.46938469425126,12.537497520446777,26030000,0.0,0.0
2016-08-01 00:00:00-04:00,12.599419813378333,12.684561961058668,12.531306981024198,12.655922889709473,17876000,0.0,0.0
2016-08-02 00:00:00-04:00,12.624189202312591,12.693077107693865,12.559945790316286,12.607934951782227,22689000,0.0,0.0
2016-08-03 00:00:00-04:00,12.52975795381728,12.705460326964761,12.483317454782709,12.702363014221191,15019000,0.0,0.0
2016-08-04 00:00:00-04:00,12.714751727391201,12.926058498588349,12.709333642907103,12.925283432006836,19978000,0.0,0.0
2016-08-05 00:00:00-04:00,12.999586643009266,13.173740375687979,12.943857153288683,13.167547225952148,25594000,0.0,0.0
2016-08-08 00:00:00-04:00,13.15825556275115,13.253458785864616,12.992615802382629,13.030542373657227,19084000,0.0,0.0
2016-08-09 00:00:00-04:00,13.07621657154128,13.326223531355389,13.057641546778925,13.248823165893555,32743000,0.0,0.0
2016-08-10 00:00:00-04:00,13.25269083514817,13.326996829607333,13.145876337192412,13.301453590393066,19523000,0.0,0.0
2016-08-11 00:00:00-04:00,13.318484939148863,13.40285204780239,13.227924679134784,13.320032119750977,15745000,0.0,0.0
2016-08-12 00:00:00-04:00,13.323126604930602,13.36105319427583,13.26507633557896,13.349443435668945,16530000,0.0,0.0
2016-08-15 00:00:00-04:00,13.419101743106689,13.607961054618261,13.351762501858019,13.587063789367676,25807000,0.0,0.0
2016-08-16 00:00:00-04:00,13.530563234347724,13.544495239215609,13.320803665878557,13.344024658203125,19069000,0.0,0.0
2016-08-17 00:00:00-04:00,13.332412569679958,13.412135157722814,13.294485988934769,13.39278507232666,16613000,0.0,0.0
2016-08-18 00:00:00-04:00,13.376532372795396,13.481798207754599,13.362600368749142,13.462448120117188,21120000,0.0,0.0
2016-08-19 00:00:00-04:00,13.481798494521268,13.549912812244983,13.423748230374269,13.539850234985352,15349000,0.0,0.0
2016-08-22 00:00:00-04:00,13.545267654900112,13.646664060046449,13.47251032350576,13.6172513961792,15393000,0.0,0.0
2016-08-23 00:00:00-04:00,13.678396487079928,13.736446737842346,13.631954514889898,13.726384162902832,19741000,0.0,0.0
2016-08-24 00:00:00-04:00,13.7441909630635,13.753478474344499,13.496506279764247,13.568490028381348,21802000,0.0,0.0
2016-08-25 00:00:00-04:00,13.585516017439863,13.710906998691105,13.521272608478549,13.625764846801758,18735000,0.0,0.0
2016-08-26 00:00:00-04:00,13.686913986809506,13.827784167553123,13.555331317143839,13.712455749511719,22586000,0.0,0.0
2016-08-29 00:00:00-04:00,13.72329490013799,13.830109420495715,13.69233504683163,13.731035232543945,16726000,0.0,0.0
2016-08-30 00:00:00-04:00,13.789852667173655,13.887378142171393,13.618021224758628,13.700067520141602,27838000,0.0,0.0
2016-08-31 00:00:00-04:00,13.70781312032623,13.802244282207317,13.572361005033416,13.655180931091309,32753000,0.0,0.0
2016-09-01 00:00:00-04:00,13.690780816157282,13.751928383848256,13.531334167195979,13.707035064697266,39128000,0.0,0.0
2016-09-02 00:00:00-04:00,13.70007108452467,13.726386434874604,13.065377313058045,13.398979187011719,80668000,0.0,0.0
2016-09-06 00:00:00-04:00,13.438455425084396,13.467868093895406,13.130398207289975,13.243404388427734,36132000,0.0,0.0
2016-09-07 00:00:00-04:00,13.268173599064756,13.313066934190308,12.981013629693637,13.073121070861816,31437000,0.0,0.0
2016-09-08 00:00:00-04:00,13.033645359171416,13.06770104336748,12.892000109466576,13.032870292663574,18680000,0.0,0.0
2016-09-09 00:00:00-04:00,12.874195011263613,12.929924498175023,12.436102398148025,12.444616317749023,45022000,0.0,0.0
2016-09-12 00:00:00-04:00,12.316906611921956,12.751903460559982,12.2874939453161,12.73100471496582,35673000,0.0,0.0
2016-09-13 00:00:00-04:00,12.731003924590715,12.953920419015834,12.717071920498594,12.78982925415039,36003000,0.0,0.0
2016-09-14 00:00:00-04:00,12.789055207474982,13.152841862747728,12.77512172756319,13.128073692321777,40324000,0.0,0.0
2016-09-15 00:00:00-04:00,13.145929420268127,13.430848718972795,13.058201232194772,13.409111022949219,36322000,0.051,0.0
2016-09-16 00:00:00-04:00,13.385821627203192,13.430072942944863,13.186299783217644,13.294212341308594,83067000,0.0,0.0
2016-09-19 00:00:00-04:00,13.318278931686171,13.475877225367967,13.151363636558862,13.254617691040039,28306000,0.0,0.0
2016-09-20 00:00:00-04:00,13.369516440216715,13.369516440216715,13.055870255007797,13.060528755187988,18722000,0.0,0.0
2016-09-21 00:00:00-04:00,13.07295308487076,13.199498168329008,13.012397014848585,13.184746742248535,17977000,0.0,0.0
2016-09-22 00:00:00-04:00,13.273251155113382,13.294988852336271,13.04810902728253,13.107889175415039,20619000,0.0,0.0
2016-09-23 00:00:00-04:00,13.097020708741915,13.122639503743322,12.84936495321361,12.93786907196045,26875000,0.0,0.0
2016-09-26 00:00:00-04:00,12.817535264083734,12.982897260659058,12.6358685121576,12.940975189208984,32033000,0.0,0.0
2016-09-27 00:00:00-04:00,12.95650142745761,13.266265134060689,12.888959076451659,13.264713287353516,25353000,0.0,0.0
2016-09-28 00:00:00-04:00,13.336136349327417,13.408337199901542,13.180867279234691,13.252290725708008,20843000,0.0,0.0
2016-09-29 00:00:00-04:00,13.19794426396926,13.507707909648959,13.15834996917728,13.38892650604248,38570000,0.0,0.0
2016-09-30 00:00:00-04:00,13.430850681935164,13.558949107169944,13.38737528353394,13.393587112426758,34220000,0.0,0.0
2016-10-03 00:00:00-04:00,13.431628874160193,13.499947149832323,13.176209412795961,13.203381538391113,22807000,0.0,0.0
2016-10-04 00:00:00-04:00,13.245303860386764,13.267817482136923,13.048887170236155,13.12419319152832,19596000,0.0,0.0
2016-10-05 00:00:00-04:00,13.314397641121268,13.51702467291342,13.250737875091286,13.468114852905273,26149000,0.0,0.0
2016-10-06 00:00:00-04:00,13.454138707029292,13.558946082266054,13.29576301906467,13.523234367370605,21014000,0.0,0.0
2016-10-07 00:00:00-04:00,13.576809162467487,13.582243588649975,13.383497590458939,13.524792671203613,21842000,0.0,0.0
2016-10-10 00:00:00-04:00,13.5651588336491,13.655992204443196,13.489852813220935,13.56826400756836,16336000,0.0,0.0
2016-10-11 00:00:00-04:00,13.60863243440283,13.624935705904955,13.16145487210249,13.288777351379395,26181000,0.0,0.0
2016-10-12 00:00:00-04:00,13.25616991432908,13.28023685836659,13.073727285831353,13.234432220458984,21740000,0.0,0.0
2016-10-13 00:00:00-04:00,13.102455465262747,13.190182182188243,12.949514172344475,13.115652084350586,22373000,0.0,0.0
2016-10-14 00:00:00-04:00,13.19639304052798,13.402902664158757,13.146707293894103,13.204934120178223,19570000,0.0,0.0
2016-10-17 00:00:00-04:00,13.17465410333407,13.271697817509168,13.099348086364943,13.110994338989258,12741000,0.0,0.0
2016-10-18 00:00:00-04:00,13.24840721121122,13.420756928532134,13.239867613818015,13.366411209106445,14167000,0.0,0.0
2016-10-19 00:00:00-04:00,13.288777290533897,13.37495214829897,13.206483529445611,13.343121528625488,20440000,0.0,0.0
2016-10-20 00:00:00-04:00,13.326816425398478,13.553510347860646,13.277129213994758,13.462677001953125,18961000,0.0,0.0
2016-10-21 00:00:00-04:00,13.375728930744522,13.461903794045515,13.25228902156696,13.424638748168945,15842000,0.0,0.0
2016-10-24 00:00:00-04:00,13.520906452805868,13.741390072235271,13.474325886133443,13.706454277038574,19772000,0.0,0.0
2016-10-25 00:00:00-04:00,13.666084660931963,13.70257230419223,13.470443903041058,13.48131275177002,21622000,0.0,0.0
2016-10-26 00:00:00-04:00,13.364862909252333,13.569043300759152,13.283346529636628,13.430851936340332,21075000,0.0,0.0
2016-10-27 00:00:00-04:00,13.532549653673355,13.605526409272517,13.336133003987847,13.371846199035645,19840000,0.0,0.0
2016-10-28 00:00:00-04:00,13.39125851095651,13.420759887126229,13.123416874577513,13.147483825683594,20651000,0.0,0.0
2016-10-31 00:00:00-04:00,13.197943092279472,13.326817409135325,13.096240892740294,13.219680786132812,20317000,0.0,0.0
2016-11-01 00:00:00-04:00,13.253842287306885,13.318279453675839,12.87420704045117,13.104782104492188,28452000,0.0,0.0
2016-11-02 00:00:00-04:00,13.42385962193734,13.52012738735358,13.183191689165906,13.396687507629395,43501000,0.0,0.0
2016-11-03 00:00:00-04:00,13.388150719600675,13.61251543084151,13.364859696408159,13.430072784423828,20654000,0.0,0.0
2016-11-04 00:00:00-04:00,13.228998766086766,13.549629774158609,13.215800668017472,13.366411209106445,21753000,0.0,0.0
2016-11-07 00:00:00-05:00,13.538761314973558,13.809708073610539,13.517023618887213,13.738283157348633,26126000,0.0,0.0
2016-11-08 00:00:00-05:00,13.746824652457802,13.820577340590745,13.594659294471388,13.741390228271484,18923000,0.0,0.0
2016-11-09 00:00:00-05:00,13.312066308995266,13.702570365496625,13.28799936439057,13.463454246520996,32506000,0.0,0.0
2016-11-10 00:00:00-05:00,13.486747696403524,13.54730377077919,12.67779139661087,13.038018226623535,51217000,0.0,0.0
2016-11-11 00:00:00-05:00,12.992212830662764,13.197945029332573,12.866443668645575,13.006962776184082,29793000,0.0,0.0
2016-11-14 00:00:00-05:00,12.92389671141798,13.024823030957588,12.656056520215115,12.715059280395508,28187000,0.0,0.0
2016-11-15 00:00:00-05:00,12.796573128062718,13.003858671027803,12.701858657336027,12.922342300415039,25380000,0.0,0.0
2016-11-16 00:00:00-05:00,12.910692345129608,13.055869923987375,12.867994363791368,13.029475212097168,13333000,0.0,0.0
2016-11-17 00:00:00-05:00,12.992214227971674,13.12186450093215,12.888958675139124,12.968147277832031,18100000,0.0,0.0
2016-11-18 00:00:00-05:00,12.945629791746898,13.132730933583227,12.945629791746898,13.055095672607422,19524000,0.0,0.0
2016-11-21 00:00:00-05:00,13.130403766068916,13.412217927536771,13.130403766068916,13.39824390411377,21384000,0.0,0.0
2016-11-22 00:00:00-05:00,13.486746519693133,13.773996554538117,13.4549158983163,13.742941856384277,31024000,0.0,0.0
2016-11-23 00:00:00-05:00,13.691702986399005,13.800391469965067,13.604752199546153,13.747600555419922,22123000,0.0,0.0
2016-11-25 00:00:00-05:00,13.724309345350143,13.742941868104436,13.630370808355027,13.721980094909668,8198000,0.0,0.0
2016-11-28 00:00:00-05:00,13.668414412175546,13.746825606702446,13.550408918355783,13.558948516845703,26570000,0.0,0.0
2016-11-29 00:00:00-05:00,13.497615692208033,13.739837012857743,13.464233223583113,13.621055603027344,18514000,0.0,0.0
2016-11-30 00:00:00-05:00,13.595435154552465,13.655991224325511,13.232104658992299,13.23598575592041,31249000,0.0,0.0
2016-12-01 00:00:00-05:00,13.1987215544112,13.23598660269102,12.515534432103111,12.63819694519043,46389000,0.0,0.0
2016-12-02 00:00:00-05:00,12.698752932145428,12.803560324428311,12.46972970029089,12.749216079711914,26945000,0.0,0.0
2016-12-05 00:00:00-05:00,12.888182081924953,12.93476265235457,12.607919774518878,12.897499084472656,21372000,0.0,0.0
2016-12-06 00:00:00-05:00,12.950291257757765,13.040348714188017,12.6894373726874,12.791139602661133,39184000,0.0,0.0
2016-12-07 00:00:00-05:00,12.791137566348361,13.085373878479004,12.706516029248993,13.085373878479004,32659000,0.0,0.0
2016-12-08 00:00:00-05:00,13.16300820071434,13.305080624369776,13.004632505554955,13.253064155578613,38361000,0.0,0.0
2016-12-09 00:00:00-05:00,14.04804473868163,14.121798894487645,13.733624114941954,13.903644561767578,75744000,0.0,0.0
2016-12-12 00:00:00-05:00,13.822908955634743,14.03407561178829,13.707232700694144,13.831448554992676,37194000,0.0,0.0
2016-12-13 00:00:00-05:00,13.876472418284525,14.124904039780562,13.819021532255848,13.930816650390625,69076000,0.0,0.0
2016-12-14 00:00:00-05:00,13.956583554481051,13.99328127637047,13.759824374473267,13.868353843688965,46795000,0.102,0.0
2016-12-15 00:00:00-05:00,13.92223193809039,14.14788083973196,13.786374977285519,14.05496597290039,38103000,0.0,0.0
2016-12-16 00:00:00-05:00,14.112743493487137,14.139289105632733,13.85742459401576,13.930818557739258,41541000,0.0,0.0
2016-12-19 00:00:00-05:00,13.981569854562132,14.164275144963566,13.907395533550229,14.090099334716797,22219000,0.0,0.0
2016-12-20 00:00:00-05:00,14.132265219520763,14.31028392139468,14.065117095937326,14.21580982208252,27352000,0.0,0.0
2016-12-21 00:00:00-05:00,14.345421156912037,14.365722412869038,14.19316769417582,14.232988357543945,21013000,0.0,0.0
2016-12-22 00:00:00-05:00,14.276707941183702,14.288419284202227,14.005774419734747,14.101030349731445,17557000,0.0,0.0
2016-12-23 00:00:00-05:00,14.058088171787437,14.20878088481772,14.02763778336855,14.205657958984375,8977000,0.0,0.0
2016-12-27 00:00:00-05:00,14.218931496664943,14.343077106136706,14.214246363302042,14.23454761505127,8283000,0.0,0.0
2016-12-28 00:00:00-05:00,14.260314980429676,14.288422806296666,14.041693758372892,14.069021224975586,14039000,0.0,0.0
2016-12-29 00:00:00-05:00,14.030758547190146,14.106495071609771,13.947215454007587,14.044032096862793,13671000,0.0,0.0
2016-12-30 00:00:00-05:00,14.083076632091407,14.12445801164213,13.74343270836393,13.801992416381836,25421000,0.0,0.0
2017-01-03 00:00:00-05:00,13.920669659893667,14.124455078266731,13.784030865974193,13.924572944641113,32098000,0.0,0.0
2017-01-04 00:00:00-05:00,13.918325150787512,13.97610299024229,13.794959925003175,13.825411796569824,23965000,0.0,0.0
2017-01-05 00:00:00-05:00,13.767631137587585,13.819944969797708,13.576338956211183,13.607569694519043,24861000,0.0,0.0
2017-01-06 00:00:00-05:00,13.602109860977233,13.812142657623061,13.531838809014374,13.787938117980957,23142000,0.0,0.0
2017-01-09 00:00:00-05:00,13.792622029294224,13.921451286982913,13.79184018088558,13.817606925964355,20265000,0.0,0.0
2017-01-10 00:00:00-05:00,13.858207410353709,14.111962630902092,13.812140903882062,14.098689079284668,30181000,0.0,0.0
2017-01-11 00:00:00-05:00,14.058087210663057,14.09088165275863,13.8792866881219,14.00889778137207,18787000,0.0,0.0
2017-01-12 00:00:00-05:00,13.90505710653964,13.983916583918468,13.695025783042047,13.965177536010742,23137000,0.0,0.0
2017-01-13 00:00:00-05:00,13.968298446461347,14.115086392857057,13.928479278485286,14.08932113647461,20902000,0.0,0.0
2017-01-17 00:00:00-05:00,14.013584151591076,14.025295496008113,13.863673283959816,13.984694480895996,26316000,0.0,0.0
2017-01-18 00:00:00-05:00,14.082290970115979,14.4500426201334,14.054183151850696,14.446139335632324,35642000,0.0,0.0
2017-01-19 00:00:00-05:00,14.452390156678549,14.591370066928235,14.419597194346668,14.488306045532227,45718000,0.0,0.0
2017-01-20 00:00:00-05:00,14.725659598374161,14.955210229730142,14.68661931161539,14.919294357299805,57623000,0.0,0.0
2017-01-23 00:00:00-05:00,14.913831964351502,14.954432977474482,14.711607257863484,14.91305160522461,33394000,0.0,0.0
2017-01-24 00:00:00-05:00,15.047348768000457,15.587655217715188,15.012995090071582,15.440085411071777,62008000,0.0,0.0
2017-01-25 00:00:00-05:00,15.609513250417397,15.817983789300582,15.461943481024434,15.809393882751465,60888000,0.0,0.0
2017-01-26 00:00:00-05:00,15.962436369505047,16.027241942076788,15.703995927862271,15.941354751586914,38820000,0.0,0.0
2017-01-27 00:00:00-05:00,16.035828748388454,16.067841351746154,15.892163702179195,16.061594009399414,25780000,0.0,0.0
2017-01-30 00:00:00-05:00,15.963212360134277,15.99600531714977,15.663390613354016,15.867176055908203,33234000,0.0,0.0
2017-01-31 00:00:00-05:00,15.808614429112499,15.808614429112499,15.52674991353457,15.57672119140625,26749000,0.0,0.0
2017-02-01 00:00:00-05:00,15.791434971178006,15.965550332627897,15.632153876341773,15.903867721557617,31184000,0.0,0.0
2017-02-02 00:00:00-05:00,15.76957513747936,16.008496067407986,15.693838608529708,15.931979179382324,22712000,0.0,0.0
2017-02-03 00:00:00-05:00,16.002249478690253,16.13107871433282,15.852337145853333,16.096723556518555,24367000,0.0,0.0
2017-02-06 00:00:00-05:00,16.09595141197856,16.135772081865024,15.951505986409241,16.12796401977539,18716000,0.0,0.0
2017-02-07 00:00:00-05:00,16.17871085296094,16.193545124041588,16.000690664582425,16.077207565307617,22840000,0.0,0.0
2017-02-08 00:00:00-05:00,16.08189290247956,16.298951903172437,16.018649553623803,16.153724670410156,21069000,0.0,0.0
2017-02-09 00:00:00-05:00,16.188079769286322,16.21618759327644,15.89918900185243,16.032703399658203,27519000,0.0,0.0
2017-02-10 00:00:00-05:00,16.084234834536797,16.123273643058027,15.916365277272345,16.046756744384766,23842000,0.0,0.0
2017-02-13 00:00:00-05:00,16.145136818853803,16.17090356621919,16.01943047593898,16.139671325683594,12463000,0.0,0.0
2017-02-14 00:00:00-05:00,16.161529073855263,16.16231092212892,15.990536622554119,16.031919479370117,17357000,0.0,0.0
2017-02-15 00:00:00-05:00,16.070180580049737,16.157628462381336,15.990539267867701,16.083454132080078,17088000,0.0,0.0
2017-02-16 00:00:00-05:00,16.120149795832397,16.2575689554581,16.02020872421689,16.254446029663086,17188000,0.0,0.0
2017-02-17 00:00:00-05:00,16.318468567436067,16.428560256958008,16.148256465252636,16.428560256958008,30945000,0.0,0.0
2017-02-21 00:00:00-05:00,16.474625980110737,16.679191743140656,16.46759828097969,16.611263275146484,30333000,0.0,0.0
2017-02-22 00:00:00-05:00,16.630781255139635,16.781473935563184,16.51366337093845,16.72135353088379,23949000,0.0,0.0
2017-02-23 00:00:00-05:00,16.793181344366847,16.861891638681566,16.368433837710942,16.44182777404785,29364000,0.0,0.0
2017-02-24 00:00:00-05:00,16.270061977508817,16.447301806166998,15.819547504197274,16.425439834594727,27651000,0.0,0.0
2017-02-27 00:00:00-05:00,16.448854049352715,16.66591293482997,16.411375977614963,16.652639389038086,26991000,0.0,0.0
2017-02-28 00:00:00-05:00,16.719792337559998,16.735408453529686,16.41997065496284,16.469160079956055,27548000,0.0,0.0
2017-03-01 00:00:00-05:00,16.636248859712,16.817391944975515,16.440271505756826,16.79787254333496,51155000,0.0,0.0
2017-03-02 00:00:00-05:00,17.49823889474435,17.566167365696494,16.86658140618011,16.965742111206055,71171000,0.0,0.0
2017-03-03 00:00:00-05:00,17.021179080874465,17.177337288280118,16.99775639222814,17.046165466308594,30747000,0.0,0.0
2017-03-06 00:00:00-05:00,16.89390986316243,17.062561256489044,16.800216133882625,17.016494750976562,22771000,0.0,0.0
2017-03-07 00:00:00-05:00,16.969645825176,17.28430329417937,16.950126423003482,17.118776321411133,29129000,0.0,0.0
2017-03-08 00:00:00-05:00,17.116437834517054,17.274156772438555,17.064123982126194,17.148448944091797,24532000,0.0,0.0
2017-03-09 00:00:00-05:00,17.08208168715613,17.400642470804392,17.030549686181036,17.33427619934082,25675000,0.0,0.0
2017-03-10 00:00:00-05:00,17.39048901866036,17.677818982451505,17.39048901866036,17.673133850097656,39430000,0.0,0.0
2017-03-13 00:00:00-04:00,17.63487984166939,17.782448144781167,17.595839544302603,17.680946350097656,26669000,0.0,0.0
2017-03-14 00:00:00-04:00,17.54899372385839,17.667673852159048,17.45139520847025,17.51698112487793,22165000,0.0,0.0
2017-03-15 00:00:00-04:00,17.51542054554936,17.696563665567773,17.430313733999952,17.64034652709961,20727000,0.0,0.0
2017-03-16 00:00:00-04:00,17.6850451081173,17.71171259706912,17.37837197714817,17.44033432006836,27835000,0.102,0.0
2017-03-17 00:00:00-04:00,17.531322173693685,17.546225215364828,17.32190616402344,17.347789764404297,51635000,0.0,0.0
2017-03-20 00:00:00-04:00,17.347790719412846,17.462302693972116,17.316416837949973,17.352497100830078,17215000,0.0,0.0
2017-03-21 00:00:00-04:00,17.430929130298676,17.488969011895122,16.903859326864822,16.94307518005371,30557000,0.0,0.0
2017-03-22 00:00:00-04:00,16.943074165709717,17.127391955838384,16.89366165509393,17.052881240844727,19131000,0.0,0.0
2017-03-23 00:00:00-04:00,17.040331197648104,17.134451332985055,16.97523174903771,17.00895881652832,19223000,0.0,0.0
2017-03-24 00:00:00-04:00,17.099157212449477,17.36504380135416,17.077979994079595,17.17445182800293,23794000,0.0,0.0
2017-03-27 00:00:00-04:00,17.006605874084624,17.26935536675002,16.93915323410882,17.180727005004883,15358000,0.0,0.0
2017-03-28 00:00:00-04:00,17.138372290810132,17.394847602187447,17.125822440790042,17.329748153686523,17929000,0.0,0.0
2017-03-29 00:00:00-04:00,17.317983299317525,17.361121631282323,17.23013883916449,17.35798454284668,15927000,0.0,0.0
2017-03-30 00:00:00-04:00,17.404264855726733,17.604268137617527,17.165828115726267,17.258378982543945,34168000,0.0,0.0
2017-03-31 00:00:00-04:00,17.254454298286852,17.33288749837758,17.100724986750798,17.173667907714844,25897000,0.0,0.0
2017-04-03 00:00:00-04:00,17.17680449246667,17.254453792115367,16.993272096188832,17.161117553710938,19210000,0.0,0.0
2017-04-04 00:00:00-04:00,17.11170554500417,17.287395973046962,17.088960530333292,17.173667907714844,12634000,0.0,0.0
2017-04-05 00:00:00-04:00,17.219162223153052,17.29445685080988,17.00425590823697,17.03013801574707,15690000,0.0,0.0
2017-04-06 00:00:00-04:00,16.996412055562892,17.135238345423392,16.909351475548867,17.059158325195312,14615000,0.0,0.0
2017-04-07 00:00:00-04:00,17.059151882275565,17.242684240236688,17.023073127460727,17.117977142333984,16412000,0.0,0.0
2017-04-10 00:00:00-04:00,17.025430535650493,17.18072764501399,16.961898880009375,17.09994125366211,17994000,0.0,0.0
2017-04-11 00:00:00-04:00,16.985430116167365,17.129746674198998,16.78699466187525,17.063077926635742,22219000,0.0,0.0
2017-04-12 00:00:00-04:00,16.915623441258425,16.952487599140543,16.348553897926056,16.40816307067871,61026000,0.0,0.0
2017-04-13 00:00:00-04:00,16.40894435207816,16.78228477242139,16.39247351718016,16.574438095092773,42579000,0.0,0.0
2017-04-17 00:00:00-04:00,16.657577128755268,16.812874208230753,16.64267409042781,16.77444076538086,14507000,0.0,0.0
2017-04-18 00:00:00-04:00,16.710911297420623,16.7618930946312,16.632478108478658,16.714048385620117,8486000,0.0,0.0
2017-04-19 00:00:00-04:00,16.76738732128504,16.8497415158716,16.726602173110408,16.75562286376953,12081000,0.0,0.0
2017-04-20 00:00:00-04:00,16.863074416056378,17.186218496230765,16.801897444871873,17.114843368530273,16916000,0.0,0.0
2017-04-21 00:00:00-04:00,17.052877027175388,17.1242506359844,16.954050534374463,17.071701049804688,14683000,0.0,0.0
2017-04-24 00:00:00-04:00,17.309358761813133,17.40426280845261,17.230141655905086,17.352497100830078,17531000,0.0,0.0
2017-04-25 00:00:00-04:00,17.413674726545363,17.568971855220862,17.40818444668293,17.5062255859375,14848000,0.0,0.0
2017-04-26 00:00:00-04:00,17.528967784138636,17.563477251355607,17.323472793034412,17.38700294494629,14726000,0.0,0.0
2017-04-27 00:00:00-04:00,17.481905989450755,17.576026112909954,17.41680654905577,17.49759292602539,11850000,0.0,0.0
2017-04-28 00:00:00-04:00,17.47720130791789,17.50151411510529,17.237195364311212,17.31876564025879,16490000,0.0,0.0
2017-05-01 00:00:00-04:00,17.419157701598117,17.432491446528026,17.248173703307494,17.3587646484375,15339000,0.0,0.0
2017-05-02 00:00:00-04:00,17.52661629249747,17.68661828289225,17.372886983308863,17.682697296142578,27277000,0.0,0.0
2017-05-03 00:00:00-04:00,17.60897030859702,17.740737004356713,17.53367419902644,17.639558792114258,18002000,0.0,0.0
2017-05-04 00:00:00-04:00,17.667792132580452,17.71485294385536,17.40112168196594,17.521907806396484,16245000,0.0,0.0
2017-05-05 00:00:00-04:00,17.6442661292196,17.764268375358416,17.572892498481554,17.761131286621094,23128000,0.0,0.0
2017-05-08 00:00:00-04:00,17.766621154556397,17.812111184177706,17.557989050471377,17.653676986694336,17448000,0.0,0.0
2017-05-09 00:00:00-04:00,17.696031528131723,17.99250810053418,17.62465789862475,17.918781280517578,19261000,0.0,0.0
2017-05-10 00:00:00-04:00,17.999568092101203,18.307809153874732,17.936821823791043,18.143884658813477,24433000,0.0,0.0
2017-05-11 00:00:00-04:00,18.09289523019389,18.184660647678598,17.90151793666156,18.125051498413086,14823000,0.0,0.0
2017-05-12 00:00:00-04:00,18.155645462945195,18.514082839304027,18.105447564941777,18.50702476501465,25852000,0.0,0.0
2017-05-15 00:00:00-04:00,18.47957630847297,18.81605262538422,18.431731592964475,18.74781608581543,29172000,0.0,0.0
2017-05-16 00:00:00-04:00,18.819192122288438,18.92507673089113,18.72115098424769,18.877233505249023,18128000,0.0,0.0
2017-05-17 00:00:00-04:00,18.667035882802626,18.743115917145786,18.125064373404655,18.132123947143555,31447000,0.0,0.0
2017-05-18 00:00:00-04:00,18.163493672999216,18.715660223264468,17.857604312904098,18.640365600585938,30699000,0.0,0.0
2017-05-19 00:00:00-04:00,18.565850816203206,18.587811931783563,18.200353824625473,18.361141204833984,35812000,0.0,0.0
2017-05-22 00:00:00-04:00,18.473299029837886,18.743893470119932,18.370553028328533,18.69683265686035,20419000,0.0,0.0
2017-05-23 00:00:00-04:00,18.694484133283634,18.73997566572841,18.49761795210034,18.552520751953125,13696000,0.0,0.0
2017-05-24 00:00:00-04:00,18.70310826934114,18.82467829656519,18.586243126636923,18.79252052307129,16392000,0.0,0.0
2017-05-25 00:00:00-04:00,18.910951991492794,18.94624684779299,18.724281052485672,18.89134407043457,19010000,0.0,0.0
2017-05-26 00:00:00-04:00,18.894489856679158,18.949392659313006,18.692133385260366,18.918804168701172,13120000,0.0,0.0
2017-05-30 00:00:00-04:00,18.8631078859337,18.932913702782024,18.74545885986532,18.80977439880371,29364000,0.0,0.0
2017-05-31 00:00:00-04:00,19.02154826755983,19.0505674602976,18.632520841336543,18.783111572265625,44830000,0.0,0.0
2017-06-01 00:00:00-04:00,18.949393021638496,18.970570244770524,18.338401112089013,18.399578094482422,63774000,0.0,0.0
2017-06-02 00:00:00-04:00,19.493711594477652,20.064703566853208,19.149391835238543,19.963523864746094,108613000,0.0,0.0
2017-06-05 00:00:00-04:00,19.92195879531793,20.140002188876814,19.623914396233577,19.781564712524414,39532000,0.0,0.0
2017-06-06 00:00:00-04:00,19.66861684469027,20.027055749825422,19.656852389139424,19.910974502563477,29653000,0.0,0.0
2017-06-07 00:00:00-04:00,19.896860807960543,20.06705948214886,19.841174111573217,19.943920135498047,29290000,0.0,0.0
2017-06-08 00:00:00-04:00,20.000390484638604,20.08666715760252,19.790190577552206,19.996469497680664,28273000,0.0,0.0
2017-06-09 00:00:00-04:00,20.040390333392438,20.0788222860509,18.93762367437204,19.085861206054688,58191000,0.0,0.0
2017-06-12 00:00:00-04:00,18.8552753933316,19.067828542696933,18.490562181972155,19.03331756591797,54872000,0.0,0.0
2017-06-13 00:00:00-04:00,19.212923329775133,19.444300443631814,18.954878718866055,19.054489135742188,30853000,0.0,0.0
2017-06-14 00:00:00-04:00,19.103904222253963,19.212142021357426,18.638012843143596,18.866252899169922,34509000,0.0,0.0
2017-06-15 00:00:00-04:00,18.537005241350915,18.86388714243364,18.531491581590675,18.745737075805664,27527000,0.102,0.0
2017-06-16 00:00:00-04:00,18.819779605441788,18.859163966201116,18.52046597546962,18.608684539794922,35819000,0.0,0.0
2017-06-19 00:00:00-04:00,19.282924260539037,19.282924260539037,18.931623079783098,18.99463653564453,28519000,0.0,0.0
2017-06-20 00:00:00-04:00,19.061592375096705,19.191556992329875,18.89224340236898,18.903270721435547,24429000,0.0,0.0
2017-06-21 00:00:00-04:00,19.18603823708416,19.369564928102363,19.05528491581682,19.30733871459961,34998000,0.0,0.0
2017-06-22 00:00:00-04:00,19.338066964738818,19.408957312805903,19.146663325429643,19.222278594970703,18666000,0.0,0.0
2017-06-23 00:00:00-04:00,19.18289822664492,19.445192248076822,19.12382242813216,19.318376541137695,34985000,0.0,0.0
2017-06-26 00:00:00-04:00,19.37587231794644,19.52631709932143,18.998578758735462,19.12066650390625,32103000,0.0,0.0
2017-06-27 00:00:00-04:00,19.01118409393973,19.06080703859673,18.528343678032215,18.53622055053711,33582000,0.0,0.0
2017-06-28 00:00:00-04:00,18.635461388335106,19.040323210709918,18.47083885397855,18.98676109313965,24533000,0.0,0.0
2017-06-29 00:00:00-04:00,18.80165764127902,18.822923536129725,18.161281528073268,18.434602737426758,34513000,0.0,0.0
2017-06-30 00:00:00-04:00,18.61025826205721,18.643340219674027,18.34166191198425,18.35662841796875,26534000,0.0,0.0
2017-07-03 00:00:00-04:00,18.471625754047995,18.529125554576684,18.043922067038572,18.097482681274414,21123000,0.0,0.0
2017-07-05 00:00:00-04:00,18.19516286033968,18.299922430482052,18.04629249514568,18.243209838867188,29699000,0.0,0.0
2017-07-06 00:00:00-04:00,17.92419847784081,18.567723688905055,17.9194720545912,18.51337432861328,26334000,0.0,0.0
2017-07-07 00:00:00-04:00,18.533854016324103,18.9190229469605,18.531490804760264,18.874126434326172,24731000,0.0,0.0
2017-07-10 00:00:00-04:00,18.944230229575645,19.05686663584906,18.810326420807915,19.043476104736328,22499000,0.0,0.0
2017-07-11 00:00:00-04:00,19.06159246461238,19.10885218906824,18.85600958339231,18.97416114807129,20502000,0.0,0.0
2017-07-12 00:00:00-04:00,19.140360643546504,19.469607289172824,18.987554131323087,19.409744262695312,27710000,0.0,0.0
2017-07-13 00:00:00-04:00,19.464878540985065,19.681487241075924,19.41998202766818,19.47984504699707,20400000,0.0,0.0
2017-07-14 00:00:00-04:00,19.583809658187633,19.723227068987473,19.522370687782136,19.714561462402344,14417000,0.0,0.0
2017-07-17 00:00:00-04:00,19.753953752303953,19.877617476624614,19.601932990862153,19.61453628540039,18746000,0.0,0.0
2017-07-18 00:00:00-04:00,19.47590017537214,19.764975104825776,19.381380753128195,19.761035919189453,13003000,0.0,0.0
2017-07-19 00:00:00-04:00,19.849262961616134,20.049330695146782,19.73505057556182,20.03830337524414,25526000,0.0,0.0
2017-07-20 00:00:00-04:00,20.046179675862838,20.08556253086186,19.876830695119747,19.961898803710938,12135000,0.0,0.0
2017-07-21 00:00:00-04:00,19.81223504252835,19.968980679330294,19.727954196784893,19.936687469482422,15504000,0.0,0.0
2017-07-24 00:00:00-04:00,19.95086575001179,19.981584488270872,19.824838847404983,19.93038558959961,13638000,0.0,0.0
2017-07-25 00:00:00-04:00,19.912275957488507,20.039090133341638,19.70590583011154,20.030426025390625,16123000,0.0,0.0
2017-07-26 00:00:00-04:00,20.06114174035454,20.336826192029196,20.055628081368233,20.243881225585938,19971000,0.0,0.0
2017-07-27 00:00:00-04:00,20.338403428118795,20.36045956942025,19.609022865456662,19.766555786132812,32010000,0.0,0.0
2017-07-28 00:00:00-04:00,19.606658596257155,19.779945250362037,19.494809432359443,19.720870971679688,31919000,0.0,0.0
2017-07-31 00:00:00-04:00,19.768918509987195,19.884706863934447,19.33412513568542,19.428646087646484,18902000,0.0,0.0
2017-08-01 00:00:00-04:00,19.552307595718133,19.691725045094024,19.452272995488674,19.564910888671875,17582000,0.0,0.0
2017-08-02 00:00:00-04:00,20.05405455749756,20.2651511021454,19.775221126446354,19.956384658813477,36970000,0.0,0.0
2017-08-03 00:00:00-04:00,19.913054632935278,19.92801963071518,19.47353500684312,19.714561462402344,23447000,0.0,0.0
2017-08-04 00:00:00-04:00,19.750016043757494,19.768132999319835,19.543647408969377,19.626352310180664,13454000,0.0,0.0
2017-08-07 00:00:00-04:00,19.643675672762672,19.91936011103572,19.605080061734753,19.883914947509766,18730000,0.0,0.0
2017-08-08 00:00:00-04:00,19.8476828915111,20.02963513472536,19.724806422649877,19.798847198486328,20439000,0.0,0.0
2017-08-09 00:00:00-04:00,19.65470784706462,19.720084531553454,19.496387680042886,19.626352310180664,21256000,0.0,0.0
2017-08-10 00:00:00-04:00,19.428649895557168,19.455430962391713,18.94029430236913,18.959985733032227,29033000,0.0,0.0
2017-08-11 00:00:00-04:00,18.90799704001959,19.316798116825126,18.801663028222197,19.23251724243164,16976000,0.0,0.0
2017-08-14 00:00:00-04:00,19.4444035790281,19.790189727637816,19.376663675591985,19.763408660888672,16736000,0.0,0.0
2017-08-15 00:00:00-04:00,19.93748148997865,20.01152228097603,19.79176311972504,19.982378005981445,20942000,0.0,0.0
2017-08-16 00:00:00-04:00,20.031993756686745,20.065077206830637,19.834289306156094,19.961103439331055,15394000,0.0,0.0
2017-08-17 00:00:00-04:00,19.928031855572815,20.026490513954815,19.42786319306897,19.451492309570312,22793000,0.0,0.0
2017-08-18 00:00:00-04:00,19.481416445649817,19.808299788776655,19.38689701073171,19.642101287841797,20126000,0.0,0.0
2017-08-21 00:00:00-04:00,19.840600745296538,19.840600745296538,19.390842261731667,19.661800384521484,20693000,0.0,0.0
2017-08-22 00:00:00-04:00,19.83587114911843,20.179294019207777,19.77049447038582,20.100526809692383,26917000,0.0,0.0
2017-08-23 00:00:00-04:00,20.000491510407254,20.393538776173042,19.95874544980855,20.236791610717773,27928000,0.0,0.0
2017-08-24 00:00:00-04:00,20.374637769034553,20.428987131110812,19.77837226381015,20.089500427246094,52119000,0.0,0.0
2017-08-25 00:00:00-04:00,19.86895791801888,20.03830693365951,19.201801940715722,19.344369888305664,69099000,0.0,0.0
2017-08-28 00:00:00-04:00,19.45857964167826,19.505839371444413,19.10097746419634,19.160053253173828,34174000,0.0,0.0
2017-08-29 00:00:00-04:00,19.005672943713584,19.264816524621292,18.906427041291064,19.04033088684082,33536000,0.0,0.0
2017-08-30 00:00:00-04:00,19.026931368027096,19.403437632970995,18.973369254153827,19.378231048583984,21924000,0.0,0.0
2017-08-31 00:00:00-04:00,19.425492913295567,19.891004968265772,19.341212055950578,19.854772567749023,29491000,0.0,0.0
2017-09-01 00:00:00-04:00,19.875255589516716,20.112344473402718,19.872892377735834,19.906763076782227,23242000,0.0,0.0
2017-09-05 00:00:00-04:00,19.701180773734308,19.90676367893307,19.457003749479345,19.616901397705078,24306000,0.0,0.0
2017-09-06 00:00:00-04:00,19.739775090547347,19.79491168472978,19.510563104137947,19.64289093017578,13996000,0.0,0.0
2017-09-07 00:00:00-04:00,19.675181441893553,19.691722416610265,19.386895238676928,19.41997718811035,16088000,0.0,0.0
2017-09-08 00:00:00-04:00,19.370354911641073,19.408163287292776,19.148232582636513,19.227787017822266,18094000,0.0,0.0
2017-09-11 00:00:00-04:00,19.461731494165733,19.55310051195381,19.377450610056137,19.513717651367188,16878000,0.0,0.0
2017-09-12 00:00:00-04:00,19.664947215280126,19.67124961397147,19.33727656827734,19.466455459594727,18396000,0.0,0.0
2017-09-13 00:00:00-04:00,19.362481169727086,19.527103712772707,19.309706285700415,19.39556312561035,29664000,0.0,0.0
2017-09-14 00:00:00-04:00,19.267965526591695,19.49560159622338,19.15926678313383,19.451492309570312,28645000,0.0,0.0
2017-09-15 00:00:00-04:00,19.50504719050495,19.785456552042593,19.306553972028716,19.73504638671875,50066000,0.0,0.0
2017-09-18 00:00:00-04:00,19.855266677071718,19.996046020069386,19.662290184076138,19.75798797607422,25743000,0.102,0.0
2017-09-19 00:00:00-04:00,19.86475650902849,19.91853607204339,19.64014375275818,19.75324058532715,22088000,0.0,0.0
2017-09-20 00:00:00-04:00,19.75165861837974,19.76273101386327,18.81208138556026,19.21148109436035,57010000,0.0,0.0
2017-09-21 00:00:00-04:00,19.17589382609001,19.194875293752023,18.83739375170251,19.011388778686523,28620000,0.0,0.0
2017-09-22 00:00:00-04:00,18.85004637742674,19.040651501673562,18.83264732790664,18.921226501464844,23100000,0.0,0.0
2017-09-25 00:00:00-04:00,18.759089428733436,18.80812474656527,18.311446425575777,18.626220703125,38692000,0.0,0.0
2017-09-26 00:00:00-04:00,18.81366196517956,18.97737651826696,18.610403577370857,18.765417098999023,39010000,0.0,0.0
2017-09-27 00:00:00-04:00,18.94178867412332,19.1924999945557,18.869026139204,19.027204513549805,26489000,0.0,0.0
2017-09-28 00:00:00-04:00,18.942578640047397,19.24707102228546,18.941788185661277,19.21385383605957,21932000,0.0,0.0
2017-09-29 00:00:00-04:00,19.213852920232817,19.31983112594948,19.100754591377505,19.18221664428711,17319000,0.0,0.0
2017-10-02 00:00:00-04:00,19.40129860441864,19.40129860441864,18.96156450360647,19.018508911132812,19431000,0.0,0.0
2017-10-03 00:00:00-04:00,18.987660120972564,19.05646737031947,18.81445556168547,18.941789627075195,25611000,0.0,0.0
2017-10-04 00:00:00-04:00,18.884844495996816,19.165609680620854,18.78440097068443,19.139511108398438,23271000,0.0,0.0
2017-10-05 00:00:00-04:00,19.239956809180416,19.435306190798023,19.168776677125276,19.27159309387207,22811000,0.0,0.0
2017-10-06 00:00:00-04:00,19.005060200291712,19.436094697302202,19.005060200291712,19.435302734375,17489000,0.0,0.0
2017-10-09 00:00:00-04:00,19.455865151011317,19.5547262528879,19.407620281623245,19.48908233642578,16551000,0.0,0.0
2017-10-10 00:00:00-04:00,19.576868735114406,19.626694507361805,19.221760169692104,19.4550724029541,15348000,0.0,0.0
2017-10-11 00:00:00-04:00,19.39338568800095,19.86475598014505,19.387849490110014,19.803857803344727,26603000,0.0,0.0
2017-10-12 00:00:00-04:00,19.80543993986976,19.873456736103567,19.636189157997457,19.672571182250977,20067000,0.0,0.0
2017-10-13 00:00:00-04:00,19.78408637487354,19.838657904886464,19.572128416266008,19.610881805419922,15257000,0.0,0.0
2017-10-16 00:00:00-04:00,19.659913661298987,19.730303319726705,19.425810950276322,19.508853912353516,14899000,0.0,0.0
2017-10-17 00:00:00-04:00,19.44321377610146,19.45112284666995,19.166402340208016,19.188547134399414,26965000,0.0,0.0
2017-10-18 00:00:00-04:00,19.24469842437976,19.345932401770447,18.965514155032814,19.297687530517578,19905000,0.0,0.0
2017-10-19 00:00:00-04:00,19.0461867647171,19.326951957690422,18.851627869133907,19.32062530517578,25844000,0.0,0.0
2017-10-20 00:00:00-04:00,19.53179265706156,19.534957492041798,19.278708436706516,19.31667137145996,23548000,0.0,0.0
2017-10-23 00:00:00-04:00,19.39101660716009,19.42818909083826,19.195667225460586,19.319046020507812,23418000,0.0,0.0
2017-10-24 00:00:00-04:00,19.382313835368752,19.625116094961307,19.30638797159348,19.588735580444336,22887000,0.0,0.0
2017-10-25 00:00:00-04:00,19.446377460114842,19.687598837134956,19.31588156458817,19.441633224487305,20955000,0.0,0.0
2017-10-26 00:00:00-04:00,19.556305507415107,19.60217750132188,19.278703689575195,19.278703689575195,24446000,0.0,0.0
2017-10-27 00:00:00-04:00,19.342765053769657,20.00869257506865,19.201985758271395,20.001575469970703,44753000,0.0,0.0
2017-10-30 00:00:00-04:00,20.03321281351525,20.73710334768139,20.030839942010108,20.66038703918457,50202000,0.0,0.0
2017-10-31 00:00:00-04:00,20.76083096610158,21.093004321899233,20.665923646516248,20.872346878051758,32845000,0.0,0.0
2017-11-01 00:00:00-04:00,20.898449094060588,21.009173062476446,20.317145242875473,20.506959915161133,27333000,0.0,0.0
2017-11-02 00:00:00-04:00,20.73473510767293,20.930085984058344,19.682852851640657,20.523569107055664,67196000,0.0,0.0
2017-11-03 00:00:00-04:00,20.88183269835003,21.986703623318586,20.334538205121916,21.64108657836914,120503000,0.0,0.0
2017-11-06 00:00:00-05:00,22.01043626420366,22.28724765873853,21.35637146177318,21.948747634887695,78088000,0.0,0.0
2017-11-07 00:00:00-05:00,21.55488706504679,21.70990213086804,21.15944259277962,21.458398818969727,36789000,0.0,0.0
2017-11-08 00:00:00-05:00,21.301013323710425,21.656122004725585,21.13571781668671,21.54381561279297,30254000,0.0,0.0
2017-11-09 00:00:00-05:00,21.24643808975773,21.385634996502656,20.760832087688065,21.009170532226562,30980000,0.0,0.0
2017-11-10 00:00:00-05:00,21.021032935376578,21.0882577565654,20.847828403824668,20.95538902282715,20338000,0.0,0.0
2017-11-13 00:00:00-05:00,20.760839755217948,21.03606883578283,20.68570583059287,20.959352493286133,28064000,0.0,0.0
2017-11-14 00:00:00-05:00,20.824103343805593,21.004426508320233,20.662761644424116,20.820940017700195,19718000,0.0,0.0
2017-11-15 00:00:00-05:00,20.745014879155033,21.116733616740493,20.40730529251295,21.00600814819336,29032000,0.0,0.0
2017-11-16 00:00:00-05:00,21.100917600966127,21.721765311144022,21.04634606987902,21.5208797454834,31000000,0.0,0.0
2017-11-17 00:00:00-05:00,21.49398383321262,21.52087436477882,21.229827277416582,21.501102447509766,24069000,0.0,0.0
2017-11-20 00:00:00-05:00,21.561211733981008,21.887848922492967,21.46393304235916,21.739953994750977,28639000,0.0,0.0
2017-11-21 00:00:00-05:00,21.836446877597727,22.003323306512506,21.742329983646847,21.875200271606445,20903000,0.0,0.0
2017-11-22 00:00:00-05:00,21.909201465656317,21.963772986426505,21.683798276345094,21.778705596923828,18642000,0.0,0.0
2017-11-24 00:00:00-05:00,21.88152197372012,22.381363709764642,21.86886716061109,22.333120346069336,11572000,0.0,0.0
2017-11-27 00:00:00-05:00,22.165450506338942,22.594113633151753,22.12669712105989,22.510278701782227,26230000,0.0,0.0
2017-11-28 00:00:00-05:00,22.529259983519808,22.532423309649335,21.894967085275884,21.93925666809082,26796000,0.0,0.0
2017-11-29 00:00:00-05:00,21.98670498676124,21.997777380153337,20.948268353629842,21.472627639770508,47231000,0.0,0.0
2017-11-30 00:00:00-05:00,21.494781305867438,22.014395064202276,21.361122075706636,21.981969833374023,31452000,0.0,0.0
2017-12-01 00:00:00-05:00,21.766051176594164,21.789778384291246,20.88341986757256,21.47737693786621,47729000,0.0,0.0
2017-12-04 00:00:00-05:00,21.663239422334083,21.71148279056821,20.574184718610475,20.848623275756836,48439000,0.0,0.0
2017-12-05 00:00:00-05:00,20.77348888554092,21.047135473318118,20.598701903889197,20.6936092376709,38117000,0.0,0.0
2017-12-06 00:00:00-05:00,20.47057364930804,20.912680485403854,20.104392666398844,20.870763778686523,48751000,0.0,0.0
2017-12-07 00:00:00-05:00,21.740741730530814,21.804803226344138,20.695186374567935,20.870763778686523,79282000,0.0,0.0
2017-12-08 00:00:00-05:00,21.019453357002337,21.11198781392471,20.50774876193753,20.555992126464844,41848000,0.0,0.0
2017-12-11 00:00:00-05:00,20.51091344896632,20.84387731319133,20.46741431661252,20.559158325195312,34941000,0.0,0.0
2017-12-12 00:00:00-05:00,20.51249337429333,20.63270730601934,20.224609586355875,20.460294723510742,28541000,0.0,0.0
2017-12-13 00:00:00-05:00,20.595532722130233,20.82330874994789,20.577341715014413,20.723655700683594,26943000,0.0,0.0
2017-12-14 00:00:00-05:00,20.748181857662328,20.800380520658496,20.302121104240907,20.510915756225586,37595000,0.0,0.0
2017-12-15 00:00:00-05:00,20.69360499822657,21.037641184264277,20.425493155158907,21.016286849975586,45091000,0.0,0.0
2017-12-18 00:00:00-05:00,21.024250536427402,21.217709080745983,20.905626757778702,21.04892921447754,29786000,0.175,0.0
2017-12-19 00:00:00-05:00,20.9621553798506,21.120585173175716,20.800541289355817,20.994001388549805,19094000,0.0,0.0
2017-12-20 00:00:00-05:00,21.188254542657727,21.20497323959152,20.920753873215983,21.148447036743164,19845000,0.0,0.0
2017-12-21 00:00:00-05:00,21.173127415772285,21.197011919525103,20.784615873133472,20.821237564086914,17758000,0.0,0.0
2017-12-22 00:00:00-05:00,20.8443242784288,20.96772526665474,20.595932431372454,20.886520385742188,14617000,0.0,0.0
2017-12-26 00:00:00-05:00,20.47890097588199,20.88652134374987,20.17318721848221,20.54816436767578,22256000,0.0,0.0
2017-12-27 00:00:00-05:00,20.60707623504038,20.82760356639977,20.5800074378552,20.62936782836914,35615000,0.0,0.0
2017-12-28 00:00:00-05:00,20.712167599365934,20.763119383728,20.583989406906422,20.732866287231445,13641000,0.0,0.0
2017-12-29 00:00:00-05:00,20.681117950229968,20.854675033726018,20.43192888232788,20.45262908935547,17980000,0.0,0.0
2018-01-02 00:00:00-05:00,20.681120367346743,21.296530973538566,20.505971874224834,21.25752067565918,33135000,0.0,0.0
2018-01-03 00:00:00-05:00,21.27980577735351,21.553674992064106,21.17949361343356,21.4899845123291,31161000,0.0,0.0
2018-01-04 00:00:00-05:00,21.62215045318487,21.63568485582843,21.370572739960135,21.49715805053711,19067000,0.0,0.0
2018-01-05 00:00:00-05:00,21.652401011008344,21.8347153001599,21.451775116079116,21.624536514282227,28633000,0.0,0.0
2018-01-08 00:00:00-05:00,21.56880299502603,21.69857256961461,21.42072333571391,21.676280975341797,20971000,0.0,0.0
2018-01-09 00:00:00-05:00,21.739180101506005,21.802074905816216,21.351464207956727,21.376144409179688,26027000,0.0,0.0
2018-01-10 00:00:00-05:00,21.17551841483309,21.18825712197669,20.757549422106425,20.92473793029785,31607000,0.0,0.0
2018-01-11 00:00:00-05:00,20.983647926246327,21.005939521368347,20.82282955615144,20.97807502746582,17726000,0.0,0.0
2018-01-12 00:00:00-05:00,20.969319759787503,21.122972337646964,20.85945316315663,21.040971755981445,19881000,0.0,0.0
2018-01-16 00:00:00-05:00,21.111822485491235,21.256719357785265,20.831584666929384,20.95816993713379,33528000,0.0,0.0
2018-01-17 00:00:00-05:00,21.13570999520804,21.219303480452687,20.73605113667954,21.1619815826416,37365000,0.0,0.0
2018-01-18 00:00:00-05:00,21.134112154438043,21.500333533385334,21.05609158642126,21.479633331298828,30319000,0.0,0.0
2018-01-19 00:00:00-05:00,21.427887829578747,21.450975116947184,21.182678789093195,21.208154678344727,29963000,0.0,0.0
2018-01-22 00:00:00-05:00,21.149249118230735,21.238415522403145,20.748794475704592,20.86741828918457,27230000,0.0,0.0
2018-01-23 00:00:00-05:00,20.837957092260922,21.050524476785597,20.548962025980977,20.930309295654297,35398000,0.0,0.0
2018-01-24 00:00:00-05:00,20.776657331809343,20.959767331164247,20.380979926124553,20.449447631835938,45405000,0.0,0.0
2018-01-25 00:00:00-05:00,20.51950565837536,20.52746716034593,19.66446039095202,19.68754768371582,59520000,0.0,0.0
2018-01-26 00:00:00-05:00,19.857127040186153,19.978935158298277,19.524344394572953,19.966197967529297,49014000,0.0,0.0
2018-01-29 00:00:00-05:00,19.76636380404648,19.8626960030214,19.385018036850145,19.542652130126953,50401000,0.0,0.0
2018-01-30 00:00:00-05:00,19.206680378291082,19.507618416226656,18.86912065280276,19.185184478759766,46002000,0.0,0.0
2018-01-31 00:00:00-05:00,19.903298352842203,20.1532831241614,19.494086587299805,19.7464599609375,80482000,0.0,0.0
2018-02-01 00:00:00-05:00,19.244099395639573,19.57688191914041,18.95589854197274,19.010831832885742,66851000,0.0,0.0
2018-02-02 00:00:00-05:00,18.850011402939256,18.94475066776373,18.636648374229168,18.747310638427734,58352000,0.0,0.0
2018-02-05 00:00:00-05:00,18.683624625962747,19.425618959568155,18.119963068777043,18.15976905822754,70776000,0.0,0.0
2018-02-06 00:00:00-05:00,17.96232819312387,19.139011654596843,17.905006295290683,19.137418746948242,77744000,0.0,0.0
2018-02-07 00:00:00-05:00,19.00844370989254,19.353964946696845,18.868325548308995,18.898578643798828,40475000,0.0,0.0
2018-02-08 00:00:00-05:00,18.89937693023831,18.989339016018704,18.272024858176568,18.27680206298828,43200000,0.0,0.0
2018-02-09 00:00:00-05:00,18.533151629716965,18.877877148444973,18.012481967253212,18.748903274536133,43282000,0.0,0.0
2018-02-12 00:00:00-05:00,18.936792967350794,19.543446306109132,18.908132777528,19.45746421813965,35063000,0.0,0.0
2018-02-13 00:00:00-05:00,19.18757547983474,19.587234351883797,19.11194349326919,19.573699951171875,23719000,0.0,0.0
2018-02-14 00:00:00-05:00,19.505229305025363,19.79581723285971,19.384216930009163,19.71700096130371,25491000,0.0,0.0
2018-02-15 00:00:00-05:00,19.84597953919809,20.049789759060584,19.45985652368292,20.048994064331055,25540000,0.0,0.0
2018-02-16 00:00:00-05:00,20.004402374581776,20.091975831211325,19.74725186543626,19.814922332763672,32639000,0.0,0.0
2018-02-20 00:00:00-05:00,19.80378157541863,20.36027731556457,19.705857992779634,19.873044967651367,41693000,0.0,0.0
2018-02-21 00:00:00-05:00,20.10153612773302,20.1795567190181,19.779897834586517,19.793432235717773,28156000,0.0,0.0
2018-02-22 00:00:00-05:00,19.83323715621788,20.150096684760033,19.765565159392903,19.851547241210938,19342000,0.0,0.0
2018-02-23 00:00:00-05:00,20.073667533680958,20.303749268948764,19.926382059050276,20.198659896850586,18280000,0.0,0.0
2018-02-26 00:00:00-05:00,20.05933909009824,20.256780680069063,19.98291141009439,20.13815689086914,28878000,0.0,0.0
2018-02-27 00:00:00-05:00,20.069693028962895,20.354708151642676,20.037051322592855,20.047401428222656,21176000,0.0,0.0
2018-02-28 00:00:00-05:00,20.22812095065673,20.2607611330315,19.58325299020905,19.62146759033203,28834000,0.0,0.0
2018-03-01 00:00:00-05:00,19.573696216133953,19.833235345435384,19.211456318440405,19.370681762695312,26044000,0.0,0.0
2018-03-02 00:00:00-05:00,19.141398681220256,19.99724108079093,19.12547719728722,19.97256088256836,27402000,0.0,0.0
2018-03-05 00:00:00-05:00,19.895336972812366,20.009980773793654,19.379442905398903,19.662866592407227,25900000,0.0,0.0
2018-03-06 00:00:00-05:00,19.84836240357198,20.006792163524366,19.689932643619592,19.979724884033203,30030000,0.0,0.0
2018-03-07 00:00:00-05:00,19.79900707330139,19.855533285736243,19.45189437016451,19.668441772460938,31549000,0.0,0.0
2018-03-08 00:00:00-05:00,19.76476653975001,19.76795083586445,19.57847079129794,19.660472869873047,33554000,0.0,0.0
2018-03-09 00:00:00-05:00,19.790248002726067,20.244042974649236,19.714616013572602,20.20423698425293,30782000,0.0,0.0
2018-03-12 00:00:00-04:00,20.751176717339288,21.04176465507459,20.669174628067047,20.92552947998047,53881000,0.0,0.0
2018-03-13 00:00:00-04:00,21.211343048975404,21.80207341149897,20.717742095350197,20.796558380126953,66855000,0.0,0.0
2018-03-14 00:00:00-04:00,20.858656024328365,20.88572330580436,20.31330458900013,20.746400833129883,39619000,0.0,0.0
2018-03-15 00:00:00-04:00,20.99638536047872,21.407985699051032,20.978075274841732,21.31722640991211,57990000,0.0,0.0
2018-03-16 00:00:00-04:00,20.938270713714783,20.98603972639945,20.254393930076095,20.291015625,113955000,0.0,0.0
2018-03-19 00:00:00-04:00,20.150105497878517,20.41999487169768,19.32770170300897,19.501258850097656,71267000,0.0,0.0
2018-03-20 00:00:00-04:00,19.513193764254858,19.748052744076922,19.20907139163789,19.295053482055664,61918000,0.0,0.0
2018-03-21 00:00:00-04:00,19.433994316570935,20.242599237136123,19.39198880612268,19.8718204498291,54912000,0.35,0.0
2018-03-22 00:00:00-04:00,19.55112573657941,19.929984262862252,19.508312868044356,19.675527572631836,43078000,0.0,0.0
2018-03-23 00:00:00-04:00,19.66018055641025,19.80881535055494,19.42026545725247,19.587478637695312,59070000,0.0,0.0
2018-03-26 00:00:00-04:00,20.00671705159486,20.100420915211988,19.428334471670915,20.011564254760742,48713000,0.0,0.0
2018-03-27 00:00:00-04:00,20.03983779076649,20.538247700164057,19.516384510989006,19.740144729614258,63917000,0.0,0.0
2018-03-28 00:00:00-04:00,19.716723339588018,19.946945517785693,19.03170982243424,19.11895179748535,41744000,0.0,0.0
2018-03-29 00:00:00-04:00,19.23285161583029,19.45499563087557,18.963854887466763,19.035749435424805,46874000,0.0,0.0
2018-04-02 00:00:00-04:00,18.89842509355286,19.073716407350677,18.21098947620332,18.391935348510742,53088000,0.0,0.0
2018-04-03 00:00:00-04:00,18.648817766961084,19.143189557169446,18.353971795978914,19.127033233642578,45569000,0.0,0.0
2018-04-04 00:00:00-04:00,18.58338354043497,19.21912079637634,18.538955965637474,19.14399528503418,37720000,0.0,0.0
2018-04-05 00:00:00-04:00,19.448533294857732,19.522849902602584,18.98324175003733,19.08906364440918,35798000,0.0,0.0
2018-04-06 00:00:00-04:00,18.880653513074382,19.107644759966455,18.39839822526023,18.48806381225586,30248000,0.0,0.0
2018-04-09 00:00:00-04:00,18.57772531596999,19.35967358938593,18.51956503289257,18.962238311767578,37494000,0.0,0.0
2018-04-10 00:00:00-04:00,19.35159248911524,19.513152572726447,19.19811210451085,19.366941452026367,33244000,0.0,0.0
2018-04-11 00:00:00-04:00,19.23527188230361,19.445299390884053,19.151260878871433,19.412986755371094,19922000,0.0,0.0
2018-04-12 00:00:00-04:00,19.502659305964862,19.60040306044763,19.152882450853426,19.341100692749023,41036000,0.0,0.0
2018-04-13 00:00:00-04:00,20.194939771841128,20.356499906316508,19.782962815605373,19.94775390625,48312000,0.0,0.0
2018-04-16 00:00:00-04:00,20.121432362127962,20.186056113711274,19.84597367878229,20.14405059814453,25172000,0.0,0.0
2018-04-17 00:00:00-04:00,20.266834845038556,20.42516248666017,20.16586014358552,20.33549690246582,25084000,0.0,0.0
2018-04-18 00:00:00-04:00,20.27572143862984,20.329843425425576,19.989760994945083,20.161821365356445,20511000,0.0,0.0
2018-04-19 00:00:00-04:00,19.67310256893403,19.894439244046495,19.440456776872452,19.61817169189453,50141000,0.0,0.0
2018-04-20 00:00:00-04:00,19.485694048712553,19.516390444662736,18.984051490731865,19.154497146606445,41530000,0.0,0.0
2018-04-23 00:00:00-04:00,19.224774620905784,19.251432705517956,18.750597523114305,18.858034133911133,31337000,0.0,0.0
2018-04-24 00:00:00-04:00,19.043015552404768,19.073711940089172,18.311959886666937,18.44928550720215,44889000,0.0,0.0
2018-04-25 00:00:00-04:00,18.498565673828125,18.668203979657253,18.24491788011666,18.498565673828125,34023000,0.0,0.0
2018-04-26 00:00:00-04:00,18.660124429016726,18.731210086125284,18.44201871236907,18.613271713256836,32751000,0.0,0.0
2018-04-27 00:00:00-04:00,18.86772951127694,18.918620540055183,18.635891061646568,18.803913116455078,27211000,0.0,0.0
2018-04-30 00:00:00-04:00,18.787757641355924,18.912159480286793,18.443636895788572,18.532493591308594,39682000,0.0,0.0
2018-05-01 00:00:00-04:00,18.648008236187646,18.648008236187646,18.28530756766628,18.610042572021484,44947000,0.0,0.0
2018-05-02 00:00:00-04:00,18.845919080431628,18.857228198208105,18.32085091698574,18.477563858032227,52950000,0.0,0.0
2018-05-03 00:00:00-04:00,18.295811745424857,18.408095585642076,17.988040377364715,18.19564437866211,58011000,0.0,0.0
2018-05-04 00:00:00-04:00,18.066390340273603,18.74817129811832,17.931488309884717,18.621347427368164,51303000,0.0,0.0
2018-05-07 00:00:00-04:00,18.684357482323755,19.13672523972988,18.660124540829884,19.061599731445312,36953000,0.0,0.0
2018-05-08 00:00:00-04:00,19.04301717877037,19.30312837225794,18.968700575346155,19.29424285888672,40149000,0.0,0.0
2018-05-09 00:00:00-04:00,19.04786334256376,19.316860034733583,18.90649940857871,19.229618072509766,35031000,0.0,0.0
2018-05-10 00:00:00-04:00,19.365325758854233,19.68844439458223,19.27485284900063,19.670673370361328,25747000,0.0,0.0
2018-05-11 00:00:00-04:00,19.63595000418994,19.750657455683466,19.516395346657397,19.66018295288086,24052000,0.0,0.0
2018-05-14 00:00:00-04:00,19.89443971064229,20.067307425097216,19.69410501627178,19.77165412902832,27580000,0.0,0.0
2018-05-15 00:00:00-04:00,19.573745420837643,19.745805788831404,19.265974099674732,19.5147762298584,24984000,0.0,0.0
2018-05-16 00:00:00-04:00,19.560008168792937,19.565662726333557,19.30555153871377,19.42833709716797,29330000,0.0,0.0
2018-05-17 00:00:00-04:00,19.235277691592024,19.521238131089945,19.225583281709802,19.342714309692383,22825000,0.0,0.0
2018-05-18 00:00:00-04:00,19.37583220699544,19.437224993750583,19.05432820072542,19.063215255737305,25262000,0.0,0.0
2018-05-21 00:00:00-04:00,19.34351655148039,19.427527558082435,19.118141611053428,19.31039810180664,25720000,0.0,0.0
2018-05-22 00:00:00-04:00,19.406525447162768,19.497805717893826,19.191650728433032,19.265161514282227,19218000,0.0,0.0
2018-05-23 00:00:00-04:00,19.082603826865657,19.438035235343577,19.066449044333957,19.43238067626953,23454000,0.0,0.0
2018-05-24 00:00:00-04:00,19.45660873374794,19.739338134802907,19.387137799179918,19.672290802001953,22799000,0.0,0.0
2018-05-25 00:00:00-04:00,19.71349140232486,20.24987017336428,19.71349140232486,20.197362899780273,32214000,0.0,0.0
2018-05-29 00:00:00-04:00,20.08508060513445,20.28460641093702,20.071347885135697,20.169898986816406,28281000,0.0,0.0
2018-05-30 00:00:00-04:00,20.29026242044858,20.358924484599893,20.140820279073743,20.146474838256836,26844000,0.0,0.0
2018-05-31 00:00:00-04:00,20.135160892006212,20.622261759664127,20.11415736821835,20.362152099609375,34698000,0.0,0.0
2018-06-01 00:00:00-04:00,20.547946226432792,20.816942954897677,20.400118820697212,20.707082748413086,26360000,0.0,0.0
2018-06-04 00:00:00-04:00,20.841174195889785,20.951035934169294,20.698194006130446,20.871063232421875,25886000,0.0,0.0
2018-06-05 00:00:00-04:00,20.95911361109838,21.111788216413885,20.844407744606684,20.94295883178711,42374000,0.0,0.0
2018-06-06 00:00:00-04:00,21.062513141245265,21.308084290237712,20.979311015456343,21.287080764770508,37465000,0.0,0.0
2018-06-07 00:00:00-04:00,21.245079742325167,21.52619454877761,21.23861782885561,21.38079071044922,46077000,0.0,0.0
2018-06-08 00:00:00-04:00,20.739394665225056,20.997082287589457,20.49705601022645,20.838754653930664,73694000,0.0,0.0
2018-06-11 00:00:00-04:00,20.829863799990175,21.14813679843639,20.70546353908807,21.069780349731445,31859000,0.0,0.0
2018-06-12 00:00:00-04:00,21.029397013981495,21.14248819208785,20.873491426376237,21.118253707885742,27594000,0.0,0.0
2018-06-13 00:00:00-04:00,21.14491072092192,21.493071293629658,21.060090800897253,21.291929244995117,34868000,0.0,0.0
2018-06-14 00:00:00-04:00,21.40663206829453,21.735405292163787,21.333930175745877,21.68613052368164,37042000,0.0,0.0
2018-06-15 00:00:00-04:00,21.81376785217884,21.956748075473286,21.5140746850841,21.829116821289062,60969000,0.0,0.0
2018-06-18 00:00:00-04:00,21.729755173367572,21.729755173367572,21.344436296753983,21.366247177124023,30191000,0.0,0.0
2018-06-19 00:00:00-04:00,20.956932941832683,21.376890624326297,20.805486795572634,21.362154006958008,36221000,0.35,0.0
2018-06-20 00:00:00-04:00,21.407174088180774,21.6134695092606,21.344958033591826,21.384252548217773,24951000,0.0,0.0
2018-06-21 00:00:00-04:00,21.413729769788848,21.494773360992024,21.15667899742052,21.255733489990234,18186000,0.0,0.0
2018-06-22 00:00:00-04:00,21.380977269875558,21.40717309126867,21.199241319253428,21.260639190673828,52412000,0.0,0.0
2018-06-25 00:00:00-04:00,20.99131203073168,20.99131203073168,20.500951865863087,20.663860321044922,29705000,0.0,0.0
2018-06-26 00:00:00-04:00,20.711341594158856,20.843142031454697,20.510778087380704,20.591821670532227,24233000,0.0,0.0
2018-06-27 00:00:00-04:00,20.63684699515212,20.888167361162612,20.207884662398868,20.229169845581055,24720000,0.0,0.0
2018-06-28 00:00:00-04:00,20.16121962948851,20.24635722349521,19.83294820367389,20.048248291015625,33238000,0.0,0.0
2018-06-29 00:00:00-04:00,20.216068636557146,20.216068636557146,19.857508903018914,19.863239288330078,42794000,0.0,0.0
2018-07-02 00:00:00-04:00,19.654486823179408,19.82885446288897,19.435912467294433,19.814937591552734,33369000,0.0,0.0
2018-07-03 00:00:00-04:00,19.92218282111337,19.924638923808107,19.56525941679722,19.589000701904297,11591000,0.0,0.0
2018-07-05 00:00:00-04:00,19.793662043946746,20.106378782832515,19.70279403379987,20.089187622070312,25299000,0.0,0.0
2018-07-06 00:00:00-04:00,20.04825214127381,20.351145983117867,20.008957619353023,20.27583122253418,23112000,0.0,0.0
2018-07-09 00:00:00-04:00,20.383889965103524,20.402719045222142,20.099825209500278,20.2553653717041,17955000,0.0,0.0
2018-07-10 00:00:00-04:00,20.329862578313733,20.613109183976306,20.224259517296467,20.511598587036133,16413000,0.0,0.0
2018-07-11 00:00:00-04:00,20.052347787493822,20.264372088653513,19.86078736799698,19.928733825683594,35761000,0.0,0.0
2018-07-12 00:00:00-04:00,16.952192350476285,17.21415373403758,16.16467027754461,17.189594268798828,435083000,0.0,0.0
2018-07-13 00:00:00-04:00,17.395894480644124,17.51868871763657,16.528146769628933,16.573989868164062,161678000,0.0,0.0
2018-07-16 00:00:00-04:00,16.50357623105934,16.894881790324597,16.415982557346315,16.63865089416504,102277000,0.0,0.0
2018-07-17 00:00:00-04:00,16.55352169906628,17.116739047578246,16.537148720450503,17.052885055541992,110827000,0.0,0.0
2018-07-18 00:00:00-04:00,16.963655572366484,17.18141182364846,16.915356376742576,17.09136199951172,80834000,0.0,0.0
2018-07-19 00:00:00-04:00,17.051248061025884,17.312391283016524,17.030782619223107,17.22152328491211,63247000,0.0,0.0
2018-07-20 00:00:00-04:00,17.199421192416132,17.290289197239048,17.08972410535114,17.218250274658203,62893000,0.0,0.0
2018-07-23 00:00:00-04:00,17.22479977208455,17.89853244530391,17.22398159150343,17.741355895996094,82211000,0.0,0.0
2018-07-24 00:00:00-04:00,17.829760965798837,18.04178519959474,17.682407324206764,17.792102813720703,81158000,0.0,0.0
2018-07-25 00:00:00-04:00,17.822396099685864,18.717977330107786,17.822396099685864,18.498584747314453,92271000,0.0,0.0
2018-07-26 00:00:00-04:00,18.541969675906536,18.8096614181459,18.138385050298,18.270185470581055,85069000,0.0,0.0
2018-07-27 00:00:00-04:00,18.338127816887184,18.770365870023188,18.015588369950486,18.095813751220703,79443000,0.0,0.0
2018-07-30 00:00:00-04:00,18.100730235124317,18.66640362310992,18.095818029808022,18.434730529785156,75275000,0.0,0.0
2018-07-31 00:00:00-04:00,18.55670906552399,18.73353442814098,18.13593318607926,18.154762268066406,63860000,0.0,0.0
2018-08-01 00:00:00-04:00,18.276738883075417,18.332404827438566,17.69878644672899,17.74790382385254,42669000,0.0,0.0
2018-08-02 00:00:00-04:00,17.540782497818725,17.867415957744974,17.457282837047106,17.711057662963867,40312000,0.0,0.0
2018-08-03 00:00:00-04:00,17.661944382781922,17.846134899380363,17.55142913597509,17.830581665039062,24832000,0.0,0.0
2018-08-06 00:00:00-04:00,17.733985598622645,17.87151486867388,17.67095134984916,17.760181427001953,22638000,0.0,0.0
2018-08-07 00:00:00-04:00,17.946010102891847,18.160490480986027,17.775734889101187,18.035240173339844,29798000,0.0,0.0
2018-08-08 00:00:00-04:00,18.05407165104252,18.110555774919376,17.92390912071433,17.96565818786621,15801000,0.0,0.0
2018-08-09 00:00:00-04:00,18.022146300488252,18.03033279119656,17.677503317159662,17.729896545410156,27563000,0.0,0.0
2018-08-10 00:00:00-04:00,17.421262198377946,17.557973235379322,17.228883681236162,17.373781204223633,37017000,0.0,0.0
2018-08-13 00:00:00-04:00,17.32630684008128,17.51704749125967,17.2280705409229,17.279644012451172,29842000,0.0,0.0
2018-08-14 00:00:00-04:00,17.32057632212202,17.32057632212202,16.9325448951751,16.97020149230957,36327000,0.0,0.0
2018-08-15 00:00:00-04:00,16.792558871061903,16.99312236197453,16.599362126354997,16.9112606048584,41132000,0.0,0.0
2018-08-16 00:00:00-04:00,17.008673108989584,17.097903152484825,16.92026124567513,17.083986282348633,29239000,0.0,0.0
2018-08-17 00:00:00-04:00,17.025054202078024,17.28865199598412,16.823670921252063,17.1314754486084,39093000,0.0,0.0
2018-08-20 00:00:00-04:00,17.148661071751878,17.191229868901157,16.85231741373345,16.922719955444336,54489000,0.0,0.0
2018-08-21 00:00:00-04:00,16.988210531451212,17.309112094492093,16.95464640144378,17.232980728149414,29952000,0.0,0.0
2018-08-22 00:00:00-04:00,17.228068818635247,17.33121575138021,16.980842515332593,16.98984718322754,26890000,0.0,0.0
2018-08-23 00:00:00-04:00,17.005402861937796,17.115918107657336,16.80483780976243,16.830215454101562,35578000,0.0,0.0
2018-08-24 00:00:00-04:00,16.892429028434357,17.131468821431444,16.755717978113946,17.109365463256836,20541000,0.0,0.0
2018-08-27 00:00:00-04:00,17.211695915883496,17.548972022379527,17.079078876486005,17.434364318847656,28213000,0.0,0.0
2018-08-28 00:00:00-04:00,17.570257829394382,17.679136722723484,17.401620535848853,17.55388641357422,24340000,0.0,0.0
2018-08-29 00:00:00-04:00,17.584994482987995,17.666038066061812,17.473659486696853,17.599729537963867,18125000,0.0,0.0
2018-08-30 00:00:00-04:00,17.598089690629703,17.759360220109645,17.568619583901675,17.735620498657227,26529000,0.0,0.0
2018-08-31 00:00:00-04:00,17.684869621110842,17.95419779621939,17.670133002659483,17.930458068847656,27623000,0.0,0.0
2018-09-04 00:00:00-04:00,17.894437230597706,18.03360442939415,17.774917294335967,17.96320343017578,36663000,0.0,0.0
2018-09-05 00:00:00-04:00,18.0057738566516,18.157220022610282,17.97548399889452,18.12611198425293,37194000,0.0,0.0
2018-09-06 00:00:00-04:00,18.132652653597322,18.24071177947233,17.51213164076624,17.679950714111328,62509000,0.0,0.0
2018-09-07 00:00:00-04:00,18.353686187228842,19.271370730802225,18.337313211129548,19.039697647094727,104703000,0.0,0.0
2018-09-10 00:00:00-04:00,19.209973719558135,19.724891818279133,18.99631152446605,19.697059631347656,60880000,0.0,0.0
2018-09-11 00:00:00-04:00,19.4588404155616,19.622565520285594,18.861240738563268,19.03724479675293,60755000,0.0,0.0
2018-09-12 00:00:00-04:00,18.67295492351255,18.898077922242386,18.24153800824711,18.819490432739258,53077000,0.0,0.0
2018-09-13 00:00:00-04:00,19.130564915395517,19.583268475185292,18.920177020809223,19.272188186645508,43757000,0.0,0.0
2018-09-14 00:00:00-04:00,19.25091098258987,19.408905720559005,19.130571290237896,19.347509384155273,28095000,0.0,0.0
2018-09-17 00:00:00-04:00,19.647122224880004,19.67168168976978,19.181321502270947,19.22389030456543,36739000,0.0,0.0
2018-09-18 00:00:00-04:00,19.382246659892196,19.910103086800557,19.37152416327236,19.77236557006836,50511000,0.175,0.0
2018-09-19 00:00:00-04:00,19.833397916913512,20.000002465249267,19.77566225011021,19.94226837158203,31160000,0.0,0.0
2018-09-20 00:00:00-04:00,20.041247024461345,20.292804146659886,19.936501299266435,20.20125389099121,39986000,0.0,0.0
2018-09-21 00:00:00-04:00,20.316720126167734,20.517966748107906,20.22187101240255,20.462705612182617,135321000,0.0,0.0
2018-09-24 00:00:00-04:00,20.45857889578907,20.627657995211454,20.39754593288199,20.574047088623047,45326000,0.0,0.0
2018-09-25 00:00:00-04:00,20.535288807480992,20.565804510341206,20.27300918877463,20.42559242248535,47037000,0.0,0.0
2018-09-26 00:00:00-04:00,20.259809091924275,20.458581158009125,20.19052816856311,20.242488861083984,33428000,0.0,0.0
2018-09-27 00:00:00-04:00,20.26393309991681,20.44455903186178,20.1995996926681,20.326616287231445,29572000,0.0,0.0
2018-09-28 00:00:00-04:00,20.251558694486135,20.36950142011953,20.112170978845214,20.349706649780273,26739000,0.0,0.0
2018-10-01 00:00:00-04:00,20.444558013595053,20.79591325978964,20.427237784263106,20.578996658325195,27709000,0.0,0.0
2018-10-02 00:00:00-04:00,20.548482448252486,20.760449994849083,20.447859923850604,20.462705612182617,24888000,0.0,0.0
2018-10-03 00:00:00-04:00,20.52126088605893,20.72910362108275,20.37527543368627,20.571571350097656,19607000,0.0,0.0
2018-10-04 00:00:00-04:00,20.343938665251585,20.597144411439224,20.30599933412502,20.46847915649414,25660000,0.0,0.0
2018-10-05 00:00:00-04:00,20.486621923396903,20.62353353700775,19.992580083789502,20.14351463317871,33860000,0.0,0.0
2018-10-08 00:00:00-04:00,20.067635850197913,20.24166405098261,19.82597694767369,19.907629013061523,33397000,0.0,0.0
2018-10-09 00:00:00-04:00,19.843297037674557,20.267232091490477,19.82515248396928,20.182279586791992,24675000,0.0,0.0
2018-10-10 00:00:00-04:00,20.036297151269967,20.212799920924162,19.105124617744593,19.12079620361328,56327000,0.0,0.0
2018-10-11 00:00:00-04:00,19.132336658049308,19.431729605604936,18.73809304959329,18.87912940979004,37424000,0.0,0.0
2018-10-12 00:00:00-04:00,19.36245152450264,19.437505853165558,18.896452396447383,19.213167190551758,32589000,0.0,0.0
2018-10-15 00:00:00-04:00,19.054813089457905,19.409467256286778,18.97315944363343,19.173580169677734,30099000,0.0,0.0
2018-10-16 00:00:00-04:00,19.46472230528703,19.692359811724693,19.314612089867943,19.656070709228516,30355000,0.0,0.0
2018-10-17 00:00:00-04:00,19.773193097795616,19.773193097795616,19.293172558109298,19.56122398376465,20262000,0.0,0.0
2018-10-18 00:00:00-04:00,19.417711602252623,19.532355479902783,18.683661055932742,18.80655288696289,37442000,0.0,0.0
2018-10-19 00:00:00-04:00,18.969857573823703,19.059757586525922,18.716651868458616,18.82799530029297,32231000,0.0,0.0
2018-10-22 00:00:00-04:00,19.01604588202462,19.17027930675164,18.808203119994733,18.85603904724121,25619000,0.0,0.0
2018-10-23 00:00:00-04:00,18.376850774992146,18.93192580144197,18.047764715186833,18.891511917114258,35990000,0.0,0.0
2018-10-24 00:00:00-04:00,18.672939127107437,18.67376502366593,17.966931286181115,18.038686752319336,37810000,0.0,0.0
2018-10-25 00:00:00-04:00,18.135184789959798,18.42468117733271,18.074976148558232,18.329832077026367,35193000,0.0,0.0
2018-10-26 00:00:00-04:00,17.779707285809693,17.925692771698824,17.254325345186647,17.58011245727539,53324000,0.0,0.0
2018-10-29 00:00:00-04:00,17.830839308735968,18.037033394223606,17.174317730681064,17.444019317626953,28636000,0.0,0.0
2018-10-30 00:00:00-04:00,17.632069157424137,18.273745061890104,17.402781431073,18.228382110595703,29697000,0.0,0.0
2018-10-31 00:00:00-04:00,18.557472391494535,18.612731954745268,18.286120516165514,18.432931900024414,28146000,0.0,0.0
2018-11-01 00:00:00-04:00,18.570668237286956,19.318740180839132,18.45189959101238,18.959962844848633,36830000,0.0,0.0
2018-11-02 00:00:00-04:00,18.58468867515602,18.63747368877877,17.959507026207152,18.208589553833008,40241000,0.0,0.0
2018-11-05 00:00:00-05:00,18.064254503350693,18.23580815922984,17.626298086817414,18.15250587463379,27609000,0.0,0.0
2018-11-06 00:00:00-05:00,18.169831548923344,18.90058345216149,18.121994033933497,18.825529098510742,29464000,0.0,0.0
2018-11-07 00:00:00-05:00,19.133991582780983,19.40616779401768,18.90470379189481,19.332763671875,29004000,0.0,0.0
2018-11-08 00:00:00-05:00,19.193372997362722,20.010725830458345,19.193372997362722,19.81525421142578,29796000,0.0,0.0
2018-11-09 00:00:00-05:00,19.382248257955194,19.713808772027015,19.179352994521146,19.711334228515625,33611000,0.0,0.0
2018-11-12 00:00:00-05:00,19.052336942414875,19.12409240785247,18.168176143341167,18.444477081298828,50306000,0.0,0.0
2018-11-13 00:00:00-05:00,18.59788846274496,18.955017217038545,18.336434730932634,18.543453216552734,26697000,0.0,0.0
2018-11-14 00:00:00-05:00,18.702629918710873,19.013569711751668,18.608605145922514,18.656442642211914,25411000,0.0,0.0
2018-11-15 00:00:00-05:00,18.658096359032108,19.737728959983794,18.62840497982474,19.49277114868164,36694000,0.0,0.0
2018-11-16 00:00:00-05:00,19.28492503660131,19.728654903297286,19.105949307664567,19.597515106201172,36005000,0.0,0.0
2018-11-19 00:00:00-05:00,19.508440093871656,19.883713369995,18.849443791161853,18.89810562133789,35326000,0.0,0.0
2018-11-20 00:00:00-05:00,18.47003785576335,18.893974353977107,18.357868554569833,18.78097915649414,32123000,0.0,0.0
2018-11-21 00:00:00-05:00,18.988004631882294,19.24286059071797,18.764490269095404,18.969860076904297,19926000,0.0,0.0
2018-11-23 00:00:00-05:00,18.77026236420058,19.191722874695465,18.77026236420058,18.961610794067383,8066000,0.0,0.0
2018-11-26 00:00:00-05:00,19.317914012890608,19.64205085605252,19.09769854544408,19.407814025878906,28714000,0.0,0.0
2018-11-27 00:00:00-05:00,19.265127656168925,19.66019564098986,19.169454232288228,19.450702667236328,30406000,0.0,0.0
2018-11-28 00:00:00-05:00,19.505962221807565,19.62967837147061,19.10347218043593,19.400390625,31080000,0.0,0.0
2018-11-29 00:00:00-05:00,19.322040394707276,19.681643652337435,19.1974983294373,19.44658088684082,17920000,0.0,0.0
2018-11-30 00:00:00-05:00,19.415239766600553,19.652773916025033,19.249459512188785,19.581018447875977,40083000,0.0,0.0
2018-12-03 00:00:00-05:00,20.223526990766164,20.375285930628227,19.915884346191998,19.96537208557129,35241000,0.0,0.0
2018-12-04 00:00:00-05:00,19.83504459800325,19.88783117350829,19.100169888379515,19.13810920715332,36455000,0.0,0.0
2018-12-06 00:00:00-05:00,18.65974576713749,18.74304806313931,17.947962862462024,18.742223739624023,57859000,0.0,0.0
2018-12-07 00:00:00-05:00,19.303901294828606,19.65278057998468,18.516239524995402,18.851099014282227,78396000,0.0,0.0
2018-12-10 00:00:00-05:00,18.800781729497785,19.821029930484002,18.682013074359418,19.732778549194336,43344000,0.0,0.0
2018-12-11 00:00:00-05:00,20.08000791686383,20.647453885429005,20.076707477058864,20.358781814575195,57730000,0.0,0.0
2018-12-12 00:00:00-05:00,20.82065647861596,21.45985791896195,20.7843673716102,21.030149459838867,68703000,0.0,0.0
2018-12-13 00:00:00-05:00,21.31717309908854,21.567904276441407,20.997159427480966,21.30397605895996,54355000,0.0,0.0
2018-12-14 00:00:00-05:00,21.061496867687534,21.57533364901919,21.001288207385095,21.017784118652344,42727000,0.0,0.0
2018-12-17 00:00:00-05:00,20.948501853008313,21.553062961766432,20.873447506571125,20.96004867553711,56238000,0.0,0.0
2018-12-18 00:00:00-05:00,21.26009520761786,21.30260255950608,20.737511836081485,20.809188842773438,51849000,0.265,0.0
2018-12-19 00:00:00-05:00,20.75334581238171,21.330939600944088,20.213259724344855,20.327444076538086,59728000,0.0,0.0
2018-12-20 00:00:00-05:00,20.369949032101502,20.711670628355797,19.874034781900434,20.160747528076172,75365000,0.0,0.0
2018-12-21 00:00:00-05:00,20.160749232346376,20.98171541430765,20.160749232346376,20.412456512451172,102138000,0.0,0.0
2018-12-24 00:00:00-05:00,20.16992184476276,20.31161143750458,19.46230689103467,19.48647689819336,28494000,0.0,0.0
2018-12-26 00:00:00-05:00,19.818189871387606,20.711667440167435,19.46146620542549,20.68166160583496,36741000,0.0,0.0
2018-12-27 00:00:00-05:00,20.419954007690528,20.939203592704867,20.181582884696812,20.90753173828125,37507000,0.0,0.0
2018-12-28 00:00:00-05:00,21.086729710860432,21.508464750197362,20.9333716592573,21.13590431213379,28702000,0.0,0.0
2018-12-31 00:00:00-05:00,21.489296907904397,21.545138769118246,20.915869811929532,21.19341468811035,26590000,0.0,0.0
2019-01-02 00:00:00-05:00,20.740842536749515,21.22842034601583,20.54414412165718,21.12923812866211,30346000,0.0,0.0
2019-01-03 00:00:00-05:00,20.383284122435963,20.548310677326867,19.197260978311057,19.24976921081543,68580000,0.0,0.0
2019-01-04 00:00:00-05:00,19.527315075926108,19.707343764966367,19.30894567796657,19.438966751098633,54248000,0.0,0.0
2019-01-07 00:00:00-05:00,19.47396982255331,20.02322528862035,19.233098060664915,19.834861755371094,53433000,0.0,0.0
2019-01-08 00:00:00-05:00,20.012390986546702,20.16158240443141,19.450633982264044,19.675670623779297,36795000,0.0,0.0
2019-01-09 00:00:00-05:00,19.871538950035394,20.559983546505798,19.82403194567823,20.52664566040039,52971000,0.0,0.0
2019-01-10 00:00:00-05:00,20.46746604309227,20.88419990114523,20.366617797520508,20.79668617248535,29594000,0.0,0.0
2019-01-11 00:00:00-05:00,20.789187047584353,21.080066482570768,20.780017579561214,20.884201049804688,20158000,0.0,0.0
2019-01-14 00:00:00-05:00,20.679166283043447,20.968379655588844,20.494969375200288,20.909202575683594,25498000,0.0,0.0
2019-01-15 00:00:00-05:00,21.066726821834408,21.855188069167184,21.00421770406005,21.37761116027832,39247000,0.0,0.0
2019-01-16 00:00:00-05:00,21.43678871054082,21.44929180706864,20.95004387808396,20.978382110595703,24484000,0.0,0.0
2019-01-17 00:00:00-05:00,20.841695508823783,21.449293590037314,20.730010178934517,21.280933380126953,35154000,0.0,0.0
2019-01-18 00:00:00-05:00,21.59764974692686,21.831854297532985,21.4201216642536,21.738506317138672,34634000,0.0,0.0
2019-01-22 00:00:00-05:00,21.503465888407664,21.625152095533466,21.245091348158024,21.527637481689453,37156000,0.0,0.0
2019-01-23 00:00:00-05:00,21.63181919583822,21.746003535882995,21.14090617828398,21.463459014892578,31771000,0.0,0.0
2019-01-24 00:00:00-05:00,21.761006372904756,22.232749052736626,21.67015902171215,21.966039657592773,35999000,0.0,0.0
2019-01-25 00:00:00-05:00,22.101063067257787,22.36277123712959,21.746005332657194,22.331933975219727,30333000,0.0,0.0
2019-01-28 00:00:00-05:00,21.800177302463478,22.40777522133184,21.557637940742556,22.30525779724121,31320000,0.0,0.0
2019-01-29 00:00:00-05:00,22.28275856190636,22.303594935616193,21.9893769514578,22.196910858154297,27870000,0.0,0.0
2019-01-30 00:00:00-05:00,22.503626934393182,22.816177308481976,22.284424531732274,22.571971893310547,28727000,0.0,0.0
2019-01-31 00:00:00-05:00,22.550295341192204,22.586968430771744,22.199405935607047,22.357765197753906,21063000,0.0,0.0
2019-02-01 00:00:00-05:00,22.432781487024194,22.47028600335078,22.077723789160792,22.237749099731445,22878000,0.0,0.0
2019-02-04 00:00:00-05:00,22.29526253905449,22.68199216399886,22.082728960118793,22.68032455444336,20761000,0.0,0.0
2019-02-05 00:00:00-05:00,22.66698673321581,22.889522773230663,22.496125919237482,22.50362777709961,22619000,0.0,0.0
2019-02-06 00:00:00-05:00,22.776171598485114,23.337095641369018,22.732831239855162,23.021211624145508,27064000,0.0,0.0
2019-02-07 00:00:00-05:00,22.741996523306376,22.884520679465744,22.195241659046445,22.427780151367188,28646000,0.0,0.0
2019-02-08 00:00:00-05:00,22.281092170358978,22.861186575193127,22.258588186048453,22.842016220092773,23903000,0.0,0.0
2019-02-11 00:00:00-05:00,22.87034807136926,23.003702740846734,22.776998530964587,22.980365753173828,18012000,0.0,0.0
2019-02-12 00:00:00-05:00,23.22457305814168,23.369596233594965,23.092051387213033,23.2862491607666,19809000,0.0,0.0
2019-02-13 00:00:00-05:00,23.337093429030727,23.517122104822878,23.16790023929724,23.447111129760742,19190000,0.0,0.0
2019-02-14 00:00:00-05:00,23.387105919956735,23.573803482115377,23.249584560213055,23.46211814880371,16015000,0.0,0.0
2019-02-15 00:00:00-05:00,23.677982091271723,23.677982091271723,23.236243677687863,23.497953414916992,17352000,0.0,0.0
2019-02-19 00:00:00-05:00,23.432945072812263,23.57296863092272,23.349597981746392,23.475452423095703,15152000,0.0,0.0
2019-02-20 00:00:00-05:00,23.60797335781102,23.88968489497468,23.527126888760378,23.622140884399414,16150000,0.0,0.0
2019-02-21 00:00:00-05:00,23.60713870305196,23.616306580705043,23.24791432685772,23.415441513061523,13254000,0.0,0.0
2019-02-22 00:00:00-05:00,23.3329289194251,23.33709555844375,22.892023476775886,23.045381546020508,27225000,0.0,0.0
2019-02-25 00:00:00-05:00,23.40210409589281,23.406272324410235,23.21040691663944,23.220409393310547,19245000,0.0,0.0
2019-02-26 00:00:00-05:00,23.164565978211943,23.171234825907792,22.87451958970103,22.920360565185547,27211000,0.0,0.0
2019-02-27 00:00:00-05:00,22.772003522278528,22.928695211348515,22.46862103101576,22.6278133392334,29146000,0.0,0.0
2019-02-28 00:00:00-05:00,22.501128233370242,22.979538217434953,22.389444497952063,22.950366973876953,31460000,0.0,0.0
2019-03-01 00:00:00-05:00,23.14789979902348,23.1837383008644,22.597811225921436,22.732831954956055,19035000,0.0,0.0
2019-03-04 00:00:00-05:00,22.920365541498207,23.052054248380102,22.575310225432514,22.911197662353516,17382000,0.0,0.0
2019-03-05 00:00:00-05:00,22.962028591352492,23.373762686531315,22.881182143511325,23.08788299560547,21699000,0.0,0.0
2019-03-06 00:00:00-05:00,23.058719492688173,23.08122347843997,22.543636388461017,22.616147994995117,19973000,0.0,0.0
2019-03-07 00:00:00-05:00,22.518626919655425,22.531130014435792,22.01021277379616,22.129398345947266,25411000,0.0,0.0
2019-03-08 00:00:00-05:00,21.800178188433637,22.066887560309514,21.60347978821819,22.019380569458008,22167000,0.0,0.0
2019-03-11 00:00:00-04:00,22.077725654522872,22.5494683489401,22.007714674590016,22.425281524658203,27161000,0.0,0.0
2019-03-12 00:00:00-04:00,22.483625251816253,22.506129236529233,22.02605164798215,22.472789764404297,23324000,0.0,0.0
2019-03-13 00:00:00-04:00,22.54612873886463,22.760329850482147,22.42194194752675,22.60447120666504,32089000,0.0,0.0
2019-03-14 00:00:00-04:00,22.677818376039042,22.691987489790012,22.327761939701393,22.353599548339844,43094000,0.0,0.0
2019-03-15 00:00:00-04:00,23.875516910785883,24.966526200055416,23.628810852888673,24.194734573364258,144066000,0.0,0.0
2019-03-18 00:00:00-04:00,24.189733950478363,24.75232401896893,24.188066341019468,24.490615844726562,56746000,0.0,0.0
2019-03-19 00:00:00-04:00,24.51728639821842,25.08571071362529,24.513118169439803,24.946521759033203,51556000,0.0,0.0
2019-03-20 00:00:00-04:00,25.05920434214361,25.143295954818072,24.410860558646927,24.47308921813965,41263000,0.265,0.0
2019-03-21 00:00:00-04:00,24.544562424795707,25.174406570057275,24.47056265059625,24.95829200744629,27379000,0.0,0.0
2019-03-22 00:00:00-04:00,24.88429025498193,24.928017758149668,24.504197959721548,24.609312057495117,23307000,0.0,0.0
2019-03-25 00:00:00-04:00,24.571472919936962,24.737973625880898,24.302381064340384,24.5681095123291,23878000,0.0,0.0
2019-03-26 00:00:00-04:00,24.75395257993131,25.182818339475542,24.742179850983923,24.97763442993164,28009000,0.0,0.0
2019-03-27 00:00:00-04:00,25.023042319448837,25.116383692154173,24.59333614543586,24.88849639892578,21862000,0.0,0.0
2019-03-28 00:00:00-04:00,24.984361263813778,25.504885865143546,24.86326897039862,25.149179458618164,33030000,0.0,0.0
2019-03-29 00:00:00-04:00,25.329977358485124,25.451910110087045,25.082748447582073,25.287090301513672,24493000,0.0,0.0
2019-04-01 00:00:00-04:00,25.48890722208079,25.794998130593243,25.2063601641555,25.714271545410156,27040000,0.0,0.0
2019-04-02 00:00:00-04:00,25.745384885427185,25.84545467338084,25.446861235004683,25.483861923217773,22857000,0.0,0.0
2019-04-03 00:00:00-04:00,25.75042858268154,25.84965630733495,25.380426544128515,25.580564498901367,22266000,0.0,0.0
2019-04-04 00:00:00-04:00,25.626821486579537,25.731935601287482,25.36781983318059,25.395570755004883,15228000,0.0,0.0
2019-04-05 00:00:00-04:00,25.563751980895205,25.600752674784083,25.37875171927897,25.587297439575195,18875000,0.0,0.0
2019-04-08 00:00:00-04:00,25.575523161829114,25.67307000238113,25.395568824800357,25.604114532470703,13899000,0.0,0.0
2019-04-09 00:00:00-04:00,25.44434249726088,25.57300207061944,25.25177336271696,25.517501831054688,11621000,0.0,0.0
2019-04-10 00:00:00-04:00,25.530113670242923,25.88077416140767,25.479657746339942,25.858909606933594,14992000,0.0,0.0
2019-04-11 00:00:00-04:00,25.91273172998957,26.08427675721636,25.751275322367995,26.018686294555664,16669000,0.0,0.0
2019-04-12 00:00:00-04:00,26.181824365760413,26.69393971330788,26.116232297277577,26.659461975097656,30087000,0.0,0.0
2019-04-15 00:00:00-04:00,26.659460740844104,26.700666896935953,26.33486863313757,26.606483459472656,16216000,0.0,0.0
2019-04-16 00:00:00-04:00,26.90920811017804,26.91004856100431,26.581252649587658,26.783071517944336,21116000,0.0,0.0
2019-04-17 00:00:00-04:00,26.929386294829612,26.988253133834633,26.72756904731384,26.95377540588379,18138000,0.0,0.0
2019-04-18 00:00:00-04:00,26.99666468533188,27.115232415291054,26.754481708420656,26.793163299560547,26548000,0.0,0.0
2019-04-22 00:00:00-04:00,26.683848266476293,26.73177963424008,26.421483212398364,26.48875617980957,13504000,0.0,0.0
2019-04-23 00:00:00-04:00,26.63675545228241,26.74859637170727,26.42064087942791,26.542572021484375,19777000,0.0,0.0
2019-04-24 00:00:00-04:00,26.45343369201241,26.657775517844872,26.33654686998947,26.432411193847656,23335000,0.0,0.0
2019-04-25 00:00:00-04:00,26.316369792461835,26.316369792461835,25.77986694100158,26.221345901489258,26732000,0.0,0.0
2019-04-26 00:00:00-04:00,25.996824817845113,26.14818780271421,25.657094944111883,26.102779388427734,16404000,0.0,0.0
2019-04-29 00:00:00-04:00,26.172571581599197,26.461003427010994,26.10529861884489,26.297025680541992,13404000,0.0,0.0
2019-04-30 00:00:00-04:00,26.34747882953672,26.776342919463502,26.281046324691,26.774662017822266,18953000,0.0,0.0
2019-05-01 00:00:00-04:00,26.951255442332407,27.178302290381033,26.79905042606754,26.816709518432617,18158000,0.0,0.0
2019-05-02 00:00:00-04:00,26.907531035000826,27.093374959509596,26.424007066536127,26.55771255493164,20428000,0.0,0.0
2019-05-03 00:00:00-04:00,26.48455014889303,26.62750539340644,26.126320784754128,26.548458099365234,19214000,0.0,0.0
2019-05-06 00:00:00-04:00,25.79836216592961,26.23059125453564,25.677269886864515,26.2003173828125,14371000,0.0,0.0
2019-05-07 00:00:00-04:00,25.954774107092252,26.036342753629263,25.5410445103048,25.840410232543945,21734000,0.0,0.0
2019-05-08 00:00:00-04:00,25.673069324566605,25.871524804137156,25.488909529939416,25.512454986572266,15099000,0.0,0.0
2019-05-09 00:00:00-04:00,25.22738542625315,25.71931867218638,24.96249743018158,25.568796157836914,22282000,0.0,0.0
2019-05-10 00:00:00-04:00,25.499001961536433,25.681480870163277,24.946522529793043,25.560388565063477,21025000,0.0,0.0
2019-05-13 00:00:00-04:00,24.7076950332459,24.864105476356322,24.23510190108071,24.67069435119629,37864000,0.0,0.0
2019-05-14 00:00:00-04:00,24.864954267694547,25.614206702152995,24.84729517341149,25.395570755004883,34277000,0.0,0.0
2019-05-15 00:00:00-04:00,25.25008411661492,25.880768594518266,25.110492310887576,25.594858169555664,18166000,0.0,0.0
2019-05-16 00:00:00-04:00,25.20636317363331,25.488068210450344,24.781701283258343,24.99949836730957,34233000,0.0,0.0
2019-05-17 00:00:00-04:00,24.620243568191242,24.686676073687682,24.2527644628456,24.377220153808594,39094000,0.0,0.0
2019-05-20 00:00:00-04:00,23.377373987822565,23.541353322618452,22.590280558805773,22.922441482543945,65162000,0.0,0.0
2019-05-21 00:00:00-04:00,23.30084872291212,23.527055076628358,23.095666468948515,23.152849197387695,25060000,0.0,0.0
2019-05-22 00:00:00-04:00,22.74501171972065,23.13014997035211,22.618033054422757,22.639057159423828,31809000,0.0,0.0
2019-05-23 00:00:00-04:00,22.248872937734454,22.325395675528686,21.709847157651254,21.87130355834961,46607000,0.0,0.0
2019-05-24 00:00:00-04:00,22.09077924405807,22.34641584530486,21.505503060412636,21.522321701049805,27963000,0.0,0.0
2019-05-28 00:00:00-04:00,21.57529611030679,21.672842929916943,21.03038569890369,21.399545669555664,61965000,0.0,0.0
2019-05-29 00:00:00-04:00,21.2532334668745,21.558483986971634,21.155688221699386,21.369279861450195,28132000,0.0,0.0
2019-05-30 00:00:00-04:00,21.414684225105127,21.64004855190192,21.369275820974828,21.579504013061523,17310000,0.0,0.0
2019-05-31 00:00:00-04:00,21.27845925035734,21.505504498486236,21.106912632997364,21.160730361938477,22192000,0.0,0.0
2019-06-03 00:00:00-04:00,21.237254726055173,21.72330324520936,21.123732895239026,21.290233612060547,28911000,0.0,0.0
2019-06-04 00:00:00-04:00,21.6080973810467,22.368283689764976,21.507188730205584,22.343055725097656,36805000,0.0,0.0
2019-06-05 00:00:00-04:00,22.62139714460238,22.831625369643387,22.06555430783434,22.344738006591797,23651000,0.0,0.0
2019-06-06 00:00:00-04:00,22.454055930064428,23.125104705254884,22.30773726538592,22.93926239013672,32687000,0.0,0.0
2019-06-07 00:00:00-04:00,23.106602808664842,23.366444880647208,22.980464603615733,23.11417007446289,25963000,0.0,0.0
2019-06-10 00:00:00-04:00,23.270581755705987,23.94667480684051,23.269741304776876,23.56321907043457,23280000,0.0,0.0
2019-06-11 00:00:00-04:00,24.427675855832355,24.53363040717478,23.49594463610969,23.83819580078125,37105000,0.0,0.0
2019-06-12 00:00:00-04:00,23.68599114298317,23.811287293757548,23.327761782814648,23.52285385131836,27057000,0.0,0.0
2019-06-13 00:00:00-04:00,23.673377177170792,23.788581497791313,23.327761007481516,23.680944442749023,37735000,0.0,0.0
2019-06-14 00:00:00-04:00,21.704802724048925,22.54403308606818,21.650983389485642,22.362396240234375,100797000,0.0,0.0
2019-06-17 00:00:00-04:00,22.270738812111354,22.595332557992492,21.976420551204978,22.36576271057129,35785000,0.0,0.0
2019-06-18 00:00:00-04:00,22.549078723650947,23.79951573218987,22.406963924645293,23.381582260131836,54920000,0.0,0.0
2019-06-19 00:00:00-04:00,23.442969246348884,23.46735515504105,23.016626446223942,23.334491729736328,28920000,0.0,0.0
2019-06-20 00:00:00-04:00,23.75662631981698,24.00385520149283,23.30673811397437,23.46567153930664,57291000,0.0,0.0
2019-06-21 00:00:00-04:00,23.48349522535821,23.85619614386952,23.258517384374702,23.261064529418945,45399000,0.265,0.0
2019-06-24 00:00:00-04:00,23.3909634249424,23.72461036170272,23.346816678178843,23.703386306762695,20506000,0.0,0.0
2019-06-25 00:00:00-04:00,23.699991348551766,24.01580989412567,23.433412223255303,23.475011825561523,24436000,0.0,0.0
2019-06-26 00:00:00-04:00,23.650748402386757,24.113439901255703,23.60999731218655,23.8935546875,24774000,0.0,0.0
2019-06-27 00:00:00-04:00,24.02005418654522,24.488688525560587,23.960626182931403,24.25606918334961,21813000,0.0,0.0
2019-06-28 00:00:00-04:00,24.438596725463867,24.560849995313824,24.180509187933136,24.438596725463867,49265000,0.0,0.0
2019-07-01 00:00:00-04:00,25.611881325408618,25.95741547588379,25.15767975640511,25.49896812438965,44832000,0.0,0.0
2019-07-02 00:00:00-04:00,25.374170219647194,25.526135880773943,24.95137965353907,25.072784423828125,19011000,0.0,0.0
2019-07-03 00:00:00-04:00,24.085429063860722,24.516708007708,24.02769807201561,24.18645668029785,49411000,0.0,0.0
2019-07-05 00:00:00-04:00,24.081180969386264,24.233148253203776,23.938553759870384,23.997133255004883,24565000,0.0,0.0
2019-07-08 00:00:00-04:00,23.771305183200433,23.8723327897817,23.295029404817313,23.343421936035156,34291000,0.0,0.0
2019-07-09 00:00:00-04:00,23.21522438804469,23.430015316538974,23.126930896642232,23.39181137084961,26131000,0.0,0.0
2019-07-10 00:00:00-04:00,23.589623385163108,23.66942693424099,23.2619192428699,23.30436897277832,30134000,0.0,0.0
2019-07-11 00:00:00-04:00,23.36719105167336,23.554815120825715,23.172775673910987,23.43680763244629,20712000,0.0,0.0
2019-07-12 00:00:00-04:00,23.463976953060747,24.274748202938785,23.463976953060747,24.22890281677246,21971000,0.0,0.0
2019-07-15 00:00:00-04:00,24.713667106563314,25.001468658693675,24.38850849745621,24.47934913635254,30334000,0.0,0.0
2019-07-16 00:00:00-04:00,24.364735446990274,24.43265338898459,23.974207685345817,24.121929168701172,14617000,0.0,0.0
2019-07-17 00:00:00-04:00,24.24333058444901,24.390203548634904,24.04212391824669,24.202579498291016,15453000,0.0,0.0
2019-07-18 00:00:00-04:00,24.295970980737454,24.64574930118803,24.09391415570797,24.60160255432129,19357000,0.0,0.0
2019-07-19 00:00:00-04:00,24.775642243655152,24.888555446166844,24.580376728793862,24.62027931213379,22047000,0.0,0.0
2019-07-22 00:00:00-04:00,24.87497309604965,25.46840788407773,24.810452417785257,25.14240074157715,33905000,0.0,0.0
2019-07-23 00:00:00-04:00,25.426803554511398,25.669609824433305,25.402182228606325,25.535470962524414,19692000,0.0,0.0
2019-07-24 00:00:00-04:00,25.571135285703992,25.883558204140662,25.51170565789846,25.789321899414062,19006000,0.0,0.0
2019-07-25 00:00:00-04:00,25.650084694191293,25.650084694191293,25.418315497314968,25.502363204956055,15741000,0.0,0.0
2019-07-26 00:00:00-04:00,25.604243853303966,25.725647011133933,25.5142517161826,25.547361373901367,14996000,0.0,0.0
2019-07-29 00:00:00-04:00,25.57368135503807,25.68574606469669,25.21116887612026,25.616979598999023,12068000,0.0,0.0
2019-07-30 00:00:00-04:00,25.391997154438688,25.548208589187237,25.223049991795197,25.43189811706543,11164000,0.0,0.0
2019-07-31 00:00:00-04:00,25.471801336100526,25.539719282503416,24.337570173809826,24.619430541992188,20819000,0.0,0.0
2019-08-01 00:00:00-04:00,24.546418391668148,25.284177350230227,23.96826652675635,24.22465705871582,21911000,0.0,0.0
2019-08-02 00:00:00-04:00,23.947040704547117,24.09730933257751,23.42407109662082,23.646503448486328,20080000,0.0,0.0
2019-08-05 00:00:00-04:00,23.087878490452027,23.11249981861807,22.419736122816246,22.723669052124023,27765000,0.0,0.0
2019-08-06 00:00:00-04:00,22.933371192201395,23.10741107150927,22.46049098384071,22.620098114013672,22199000,0.0,0.0
2019-08-07 00:00:00-04:00,22.415492242285563,23.15325125525657,22.328047252056155,22.92657470703125,22244000,0.0,0.0
2019-08-08 00:00:00-04:00,22.9545913455381,23.139668287270442,22.28559880316652,23.005529403686523,29163000,0.0,0.0
2019-08-09 00:00:00-04:00,22.88667109184582,23.8179968879363,22.88667109184582,23.408790588378906,30735000,0.0,0.0
2019-08-12 00:00:00-04:00,23.20927962144243,23.61933440680762,23.137966027342646,23.401147842407227,20040000,0.0,0.0
2019-08-13 00:00:00-04:00,23.37228705688541,24.23824050124808,23.09467084147837,24.085426330566406,22340000,0.0,0.0
2019-08-14 00:00:00-04:00,23.668578192736963,23.78403854222781,22.954590421400503,23.05476951599121,27108000,0.0,0.0
2019-08-15 00:00:00-04:00,23.092119749368365,23.158339045441085,22.48510251843973,22.80686378479004,20010000,0.0,0.0
2019-08-16 00:00:00-04:00,23.10485732536744,23.410488877547575,23.090424580355247,23.243240356445312,17458000,0.0,0.0
2019-08-19 00:00:00-04:00,23.72884932288639,23.777240219010285,23.398598135539444,23.667722702026367,17489000,0.0,0.0
2019-08-20 00:00:00-04:00,23.61509502010912,24.192398436460795,23.517463062827844,23.802719116210938,17920000,0.0,0.0
2019-08-21 00:00:00-04:00,24.16522898414658,24.472557570329744,24.115139437925436,24.408035278320312,19381000,0.0,0.0
2019-08-22 00:00:00-04:00,24.483592935495654,24.57018778482851,24.157585844005187,24.41822052001953,12294000,0.0,0.0
2019-08-23 00:00:00-04:00,24.1100461142758,24.236543557727547,23.011471707748274,23.103160858154297,25742000,0.0,0.0
2019-08-26 00:00:00-04:00,23.51236326111303,23.597261088203656,23.346813388896564,23.53528594970703,14249000,0.0,0.0
2019-08-27 00:00:00-04:00,23.699139059797474,23.78997806789262,23.339172204284925,23.395204544067383,14298000,0.0,0.0
2019-08-28 00:00:00-04:00,23.28993465353704,23.46652163172949,22.96223053337696,23.43680763244629,17202000,0.0,0.0
2019-08-29 00:00:00-04:00,23.8978002931228,24.23739001012741,23.860444857500266,24.05740737915039,16429000,0.0,0.0
2019-08-30 00:00:00-04:00,24.226354506204306,24.272199890166487,23.762814471646607,23.995433807373047,16720000,0.0,0.0
2019-09-03 00:00:00-04:00,23.771304415548514,23.843466526692886,23.00128429728327,23.266164779663086,22210000,0.0,0.0
2019-09-04 00:00:00-04:00,23.668577929181605,24.14060790468335,23.618488382444013,24.027694702148438,19865000,0.0,0.0
2019-09-05 00:00:00-04:00,24.4810522160129,24.932706727497735,24.4810522160129,24.706878662109375,20938000,0.0,0.0
2019-09-06 00:00:00-04:00,24.777338265017693,24.900440045258787,24.560850323293288,24.782432556152344,13748000,0.0,0.0
2019-09-09 00:00:00-04:00,25.044767058828743,25.231541009881813,24.65423926500189,24.841861724853516,21686000,0.0,0.0
2019-09-10 00:00:00-04:00,24.73489524511978,24.998077131369666,24.520104276728812,24.997228622436523,20850000,0.0,0.0
2019-09-11 00:00:00-04:00,25.15683279669268,25.365680939502926,25.00656414924435,25.300310134887695,19260000,0.0,0.0
2019-09-12 00:00:00-04:00,25.590659582986035,25.667067481805297,25.169567630621927,25.518497467041016,33109000,0.0,0.0
2019-09-13 00:00:00-04:00,25.269748192976763,25.298613688740545,24.101558697077046,24.647449493408203,62557000,0.0,0.0
2019-09-16 00:00:00-04:00,24.348605153055527,24.643199604605353,24.25521737761809,24.506513595581055,22176000,0.0,0.0
2019-09-17 00:00:00-04:00,24.452180053008135,24.56084908240511,24.089667658543444,24.520946502685547,21912000,0.0,0.0
2019-09-18 00:00:00-04:00,24.49208335638895,24.684800094497866,24.10070546111103,24.428409576416016,16510000,0.0,0.0
2019-09-19 00:00:00-04:00,24.4929323940522,24.78582822581148,24.385111867856835,24.674612045288086,19421000,0.0,0.0
2019-09-20 00:00:00-04:00,24.64719411434893,24.70973953200394,24.14597282248389,24.355030059814453,35524000,0.265,0.0
2019-09-23 00:00:00-04:00,24.30019873354287,24.603501488091947,24.168254076799307,24.457847595214844,14850000,0.0,0.0
2019-09-24 00:00:00-04:00,24.61720569553322,24.752577225109096,23.968617928143622,24.187955856323242,20292000,0.0,0.0
2019-09-25 00:00:00-04:00,23.283193750709867,23.7510008359165,23.133256629933417,23.627622604370117,55588000,0.0,0.0
2019-09-26 00:00:00-04:00,23.583917754161163,23.875225459827814,23.3628672088016,23.72528839111328,27477000,0.0,0.0
2019-09-27 00:00:00-04:00,23.701299345990062,24.09970543968425,23.38685801391432,23.487958908081055,28660000,0.0,0.0
2019-09-30 00:00:00-04:00,23.62933037976691,23.70901192814108,23.347447035961473,23.6533203125,19826000,0.0,0.0
2019-10-01 00:00:00-04:00,23.841812237121953,23.96004926482613,23.422843107703095,23.548791885375977,19429000,0.0,0.0
2019-10-02 00:00:00-04:00,23.429699306386368,23.45882877188351,22.98931081381794,23.13924789428711,19543000,0.0,0.0
2019-10-03 00:00:00-04:00,23.1332580068607,23.518812960651903,22.89507123271169,23.512815475463867,17096000,0.0,0.0
2019-10-04 00:00:00-04:00,23.860664062850432,24.135691981965365,23.578780709734176,24.112558364868164,25884000,0.0,0.0
2019-10-07 00:00:00-04:00,23.990895656574203,24.077431011813555,23.621620617337033,23.654178619384766,18658000,0.0,0.0
2019-10-08 00:00:00-04:00,23.48110661125479,23.55307641153297,23.03986179214692,23.16152572631836,22757000,0.0,0.0
2019-10-09 00:00:00-04:00,23.448550308401842,23.55393443298178,23.306323330399433,23.403141021728516,16329000,0.0,0.0
2019-10-10 00:00:00-04:00,23.523952660727723,23.885517676314617,23.44598535273382,23.514528274536133,17340000,0.0,0.0
2019-10-11 00:00:00-04:00,23.94634067746983,24.339607252645937,23.9120700453541,24.068004608154297,23697000,0.0,0.0
2019-10-14 00:00:00-04:00,24.02602112394358,24.217084260688477,23.979755527580508,24.13226318359375,13312000,0.0,0.0
2019-10-15 00:00:00-04:00,24.216236159881706,24.899952711910647,24.178536982721226,24.874248504638672,21230000,0.0,0.0
2019-10-16 00:00:00-04:00,24.761147665909913,24.85539477290672,24.550377784079686,24.716594696044922,20046000,0.0,0.0
2019-10-17 00:00:00-04:00,24.858820041563526,24.99333525881097,24.70288547436574,24.797988891601562,13125000,0.0,0.0
2019-10-18 00:00:00-04:00,24.803988424507512,24.841685960593725,24.332754515703773,24.56665802001953,16981000,0.0,0.0
2019-10-21 00:00:00-04:00,24.71316272170491,25.009611582282854,24.594925703995624,24.809980392456055,13031000,0.0,0.0
2019-10-22 00:00:00-04:00,24.811698898168306,24.92051155970804,24.610355028072544,24.62920379638672,13046000,0.0,0.0
2019-10-23 00:00:00-04:00,24.243649726064973,24.293343866402175,23.883799043819835,24.017457962036133,20957000,0.0,0.0
2019-10-24 00:00:00-04:00,24.237648354498493,24.289913070252272,23.878655680559184,24.187955856323242,16896000,0.0,0.0
2019-10-25 00:00:00-04:00,24.2693531480181,24.964206602858855,24.265926247793494,24.831405639648438,20869000,0.0,0.0
2019-10-28 00:00:00-04:00,24.946211658470308,25.05930752554103,24.70288542491788,24.97962760925293,12999000,0.0,0.0
2019-10-29 00:00:00-04:00,25.04217726888437,25.16384122336924,24.681468622460272,24.689180374145508,13272000,0.0,0.0
2019-10-30 00:00:00-04:00,24.847677243097472,24.92992936346988,24.548659441753152,24.86738395690918,17281000,0.0,0.0
2019-10-31 00:00:00-04:00,24.82969071045056,25.19639680596715,24.65833426444625,25.09101104736328,27881000,0.0,0.0
2019-11-01 00:00:00-04:00,25.103001779046348,25.41144561767578,25.025890819388987,25.41144561767578,21234000,0.0,0.0
2019-11-04 00:00:00-05:00,25.662487961613806,26.171419401779307,25.626503058851863,26.132007598876953,34075000,0.0,0.0
2019-11-05 00:00:00-05:00,26.132003147331815,27.141297788284174,26.0865938683712,26.906538009643555,38711000,0.0,0.0
2019-11-06 00:00:00-05:00,26.736899131271034,26.927105982194547,26.44987622188893,26.831146240234375,18076000,0.0,0.0
2019-11-07 00:00:00-05:00,27.038487191567466,27.374347897345565,26.616091134399156,26.70948028564453,23981000,0.0,0.0
2019-11-08 00:00:00-05:00,26.549261149615205,26.868843675601653,26.143144905506265,26.852563858032227,17830000,0.0,0.0
2019-11-11 00:00:00-05:00,26.663217634077046,26.838000989055093,26.63237226293421,26.796018600463867,9154000,0.0,0.0
2019-11-12 00:00:00-05:00,26.903114255713568,27.10874296087848,26.839712521023767,27.034202575683594,16875000,0.0,0.0
2019-11-13 00:00:00-05:00,26.772880934496097,27.049623111278063,26.731756502840494,26.874839782714844,12625000,0.0,0.0
2019-11-14 00:00:00-05:00,26.62466394771245,26.71805311560638,26.22711406979135,26.47215461730957,17268000,0.0,0.0
2019-11-15 00:00:00-05:00,26.75489140989963,26.82257799924824,26.567255143876363,26.80972671508789,18120000,0.0,0.0
2019-11-18 00:00:00-05:00,26.71634050926114,26.852570027835924,26.391618375814218,26.652082443237305,15850000,0.0,0.0
2019-11-19 00:00:00-05:00,27.1301648506127,27.902987196387837,27.1301648506127,27.22012710571289,31743000,0.0,0.0
2019-11-20 00:00:00-05:00,27.06590674831167,27.14558830786357,26.474723145244837,26.7034854888916,19927000,0.0,0.0
2019-11-21 00:00:00-05:00,26.658076826595128,27.048771248082772,26.543266676719085,27.010215759277344,19317000,0.0,0.0
2019-11-22 00:00:00-05:00,27.12930581815153,27.37263368964591,26.878267830351287,26.9819393157959,13216000,0.0,0.0
2019-11-25 00:00:00-05:00,27.126736766818844,27.43261170762236,27.097607298630106,27.38463020324707,19636000,0.0,0.0
2019-11-26 00:00:00-05:00,27.331512368183585,27.43261492187724,27.07876006942934,27.097610473632812,30793000,0.0,0.0
2019-11-27 00:00:00-05:00,27.24068867438952,27.412045108093405,27.11473988983539,27.283527374267578,20182000,0.0,0.0
2019-11-29 00:00:00-05:00,27.147301936471187,27.22783981549677,26.988796762266528,27.09246826171875,9229000,0.0,0.0
2019-12-02 00:00:00-05:00,27.221843280237934,27.239835733598806,26.608383964421616,26.622093200683594,23158000,0.0,0.0
2019-12-03 00:00:00-05:00,26.202264618590014,26.474721971368623,25.97178801793037,26.262239456176758,18736000,0.0,0.0
2019-12-04 00:00:00-05:00,26.538978053992125,26.67777647806575,26.314498967590335,26.536407470703125,14439000,0.0,0.0
2019-12-05 00:00:00-05:00,26.610952465547953,26.77117190009282,26.479864134409755,26.6623592376709,15494000,0.0,0.0
2019-12-06 00:00:00-05:00,26.957952241811075,27.103606126746282,26.736900013540474,27.078758239746094,16937000,0.0,0.0
2019-12-09 00:00:00-05:00,27.074474750298887,27.173005078205296,26.897975496070305,26.9356746673584,24694000,0.0,0.0
2019-12-10 00:00:00-05:00,26.99735771614539,27.06675692494568,26.83885258370923,26.99393081665039,14563000,0.0,0.0
2019-12-11 00:00:00-05:00,27.004216254011418,27.532852771739655,27.004216254011418,27.393198013305664,20829000,0.0,0.0
2019-12-12 00:00:00-05:00,27.39405509560321,28.287683462741366,27.368352527065984,28.085481643676758,38935000,0.0,0.0
2019-12-13 00:00:00-05:00,27.25097010664441,27.39748029446068,26.61352095311365,27.024778366088867,70952000,0.0,0.0
2019-12-16 00:00:00-05:00,27.24326258051521,28.06834643425499,27.205563408774303,27.68536376953125,37921000,0.0,0.0
2019-12-17 00:00:00-05:00,27.73762616686184,27.84129602061882,27.567124408895307,27.742767333984375,20248000,0.0,0.0
2019-12-18 00:00:00-05:00,27.79416632545565,28.37678168869599,27.72134022214628,28.054630279541016,35155000,0.0,0.0
2019-12-19 00:00:00-05:00,28.206288409999132,28.210569992120693,27.735052905963556,27.768468856811523,31787000,0.0,0.0
2019-12-20 00:00:00-05:00,27.90867676883548,27.90867676883548,27.42747634993098,27.60835838317871,50540000,0.325,0.0
2019-12-23 00:00:00-05:00,27.741639849201285,27.896558957756984,27.48805736796566,27.654226303100586,20254000,0.0,0.0
2019-12-24 00:00:00-05:00,27.69490752780831,27.753759893014877,27.609225602080535,27.73818016052246,7024000,0.0,0.0
2019-12-26 00:00:00-05:00,27.804815633410612,27.845493287315225,27.41968366047103,27.520078659057617,15848000,0.0,0.0
2019-12-27 00:00:00-05:00,27.634326711481883,27.638653314694757,27.281215802185354,27.39459228515625,14487000,0.0,0.0
2019-12-30 00:00:00-05:00,27.393725235249722,27.463827427095616,27.067443912488894,27.12889289855957,13104000,0.0,0.0
2019-12-31 00:00:00-05:00,27.099468173493353,27.379878606697783,27.071773621586466,27.350452423095703,12487000,0.0,0.0
2020-01-02 00:00:00-05:00,27.636051361387093,27.91127015379955,27.462959203593414,27.901748657226562,20329000,0.0,0.0
2020-01-03 00:00:00-05:00,27.47940748574271,27.694908971592533,27.182553974387694,27.192073822021484,22870000,0.0,0.0
2020-01-06 00:00:00-05:00,26.903004628435202,27.168703603220955,26.79741802130273,27.15139389038086,20789000,0.0,0.0
2020-01-07 00:00:00-05:00,27.283808656791667,27.398916755599572,27.02416958049705,27.05792236328125,18565000,0.0,0.0
2020-01-08 00:00:00-05:00,27.087345683228424,27.13148494882083,26.69182722569673,26.720388412475586,31979000,0.0,0.0
2020-01-09 00:00:00-05:00,27.030227512022837,27.08821323059223,26.227940695314764,26.505754470825195,42397000,0.0,0.0
2020-01-10 00:00:00-05:00,26.435651676847563,26.444306532527666,25.86011615470791,25.896467208862305,40705000,0.0,0.0
2020-01-13 00:00:00-05:00,25.965705806895997,26.292850455261938,25.93541298500598,26.066099166870117,22054000,0.0,0.0
2020-01-14 00:00:00-05:00,26.13707419911368,26.75588252919494,26.10158977571058,26.671932220458984,28911000,0.0,0.0
2020-01-15 00:00:00-05:00,26.596631877442,26.64596274429692,26.024557905988804,26.23573112487793,22733000,0.0,0.0
2020-01-16 00:00:00-05:00,26.396706775134685,26.644229385289655,26.328334567873345,26.574127197265625,21508000,0.0,0.0
2020-01-17 00:00:00-05:00,26.713464709375064,26.73769764431317,26.31621625385837,26.724716186523438,26896000,0.0,0.0
2020-01-21 00:00:00-05:00,26.639038717714982,26.78703296457158,26.51181414520224,26.662405014038086,21967000,0.0,0.0
2020-01-22 00:00:00-05:00,26.898674203297308,27.51488569643349,26.872709637726725,27.08648109436035,29264000,0.0,0.0
2020-01-23 00:00:00-05:00,27.277750085221225,27.67759518218552,26.900407943664664,27.664613723754883,30266000,0.0,0.0
2020-01-24 00:00:00-05:00,28.603642681536797,28.697114462598755,27.761544867593972,28.041091918945312,55782000,0.0,0.0
2020-01-27 00:00:00-05:00,27.384201671380733,27.684518383817956,26.71173443280846,26.745487213134766,38843000,0.0,0.0
2020-01-28 00:00:00-05:00,27.134949650533738,27.628264890023555,27.069174065169094,27.548641204833984,23166000,0.0,0.0
2020-01-29 00:00:00-05:00,27.765876669018212,28.164855167226737,27.4473852025175,27.479406356811523,23668000,0.0,0.0
2020-01-30 00:00:00-05:00,27.20331981599263,27.30717643632412,26.707407961742838,27.279481887817383,21128000,0.0,0.0
2020-01-31 00:00:00-05:00,27.18947377235227,27.225823177323807,26.27727208355694,26.410554885864258,22123000,0.0,0.0
2020-02-03 00:00:00-05:00,26.45123039793665,26.535180684249102,26.27900322273929,26.41661262512207,21288000,0.0,0.0
2020-02-04 00:00:00-05:00,26.984355486303755,27.224954842460576,26.79914522118161,26.967910766601562,22559000,0.0,0.0
2020-02-05 00:00:00-05:00,27.478541652381182,27.6784650495392,27.336605631228373,27.468156814575195,24825000,0.0,0.0
2020-02-06 00:00:00-05:00,27.594515566711554,27.684524099996175,27.195535401849043,27.668079376220703,22683000,0.0,0.0
2020-02-07 00:00:00-05:00,27.5495105746012,27.56681863766538,27.250923788998048,27.282081604003906,15883000,0.0,0.0
2020-02-10 00:00:00-05:00,27.034559003490315,27.22755753733179,26.855408571708406,27.19293975830078,19218000,0.0,0.0
2020-02-11 00:00:00-05:00,27.40496932342727,27.76327005212461,27.34957858678367,27.7087459564209,15527000,0.0,0.0
2020-02-12 00:00:00-05:00,27.87146072915221,28.135428075031655,27.835976312693848,28.10167694091797,15310000,0.0,0.0
2020-02-13 00:00:00-05:00,27.82299644246399,28.167454138614588,27.777128836768625,28.038497924804688,13857000,0.0,0.0
2020-02-14 00:00:00-05:00,28.11379620830129,28.1882250103356,27.443923784030456,27.501911163330078,19137000,0.0,0.0
2020-02-18 00:00:00-05:00,27.262174285319706,27.263039275755443,26.660675783461233,26.894351959228516,26693000,0.0,0.0
2020-02-19 00:00:00-05:00,27.08907870701013,27.42055325521552,26.976568880055183,27.321889877319336,20525000,0.0,0.0
2020-02-20 00:00:00-05:00,27.17216420933072,27.321890083436884,26.493638677982506,26.76366424560547,25521000,0.0,0.0
2020-02-21 00:00:00-05:00,26.699623454981094,26.781842121551037,26.16216887795694,26.353437423706055,24522000,0.0,0.0
2020-02-24 00:00:00-05:00,25.46200364943817,25.860117121131147,25.103701194765492,25.236982345581055,36849000,0.0,0.0
2020-02-25 00:00:00-05:00,25.454209932631233,25.594415937483685,24.32564362258847,24.464982986450195,31892000,0.0,0.0
2020-02-26 00:00:00-05:00,24.609519568188347,24.9427240993779,24.579228397238843,24.74193572998047,23074000,0.0,0.0
2020-02-27 00:00:00-05:00,24.259007407669717,24.692605305908877,23.67395200124021,23.709436416625977,34837000,0.0,0.0
2020-02-28 00:00:00-05:00,22.790309265939083,23.72501218992429,22.739246774574898,23.59432601928711,44586000,0.0,0.0
2020-03-02 00:00:00-05:00,23.952632694588416,24.700395444927615,23.46710565350258,24.663179397583008,31976000,0.0,0.0
2020-03-03 00:00:00-05:00,24.635484483524188,24.966957387867062,23.503454712215596,23.73539924621582,29930000,0.0,0.0
2020-03-04 00:00:00-05:00,24.020139537127484,24.728091306442398,23.78040512105059,24.704723358154297,23477000,0.0,0.0
2020-03-05 00:00:00-05:00,23.995900684017705,24.500467321010163,23.579612574189692,23.717220306396484,24374000,0.0,0.0
2020-03-06 00:00:00-05:00,23.106205078687996,23.448064453881347,22.718476453499484,23.319974899291992,30169000,0.0,0.0
2020-03-09 00:00:00-04:00,21.730116520918912,22.525480183300704,21.139002853190373,21.439319610595703,43934000,0.0,0.0
2020-03-10 00:00:00-04:00,22.20698814473999,22.820603103184986,21.065438500106346,22.753097534179688,55071000,0.0,0.0
2020-03-11 00:00:00-04:00,21.972448523663417,22.1983348445098,20.986682923930083,21.287864685058594,36030000,0.0,0.0
2020-03-12 00:00:00-04:00,19.645208580085885,21.01004791874554,18.721757017757437,18.934661865234375,64281000,0.0,0.0
2020-03-13 00:00:00-04:00,19.517123489014196,20.292580914309816,17.4097126759977,20.270944595336914,84714000,0.0,0.0
2020-03-16 00:00:00-04:00,18.017266094107462,18.936389278180833,15.598289334174494,16.234405517578125,76935000,0.0,0.0
2020-03-17 00:00:00-04:00,16.601360895191675,17.310177451788697,15.706470748317765,17.266904830932617,70662000,0.0,0.0
2020-03-18 00:00:00-04:00,16.0682380197356,16.225752108529033,13.472706437085993,14.52857494354248,98993000,0.0,0.0
2020-03-19 00:00:00-04:00,14.508672846836559,17.95582396120934,14.280189861870486,16.82898712158203,74438000,0.0,0.0
2020-03-20 00:00:00-04:00,17.779575867217982,18.367533451800917,16.539406139277364,16.91876220703125,74044000,0.325,0.0
2020-03-23 00:00:00-04:00,16.976853344008113,17.248828038807716,15.645145170183888,17.028783798217773,46921000,0.0,0.0
2020-03-24 00:00:00-04:00,18.099958603297335,19.250350890974612,17.71708208892785,18.72664451599121,62970000,0.0,0.0
2020-03-25 00:00:00-04:00,18.676472588082927,21.476314952355793,18.41506096166904,19.14824676513672,64442000,0.0,0.0
2020-03-26 00:00:00-04:00,19.894640811700235,21.54673203356821,19.894640811700235,21.403263092041016,60213000,0.0,0.0
2020-03-27 00:00:00-04:00,20.50812192661964,21.308203110219104,20.244069517478586,20.30480194091797,39448000,0.0,0.0
2020-03-30 00:00:00-04:00,20.437713548163693,21.24395616867338,20.106767411446167,21.133934020996094,52343000,0.0,0.0
2020-03-31 00:00:00-04:00,20.948207900880554,22.24294860988697,20.77745505962771,20.86899185180664,50191000,0.0,0.0
2020-04-01 00:00:00-04:00,20.067153477928898,20.632227237047683,19.33572700561917,19.68339729309082,41858000,0.0,0.0
2020-04-02 00:00:00-04:00,19.57513203325924,20.94380724004158,19.491515840762776,20.86547088623047,45049000,0.0,0.0
2020-04-03 00:00:00-04:00,20.828503535823916,21.348687678682044,20.29247651936677,20.619022369384766,28960000,0.0,0.0
2020-04-06 00:00:00-04:00,21.527364612247858,22.304560226280426,21.437587208724295,22.21918296813965,38868000,0.0,0.0
2020-04-07 00:00:00-04:00,23.04655008624661,23.368694120460866,22.22710567396458,22.292238235473633,45892000,0.0,0.0
2020-04-08 00:00:00-04:00,22.600303403755532,23.078238839102518,22.32480826236808,22.981420516967773,27565000,0.0,0.0
2020-04-09 00:00:00-04:00,23.39422570076571,23.544735556578274,22.119729401396256,22.382902145385742,34828000,0.0,0.0
2020-04-13 00:00:00-04:00,22.312485888651988,23.018387838742846,22.25087377111857,22.877559661865234,25729000,0.0,0.0
2020-04-14 00:00:00-04:00,23.423269554661125,23.622189406042615,23.08880303818379,23.556177139282227,23094000,0.0,0.0
2020-04-15 00:00:00-04:00,22.972611108161388,23.088794400149453,22.54660458500266,22.65926742553711,25926000,0.0,0.0
2020-04-16 00:00:00-04:00,23.03951231343731,23.03951231343731,22.36617580666539,22.73409080505371,26896000,0.0,0.0
2020-04-17 00:00:00-04:00,23.168015549050015,23.53856958751858,22.791298620672208,23.402141571044922,34089000,0.0,0.0
2020-04-20 00:00:00-04:00,22.884600825178655,23.347573084154615,22.70064416395284,22.73320960998535,23801000,0.0,0.0
2020-04-21 00:00:00-04:00,22.405786873743626,22.426031577521307,21.72277028879974,21.797584533691406,29138000,0.0,0.0
2020-04-22 00:00:00-04:00,22.424269367958814,23.080001988306275,22.069558135382934,22.881961822509766,35438000,0.0,0.0
2020-04-23 00:00:00-04:00,22.906601940976888,23.342290215750022,22.75433105208275,22.79041862487793,21659000,0.0,0.0
2020-04-24 00:00:00-04:00,22.86787589300835,23.330848104155777,22.786019082045293,23.307964324951172,23373000,0.0,0.0
2020-04-27 00:00:00-04:00,23.26747313736607,23.872154838100236,23.26747313736607,23.628345489501953,16588000,0.0,0.0
2020-04-28 00:00:00-04:00,24.137968826942522,24.328968042234507,23.24723065420601,23.300920486450195,18988000,0.0,0.0
2020-04-29 00:00:00-04:00,23.85983832116256,24.380022587250608,23.69700604363612,24.294645309448242,28871000,0.0,0.0
2020-04-30 00:00:00-04:00,24.075477654512774,24.121246890457297,23.65915270668437,23.907363891601562,23379000,0.0,0.0
2020-05-01 00:00:00-04:00,23.412702852014206,23.575535087419272,22.726164354311024,22.858190536499023,26836000,0.0,0.0
2020-05-04 00:00:00-04:00,22.81506664689598,23.09848407225236,22.472677861930933,23.083520889282227,17046000,0.0,0.0
2020-05-05 00:00:00-04:00,23.461112691906273,23.671473545710537,23.211142137017784,23.313241958618164,26462000,0.0,0.0
2020-05-06 00:00:00-04:00,23.617786186143107,23.80702434807649,23.203222288165524,23.252511978149414,22727000,0.0,0.0
2020-05-07 00:00:00-04:00,23.764774436698143,23.80614352671971,23.41270404006343,23.566734313964844,18238000,0.0,0.0
2020-05-08 00:00:00-04:00,23.958419052965066,24.25327924207887,23.767421462961376,24.207509994506836,16757000,0.0,0.0
2020-05-11 00:00:00-04:00,24.06139733592826,24.358016875887134,23.91880809164376,24.240074157714844,20851000,0.0,0.0
2020-05-12 00:00:00-04:00,24.343930661865222,24.44426941986659,23.608102470763157,23.628345489501953,18764000,0.0,0.0
2020-05-13 00:00:00-04:00,23.770939575748145,23.79382503668331,22.82827078608946,23.16185760498047,21927000,0.0,0.0
2020-05-14 00:00:00-04:00,22.96909984303813,23.496325012460506,22.42250966467035,23.465518951416016,19912000,0.0,0.0
2020-05-15 00:00:00-04:00,22.833548390408772,23.24195108529311,22.60030205170507,22.920686721801758,21650000,0.0,0.0
2020-05-18 00:00:00-04:00,23.64331165214595,24.35713584915011,23.588740442150094,24.07547950744629,26531000,0.0,0.0
2020-05-19 00:00:00-04:00,24.075479689008123,24.295523917474195,23.906484539667996,23.936410903930664,18702000,0.0,0.0
2020-05-20 00:00:00-04:00,24.37826060971884,24.76025740663728,24.299924245996223,24.528770446777344,18605000,0.0,0.0
2020-05-21 00:00:00-04:00,24.54989505330895,24.60094581206512,24.174059464716684,24.1872615814209,14847000,0.0,0.0
2020-05-22 00:00:00-04:00,24.093963938104114,24.402905895014896,23.809666827966595,24.350095748901367,17452000,0.0,0.0
2020-05-26 00:00:00-04:00,25.08504311857795,25.268999779117095,24.767299185354226,24.822750091552734,23573000,0.0,0.0
2020-05-27 00:00:00-04:00,24.91076587944542,25.331490988471526,24.64495242372678,25.313007354736328,22812000,0.0,0.0
2020-05-28 00:00:00-04:00,25.085041216758317,25.463517545830356,24.85883578422596,24.921327590942383,18543000,0.0,0.0
2020-05-29 00:00:00-04:00,24.90020532765726,25.701166173023,24.81306699522791,25.636913299560547,27300000,0.0,0.0
2020-06-01 00:00:00-04:00,25.56209699199912,25.621949718699792,25.293642772845892,25.524250030517578,18444000,0.0,0.0
2020-06-02 00:00:00-04:00,25.615783216561034,26.257432115260652,25.53304672714273,26.234546661376953,31847000,0.0,0.0
2020-06-03 00:00:00-04:00,26.497724311206536,27.360297242285803,26.45019568684971,27.24411392211914,31926000,0.0,0.0
2020-06-04 00:00:00-04:00,26.911407485786917,27.549534350113795,26.590141462659865,27.187782287597656,34997000,0.0,0.0
2020-06-05 00:00:00-04:00,28.13925502798741,28.87948513416626,27.733494764399552,27.908649444580078,50958000,0.0,0.0
2020-06-08 00:00:00-04:00,27.94561900015216,28.06356339993962,27.581226121412314,27.94738006591797,23916000,0.0,0.0
2020-06-09 00:00:00-04:00,27.46152069871285,28.06708218064156,27.42367205683965,27.753738403320312,22335000,0.0,0.0
2020-06-10 00:00:00-04:00,27.87080309736886,28.096127167687442,27.699167187035886,27.729093551635742,25914000,0.0,0.0
2020-06-11 00:00:00-04:00,27.076004568028804,27.157861393039916,25.82439375262425,25.855199813842773,45115000,0.0,0.0
2020-06-12 00:00:00-04:00,26.653512531468184,26.752973271807363,25.765415166224404,26.42730712890625,39439000,0.0,0.0
2020-06-15 00:00:00-04:00,25.96521956807075,26.999426794599316,25.73725305708029,26.765300750732422,29824000,0.0,0.0
2020-06-16 00:00:00-04:00,27.285484697781435,27.68596513183864,26.757378206579656,27.348857879638672,30387000,0.0,0.0
2020-06-17 00:00:00-04:00,27.586505306956614,27.87608394166339,27.443038047999497,27.588266372680664,20279000,0.0,0.0
2020-06-18 00:00:00-04:00,27.47208324163932,28.088207786509656,27.419273093988938,28.052120208740234,33625000,0.0,0.0
2020-06-19 00:00:00-04:00,28.24952734381096,28.286875461064312,26.923664093017578,26.923664093017578,58465000,0.325,0.0
2020-06-22 00:00:00-04:00,27.1664246811088,27.938289101440773,26.991244724991954,27.881378173828125,27195000,0.0,0.0
2020-06-23 00:00:00-04:00,28.016545264212223,28.228184589838534,27.681299277793567,27.682188034057617,22419000,0.0,0.0
2020-06-24 00:00:00-04:00,27.495448958985193,27.652845327431955,27.0783932748319,27.297147750854492,19096000,0.0,0.0
2020-06-25 00:00:00-04:00,27.216226257132416,27.520347127496926,26.94411587825391,27.464324951171875,15029000,0.0,0.0
2020-06-26 00:00:00-04:00,27.884050929571092,28.08057294133371,26.95745796348055,27.336275100708008,31425000,0.0,0.0
2020-06-29 00:00:00-04:00,27.3949673395914,27.603051680541068,27.073061115165068,27.547029495239258,14516000,0.0,0.0
2020-06-30 00:00:00-04:00,27.562143837736965,28.195286052196074,27.277584071691397,28.06545639038086,25125000,0.0,0.0
2020-07-01 00:00:00-04:00,28.020997977076547,28.17572641196153,27.739107823507947,27.809358596801758,15661000,0.0,0.0
2020-07-02 00:00:00-04:00,28.2557518974874,28.40069888828593,27.980975253198146,28.05300521850586,16638000,0.0,0.0
2020-07-06 00:00:00-04:00,28.45583688235161,28.54387125930316,28.21929707339584,28.348237991333008,17561000,0.0,0.0
2020-07-07 00:00:00-04:00,28.21929460185612,28.292213328783102,27.79334624941659,27.84403419494629,16150000,0.0,0.0
2020-07-08 00:00:00-04:00,28.112583596393648,28.441603201560902,27.932956456781287,28.41759490966797,18023000,0.0,0.0
2020-07-09 00:00:00-04:00,28.456726429520828,28.840879532529637,28.033445993390718,28.58922576904297,25225000,0.0,0.0
2020-07-10 00:00:00-04:00,28.625681310060706,28.72171787687474,28.050338792809058,28.406036376953125,13280000,0.0,0.0
2020-07-13 00:00:00-04:00,28.60522445872054,28.769735958616486,27.618163939843637,27.68307876586914,21549000,0.0,0.0
2020-07-14 00:00:00-04:00,27.476776364858623,28.119700002016295,27.138862377017855,28.018325805664062,18363000,0.0,0.0
2020-07-15 00:00:00-04:00,28.09569243204323,28.257535996826164,27.58170965901956,27.902727127075195,15253000,0.0,0.0
2020-07-16 00:00:00-04:00,27.62083612535891,27.911618904447266,27.504344584001792,27.68575096130371,12929000,0.0,0.0
2020-07-17 00:00:00-04:00,27.93562929407405,28.02988835775253,27.566591847153493,27.80757713317871,13354000,0.0,0.0
2020-07-20 00:00:00-04:00,27.731093863761537,28.24685569158625,27.58970361198779,28.20061492919922,14323000,0.0,0.0
2020-07-21 00:00:00-04:00,28.38736522599231,28.38736522599231,27.804020449785895,27.952524185180664,14312000,0.0,0.0
2020-07-22 00:00:00-04:00,28.012099839462007,28.071680434867744,27.59949132591844,27.90450096130371,14404000,0.0,0.0
2020-07-23 00:00:00-04:00,27.866268072072746,28.108142121369344,27.422534366780013,27.537246704101562,19417000,0.0,0.0
2020-07-24 00:00:00-04:00,27.26335256389782,27.647505553979055,27.04904359533061,27.19221305847168,15631000,0.0,0.0
2020-07-27 00:00:00-04:00,27.41541785641435,27.829805591614686,27.34338958199023,27.804906845092773,20646000,0.0,0.0
2020-07-28 00:00:00-04:00,27.671520499035562,27.7542206341407,27.22511887761744,27.33094024658203,13974000,0.0,0.0
2020-07-29 00:00:00-04:00,27.435869484862295,27.675964283955402,27.33894077361119,27.464324951171875,16562000,0.0,0.0
2020-07-30 00:00:00-04:00,27.210892039704756,27.827137714163978,27.210892039704756,27.75333023071289,21259000,0.0,0.0
2020-07-31 00:00:00-04:00,27.984531145690763,28.313552443287833,27.69108045155272,28.166826248168945,24719000,0.0,0.0
2020-08-03 00:00:00-04:00,28.27798263013742,28.76617781238836,28.213958255881394,28.565210342407227,20796000,0.0,0.0
2020-08-04 00:00:00-04:00,28.500298306394473,29.21969913864463,28.49051859355997,29.201913833618164,25258000,0.0,0.0
2020-08-05 00:00:00-04:00,29.189459988141046,29.48557865668271,28.97159597128893,29.304170608520508,22299000,0.0,0.0
2020-08-06 00:00:00-04:00,29.146776955557637,29.42333281885279,28.93691513016706,29.270381927490234,14193000,0.0,0.0
2020-08-07 00:00:00-04:00,29.201914314016452,29.321072128233933,28.58744439677379,28.983158111572266,14192000,0.0,0.0
2020-08-10 00:00:00-04:00,28.831093212411044,29.280159355396584,28.8168629358642,29.110315322875977,11989000,0.0,0.0
2020-08-11 00:00:00-04:00,29.128988335169055,29.640304711271288,28.70126253405645,28.81419563293457,19316000,0.0,0.0
2020-08-12 00:00:00-04:00,28.976041102267033,29.867955566772984,28.932468296867217,29.66876220703125,18471000,0.0,0.0
2020-08-13 00:00:00-04:00,29.541605351815214,29.64831378975316,29.153893843593913,29.293506622314453,15095000,0.0,0.0
2020-08-14 00:00:00-04:00,29.169006047078334,29.331740042356596,28.989378897390598,29.15122413635254,10140000,0.0,0.0
2020-08-17 00:00:00-04:00,29.301508994012014,29.504257401822276,29.256158670867652,29.373538970947266,10594000,0.0,0.0
2020-08-18 00:00:00-04:00,29.5104772152864,29.6278574959804,29.179676700512605,29.224138259887695,8857000,0.0,0.0
2020-08-19 00:00:00-04:00,29.29795152363218,29.61985775478552,29.18857681225259,29.27483367919922,11273000,0.0,0.0
2020-08-20 00:00:00-04:00,29.13966486882593,29.34419077363767,28.99471616976292,29.241037368774414,8910000,0.0,0.0
2020-08-21 00:00:00-04:00,29.19391146190369,29.385988005979577,28.900459018993267,29.346858978271484,11508000,0.0,0.0
2020-08-24 00:00:00-04:00,29.523816175428497,29.895519842728756,29.446450278333177,29.700777053833008,11996000,0.0,0.0
2020-08-25 00:00:00-04:00,29.78970073111819,29.97555256823728,29.611851093089488,29.89107322692871,11140000,0.0,0.0
2020-08-26 00:00:00-04:00,29.766579325538085,30.368599787064948,29.657204631270762,30.20497703552246,14844000,0.0,0.0
2020-08-27 00:00:00-04:00,30.277900654064112,30.349930633702595,29.89107788547998,30.157854080200195,12552000,0.0,0.0
2020-08-28 00:00:00-04:00,30.145403192806878,30.662940979003906,30.02980040704188,30.662940979003906,14589000,0.0,0.0
2020-08-31 00:00:00-04:00,30.54733374139332,31.17513822145493,30.54733374139332,30.870128631591797,22229000,0.0,0.0
2020-09-01 00:00:00-04:00,31.123572101165767,32.19689136749982,30.894147428148738,31.97191047668457,29205000,0.0,0.0
2020-09-02 00:00:00-04:00,32.53391615503928,33.698828322208435,32.33027896932973,33.34757614135742,37053000,0.0,0.0
2020-09-03 00:00:00-04:00,32.547248275167696,32.80423791542954,31.137792784214074,31.309417724609375,41795000,0.0,0.0
2020-09-04 00:00:00-04:00,32.09907770661216,33.127043379309754,31.434810208941936,32.275146484375,58514000,0.0,0.0
2020-09-08 00:00:00-04:00,31.360114685314652,32.25736532267226,31.12357653487857,31.17159652709961,26685000,0.0,0.0
2020-09-09 00:00:00-04:00,31.671337215585538,32.17731761867966,31.22137897900455,32.015472412109375,26273000,0.0,0.0
2020-09-10 00:00:00-04:00,32.202222412140515,32.70909166664515,31.51394510532498,31.75315284729004,22851000,0.0,0.0
2020-09-11 00:00:00-04:00,32.05727903526148,32.39252339678398,31.53973783490566,31.986141204833984,17362000,0.0,0.0
2020-09-14 00:00:00-04:00,32.404974030926994,32.536581213486,31.9550156648023,32.20845031738281,16447000,0.0,0.0
2020-09-15 00:00:00-04:00,32.57304033421614,33.001654974858155,32.48856098659045,32.62728500366211,16618000,0.0,0.0
2020-09-16 00:00:00-04:00,32.740219436028774,33.079910960714535,32.57748542117193,32.63884353637695,18498000,0.0,0.0
2020-09-17 00:00:00-04:00,31.56819110349441,32.91273019373567,31.56819110349441,32.53924560546875,22862000,0.0,0.0
2020-09-18 00:00:00-04:00,32.64596555953019,32.70998995417829,31.57264614330605,31.988811492919922,35295000,0.0,0.0
2020-09-21 00:00:00-04:00,31.408217468883592,31.583200838430923,30.822246711046574,31.567947387695312,24198000,0.325,0.0
2020-09-22 00:00:00-04:00,31.97893240505895,32.46619385715357,31.672035463662816,32.447349548339844,19500000,0.0,0.0
2020-09-23 00:00:00-04:00,32.32082955146426,32.41325397034354,31.411811429900162,31.550003051757812,15542000,0.0,0.0
2020-09-24 00:00:00-04:00,31.42526719611455,32.08661517659503,31.325661070151707,31.633451461791992,13611000,0.0,0.0
2020-09-25 00:00:00-04:00,31.591280056875128,32.10007644288213,31.25297590218286,32.017520904541016,18183000,0.0,0.0
2020-09-28 00:00:00-04:00,32.45542384088513,33.061135707029536,32.21762612791278,32.95973587036133,22192000,0.0,0.0
2020-09-29 00:00:00-04:00,32.97679327168899,33.27381797106549,32.66271797847137,32.686946868896484,13722000,0.0,0.0
2020-09-30 00:00:00-04:00,32.5693874435689,33.291756038531226,32.45811873175495,32.692325592041016,22403000,0.0,0.0
2020-10-01 00:00:00-04:00,33.11049470414924,33.26573690924323,32.737195924631486,33.07639694213867,16016000,0.0,0.0
2020-10-02 00:00:00-04:00,32.30467590412915,32.74617366180083,31.959196848552377,32.02021408081055,17100000,0.0,0.0
2020-10-05 00:00:00-04:00,32.380046606013856,32.919356675099046,32.29569735966937,32.852054595947266,18923000,0.0,0.0
2020-10-06 00:00:00-04:00,32.85295657101372,33.38149756819213,32.485939219702686,32.66181945800781,16672000,0.0,0.0
2020-10-07 00:00:00-04:00,33.053957895798625,33.18945891508942,32.848464219337295,32.90948486328125,12747000,0.0,0.0
2020-10-08 00:00:00-04:00,33.19215614515894,33.58699326878975,33.05037708437953,33.50084686279297,17045000,0.0,0.0
2020-10-09 00:00:00-04:00,33.7341573608901,34.09938102052828,33.56097111050747,33.803253173828125,17253000,0.0,0.0
2020-10-12 00:00:00-04:00,34.26001023185401,34.5570315355482,34.08053910816487,34.317440032958984,18839000,0.0,0.0
2020-10-13 00:00:00-04:00,34.49511187522028,34.7993114271046,33.97464604276806,34.23308181762695,16731000,0.0,0.0
2020-10-14 00:00:00-04:00,34.4170402356818,34.4349876872629,33.90644670567308,34.12629699707031,17298000,0.0,0.0
2020-10-15 00:00:00-04:00,33.655187036040196,34.14334536397127,33.65249303575913,34.09309387207031,14361000,0.0,0.0
2020-10-16 00:00:00-04:00,34.393704992901014,34.393704992901014,33.93336300107867,33.978233337402344,10295000,0.0,0.0
2020-10-19 00:00:00-04:00,34.21065529728961,34.42332732761728,33.664166774341986,33.71980285644531,14803000,0.0,0.0
2020-10-20 00:00:00-04:00,33.83107075686302,34.201675547964484,33.700954295268254,33.82927703857422,13297000,0.0,0.0
2020-10-21 00:00:00-04:00,33.7197993630346,33.8176117819924,33.229843832207706,33.385986328125,11896000,0.0,0.0
2020-10-22 00:00:00-04:00,33.29893520021097,33.588778105712436,32.94268365470185,33.50442886352539,13547000,0.0,0.0
2020-10-23 00:00:00-04:00,33.49455609540279,33.55557673458039,33.27021812787542,33.44609832763672,8868000,0.0,0.0
2020-10-26 00:00:00-04:00,33.166134099194586,33.19843814621012,32.090211134539175,32.57747268676758,15509000,0.0,0.0
2020-10-27 00:00:00-04:00,32.76949280836805,32.76949280836805,32.23467055954845,32.268768310546875,9620000,0.0,0.0
2020-10-28 00:00:00-04:00,31.7662603665457,31.843431319685855,31.006203156138177,31.156957626342773,22331000,0.0,0.0
2020-10-29 00:00:00-04:00,31.161449644162627,32.25442312707842,30.99184741865503,31.856895446777344,15697000,0.0,0.0
2020-10-30 00:00:00-04:00,31.352588119109665,31.67563546234111,30.906606015170905,31.374126434326172,18530000,0.0,0.0
2020-11-02 00:00:00-05:00,31.859591006704864,31.89099819386822,31.25926016760142,31.519493103027344,11757000,0.0,0.0
2020-11-03 00:00:00-05:00,31.941244033422507,32.23647154044452,31.107603297842648,31.744722366333008,15457000,0.0,0.0
2020-11-04 00:00:00-05:00,32.34773674555398,33.110484377015986,32.04802158448242,32.72013854980469,21277000,0.0,0.0
2020-11-05 00:00:00-05:00,33.41380386614188,34.337178602641984,33.38239667861218,34.177452087402344,21783000,0.0,0.0
2020-11-06 00:00:00-05:00,34.10386568314961,34.42870668770307,33.845426484850655,34.15501403808594,13545000,0.0,0.0
2020-11-09 00:00:00-05:00,34.91597402585077,35.345805812554,33.651604417844766,33.69916534423828,24088000,0.0,0.0
2020-11-10 00:00:00-05:00,33.23074618554274,33.48918198922036,32.33698147175262,32.585548400878906,26784000,0.0,0.0
2020-11-11 00:00:00-05:00,33.279196692484184,33.8427357221992,33.071909273382865,33.73325729370117,15133000,0.0,0.0
2020-11-12 00:00:00-05:00,33.85081612503659,33.9737543055944,33.04768550788747,33.21997833251953,12160000,0.0,0.0
2020-11-13 00:00:00-05:00,33.65070603053106,33.85979061756158,33.34381244046807,33.5161018371582,10997000,0.0,0.0
2020-11-16 00:00:00-05:00,33.63364116879508,34.2223057713809,33.56095794755667,34.172054290771484,12100000,0.0,0.0
2020-11-17 00:00:00-05:00,33.9791346091307,34.31833221393073,33.83286441382234,34.153221130371094,11950000,0.0,0.0
2020-11-18 00:00:00-05:00,34.0895056678265,34.542669412407946,34.06528020216699,34.15501403808594,13517000,0.0,0.0
2020-11-19 00:00:00-05:00,33.89477747072732,34.53369367843208,33.59237166928902,34.4879264831543,14555000,0.0,0.0
2020-11-20 00:00:00-05:00,34.48613729382448,34.89353384781706,34.34166423994585,34.398197174072266,16140000,0.0,0.0
2020-11-23 00:00:00-05:00,34.58124981864155,34.920450788740865,34.36857785175929,34.72751998901367,12212000,0.0,0.0
2020-11-24 00:00:00-05:00,34.872894240481514,35.24888359183828,34.653940810149265,35.19683837890625,13455000,0.0,0.0
2020-11-25 00:00:00-05:00,35.251576900502194,35.49027149577538,34.906994740112324,35.07120895385742,11787000,0.0,0.0
2020-11-27 00:00:00-05:00,35.27939052989869,35.819597469486155,35.265930798406856,35.440914154052734,6846000,0.0,0.0
2020-11-30 00:00:00-05:00,35.35746340078539,36.08790717933744,35.24260040203049,36.03586196899414,15454000,0.0,0.0
2020-12-01 00:00:00-05:00,36.2045701878576,36.49351631838377,35.90485490051784,36.304176330566406,18181000,0.0,0.0
2020-12-02 00:00:00-05:00,36.31942861400134,36.379552410626744,35.993690727456105,36.228797912597656,10031000,0.0,0.0
2020-12-03 00:00:00-05:00,36.29788950537713,36.48992346545834,35.723584766420196,35.87613296508789,16120000,0.0,0.0
2020-12-04 00:00:00-05:00,36.1094402727219,37.00679213073747,36.108539990668305,36.94218063354492,20083000,0.0,0.0
2020-12-07 00:00:00-05:00,37.36662712858252,37.943625761422574,37.09114082423982,37.76864242553711,19707000,0.0,0.0
2020-12-08 00:00:00-05:00,37.62417672587593,38.290009021402334,37.523673737871945,37.994781494140625,18121000,0.0,0.0
2020-12-09 00:00:00-05:00,37.64122699329892,38.236173238494224,37.120764559274974,37.34959030151367,20908000,0.0,0.0
2020-12-10 00:00:00-05:00,36.92065361099696,37.26254520724111,36.61285977690213,36.79502487182617,26244000,0.0,0.0
2020-12-11 00:00:00-05:00,36.2530225206946,36.52222743867908,35.739735008302915,36.41633987426758,26664000,0.0,0.0
2020-12-14 00:00:00-05:00,36.480048480606044,37.17729132468894,36.432487567849705,36.95295333862305,26116000,0.0,0.0
2020-12-15 00:00:00-05:00,37.265234278542586,37.63404532595334,37.05974058545346,37.51469802856445,21207000,0.0,0.0
2020-12-16 00:00:00-05:00,37.50931908996905,38.33039712668105,37.41599438445137,38.12849426269531,23160000,0.0,0.0
2020-12-17 00:00:00-05:00,38.27207044454519,38.5870391860085,38.097087049704065,38.236175537109375,17152000,0.0,0.0
2020-12-18 00:00:00-05:00,38.444322581441774,39.426244786091594,38.19092419373708,39.32760238647461,45243000,0.36,0.0
2020-12-21 00:00:00-05:00,38.747501553622385,39.09592783764034,38.34477758025744,38.813568115234375,19096000,0.0,0.0
2020-12-22 00:00:00-05:00,38.81355890395498,39.23619215993364,38.73391793890673,39.19546890258789,17929000,0.0,0.0
2020-12-23 00:00:00-05:00,39.36742201483541,39.457920454641496,38.469663268507006,38.50405502319336,10533000,0.0,0.0
2020-12-24 00:00:00-05:00,38.77826522198292,39.09592114996246,38.69500624754363,39.04705047607422,4123000,0.0,0.0
2020-12-28 00:00:00-05:00,39.307684365845624,39.57285158917346,39.01899321355431,39.08505630493164,10625000,0.0,0.0
2020-12-29 00:00:00-05:00,39.44253561054682,39.44253561054682,38.62441786828635,38.828041076660156,9593000,0.0,0.0
2020-12-30 00:00:00-05:00,39.06605439894262,39.63891769469166,38.92396833818978,39.35203552246094,10553000,0.0,0.0
2020-12-31 00:00:00-05:00,39.4859704158657,39.68416313852088,39.19094085803699,39.62533950805664,10211000,0.0,0.0
2021-01-04 00:00:00-05:00,39.75927812107731,40.02263288508481,38.12213836073291,38.48232650756836,24171000,0.0,0.0
2021-01-05 00:00:00-05:00,38.466952394079655,38.8597199305243,38.22712840513937,38.742977142333984,15069000,0.0,0.0
2021-01-06 00:00:00-05:00,38.30857576946864,39.329412255841554,38.05879538048375,38.50405502319336,17226000,0.0,0.0
2021-01-07 00:00:00-05:00,39.101350440543406,40.23531160824048,38.96922079616235,40.126712799072266,21267000,0.0,0.0
2021-01-08 00:00:00-05:00,40.45341105846774,40.72400526558752,39.69773856135176,40.33032989501953,15271000,0.0,0.0
2021-01-11 00:00:00-05:00,39.87512446987584,40.61450572573447,39.85792859351802,40.3411979675293,11660000,0.0,0.0
2021-01-12 00:00:00-05:00,40.52309589338837,41.155690683925364,40.32671218326281,40.66970443725586,13846000,0.0,0.0
2021-01-13 00:00:00-05:00,40.752068586518085,41.04076323854441,40.553875827523306,40.83442306518555,13118000,0.0,0.0
2021-01-14 00:00:00-05:00,41.04257115899105,41.49416226399792,40.84527947058328,40.91225051879883,19692000,0.0,0.0
2021-01-15 00:00:00-05:00,40.560200795936716,40.724909712697716,39.879643298998346,40.349334716796875,18165000,0.0,0.0
2021-01-19 00:00:00-05:00,40.569258270654444,41.583763235423945,40.569258270654444,41.56385040283203,18819000,0.0,0.0
2021-01-20 00:00:00-05:00,41.58647303267157,42.15390585591549,41.17741418892629,41.800052642822266,14710000,0.0,0.0
2021-01-21 00:00:00-05:00,41.82086519774746,42.48694384382277,41.66611267937901,42.24711990356445,15749000,0.0,0.0
2021-01-22 00:00:00-05:00,41.96657742226023,42.313191203159825,41.845305234777626,42.084224700927734,16248000,0.0,0.0
2021-01-25 00:00:00-05:00,42.49509693415889,42.53491569526446,41.275159738747405,42.063411712646484,14692000,0.0,0.0
2021-01-26 00:00:00-05:00,41.869737054492944,42.26612597855947,41.8000525037454,41.98014831542969,10742000,0.0,0.0
2021-01-27 00:00:00-05:00,41.22628746148764,41.35479565516198,39.95657513784971,40.245269775390625,21857000,0.0,0.0
2021-01-28 00:00:00-05:00,41.225377161597734,41.49234992743034,40.45612675295554,40.882381439208984,16946000,0.0,0.0
2021-01-29 00:00:00-05:00,40.715863002564845,41.45796111305653,40.5104273720648,40.77016067504883,22069000,0.0,0.0
2021-02-01 00:00:00-05:00,41.25433235175588,42.47336474903133,41.04980468502448,42.23987579345703,17027000,0.0,0.0
2021-02-02 00:00:00-05:00,42.513182689254236,43.165683326851955,42.35390079503195,43.15753936767578,16141000,0.0,0.0
2021-02-03 00:00:00-05:00,43.16207308678352,43.305968137005756,42.045304434011484,42.099605560302734,17857000,0.0,0.0
2021-02-04 00:00:00-05:00,41.62991381489749,42.63989274585095,41.40185528130261,42.59192657470703,15243000,0.0,0.0
2021-02-05 00:00:00-05:00,42.92677616933022,43.16117312133553,42.11499340620152,42.17382049560547,12488000,0.0,0.0
2021-02-08 00:00:00-05:00,42.4217878627261,42.84442113843759,42.13490223679897,42.77926254272461,17610000,0.0,0.0
2021-02-09 00:00:00-05:00,42.71591873060969,43.00461339763297,42.41002818517299,42.95393371582031,12758000,0.0,0.0
2021-02-10 00:00:00-05:00,43.18740687045907,43.212746702052286,42.12674849445389,42.5394287109375,14587000,0.0,0.0
2021-02-11 00:00:00-05:00,42.868854500467016,43.38108513705915,42.461604665283005,43.29420471191406,17123000,0.0,0.0
2021-02-12 00:00:00-05:00,43.293296440138135,44.075213293752164,42.97744956245462,44.011863708496094,13551000,0.0,0.0
2021-02-16 00:00:00-05:00,44.424547931279754,44.77749663843812,44.075217228005556,44.266170501708984,15163000,0.0,0.0
2021-02-17 00:00:00-05:00,43.822722576721894,43.99376646910302,42.99283949843084,43.66434860229492,14084000,0.0,0.0
2021-02-18 00:00:00-05:00,43.46072008214001,43.92951047846277,42.999172597729554,43.73493576049805,16715000,0.0,0.0
2021-02-19 00:00:00-05:00,44.09603130187376,44.81007613266946,44.052591089015486,44.341285705566406,17992000,0.0,0.0
2021-02-22 00:00:00-05:00,43.80190735210846,44.03810982891281,43.01636901079189,43.11048889160156,16967000,0.0,0.0
2021-02-23 00:00:00-05:00,42.63806811324059,42.9530104369144,41.27333185315898,42.70684814453125,21303000,0.0,0.0
2021-02-24 00:00:00-05:00,42.32495309234375,43.567513041552,41.87064158228199,43.51955032348633,15125000,0.0,0.0
2021-02-25 00:00:00-05:00,42.96476913520108,43.38378424857387,41.19640473366343,41.37287902832031,23148000,0.0,0.0
2021-02-26 00:00:00-05:00,42.3113845580544,43.056199852995825,41.69689338364434,42.523155212402344,22640000,0.0,0.0
2021-03-01 00:00:00-05:00,43.41275904482552,44.3449059634039,42.88424049700841,44.3068962097168,24677000,0.0,0.0
2021-03-02 00:00:00-05:00,44.3783931418782,44.42273785789243,43.40371043829083,43.48606491088867,18546000,0.0,0.0
2021-03-03 00:00:00-05:00,43.258907953200776,43.565702940519074,41.80819543690191,41.90684127807617,23991000,0.0,0.0
2021-03-04 00:00:00-05:00,41.78104895934065,42.263413824079564,39.94933429841648,40.144813537597656,34575000,0.0,0.0
2021-03-05 00:00:00-05:00,41.10953673279436,41.26791070494585,39.186415829670246,40.73758316040039,42414000,0.0,0.0
2021-03-08 00:00:00-05:00,40.43802686938629,40.5402941628534,37.94294725979978,38.123043060302734,45243000,0.0,0.0
2021-03-09 00:00:00-05:00,39.429856274860924,40.444357522567806,38.969213335862904,40.14570999145508,37884000,0.0,0.0
2021-03-10 00:00:00-05:00,40.48509016667711,41.089628228825184,39.376465433458236,39.601810455322266,19914000,0.0,0.0
2021-03-11 00:00:00-05:00,40.63623882335844,41.39915112651376,40.0090742097612,41.05887222290039,26170000,0.0,0.0
2021-03-12 00:00:00-05:00,40.304997821295444,41.040761084162575,40.22897830651603,40.83080291748047,18906000,0.0,0.0
2021-03-15 00:00:00-04:00,41.19370854930542,42.64623021334937,41.013612723968265,42.60459899902344,31241000,0.0,0.0
2021-03-16 00:00:00-04:00,42.64984073074718,43.80190558637016,42.30051351086788,43.27519607543945,31190000,0.0,0.0
2021-03-17 00:00:00-04:00,42.56206019246969,44.097844173625255,42.53581585477,43.76480484008789,23754000,0.0,0.0
2021-03-18 00:00:00-04:00,42.947588840968436,43.74308014247592,41.969284783931904,42.00548553466797,28728000,0.0,0.0
2021-03-19 00:00:00-04:00,41.68625859899668,43.47665386187321,41.41719550995451,43.274173736572266,108602000,0.36,0.0
2021-03-22 00:00:00-04:00,43.1328116300191,43.896214310832974,43.01971416339192,43.34897232055664,31805000,0.0,0.0
2021-03-23 00:00:00-04:00,43.21215298849744,43.35717282275912,42.19701762794485,42.325618743896484,24712000,0.0,0.0
2021-03-24 00:00:00-04:00,42.81723199522866,42.86648467665934,41.66984562025228,41.706329345703125,20882000,0.0,0.0
2021-03-25 00:00:00-04:00,41.49564170309505,42.32198110798266,40.980322083564744,42.11037826538086,17537000,0.0,0.0
2021-03-26 00:00:00-04:00,41.64886586023604,44.053086123487866,41.64886586023604,43.96552658081055,28925000,0.0,0.0
2021-03-29 00:00:00-04:00,43.81594963985696,43.88526732239784,42.70960491205344,43.10635757446289,28410000,0.0,0.0
2021-03-30 00:00:00-04:00,42.30919868876058,42.3201444997213,41.19099676922628,41.605079650878906,27935000,0.0,0.0
2021-03-31 00:00:00-04:00,41.864121082011096,42.600162724117666,41.26215348707341,42.289146423339844,28684000,0.0,0.0
2021-04-01 00:00:00-04:00,43.05620304405836,43.467547896927414,42.79443592359978,43.41008758544922,23528000,0.0,0.0
2021-04-05 00:00:00-04:00,43.80683019279419,44.65870744999377,43.48942943122335,44.55290603637695,22966000,0.0,0.0
2021-04-06 00:00:00-04:00,44.06403254854565,44.52918784147461,43.573335865974805,44.13243865966797,18063000,0.0,0.0
2021-04-07 00:00:00-04:00,43.78036946588378,44.136077004594924,43.597042791109445,44.00382614135742,12074000,0.0,0.0
2021-04-08 00:00:00-04:00,44.50729966695471,44.50729966695471,43.79041155560369,44.27928161621094,18121000,0.0,0.0
2021-04-09 00:00:00-04:00,43.77946206704239,44.26377075177356,43.46388449895601,44.24370574951172,16614000,0.0,0.0
2021-04-12 00:00:00-04:00,43.955496408839835,44.27380871703456,43.65177619819417,44.11419677734375,23247000,0.0,0.0
2021-04-13 00:00:00-04:00,44.23550324924968,44.529189227560586,43.80591661565121,44.23185348510742,15281000,0.0,0.0
2021-04-14 00:00:00-04:00,44.00475020121233,44.61766006514177,43.34076103600934,43.533206939697266,18220000,0.0,0.0
2021-04-15 00:00:00-04:00,43.92904972325293,43.99015631017846,43.48578254865364,43.77946853637695,18370000,0.0,0.0
2021-04-16 00:00:00-04:00,43.823252216015,43.94182259473133,43.4857864235084,43.66911315917969,16263000,0.0,0.0
2021-04-19 00:00:00-04:00,43.46297740308728,43.48760374271494,41.959883469551855,42.13773727416992,26319000,0.0,0.0
2021-04-20 00:00:00-04:00,41.95623925394076,42.14047756063127,41.457334876261065,41.705421447753906,19128000,0.0,0.0
2021-04-21 00:00:00-04:00,41.51935099825395,41.986332921077235,41.280387130342426,41.9361686706543,25947000,0.0,0.0
2021-04-22 00:00:00-04:00,41.508408069570784,42.05929981202041,40.952046899520624,41.50932312011719,27057000,0.0,0.0
2021-04-23 00:00:00-04:00,41.81759271403769,42.67129294895373,41.72729846706665,42.5144157409668,22890000,0.0,0.0
2021-04-26 00:00:00-04:00,42.595604107666865,43.216725177567724,42.280938022288005,43.036136627197266,18271000,0.0,0.0
2021-04-27 00:00:00-04:00,43.20486622631598,43.25594205521962,42.416837163642704,42.53449249267578,13267000,0.0,0.0
2021-04-28 00:00:00-04:00,42.445096093871975,42.49982166972721,41.59504566207084,41.882347106933594,15940000,0.0,0.0
2021-04-29 00:00:00-04:00,42.83912310613688,42.83912310613688,41.866852362334086,42.52901840209961,14650000,0.0,0.0
2021-04-30 00:00:00-04:00,41.92887306992889,42.02190552286249,41.39348502905339,41.608734130859375,19367000,0.0,0.0
2021-05-03 00:00:00-04:00,41.93251110389237,41.94072220175399,40.88636504713969,41.05601119995117,15098000,0.0,0.0
2021-05-04 00:00:00-04:00,40.789694345329245,40.83347411850713,39.885829736331765,40.545257568359375,23497000,0.0,0.0
2021-05-05 00:00:00-04:00,41.08064362831132,41.17458764790745,40.34733681203934,40.480499267578125,16388000,0.0,0.0
2021-05-06 00:00:00-04:00,40.47777090794246,40.96025655730509,40.116590349404554,40.91374206542969,13495000,0.0,0.0
2021-05-07 00:00:00-04:00,41.46188350290144,41.80756028936732,40.9702753257907,41.27855682373047,11712000,0.0,0.0
2021-05-10 00:00:00-04:00,40.895499945098074,40.90918047325336,39.74537529883033,39.775474548339844,25239000,0.0,0.0
2021-05-11 00:00:00-04:00,38.763069002704626,40.291700832856826,38.585215199740446,40.1375617980957,17887000,0.0,0.0
2021-05-12 00:00:00-04:00,39.15434481795235,39.29753802538747,38.228592172857944,38.52410125732422,29940000,0.0,0.0
2021-05-13 00:00:00-04:00,39.20907439572663,39.65872606446091,38.82144436666874,39.273834228515625,21841000,0.0,0.0
2021-05-14 00:00:00-04:00,39.8019255362242,40.59816570601324,39.40608785896161,40.27893829345703,16964000,0.0,0.0
2021-05-17 00:00:00-04:00,40.32637039303862,40.32637039303862,39.47814276882948,40.12571334838867,15725000,0.0,0.0
2021-05-18 00:00:00-04:00,40.48871012478901,40.5361396636036,39.51826599364871,39.56022262573242,17824000,0.0,0.0
2021-05-19 00:00:00-04:00,38.85427567299566,40.359196246791186,38.82691461941811,40.288055419921875,21369000,0.0,0.0
2021-05-20 00:00:00-04:00,40.65562800521506,41.89148569211382,40.617321131345726,41.49929428100586,21886000,0.0,0.0
2021-05-21 00:00:00-04:00,41.77198951856438,41.77198951856438,40.98304562863246,41.156341552734375,13216000,0.0,0.0
2021-05-24 00:00:00-04:00,41.674397432189636,42.1778595070962,41.62332161994229,41.88143539428711,14420000,0.0,0.0
2021-05-25 00:00:00-04:00,42.128609670158276,42.225291874938925,41.63609337311875,41.913360595703125,9600000,0.0,0.0
2021-05-26 00:00:00-04:00,42.02555317070347,42.14685825229691,41.547628893551035,42.00001525878906,9873000,0.0,0.0
2021-05-27 00:00:00-04:00,41.95532314933396,42.72511373628568,41.92340076002195,42.65579605102539,19098000,0.0,0.0
2021-05-28 00:00:00-04:00,42.867399680564645,43.288778740921344,42.655800318708884,43.07991409301758,19946000,0.0,0.0
2021-06-01 00:00:00-04:00,43.36356588682316,43.597056877553186,42.61202056587322,42.713260650634766,16277000,0.0,0.0
2021-06-02 00:00:00-04:00,43.03430748529728,43.56969558477468,42.8190583599308,43.207603454589844,13286000,0.0,0.0
2021-06-03 00:00:00-04:00,42.7579501213615,42.845509673947824,42.25266129107435,42.39311981201172,20389000,0.0,0.0
2021-06-04 00:00:00-04:00,42.913003482642935,43.63354147603386,42.82362078179109,43.32343673706055,23865000,0.0,0.0
2021-06-07 00:00:00-04:00,43.141014539409575,43.276003619302166,42.180604707812336,42.30008316040039,24142000,0.0,0.0
2021-06-08 00:00:00-04:00,42.689539037642795,43.0853766415119,42.27545957250019,42.27728271484375,16615000,0.0,0.0
2021-06-09 00:00:00-04:00,42.611102207915394,42.611102207915394,42.112197913390666,42.31376647949219,12126000,0.0,0.0
2021-06-10 00:00:00-04:00,42.45696560120825,42.82544220440848,41.97447995854222,42.74609375,15413000,0.0,0.0
2021-06-11 00:00:00-04:00,42.72511364816314,43.061667831724016,42.6074548539247,42.93124008178711,14508000,0.0,0.0
2021-06-14 00:00:00-04:00,42.912092400737,43.40552388300197,42.50804362034332,43.399139404296875,14675000,0.0,0.0
2021-06-15 00:00:00-04:00,43.46571785278181,43.46663290338604,42.73514910477408,42.93489456176758,11131000,0.0,0.0
2021-06-16 00:00:00-04:00,42.892027058978975,42.96955237418231,42.09031398314519,42.47977066040039,20437000,0.0,0.0
2021-06-17 00:00:00-04:00,42.40040342562881,43.345309404986025,42.314670520022965,42.974098205566406,20881000,0.0,0.0
2021-06-18 00:00:00-04:00,42.61839744814914,42.84550391989514,42.0018343777366,42.27454376220703,28537000,0.0,0.0
2021-06-21 00:00:00-04:00,42.391293460549036,42.778279461709,42.140349719288345,42.70750045776367,18591000,0.36,0.0
2021-06-22 00:00:00-04:00,42.88858041285064,43.072423454344836,42.405074160479764,42.692787170410156,13722000,0.0,0.0
2021-06-23 00:00:00-04:00,42.63855310369079,43.008073073622896,42.56317707505507,42.895931243896484,17674000,0.0,0.0
2021-06-24 00:00:00-04:00,43.19283322838411,43.53845979807921,43.074256949499606,43.20846176147461,12502000,0.0,0.0
2021-06-25 00:00:00-04:00,43.3270417659964,43.42815561364047,42.283738033471614,42.485965728759766,19100000,0.0,0.0
2021-06-28 00:00:00-04:00,42.83525916510658,43.78113079104439,42.79021799306325,43.460323333740234,13987000,0.0,0.0
2021-06-29 00:00:00-04:00,43.42079996107326,43.87489003613801,43.27097011823709,43.86018371582031,14184000,0.0,0.0
2021-06-30 00:00:00-04:00,43.95027537053924,43.992560433549066,43.43551547876497,43.831695556640625,15381000,0.0,0.0
2021-07-01 00:00:00-04:00,43.92361418677359,43.92361418677359,43.104597591706636,43.16986083984375,11153000,0.0,0.0
2021-07-02 00:00:00-04:00,43.82525188783798,43.991632477681556,41.88939308917217,43.034732818603516,37054000,0.0,0.0
2021-07-06 00:00:00-04:00,43.23972422119775,43.82342217548405,43.04669058338792,43.50445556640625,13870000,0.0,0.0
2021-07-07 00:00:00-04:00,43.66255449698259,43.69564547203431,42.86927577641981,43.16066360473633,12581000,0.0,0.0
2021-07-08 00:00:00-04:00,42.69003775955397,43.302233185232915,42.42714031044604,43.24891662597656,16011000,0.0,0.0
2021-07-09 00:00:00-04:00,43.16342935518471,44.20305838243099,43.02187135451037,44.13871383666992,16782000,0.0,0.0
2021-07-12 00:00:00-04:00,44.24350330850234,45.41090274111459,43.502618805726094,44.65071487426758,33142000,0.0,0.0
2021-07-13 00:00:00-04:00,44.61209670433592,44.81432086851541,44.30599907835606,44.490760803222656,11806000,0.0,0.0
2021-07-14 00:00:00-04:00,44.96783238170205,45.22521402897209,44.19110091934551,44.268314361572266,14020000,0.0,0.0
2021-07-15 00:00:00-04:00,44.42366879506613,44.53121711286444,43.48975063570493,43.87765884399414,12624000,0.0,0.0
2021-07-16 00:00:00-04:00,44.03576382666981,44.147909193723116,42.95109700641989,43.025550842285156,13980000,0.0,0.0
2021-07-19 00:00:00-04:00,42.60362265519434,42.83250686900728,42.06220632916316,42.804931640625,14938000,0.0,0.0
2021-07-20 00:00:00-04:00,43.0089930232667,43.40976653291862,42.5843156077641,43.07333755493164,20727000,0.0,0.0
2021-07-21 00:00:00-04:00,43.16893130913183,44.05597055684783,43.065057855724135,44.03207015991211,13660000,0.0,0.0
2021-07-22 00:00:00-04:00,43.8096282204639,44.02931835172907,43.617513317320245,43.78480911254883,12583000,0.0,0.0
2021-07-23 00:00:00-04:00,44.12491833959011,44.451241583402776,43.83077087198282,44.411712646484375,13489000,0.0,0.0
2021-07-26 00:00:00-04:00,44.32070699019571,44.45491180221101,44.09274149915141,44.328060150146484,11160000,0.0,0.0
2021-07-27 00:00:00-04:00,44.192031085654925,44.288547913466495,43.000731155995496,43.695655822753906,14715000,0.0,0.0
2021-07-28 00:00:00-04:00,43.8188207681697,44.03759570906845,43.60004933378537,43.90614700317383,8359000,0.0,0.0
2021-07-29 00:00:00-04:00,43.981523384415176,44.6580632680602,43.88684398793393,44.49995803833008,9162000,0.0,0.0
2021-07-30 00:00:00-04:00,44.30232365524446,44.70493810326984,44.082633530807854,44.618534088134766,11548000,0.0,0.0
2021-08-02 00:00:00-04:00,44.95405253419819,45.464215370270686,44.44481191151416,44.5523567199707,15619000,0.0,0.0
2021-08-03 00:00:00-04:00,44.6268012605535,44.835463376042895,44.1184759839636,44.746299743652344,11135000,0.0,0.0
2021-08-04 00:00:00-04:00,44.906246005357765,45.039532111468056,44.490762660354946,44.839141845703125,12123000,0.0,0.0
2021-08-05 00:00:00-04:00,45.08089753400497,45.08089753400497,44.57165348025428,44.82719421386719,8372000,0.0,0.0
2021-08-06 00:00:00-04:00,44.58820876256082,44.86856865470789,44.49261064689924,44.621299743652344,9964000,0.0,0.0
2021-08-09 00:00:00-04:00,44.71873383349031,44.749987399769196,44.214086745174654,44.5523567199707,5952000,0.0,0.0
2021-08-10 00:00:00-04:00,44.66449423094462,44.7150511522352,43.92269115846417,44.32990264892578,9319000,0.0,0.0
2021-08-11 00:00:00-04:00,44.564298861128975,44.67092844993842,44.10285562494993,44.44847869873047,9816000,0.0,0.0
2021-08-12 00:00:00-04:00,44.331742233898076,44.581767225947125,43.82157946244084,44.51374435424805,8702000,0.0,0.0
2021-08-13 00:00:00-04:00,44.362076725456674,44.946693311117244,44.31611333585332,44.68839645385742,8582000,0.0,0.0
2021-08-16 00:00:00-04:00,44.56614651746053,44.94118228862595,44.526617577464386,44.87040328979492,9188000,0.0,0.0
2021-08-17 00:00:00-04:00,44.63600198151116,44.693915576264004,43.618435996883335,44.001747131347656,16499000,0.0,0.0
2021-08-18 00:00:00-04:00,43.814232479433386,43.85375791465686,43.05128498156942,43.1082763671875,15616000,0.0,0.0
2021-08-19 00:00:00-04:00,42.86742785285091,43.73884208825259,42.52823927758668,43.52742385864258,14044000,0.0,0.0
2021-08-20 00:00:00-04:00,43.462168890964605,43.77561971538859,43.243393954039895,43.67818069458008,10007000,0.0,0.0
2021-08-23 00:00:00-04:00,43.78481676866465,44.69115969335646,43.72690667557488,44.347373962402344,15707000,0.0,0.0
2021-08-24 00:00:00-04:00,44.342787637030696,44.40161644658079,44.136881543832196,44.253623962402344,9429000,0.0,0.0
2021-08-25 00:00:00-04:00,44.26648991448234,44.69851713351082,44.26648991448234,44.43562316894531,10017000,0.0,0.0
2021-08-26 00:00:00-04:00,44.39792200313479,44.86764061509453,44.17731317073583,44.64978790283203,10836000,0.0,0.0
2021-08-27 00:00:00-04:00,44.858453120771884,45.63335078761267,44.73252365894928,45.5873908996582,16459000,0.0,0.0
2021-08-30 00:00:00-04:00,45.960598869774834,46.682180131769684,45.7997374750337,45.85856628417969,19614000,0.0,0.0
2021-08-31 00:00:00-04:00,46.07916753085495,46.07916753085495,45.289563567711696,45.70412826538086,17378000,0.0,0.0
2021-09-01 00:00:00-04:00,45.61771257054165,45.89071922630375,45.30702140947526,45.33184051513672,12586000,0.0,0.0
2021-09-02 00:00:00-04:00,45.57359578847604,45.59106173658498,45.05607985120347,45.21602249145508,16991000,0.0,0.0
2021-09-03 00:00:00-04:00,45.58462744427155,46.51211101966485,45.50465787711949,45.74732971191406,25191000,0.0,0.0
2021-09-07 00:00:00-04:00,45.73997516750014,45.73997516750014,45.13329555235796,45.64713668823242,12398000,0.0,0.0
2021-09-08 00:00:00-04:00,45.92565764928772,45.95047325196429,44.86764406098837,45.44398880004883,13987000,0.0,0.0
2021-09-09 00:00:00-04:00,45.303353818880275,45.84109188501882,45.303353818880275,45.3621826171875,13174000,0.0,0.0
2021-09-10 00:00:00-04:00,45.68942081341883,46.51119352087447,45.639782594441115,45.790531158447266,16110000,0.0,0.0
2021-09-13 00:00:00-04:00,46.14443523489439,46.18763900504088,45.341043578913236,45.864994049072266,14927000,0.0,0.0
2021-09-14 00:00:00-04:00,46.14443082299211,46.45880037372745,45.80983569621758,46.13248062133789,14134000,0.0,0.0
2021-09-15 00:00:00-04:00,46.1554592379513,46.94414093587144,45.90727165976942,46.85589599609375,23346000,0.0,0.0
2021-09-16 00:00:00-04:00,46.438576918788186,46.80166597212559,45.97988976158357,46.636207580566406,17569000,0.0,0.0
2021-09-17 00:00:00-04:00,46.32551629742491,46.66103014585679,46.05250958048082,46.512115478515625,34470000,0.0,0.0
2021-09-20 00:00:00-04:00,45.868673240800284,46.236355881085245,44.89798574054523,45.484439849853516,30105000,0.0,0.0
2021-09-21 00:00:00-04:00,45.694629509315476,45.718705073448795,45.093690571292356,45.46314239501953,16935000,0.36,0.0
2021-09-22 00:00:00-04:00,45.76500428758829,46.575209231842756,45.57703755999472,46.352054595947266,20610000,0.0,0.0
2021-09-23 00:00:00-04:00,46.52982636658806,46.972430236478985,46.352043054035896,46.69557189941406,18370000,0.0,0.0
2021-09-24 00:00:00-04:00,46.50760735370534,46.8066868524633,46.37426986316993,46.75298309326172,10605000,0.0,0.0
2021-09-27 00:00:00-04:00,46.277053701160284,46.83632666754291,46.05482451190988,46.74650955200195,9831000,0.0,0.0
2021-09-28 00:00:00-04:00,46.01964010405578,46.43168689455595,45.42147747150781,45.46592330932617,20124000,0.0,0.0
2021-09-29 00:00:00-04:00,45.70759203019581,45.7668519675887,45.15387525689998,45.323326110839844,15783000,0.0,0.0
2021-09-30 00:00:00-04:00,45.78999597036055,45.78999597036055,44.860345892435795,44.90201187133789,15735000,0.0,0.0
2021-10-01 00:00:00-04:00,45.17238771201422,45.247390711200374,44.21403136200072,45.12609100341797,16052000,0.0,0.0
2021-10-04 00:00:00-04:00,44.90201522973975,45.05294314985393,43.77698779647507,44.07051467895508,20093000,0.0,0.0
2021-10-05 00:00:00-04:00,44.06958666806335,45.352023557082795,44.01310305670487,44.947383880615234,16557000,0.0,0.0
2021-10-06 00:00:00-04:00,44.735343402089754,45.31128481487433,44.417744495405316,45.25850296020508,12042000,0.0,0.0
2021-10-07 00:00:00-04:00,45.61499074114182,46.2881562452812,45.61499074114182,45.73443603515625,13261000,0.0,0.0
2021-10-08 00:00:00-04:00,46.00296928139984,46.11223122467506,45.48999305866127,45.63536834716797,10279000,0.0,0.0
2021-10-11 00:00:00-04:00,45.48628751079058,46.259453539673764,45.45017416856708,45.58814239501953,11186000,0.0,0.0
2021-10-12 00:00:00-04:00,45.91222277353329,45.99185297548256,44.63256217857284,44.93442153930664,20991000,0.0,0.0
2021-10-13 00:00:00-04:00,44.55386068023479,44.94368276111316,44.40385819469935,44.909423828125,16424000,0.0,0.0
2021-10-14 00:00:00-04:00,45.54369565493552,46.218712077208146,45.44739694313916,46.07518768310547,19233000,0.0,0.0
2021-10-15 00:00:00-04:00,46.70483260506743,46.840020976796964,46.397420612801525,46.598350524902344,25103000,0.0,0.0
2021-10-18 00:00:00-04:00,46.33353181362409,46.66594481982473,46.17334243488025,46.60853576660156,16042000,0.0,0.0
2021-10-19 00:00:00-04:00,46.69742677925238,47.30392535465079,46.46130895933067,47.25947952270508,16383000,0.0,0.0
2021-10-20 00:00:00-04:00,47.31595859356428,47.54096406764521,47.07891887119535,47.1668815612793,13458000,0.0,0.0
2021-10-21 00:00:00-04:00,47.16965854233875,47.66689161033591,47.093730105163004,47.60763168334961,11787000,0.0,0.0
2021-10-22 00:00:00-04:00,47.66226441649129,48.27709547665256,47.50300048097555,47.72430419921875,15367000,0.0,0.0
2021-10-25 00:00:00-04:00,47.91690362802879,48.56599364566869,47.70301048295506,48.34098815917969,12416000,0.0,0.0
2021-10-26 00:00:00-04:00,48.63357625626757,49.53730331108014,48.51968714248613,49.433597564697266,24043000,0.0,0.0
2021-10-27 00:00:00-04:00,49.243782038526554,49.637309361842654,48.321539024091564,48.43728256225586,23500000,0.0,0.0
2021-10-28 00:00:00-04:00,48.53266445543944,49.07063817103669,48.46691937308225,49.03545379638672,11872000,0.0,0.0
2021-10-29 00:00:00-04:00,48.47339924405179,49.27434619589982,48.47339924405179,49.22990036010742,15564000,0.0,0.0
2021-11-01 00:00:00-04:00,49.10675283081165,49.31416438935904,48.605814356131965,48.894710540771484,16896000,0.0,0.0
2021-11-02 00:00:00-04:00,48.83914402253246,50.077138615709785,48.767846311452494,49.72990798950195,16262000,0.0,0.0
2021-11-03 00:00:00-04:00,49.91324183574383,50.352143956630925,49.4243412477993,50.22065734863281,14038000,0.0,0.0
2021-11-04 00:00:00-04:00,50.353068000920096,50.8410431356833,50.08639303367904,50.799373626708984,15956000,0.0,0.0
2021-11-05 00:00:00-04:00,50.92716079278437,51.822551998370564,50.909566841097245,51.75310516357422,18674000,0.0,0.0
2021-11-08 00:00:00-05:00,52.035516934767095,52.2133002572391,51.67717750296502,51.755882263183594,17231000,0.0,0.0
2021-11-09 00:00:00-05:00,51.77810174606201,52.02903365032327,51.403093815267,51.64939498901367,15838000,0.0,0.0
2021-11-10 00:00:00-05:00,51.325313640114025,51.936439365972824,50.74659596289121,50.813262939453125,18450000,0.0,0.0
2021-11-11 00:00:00-05:00,51.17624168955603,51.58643755453499,50.816973267798176,51.42717361450195,14157000,0.0,0.0
2021-11-12 00:00:00-05:00,51.70588016317201,52.39385979842418,51.35216793049851,52.15126037597656,13592000,0.0,0.0
2021-11-15 00:00:00-05:00,52.56516201646961,52.56516201646961,51.837367274334206,52.38737869262695,13972000,0.0,0.0
2021-11-16 00:00:00-05:00,52.23181870735414,52.73553340233971,52.10681370717505,52.6651611328125,13194000,0.0,0.0
2021-11-17 00:00:00-05:00,52.60683005564899,52.90498766385831,52.23274753494653,52.745723724365234,12532000,0.0,0.0
2021-11-18 00:00:00-05:00,52.8809161535692,53.40222487274449,52.745727765642116,53.22444152832031,12712000,0.0,0.0
2021-11-19 00:00:00-05:00,53.3605555076029,53.44667086064612,52.402199007507164,52.66054153442383,19612000,0.0,0.0
2021-11-22 00:00:00-05:00,52.93461045041971,52.96794393848294,51.156791453065374,51.230865478515625,25898000,0.0,0.0
2021-11-23 00:00:00-05:00,51.15124623426402,51.46977061665571,50.791052333712784,51.40125274658203,17109000,0.0,0.0
2021-11-24 00:00:00-05:00,51.226237130333416,51.76791601278465,50.68548015528805,51.73550796508789,12084000,0.0,0.0
2021-11-26 00:00:00-05:00,51.09104350862776,51.60309417712254,50.30861966007743,50.61140441894531,14219000,0.0,0.0
2021-11-29 00:00:00-05:00,51.50124555193801,52.552198893227455,51.26790758812352,52.254966735839844,18703000,0.0,0.0
2021-11-30 00:00:00-05:00,52.155890281459605,52.31515421066491,51.11234755066722,51.267906188964844,22574000,0.0,0.0
2021-12-01 00:00:00-05:00,52.17534112231238,52.63831533184884,51.23550404210744,51.367916107177734,21980000,0.0,0.0
2021-12-02 00:00:00-05:00,50.563262870393885,51.770700375991304,50.37159440549776,51.15401840209961,22619000,0.0,0.0
2021-12-03 00:00:00-05:00,52.31053129546886,52.686468259733644,50.96420357621158,51.67903518676758,20305000,0.0,0.0
2021-12-06 00:00:00-05:00,52.28367088798012,52.62812518141152,51.478096856196956,52.31422805786133,22482000,0.0,0.0
2021-12-07 00:00:00-05:00,52.96425761389401,54.91522976198172,52.96425761389401,54.66800308227539,29562000,0.0,0.0
2021-12-08 00:00:00-05:00,54.717994095625116,54.717994095625116,53.930010429556006,54.497615814208984,17998000,0.0,0.0
2021-12-09 00:00:00-05:00,53.93186562799795,54.653178837466875,53.93186562799795,54.02168273925781,29080000,0.0,0.0
2021-12-10 00:00:00-05:00,57.7773261745572,59.700520657682446,57.27824217132255,58.49030685424805,57087000,0.0,0.0
2021-12-13 00:00:00-05:00,58.70514068130493,58.74403035165259,57.52270396320851,57.56251907348633,26898000,0.0,0.0
2021-12-14 00:00:00-05:00,57.20879456533285,57.2810177188532,56.079136421533605,56.93749237060547,35956000,0.0,0.0
2021-12-15 00:00:00-05:00,56.99860095685624,59.34032367579709,56.51433107941302,59.24773025512695,29092000,0.0,0.0
2021-12-16 00:00:00-05:00,59.01624871616572,59.32181339106944,56.62174745182104,57.47176742553711,42748000,0.0,0.0
2021-12-17 00:00:00-05:00,57.18008229102853,59.25976415090076,56.95507683198177,58.794010162353516,50661000,0.0,0.0
2021-12-20 00:00:00-05:00,57.99214922256567,59.82460118909174,57.880107431724014,59.72644805908203,32770000,0.0,0.0
2021-12-21 00:00:00-05:00,60.39460449896158,60.5222718927796,59.015438321026394,60.22127914428711,36534000,0.41,0.0
2021-12-22 00:00:00-05:00,59.94916890544126,61.2388817981979,59.570827102369165,61.05622863769531,28383000,0.0,0.0
2021-12-23 00:00:00-05:00,61.14289552586607,62.50342732446477,61.14289552586607,61.95083236694336,23596000,0.0,0.0
2021-12-27 00:00:00-05:00,61.95083878045448,63.02248563487931,61.919151215569975,62.834251403808594,19442000,0.0,0.0
2021-12-28 00:00:00-05:00,63.13895506569602,63.1585278379725,62.15863147292907,62.34220886230469,17247000,0.0,0.0
2021-12-29 00:00:00-05:00,62.4167803003708,63.08772206737702,62.353412274501345,62.67863464355469,14797000,0.0,0.0
2021-12-30 00:00:00-05:00,62.72428069631632,62.96656932454521,61.86137229567671,61.976924896240234,11473000,0.0,0.0
2021-12-31 00:00:00-05:00,62.15304168312054,62.557472213115574,61.808253725264535,62.00767135620117,12046000,0.0,0.0
2022-01-03 00:00:00-05:00,62.09246866685045,62.59381032824189,61.61721218549823,61.812904357910156,22591000,0.0,0.0
2022-01-04 00:00:00-05:00,61.771900305880486,62.639472451009546,61.245390629579326,62.52112579345703,21103000,0.0,0.0
2022-01-05 00:00:00-05:00,62.54815480494874,62.54815480494874,59.82708436906438,59.91934585571289,34961000,0.0,0.0
2022-01-06 00:00:00-05:00,59.654697435610636,60.44585559581705,59.12073677363955,59.36302185058594,28581000,0.0,0.0
2022-01-07 00:00:00-05:00,59.25305460933352,59.631396382883466,57.632531381846555,57.69683074951172,27832000,0.0,0.0
2022-01-10 00:00:00-05:00,56.73794579893577,57.96614997058407,56.24498270577264,57.88414764404297,29793000,0.0,0.0
2022-01-11 00:00:00-05:00,57.360426018278226,58.521536539934765,57.27003435813365,57.96707534790039,19037000,0.0,0.0
2022-01-12 00:00:00-05:00,58.47588150964197,58.800172468509594,57.75181678853276,57.96242141723633,18806000,0.0,0.0
2022-01-13 00:00:00-05:00,58.472147230356384,58.51035075137073,55.36715046109331,55.65044021606445,30048000,0.0,0.0
2022-01-14 00:00:00-05:00,55.5190496096023,55.947709725258704,55.1668036535179,55.574031829833984,25661000,0.0,0.0
2022-01-18 00:00:00-05:00,54.82387540828345,55.07734390825757,53.67487603328332,53.842613220214844,35825000,0.0,0.0
2022-01-19 00:00:00-05:00,54.1957990831106,54.48933740985628,52.49513239811657,52.554771423339844,22692000,0.0,0.0
2022-01-20 00:00:00-05:00,52.930301637857596,53.12972279727052,50.95193737663383,51.04046630859375,25225000,0.0,0.0
2022-01-21 00:00:00-05:00,50.93983267535185,51.756151719800535,49.514066649404405,49.69019317626953,38010000,0.0,0.0
2022-01-24 00:00:00-05:00,49.47212522016965,50.64814798448165,47.842281504109216,50.46829605102539,54256000,0.0,0.0
2022-01-25 00:00:00-05:00,49.20283016655999,50.82428865732147,48.85058416300059,49.775001525878906,38158000,0.0,0.0
2022-01-26 00:00:00-05:00,51.439315988162264,53.505274562539995,51.25946401962266,51.91643524169922,49715000,0.0,0.0
2022-01-27 00:00:00-05:00,53.09059245519555,53.14091432123385,50.41705313966759,50.53633117675781,34183000,0.0,0.0
2022-01-28 00:00:00-05:00,50.63417328843162,52.23140184585958,49.6119100416745,52.19412612915039,30254000,0.0,0.0
2022-01-31 00:00:00-05:00,52.1288944016358,54.64215427524341,51.81205792530575,54.596492767333984,40288000,0.0,0.0
2022-02-01 00:00:00-05:00,54.59556456023135,55.343855228309806,53.65903258195757,55.23389434814453,25719000,0.0,0.0
2022-02-02 00:00:00-05:00,55.81911345206765,56.3595971624569,55.318695985437046,56.231929779052734,24443000,0.0,0.0
2022-02-03 00:00:00-05:00,55.5088015891085,55.82097774861534,54.05974084296978,54.12776565551758,30602000,0.0,0.0
2022-02-04 00:00:00-05:00,53.71122078998437,55.588941671906625,53.6888539356641,54.995338439941406,20548000,0.0,0.0
2022-02-07 00:00:00-05:00,54.99532922253555,56.059528473766186,54.4362077255567,54.75956726074219,18671000,0.0,0.0
2022-02-08 00:00:00-05:00,54.829466008471655,56.084697250796175,54.69993590434538,55.93280029296875,14570000,0.0,0.0
2022-02-09 00:00:00-05:00,56.59722854258001,57.00445673339994,56.05767260746448,56.96904373168945,22004000,0.0,0.0
2022-02-10 00:00:00-05:00,55.474321123479584,57.27656278160411,54.84717115700845,55.1071662902832,24920000,0.0,0.0
2022-02-11 00:00:00-05:00,55.107158996023024,55.88993126203953,53.030948527529226,53.43537902832031,27281000,0.0,0.0
2022-02-14 00:00:00-05:00,53.58262140993338,54.31041154000071,53.12320864488453,53.91623306274414,19291000,0.0,0.0
2022-02-15 00:00:00-05:00,54.89003331144138,56.4751471185825,54.81734815060153,56.17042541503906,34284000,0.0,0.0
2022-02-16 00:00:00-05:00,55.358763767864495,55.987779954751666,54.72136534343477,55.652305603027344,22931000,0.0,0.0
2022-02-17 00:00:00-05:00,54.952474272912724,55.12766589333502,53.94511978937825,53.95537185668945,21424000,0.0,0.0
2022-02-18 00:00:00-05:00,54.136151622234344,54.76982105435341,53.42233548610614,54.04762268066406,19708000,0.0,0.0
2022-02-22 00:00:00-05:00,54.04762851032839,55.00000081290162,53.09898164707305,53.81186294555664,20204000,0.0,0.0
2022-02-23 00:00:00-05:00,54.069990006655686,54.52101698566854,52.62652095666328,52.66845703125,22416000,0.0,0.0
2022-02-24 00:00:00-05:00,51.40017522851624,54.5787886412461,51.161615612519235,54.048553466796875,35316000,0.0,0.0
2022-02-25 00:00:00-05:00,54.03271848804797,54.92265411493169,53.48943711516697,54.794986724853516,22380000,0.0,0.0
2022-02-28 00:00:00-05:00,54.14174079158172,55.194756738756936,53.711217971401005,54.74186706542969,25005000,0.0,0.0
2022-03-01 00:00:00-05:00,54.494923511552074,54.758644075930235,52.67870440265798,53.12786865234375,24898000,0.0,0.0
2022-03-02 00:00:00-05:00,53.537890299308216,55.02981844801127,53.45029626864249,54.58717727661133,21771000,0.0,0.0
2022-03-03 00:00:00-05:00,55.32336438147083,55.32522710126336,53.52019119055659,53.9181022644043,26454000,0.0,0.0
2022-03-04 00:00:00-05:00,55.240413749987475,56.4630294964249,54.42223205346073,55.538612365722656,44757000,0.0,0.0
2022-03-07 00:00:00-05:00,55.640193174127056,55.7986096498147,53.11668455147194,53.181915283203125,26494000,0.0,0.0
2022-03-08 00:00:00-05:00,53.318893116255346,55.54420281270005,52.521212015083286,53.671142578125,26993000,0.0,0.0
2022-03-09 00:00:00-05:00,54.86766174973128,56.06511644562393,54.7008559604449,55.63459014892578,22560000,0.0,0.0
2022-03-10 00:00:00-05:00,54.56667511807733,54.982289070145995,53.71028628170879,54.768890380859375,19323000,0.0,0.0
2022-03-11 00:00:00-05:00,55.16680486340671,55.3932497129439,53.78018075296936,53.84820556640625,19813000,0.0,0.0
2022-03-14 00:00:00-04:00,53.76526932621782,54.04669640239791,52.627453343881875,52.91167449951172,25234000,0.0,0.0
2022-03-15 00:00:00-04:00,53.794152412787476,55.61036781068058,53.58634544624875,55.23762130737305,28260000,0.0,0.0
2022-03-16 00:00:00-04:00,55.60012001280214,56.630769066632666,54.42689116274392,56.57579040527344,29454000,0.0,0.0
2022-03-17 00:00:00-04:00,56.352141500679004,56.564608830196256,55.69144485418874,56.16110610961914,18174000,0.0,0.0
2022-03-18 00:00:00-04:00,56.28224379564168,57.14329288410317,55.53861000722389,56.88236999511719,41538000,0.0,0.0
2022-03-21 00:00:00-04:00,56.81577134250776,56.81577134250776,55.245269576763974,56.41141891479492,25789000,0.41,0.0
2022-03-22 00:00:00-04:00,56.45176535737621,57.556931257030286,56.227539845771716,57.354286193847656,19262000,0.0,0.0
2022-03-23 00:00:00-04:00,57.04092446001719,57.35709048778927,56.21158048883935,56.23221969604492,13839000,0.0,0.0
2022-03-24 00:00:00-04:00,56.91239542037629,58.84409571658398,56.47802366216874,58.769981384277344,26016000,0.0,0.0
2022-03-25 00:00:00-04:00,58.83096755599315,59.14337941590278,58.17330791601132,58.9989013671875,14538000,0.0,0.0
2022-03-28 00:00:00-04:00,58.718384628702836,59.414509677760265,57.770827705244834,59.37510299682617,14427000,0.0,0.0
2022-03-29 00:00:00-04:00,60.043077704761586,60.54124595450859,59.10490461562468,60.180992126464844,23001000,0.0,0.0
2022-03-30 00:00:00-04:00,59.93706715269112,60.44555681247083,58.8544160009717,59.20716857910156,18626000,0.0,0.0
2022-03-31 00:00:00-04:00,59.14994189290423,59.94926654434174,58.92196578567547,59.074886322021484,21731000,0.0,0.0
2022-04-01 00:00:00-04:00,59.263455562194444,59.533651305586346,58.04383124362578,58.82157897949219,16267000,0.0,0.0
2022-04-04 00:00:00-04:00,58.76903914630791,59.735359896262686,58.59078754138734,59.55992126464844,16484000,0.0,0.0
2022-04-05 00:00:00-04:00,59.06269741690755,59.31694227636421,57.510018287525725,57.61509323120117,19778000,0.0,0.0
2022-04-06 00:00:00-04:00,56.4855321853637,57.377735098789245,55.70590905383711,56.47802734375,23742000,0.0,0.0
2022-04-07 00:00:00-04:00,56.27444002801803,57.00715157633724,55.65618356789519,56.57653045654297,16583000,0.0,0.0
2022-04-08 00:00:00-04:00,56.04458852178738,56.1581095381216,54.97413401007045,55.07076644897461,20464000,0.0,0.0
2022-04-11 00:00:00-04:00,54.656097961942486,55.28467591547909,54.360574669508175,54.47127914428711,23512000,0.0,0.0
2022-04-12 00:00:00-04:00,55.26871936212954,56.15810928024807,54.61762694835856,54.88969802856445,17350000,0.0,0.0
2022-04-13 00:00:00-04:00,55.21148643426217,55.981729339532336,54.98163502296413,55.590511322021484,20266000,0.0,0.0
2022-04-14 00:00:00-04:00,55.82035894321592,56.01456145214244,53.744180805021216,53.837059020996094,27385000,0.0,0.0
2022-04-18 00:00:00-04:00,53.74324918207076,55.46667496154449,53.74324918207076,55.02385711669922,21375000,0.0,0.0
2022-04-19 00:00:00-04:00,54.35399628210285,56.16842124191889,54.35399628210285,56.067100524902344,16581000,0.0,0.0
2022-04-20 00:00:00-04:00,56.68442361822275,57.55035780580595,55.833502692873694,56.07648849487305,13920000,0.0,0.0
2022-04-21 00:00:00-04:00,56.810131361710184,57.77926500463163,55.41413084436543,55.60832977294922,20352000,0.0,0.0
2022-04-22 00:00:00-04:00,55.36253503532407,56.17217745803535,55.00133638282636,55.066070556640625,21064000,0.0,0.0
2022-04-25 00:00:00-04:00,54.55383151254128,55.235884542262035,53.580947082680815,55.153324127197266,26959000,0.0,0.0
2022-04-26 00:00:00-04:00,54.77054777807648,54.92628485965218,52.51048835854204,52.54426193237305,35809000,0.0,0.0
2022-04-27 00:00:00-04:00,52.14271864476835,53.483368736023124,52.06860431940131,52.49453353881836,19313000,0.0,0.0
2022-04-28 00:00:00-04:00,53.09496995742922,54.88500153673752,52.34724516819095,54.31459426879883,22334000,0.0,0.0
2022-04-29 00:00:00-04:00,53.72167059983655,54.25267478625784,51.91850101850645,52.01137924194336,26108000,0.0,0.0
2022-05-02 00:00:00-04:00,52.269377369189534,54.19263153113317,52.198076012332095,54.07160568237305,26725000,0.0,0.0
2022-05-03 00:00:00-04:00,54.03971506658428,55.04731071592329,53.64192625914514,54.52381134033203,17064000,0.0,0.0
2022-05-04 00:00:00-04:00,54.581973712799545,56.67222398568009,53.84925860174326,56.633758544921875,23896000,0.0,0.0
2022-05-05 00:00:00-04:00,55.74906728376072,56.09056084530546,53.87835037930822,54.413108825683594,32806000,0.0,0.0
2022-05-06 00:00:00-04:00,53.93933128232777,55.350345339861335,53.42239906292153,54.42342758178711,20745000,0.0,0.0
2022-05-09 00:00:00-04:00,53.74606061371176,54.22640622999942,52.56302638613502,52.811641693115234,30074000,0.0,0.0
2022-05-10 00:00:00-04:00,54.46001693445751,55.46011136001212,53.6447448946909,54.54445266723633,29271000,0.0,0.0
2022-05-11 00:00:00-04:00,53.90554394390825,54.854038327581236,53.087455548856376,53.20472717285156,26660000,0.0,0.0
2022-05-12 00:00:00-04:00,52.85667639311507,53.8145511111136,52.37445544234538,53.623165130615234,25518000,0.0,0.0
2022-05-13 00:00:00-04:00,54.13728043035872,55.50138277153327,53.804225830615344,55.187095642089844,19449000,0.0,0.0
2022-05-16 00:00:00-04:00,54.82496065730572,55.271532695425755,54.19356983112826,54.66453170776367,14189000,0.0,0.0
2022-05-17 00:00:00-04:00,55.863512474314604,57.13474010485429,55.69089040843888,57.05499267578125,24676000,0.0,0.0
2022-05-18 00:00:00-04:00,56.29038687183053,56.35793401906124,53.11748542711912,53.52934265136719,35024000,0.0,0.0
2022-05-19 00:00:00-04:00,52.35006064162771,52.60805968738288,50.56377960798348,51.243953704833984,34884000,0.0,0.0
2022-05-20 00:00:00-04:00,51.965403390332504,52.067665338239635,48.07573810647609,50.96062088012695,40281000,0.0,0.0
2022-05-23 00:00:00-04:00,49.16027822682206,50.24574246790882,48.246494846629375,49.38168716430664,58586000,0.0,0.0
2022-05-24 00:00:00-04:00,49.4098201796755,49.61715704514613,48.427552206095264,49.17902755737305,25060000,0.0,0.0
2022-05-25 00:00:00-04:00,49.15089564699304,50.422119962283645,49.15089564699304,49.876102447509766,17842000,0.0,0.0
2022-05-26 00:00:00-04:00,49.86765979169457,52.028274081409926,49.50927764248284,51.66144943237305,39743000,0.0,0.0
2022-05-27 00:00:00-04:00,52.733771482162496,54.92628370806668,52.53863130540087,54.72175979614258,37301000,0.0,0.0
2022-05-31 00:00:00-04:00,54.83622093492058,55.073577194084635,54.038771615905596,54.426239013671875,30009000,0.0,0.0
2022-06-01 00:00:00-04:00,55.12517651843373,55.44040489634081,53.32857410611306,53.815486907958984,18345000,0.0,0.0
2022-06-02 00:00:00-04:00,54.20295337550696,54.204828691036965,53.30042914591762,54.10819625854492,29488000,0.0,0.0
2022-06-03 00:00:00-04:00,53.36986092275526,53.438345735424086,52.62964087813152,52.84917449951172,20562000,0.0,0.0
2022-06-06 00:00:00-04:00,53.61847094834789,53.73105072149663,52.306906033568,52.65309143066406,14557000,0.0,0.0
2022-06-07 00:00:00-04:00,52.5883611752795,53.90180150349623,52.30596869531823,53.756385803222656,15895000,0.0,0.0
2022-06-08 00:00:00-04:00,53.64660992875009,54.06409664446317,52.73845983063281,53.040550231933594,24004000,0.0,0.0
2022-06-09 00:00:00-04:00,52.646532057885175,53.81736974579619,52.15586497748605,52.183074951171875,18787000,0.0,0.0
2022-06-10 00:00:00-04:00,51.60796334100122,51.69709093132346,50.63507900370735,50.780494689941406,24018000,0.0,0.0
2022-06-13 00:00:00-04:00,49.42108490812818,50.0046265556971,48.41161043108805,48.56171798706055,31619000,0.0,0.0
2022-06-14 00:00:00-04:00,49.25127533920717,49.25127533920717,48.27744976065529,48.80094909667969,24380000,0.0,0.0
2022-06-15 00:00:00-04:00,49.64343402987726,50.082497669471636,48.36470139684751,49.414520263671875,19141000,0.0,0.0
2022-06-16 00:00:00-04:00,48.02977545731772,48.26244343566535,46.18438970774479,46.64409255981445,37244000,0.0,0.0
2022-06-17 00:00:00-04:00,46.43957053846632,46.94243068417307,45.77065191422231,46.782005310058594,43504000,0.0,0.0
2022-06-21 00:00:00-04:00,47.68350122127829,48.32958451549291,47.57093353756354,47.6541748046875,21901000,0.41,0.0
2022-06-22 00:00:00-04:00,46.94849953004824,47.6541775205647,46.74890162512217,46.92863464355469,24721000,0.0,0.0
2022-06-23 00:00:00-04:00,47.463092236593624,47.463092236593624,46.4471431969603,46.974037170410156,16707000,0.0,0.0
2022-06-24 00:00:00-04:00,47.77052298345906,48.41376991825428,47.43471082917157,48.15741729736328,21201000,0.0,0.0
2022-06-27 00:00:00-04:00,48.60295689202309,48.62565806750426,47.56430323704808,47.83768081665039,13207000,0.0,0.0
2022-06-28 00:00:00-04:00,48.49039545256155,48.63607127068278,47.118765788200896,47.15092849731445,15667000,0.0,0.0
2022-06-29 00:00:00-04:00,46.86997796188815,46.912544022526376,46.03659468464685,46.390380859375,14444000,0.0,0.0
2022-06-30 00:00:00-04:00,46.16524720562542,46.705384409246506,45.47280894901249,45.95524597167969,18890000,0.0,0.0
2022-07-01 00:00:00-04:00,45.34983636213846,45.80956497385263,44.40577627315437,45.20132064819336,21315000,0.0,0.0
2022-07-05 00:00:00-04:00,44.64888200949631,45.11523581961195,43.88360593313837,45.055641174316406,20711000,0.0,0.0
2022-07-06 00:00:00-04:00,45.45578793388213,46.07254843349475,44.9799724977173,45.65254592895508,22975000,0.0,0.0
2022-07-07 00:00:00-04:00,46.172809196917086,47.42903112875671,46.172809196917086,47.1594352722168,21319000,0.0,0.0
2022-07-08 00:00:00-04:00,46.63443798133803,47.2625508287782,46.351598835419246,47.17362976074219,12713000,0.0,0.0
2022-07-11 00:00:00-04:00,46.30335297520936,46.50483809690253,45.498347094184155,45.676185607910156,21449000,0.0,0.0
2022-07-12 00:00:00-04:00,46.1453866781123,46.59754828892093,45.41227315280502,45.535247802734375,21159000,0.0,0.0
2022-07-13 00:00:00-04:00,44.93078534917739,45.93916737979173,44.6763235565068,45.56930160522461,17665000,0.0,0.0
2022-07-14 00:00:00-04:00,45.63739762059383,46.03753514657736,44.78414955211953,45.84456253051758,19957000,0.0,0.0
2022-07-15 00:00:00-04:00,46.430111684790525,46.799977417478324,45.98551357367617,46.77349090576172,18714000,0.0,0.0
2022-07-18 00:00:00-04:00,47.31268525085186,47.52552639605358,46.18038320469842,46.45186996459961,18042000,0.0,0.0
2022-07-19 00:00:00-04:00,46.99484162500944,48.371198326365906,46.90876046725155,48.148902893066406,27257000,0.0,0.0
2022-07-20 00:00:00-04:00,48.199983973119494,48.96336925759141,47.7203868641325,48.41093063354492,27412000,0.0,0.0
2022-07-21 00:00:00-04:00,48.484716482080884,48.98228399221562,47.86701063319837,48.96998977661133,13912000,0.0,0.0
2022-07-22 00:00:00-04:00,49.076881042545146,49.16958383019707,47.929441372621156,48.481876373291016,17867000,0.0,0.0
2022-07-25 00:00:00-04:00,48.28701658354857,48.557557908275015,47.915256364572514,48.53769302368164,15061000,0.0,0.0
2022-07-26 00:00:00-04:00,48.68148160652198,48.887697527393186,48.14134073971169,48.346614837646484,17958000,0.0,0.0
2022-07-27 00:00:00-04:00,49.01917544209859,50.153371814674934,48.89904071682391,49.92634201049805,25699000,0.0,0.0
2022-07-28 00:00:00-04:00,50.0020204299785,50.752158811493246,49.24431138113444,50.47688674926758,14867000,0.0,0.0
2022-07-29 00:00:00-04:00,50.32270050110434,50.87608094193257,50.16094153152412,50.65378189086914,18482000,0.0,0.0
2022-08-01 00:00:00-04:00,50.27068053851515,51.06149426865245,50.17702869532753,50.737979888916016,11485000,0.0,0.0
2022-08-02 00:00:00-04:00,50.43999519911936,51.005673462741996,49.87337150417363,50.24985885620117,13072000,0.0,0.0
2022-08-03 00:00:00-04:00,50.63581113330565,51.83811478407057,50.52513431630425,51.71892547607422,19228000,0.0,0.0
2022-08-04 00:00:00-04:00,51.87689597356311,52.32527580267495,51.55527250436315,52.29216766357422,16293000,0.0,0.0
2022-08-05 00:00:00-04:00,51.54486951879911,52.21649383592722,51.391623037997284,52.16352081298828,14357000,0.0,0.0
2022-08-08 00:00:00-04:00,51.965814891115876,52.310139523540116,50.962160189383354,51.604461669921875,13722000,0.0,0.0
2022-08-09 00:00:00-04:00,50.99526940903604,51.019865057164274,49.92256211520858,50.400264739990234,20072000,0.0,0.0
2022-08-10 00:00:00-04:00,51.654595859198736,52.123789601965946,51.00945807141028,52.06608581542969,19519000,0.0,0.0
2022-08-11 00:00:00-04:00,52.40095254420862,52.762305772971565,51.48337898136257,51.595001220703125,14268000,0.0,0.0
2022-08-12 00:00:00-04:00,51.82013616186371,52.822845445566415,51.615811136506444,52.80582046508789,18399000,0.0,0.0
2022-08-15 00:00:00-04:00,52.427439720636954,52.95338821690112,52.074598977698884,52.874874114990234,14329000,0.0,0.0
2022-08-16 00:00:00-04:00,52.73865908778806,52.778388856560454,51.64987217203976,52.183387756347656,14782000,0.0,0.0
2022-08-17 00:00:00-04:00,51.4947301347871,51.526892841129786,50.233777393961795,50.94797134399414,19022000,0.0,0.0
2022-08-18 00:00:00-04:00,51.40391794231023,53.02622389469043,51.23553735266715,52.826629638671875,23459000,0.0,0.0
2022-08-19 00:00:00-04:00,52.108661773762464,52.55515081584526,51.82582259224521,51.8787956237793,16923000,0.0,0.0
2022-08-22 00:00:00-04:00,51.32446274531391,51.373650435751294,49.856348572371544,50.01715850830078,18555000,0.0,0.0
2022-08-23 00:00:00-04:00,50.49958568718678,50.856211735005154,50.03228644742485,50.114585876464844,9003000,0.0,0.0
2022-08-24 00:00:00-04:00,50.09377884817705,50.25837410853337,49.514857338750254,50.21485900878906,11883000,0.0,0.0
2022-08-25 00:00:00-04:00,50.46176226958256,52.07271614566186,50.34919458014277,52.039608001708984,17345000,0.0,0.0
2022-08-26 00:00:00-04:00,51.917568694129606,52.12094828419003,49.18944733687456,49.27079772949219,25682000,0.0,0.0
2022-08-29 00:00:00-04:00,49.18944870954053,49.448637620718834,48.43268868186627,48.6389045715332,16580000,0.0,0.0
2022-08-30 00:00:00-04:00,48.89053281198611,48.99175171168285,47.42904015587291,47.902015686035156,18282000,0.0,0.0
2022-08-31 00:00:00-04:00,48.258627459441925,48.258627459441925,46.97024286382339,47.21335220336914,32445000,0.0,0.0
2022-09-01 00:00:00-04:00,46.490650628593414,46.6628129505338,45.48510503082388,46.54173278808594,31930000,0.0,0.0
2022-09-02 00:00:00-04:00,49.00026010408843,49.17147700073928,47.13673912492974,47.318359375,40426000,0.0,0.0
2022-09-06 00:00:00-04:00,47.158490834189145,47.67592681377749,46.38659310979715,47.12727355957031,24738000,0.0,0.0
2022-09-07 00:00:00-04:00,47.57282422307073,48.18958470691239,47.21052552230085,47.7828254699707,20440000,0.0,0.0
2022-09-08 00:00:00-04:00,47.543492784581446,48.502686982586155,47.1745724943514,48.42606735229492,22535000,0.0,0.0
2022-09-09 00:00:00-04:00,48.758096332644975,49.754184047258384,48.758096332644975,49.416481018066406,23019000,0.0,0.0
2022-09-12 00:00:00-04:00,49.827964559113845,50.2545886309895,49.6208032394296,50.046478271484375,18157000,0.0,0.0
2022-09-13 00:00:00-04:00,48.60674754155767,49.02580460604183,47.456471443439845,47.642826080322266,35136000,0.0,0.0
2022-09-14 00:00:00-04:00,47.972011713576784,48.527283015960556,47.559576319914584,48.31444549560547,20605000,0.0,0.0
2022-09-15 00:00:00-04:00,48.14227955351561,48.3910614880473,47.040245913521545,47.310787200927734,36574000,0.0,0.0
2022-09-16 00:00:00-04:00,47.08187713033047,47.64661004755354,46.338360236214,47.53404235839844,59012000,0.0,0.0
2022-09-19 00:00:00-04:00,46.76969953374403,47.61821677352286,46.76969953374403,47.47159194946289,17948000,0.0,0.0
2022-09-20 00:00:00-04:00,46.91916825762553,47.18687328611413,46.32511258722555,46.64105987548828,17132000,0.0,0.0
2022-09-21 00:00:00-04:00,46.83469765074409,47.682699528197304,45.95521673378002,45.99051284790039,20669000,0.41,0.0
2022-09-22 00:00:00-04:00,46.01816923829595,46.09257125458406,45.11865697583917,45.55839920043945,23540000,0.0,0.0
2022-09-23 00:00:00-04:00,45.304668476058744,45.59464970016529,44.06939183555788,44.70658493041992,29649000,0.0,0.0
2022-09-26 00:00:00-04:00,44.735202887950905,45.14728321747118,44.00357627201703,44.09419631958008,19361000,0.0,0.0
2022-09-27 00:00:00-04:00,44.78957785596041,44.82200661750543,43.54571361319748,44.33171081542969,17850000,0.0,0.0
2022-09-28 00:00:00-04:00,44.006436455004476,44.71326482239423,43.53044832256491,44.4471321105957,27605000,0.0,0.0
2022-09-29 00:00:00-04:00,43.964465408272126,44.00929875121699,42.4363437836952,42.9371337890625,39997000,0.0,0.0
2022-09-30 00:00:00-04:00,42.83506750848505,43.67067211564843,42.31806310681552,42.35335922241211,27202000,0.0,0.0
2022-10-03 00:00:00-04:00,42.85223528759366,43.969233534064834,42.63570273353233,43.57146453857422,21479000,0.0,0.0
2022-10-04 00:00:00-04:00,44.689420458783346,45.801648469836096,44.43759538604594,45.773033142089844,27277000,0.0,0.0
2022-10-05 00:00:00-04:00,45.07574221619508,46.55807357556923,44.97176786293293,46.24424743652344,18493000,0.0,0.0
2022-10-06 00:00:00-04:00,46.147902185531336,46.711646598843764,45.66428358619025,45.738685607910156,17250000,0.0,0.0
2022-10-07 00:00:00-04:00,45.05951576330057,45.15108915465189,43.78512971018826,43.92439651489258,28425000,0.0,0.0
2022-10-10 00:00:00-04:00,43.87861175001697,43.88814897759757,41.192475799792554,41.7514533996582,33454000,0.0,0.0
2022-10-11 00:00:00-04:00,41.51298654421563,41.84684412219948,40.59534942608265,41.08946228027344,28046000,0.0,0.0
2022-10-12 00:00:00-04:00,41.2315864657464,41.56258394502527,40.827140324147905,41.07133483886719,15046000,0.0,0.0
2022-10-13 00:00:00-04:00,39.816984219758375,42.33046429091396,39.59282113547817,41.77721405029297,27980000,0.0,0.0
2022-10-14 00:00:00-04:00,42.283719917457645,42.3485847108638,40.67451921951323,40.74033737182617,22816000,0.0,0.0
2022-10-17 00:00:00-04:00,41.92791982494056,42.089124793991175,41.3403269486085,41.52919387817383,24120000,0.0,0.0
2022-10-18 00:00:00-04:00,42.75398058954918,42.78641298350472,41.032221827298336,41.47768783569336,20341000,0.0,0.0
2022-10-19 00:00:00-04:00,41.325071150108094,41.80868975712222,41.10090808370454,41.52252197265625,12702000,0.0,0.0
2022-10-20 00:00:00-04:00,41.50630505113042,42.17974756802166,40.839539685100426,41.04557800292969,23402000,0.0,0.0
2022-10-21 00:00:00-04:00,41.216325990300305,42.98768869463369,40.93779235739431,42.89897537231445,26980000,0.0,0.0
2022-10-24 00:00:00-04:00,43.18514579087611,43.76320159200752,43.03061793171303,43.546669006347656,25287000,0.0,0.0
2022-10-25 00:00:00-04:00,43.686888026021514,44.284971628812656,43.576236519138774,43.88529586791992,18246000,0.0,0.0
2022-10-26 00:00:00-04:00,43.68688390438908,45.000379644931286,43.43410551131708,43.991172790527344,29291000,0.0,0.0
2022-10-27 00:00:00-04:00,44.45571482032645,44.905947692937055,43.39309071885933,43.4398307800293,18512000,0.0,0.0
2022-10-28 00:00:00-04:00,43.58863219846076,45.24647968949017,43.46367304364401,45.10912322998047,23094000,0.0,0.0
2022-10-31 00:00:00-04:00,44.53203273317412,45.10054404837669,44.356516413168,44.84395217895508,19259000,0.0,0.0
2022-11-01 00:00:00-04:00,45.38574758228145,45.48399448800901,44.18099308141008,44.632179260253906,16324000,0.0,0.0
2022-11-02 00:00:00-04:00,44.85920614848606,45.82930345451115,43.47035138495167,43.49992370605469,21070000,0.0,0.0
2022-11-03 00:00:00-04:00,43.014400713020486,43.197543886933,42.10058064512307,42.36384963989258,23887000,0.0,0.0
2022-11-04 00:00:00-04:00,43.57909156298309,44.72661175815929,43.237599881195365,44.3841667175293,28891000,0.0,0.0
2022-11-07 00:00:00-05:00,44.52438925266742,45.570798884675675,44.02837335898662,45.330421447753906,17687000,0.0,0.0
2022-11-08 00:00:00-05:00,45.90561166861736,46.62579423157402,45.16635101221044,45.98764419555664,20743000,0.0,0.0
2022-11-09 00:00:00-05:00,45.643296627333946,45.69099368473068,44.739970834021534,44.78194046020508,23695000,0.0,0.0
2022-11-10 00:00:00-05:00,46.83565172656594,48.37808102091054,46.47222546390169,48.32085037231445,33970000,0.0,0.0
2022-11-11 00:00:00-05:00,48.15200691338961,49.50652248299009,47.88492087379559,49.419715881347656,26728000,0.0,0.0
2022-11-14 00:00:00-05:00,49.162180296353796,50.08076723544274,48.934200120573266,48.95518493652344,21608000,0.0,0.0
2022-11-15 00:00:00-05:00,50.55198507334941,50.800950065584374,49.2117805392944,50.023536682128906,23315000,0.0,0.0
2022-11-16 00:00:00-05:00,49.28903740119529,49.46264332983442,48.674735861082375,48.81304931640625,25405000,0.0,0.0
2022-11-17 00:00:00-05:00,48.17109097618591,48.909394750876224,47.99366795413984,48.849300384521484,20375000,0.0,0.0
2022-11-18 00:00:00-05:00,49.303343608597096,49.38537613720417,48.74341265270961,49.140228271484375,14536000,0.0,0.0
2022-11-21 00:00:00-05:00,48.928471361335916,49.68299313253835,48.7539120603843,49.35771942138672,18622000,0.0,0.0
2022-11-22 00:00:00-05:00,49.885216656380045,50.58250412067627,49.507479101749816,50.56056594848633,18920000,0.0,0.0
2022-11-23 00:00:00-05:00,50.58918518058833,51.650855978679644,50.44133447876548,50.903011322021484,13964000,0.0,0.0
2022-11-25 00:00:00-05:00,50.62160889632082,50.992669264527876,50.50619061500245,50.54720687866211,7455000,0.0,0.0
2022-11-28 00:00:00-05:00,50.10174164441719,50.437509546200616,49.24324925428052,49.81271743774414,23505000,0.0,0.0
2022-11-29 00:00:00-05:00,49.88807536367258,50.15993184691809,49.10875538571517,49.734500885009766,12694000,0.0,0.0
2022-11-30 00:00:00-05:00,49.993959145406635,52.62190771897846,49.39492221849671,52.56181335449219,47349000,0.0,0.0
2022-12-01 00:00:00-05:00,52.56181908298201,52.69440877064771,51.69664571759876,52.53511047363281,23006000,0.0,0.0
2022-12-02 00:00:00-05:00,51.22828480489853,51.76722735357354,51.13575804370113,51.58599090576172,19320000,0.0,0.0
2022-12-05 00:00:00-05:00,51.29696391551726,51.46007926848304,50.12559503918661,50.616844177246094,18548000,0.0,0.0
2022-12-06 00:00:00-05:00,50.61779743084716,50.89633107758078,49.76884218756694,50.157073974609375,19655000,0.0,0.0
2022-12-07 00:00:00-05:00,49.56376332145145,50.07886105128498,49.22513526909101,49.45883560180664,16524000,0.0,0.0
2022-12-08 00:00:00-05:00,49.67917909498577,50.78663652936258,49.6381591880443,50.658817291259766,27514000,0.0,0.0
2022-12-09 00:00:00-05:00,52.55322810389538,52.71538645621694,51.60506532270128,51.95991134643555,37028000,0.0,0.0
2022-12-12 00:00:00-05:00,51.96277271965424,53.118880583099894,51.723348621004185,53.095985412597656,23416000,0.0,0.0
2022-12-13 00:00:00-05:00,54.92649196663949,55.50072703294689,53.89724993226072,54.47053527832031,40414000,0.0,0.0
2022-12-14 00:00:00-05:00,54.233007924018075,55.86414669184756,54.15478883322541,54.79484558105469,35218000,0.0,0.0
2022-12-15 00:00:00-05:00,53.77801282723276,54.03651502629364,53.198053986662934,53.22666931152344,36876000,0.0,0.0
2022-12-16 00:00:00-05:00,53.17420293387795,53.39836600471571,52.54655070206174,53.027305603027344,49549000,0.0,0.0
2022-12-19 00:00:00-05:00,53.28796280824399,53.52457434862339,52.4896323082091,52.86571502685547,25092000,0.46,0.0
2022-12-20 00:00:00-05:00,52.436735868005634,52.8051244457463,52.02795377367818,52.32612609863281,29831000,0.0,0.0
2022-12-21 00:00:00-05:00,52.67719637335674,54.0468627722994,52.607945103275675,53.9814567565918,25619000,0.0,0.0
2022-12-22 00:00:00-05:00,53.22352567676107,53.37645893487817,52.63199490717485,53.198516845703125,27553000,0.0,0.0
2022-12-23 00:00:00-05:00,52.90130124245069,53.24948751916076,52.656030545695955,53.13502883911133,13761000,0.0,0.0
2022-12-27 00:00:00-05:00,53.05038679321306,53.68135702215911,52.606979103204665,53.24179458618164,16677000,0.0,0.0
2022-12-28 00:00:00-05:00,53.059051559452634,53.64865968591759,52.17511635742393,52.40980529785156,15410000,0.0,0.0
2022-12-29 00:00:00-05:00,53.07924918998299,54.11322634816486,52.94939847236345,53.652503967285156,18176000,0.0,0.0
2022-12-30 00:00:00-05:00,53.076363022349305,53.82948619760019,52.70990073141672,53.77946853637695,14376000,0.0,0.0
2023-01-03 00:00:00-05:00,54.344069078910636,54.5912624257218,52.97729031593272,53.236026763916016,20173000,0.0,0.0
2023-01-04 00:00:00-05:00,54.150734633023056,54.648008899660155,53.4812935208148,53.886226654052734,17074000,0.0,0.0
2023-01-05 00:00:00-05:00,53.45051496942929,53.847757608210536,53.00902989314759,53.38414764404297,16277000,0.0,0.0
2023-01-06 00:00:00-05:00,54.163239979298446,56.84485339744792,54.08436824100143,56.597660064697266,35261000,0.0,0.0
2023-01-09 00:00:00-05:00,56.96989243223252,57.87113851139524,53.91700660060456,55.487693786621094,37739000,0.0,0.0
2023-01-10 00:00:00-05:00,55.01736388646454,55.31842017240519,52.90034941003217,55.2991828918457,44635000,0.0,0.0
2023-01-11 00:00:00-05:00,55.11354631114819,55.627170324885235,54.52393815839282,55.607933044433594,22502000,0.0,0.0
2023-01-12 00:00:00-05:00,55.362658941010736,56.27833582301514,55.18664315582102,55.97343063354492,19514000,0.0,0.0
2023-01-13 00:00:00-05:00,55.51270505398132,55.97246609568675,55.46653632018953,55.69064712524414,19647000,0.0,0.0
2023-01-17 00:00:00-05:00,55.29629608094205,56.30238048494764,55.2616667762506,55.7137336730957,15835000,0.0,0.0
2023-01-18 00:00:00-05:00,56.0955787956781,56.513981329400025,55.18279326934681,55.23761749267578,15703000,0.0,0.0
2023-01-19 00:00:00-05:00,54.74033836134661,54.83075319144507,53.89295525135517,54.1728515625,22692000,0.0,0.0
2023-01-20 00:00:00-05:00,54.15458391089037,54.955798361079886,53.777539874200016,54.90000915527344,22950000,0.0,0.0
2023-01-23 00:00:00-05:00,55.017352317385914,56.24754734776096,54.80382331795347,55.943603515625,23429000,0.0,0.0
2023-01-24 00:00:00-05:00,55.63679073210249,56.43030745223653,55.366511161591674,56.2706413269043,13825000,0.0,0.0
2023-01-25 00:00:00-05:00,55.5627188247274,56.45723207610105,55.40594032846438,56.33315658569336,13766000,0.0,0.0
2023-01-26 00:00:00-05:00,56.788110306239915,57.76437928783916,56.38894502072682,57.573936462402344,24525000,0.0,0.0
2023-01-27 00:00:00-05:00,57.06800194094743,57.63837272561585,56.76694570295071,56.84389114379883,19344000,0.0,0.0
2023-01-30 00:00:00-05:00,56.075380550557725,56.71115735449302,55.763746190166906,55.92629623413086,16984000,0.0,0.0
2023-01-31 00:00:00-05:00,55.985923220167074,56.4822324457416,55.85799882564328,56.26870346069336,23719000,0.0,0.0
2023-02-01 00:00:00-05:00,56.13020565342179,58.508843904554425,56.04652734633163,57.97502136230469,26553000,0.0,0.0
2023-02-02 00:00:00-05:00,58.44439485627538,58.97436843580621,57.686461566394506,58.2654914855957,24188000,0.0,0.0
2023-02-03 00:00:00-05:00,57.518142344446254,58.4838331250859,57.34982075321152,57.48159408569336,19093000,0.0,0.0
2023-02-06 00:00:00-05:00,57.069920949284665,58.02021964868613,56.96604406035596,57.835548400878906,18709000,0.0,0.0
2023-02-07 00:00:00-05:00,57.77399824278613,59.346608158207474,57.68358340036522,59.10037612915039,24025000,0.0,0.0
2023-02-08 00:00:00-05:00,58.35302572757159,58.68967260583846,57.77015048441788,57.87499237060547,15290000,0.0,0.0
2023-02-09 00:00:00-05:00,58.922440449799595,59.14655128392457,57.275768851126585,57.65377426147461,18837000,0.0,0.0
2023-02-10 00:00:00-05:00,57.355598889544275,57.56239505941793,56.71308915943096,57.061275482177734,21035000,0.0,0.0
2023-02-13 00:00:00-05:00,57.22959810889707,57.85287057042186,57.08243640260083,57.81824493408203,19847000,0.0,0.0
2023-02-14 00:00:00-05:00,57.14975503534098,58.247215432559535,57.06799936153028,57.93269348144531,17571000,0.0,0.0
2023-02-15 00:00:00-05:00,57.600870328560454,58.506923095930325,57.39310917337819,58.45017623901367,12683000,0.0,0.0
2023-02-16 00:00:00-05:00,57.78265357865852,58.57040233915806,57.667233576613604,57.762454986572266,17449000,0.0,0.0
2023-02-17 00:00:00-05:00,57.71051289582793,57.79226857517115,56.98432124786413,57.286338806152344,14215000,0.0,0.0
2023-02-21 00:00:00-05:00,56.74867065466986,57.045877974309,55.77144042457615,55.93495178222656,22737000,0.0,0.0
2023-02-22 00:00:00-05:00,56.003243439919906,56.08403780768694,55.02697449359926,55.4184455871582,23475000,0.0,0.0
2023-02-23 00:00:00-05:00,56.33988735930139,56.35816332318806,55.178943536484276,56.15232849121094,18939000,0.0,0.0
2023-02-24 00:00:00-05:00,55.5492557362137,55.80991481277042,55.17221534113242,55.57041931152344,15353000,0.0,0.0
2023-02-27 00:00:00-05:00,56.35143219370067,56.72943388201096,56.19657265635113,56.311031341552734,18321000,0.0,0.0
2023-02-28 00:00:00-05:00,56.32161541823962,57.573935480802724,55.99651164473208,57.16130447387695,27822000,0.0,0.0
2023-03-01 00:00:00-05:00,57.1334108117316,57.53834396552185,56.77752666393861,57.09204864501953,15484000,0.0,0.0
2023-03-02 00:00:00-05:00,56.68999760321021,57.80092746629929,56.37643694579657,57.580665588378906,27525000,0.0,0.0
2023-03-03 00:00:00-05:00,59.41296932925694,61.1471714712552,59.225410468937234,60.86150360107422,46088000,0.0,0.0
2023-03-06 00:00:00-05:00,61.07696301831443,61.94742879744411,60.762441027702494,60.87689971923828,24983000,0.0,0.0
2023-03-07 00:00:00-05:00,61.06445370998723,61.15198093767694,59.97180349955514,60.12954330444336,19334000,0.0,0.0
2023-03-08 00:00:00-05:00,60.38251236826052,60.85862309470811,59.987196011433824,60.813419342041016,20912000,0.0,0.0
2023-03-09 00:00:00-05:00,60.603736101451844,61.792576461320266,59.815026008039595,59.876583099365234,21775000,0.0,0.0
2023-03-10 00:00:00-05:00,60.42194795772044,60.61142946619019,58.94359812647673,59.13692855834961,26098000,0.0,0.0
2023-03-13 00:00:00-04:00,58.39245886295152,60.05644488993813,58.372260271350115,59.2946662902832,22364000,0.0,0.0
2023-03-14 00:00:00-04:00,59.960260887470376,60.920180128495,59.48991807121892,60.83264923095703,25893000,0.0,0.0
2023-03-15 00:00:00-04:00,60.3719350690809,60.60277876311401,59.26870291334409,60.21515655517578,22963000,0.0,0.0
2023-03-16 00:00:00-04:00,59.812142407329034,61.27606522475778,59.42355523989226,61.22124099731445,31716000,0.0,0.0
2023-03-17 00:00:00-04:00,61.22123860679759,61.516523307902,60.31518224244057,60.68933868408203,79303000,0.0,0.0
2023-03-20 00:00:00-04:00,60.85957817043914,62.013789098220734,60.749929728373786,61.91472244262695,25857000,0.0,0.0
2023-03-21 00:00:00-04:00,62.300291963704105,62.63935815608991,61.45165455458049,61.68609619140625,25000000,0.46,0.0
2023-03-22 00:00:00-04:00,61.700624454217845,62.824391395580435,61.09708665737473,61.12130355834961,25799000,0.0,0.0
2023-03-23 00:00:00-04:00,61.89437567381624,62.79339066930651,61.18039656776651,61.92634582519531,27162000,0.0,0.0
2023-03-24 00:00:00-04:00,61.81010056253588,61.933132625168106,60.89170974849879,61.62990951538086,17228000,0.0,0.0
2023-03-27 00:00:00-04:00,61.90406486971994,61.913750890533706,60.643699589850826,60.726043701171875,14707000,0.0,0.0
2023-03-28 00:00:00-04:00,60.5700761734731,60.696984855933216,59.95297572967111,60.518733978271484,12439000,0.0,0.0
2023-03-29 00:00:00-04:00,61.301498574164356,61.420657708255284,60.51292482934384,60.59623718261719,26395000,0.0,0.0
2023-03-30 00:00:00-04:00,61.29665069361066,61.61828129920999,60.96436583399047,61.39546585083008,21523000,0.0,0.0
2023-03-31 00:00:00-04:00,61.084491511304265,62.21600799524998,60.63595223359562,62.15013122558594,22097000,0.0,0.0
2023-04-03 00:00:00-04:00,61.904065279320164,62.3787579087598,61.65606101564508,62.24022674560547,15682000,0.0,0.0
2023-04-04 00:00:00-04:00,62.306108750287926,62.41170523400675,61.22593440218622,61.459407806396484,13429000,0.0,0.0
2023-04-05 00:00:00-04:00,61.14261607305368,61.196866661810304,60.615609297833856,60.93627166748047,16908000,0.0,0.0
2023-04-06 00:00:00-04:00,60.46642457013528,60.87718064149987,59.96363465949851,60.31917190551758,14493000,0.0,0.0
2023-04-10 00:00:00-04:00,59.874506747473376,60.82583224132057,59.71950453250423,60.77933120727539,15400000,0.0,0.0
2023-04-11 00:00:00-04:00,61.10774134049266,61.11743105738602,60.14285322749809,60.215511322021484,16518000,0.0,0.0
2023-04-12 00:00:00-04:00,60.77449349132908,60.79192907036977,59.70110041251579,59.74372482299805,14112000,0.0,0.0
2023-04-13 00:00:00-04:00,59.97331718042353,60.69310937547329,59.783436433226264,60.47416687011719,17265000,0.0,0.0
2023-04-14 00:00:00-04:00,60.10991401812665,60.84133242069351,59.59937459384394,60.01884841918945,17465000,0.0,0.0
2023-04-17 00:00:00-04:00,59.928759027248724,60.871366758640924,59.85125606980729,60.77642822265625,13201000,0.0,0.0
2023-04-18 00:00:00-04:00,61.18911425744512,61.5649954309307,60.754141335060346,61.256927490234375,16806000,0.0,0.0
2023-04-19 00:00:00-04:00,60.721214389582705,61.68997926397095,60.601087013000125,61.46813201904297,19060000,0.0,0.0
2023-04-20 00:00:00-04:00,60.82486368433327,62.265420108353545,60.755113981409636,61.324745178222656,20239000,0.0,0.0
2023-04-21 00:00:00-04:00,61.09030254621681,61.40030695068529,60.25619609084926,61.31311798095703,14807000,0.0,0.0
2023-04-24 00:00:00-04:00,61.38480733311448,61.88953367301668,61.20558822169823,61.47199630737305,12338000,0.0,0.0
2023-04-25 00:00:00-04:00,61.418711859840606,61.61246553998952,60.23197657418758,60.25910186767578,23670000,0.0,0.0
2023-04-26 00:00:00-04:00,60.06051205230175,60.36663986221607,59.43469008904934,59.69431686401367,17179000,0.0,0.0
2023-04-27 00:00:00-04:00,59.69431596886557,60.07213363856728,58.43879913067627,59.90938186645508,18250000,0.0,0.0
2023-04-28 00:00:00-04:00,59.97332296984137,60.72024053008681,59.536409845029326,60.693115234375,16183000,0.0,0.0
2023-05-01 00:00:00-04:00,60.693112892375844,61.90309689828421,60.664047436988774,61.802345275878906,17030000,0.0,0.0
2023-05-02 00:00:00-04:00,60.62142775866545,60.69311762682018,58.6122082449049,59.321346282958984,28357000,0.0,0.0
2023-05-03 00:00:00-04:00,59.76309354931239,60.25232076195827,59.327152386832616,59.4046516418457,19816000,0.0,0.0
2023-05-04 00:00:00-04:00,59.09465408455078,59.478284864996766,58.250861492319956,59.11015319824219,17684000,0.0,0.0
2023-05-05 00:00:00-04:00,59.671064723750305,61.17458578120478,59.42112398514631,61.04380416870117,24876000,0.0,0.0
2023-05-08 00:00:00-04:00,61.010865914600586,61.10289974671752,60.119600439450544,60.94111251831055,13934000,0.0,0.0
2023-05-09 00:00:00-04:00,60.3278870903823,60.457704170625526,59.662345430389045,59.919071197509766,16990000,0.0,0.0
2023-05-10 00:00:00-04:00,60.26298590263243,60.83843022745976,59.895822467308655,60.670833587646484,19174000,0.0,0.0
2023-05-11 00:00:00-04:00,60.700857114066885,60.8849210694692,59.86868714588161,60.80644989013672,14430000,0.0,0.0
2023-05-12 00:00:00-04:00,60.8752407692577,61.29374637393622,60.47126604458904,61.14358901977539,11942000,0.0,0.0
2023-05-15 00:00:00-04:00,61.213337656498304,62.002879586158926,60.88395749834621,61.9815673828125,14614000,0.0,0.0
2023-05-16 00:00:00-04:00,62.045507174107655,62.67036460004679,61.87791423647701,62.140445709228516,14967000,0.0,0.0
2023-05-17 00:00:00-04:00,62.71298374748465,64.02565578329028,62.44463551039276,63.69337463378906,24133000,0.0,0.0
2023-05-18 00:00:00-04:00,63.55095714804584,65.81398986540448,63.55095714804584,65.67255401611328,26389000,0.0,0.0
2023-05-19 00:00:00-04:00,65.87599306538624,66.35553420510955,65.72196280457284,66.09396362304688,22968000,0.0,0.0
2023-05-22 00:00:00-04:00,66.01162329440825,66.32938094084115,65.30636569711976,65.71808624267578,17796000,0.0,0.0
2023-05-23 00:00:00-04:00,66.90677684418654,67.71569458701441,66.07170203715413,66.50570678710938,36088000,0.0,0.0
2023-05-24 00:00:00-04:00,66.01550336536137,66.29354133606574,65.4943133621132,65.83047485351562,23021000,0.0,0.0
2023-05-25 00:00:00-04:00,67.75637405690506,70.95135668325854,66.91936288923627,70.60356903076172,49263000,0.0,0.0
2023-05-26 00:00:00-04:00,72.40838069354119,78.952391368857,72.36866837475078,78.73442077636719,82500000,0.0,0.0
2023-05-30 00:00:00-04:00,80.90348083877615,89.29879631278725,77.38589191897215,77.82474517822266,116912000,0.0,0.0
2023-05-31 00:00:00-04:00,77.00710192098914,79.60048684723209,76.54500371369994,78.27230834960938,89998000,0.0,0.0
2023-06-01 00:00:00-04:00,77.56125397506452,78.06211117664078,76.06354570743657,76.527587890625,80792000,0.0,0.0
2023-06-02 00:00:00-04:00,76.5944280248504,79.80394205431665,76.26117119724867,78.66370391845703,62815000,0.0,0.0
2023-06-05 00:00:00-04:00,78.3924493689644,78.3924493689644,76.96642740095118,77.72400665283203,26222000,0.0,0.0
2023-06-06 00:00:00-04:00,77.69493207202699,77.69493207202699,75.21296014559537,76.53241729736328,37823000,0.0,0.0
2023-06-07 00:00:00-04:00,76.51498734979668,78.02916284435604,76.29119995017123,76.7872085571289,28957000,0.0,0.0
2023-06-08 00:00:00-04:00,77.00808244170618,77.98653698877214,76.41423060655279,77.90806579589844,21909000,0.0,0.0
2023-06-09 00:00:00-04:00,78.06306369074875,79.22073724706205,77.87705956182037,77.94874572753906,19241000,0.0,0.0
2023-06-12 00:00:00-04:00,78.57844665945854,83.12001927914338,78.57844665945854,82.86426544189453,51065000,0.0,0.0
2023-06-13 00:00:00-04:00,83.42324718956257,83.62959162085563,81.47312305789788,82.4535140991211,38990000,0.0,0.0
2023-06-14 00:00:00-04:00,82.91657867226944,86.0786270342887,82.07569446154731,85.8499984741211,43524000,0.0,0.0
2023-06-15 00:00:00-04:00,85.67852617929294,86.02340176351876,84.38134578699236,85.58358764648438,33814000,0.0,0.0
2023-06-16 00:00:00-04:00,86.15031313399078,86.21522167313717,83.8417435986139,84.09943389892578,68299000,0.0,0.0
2023-06-20 00:00:00-04:00,83.57146089627196,84.96745276902747,83.41161382158191,84.09169006347656,27535000,0.0,0.0
2023-06-21 00:00:00-04:00,83.75763481745878,84.34198892311537,82.25778790697865,82.5558090209961,23229000,0.46,0.0
2023-06-22 00:00:00-04:00,82.30551072825948,82.67754669622389,81.3530068097193,82.04644012451172,23464000,0.0,0.0
2023-06-23 00:00:00-04:00,81.22638481243528,81.42214038675564,79.74991446150246,80.07130432128906,37413000,0.0,0.0
2023-06-26 00:00:00-04:00,80.34889438642493,81.51760260531394,79.88336085305365,80.02068328857422,21372000,0.0,0.0
2023-06-27 00:00:00-04:00,80.70728668508524,82.78370036082254,79.95931380359563,82.62786865234375,24923000,0.0,0.0
2023-06-28 00:00:00-04:00,81.686092987574,83.61446222435086,81.52344753083504,82.58307647705078,19445000,0.0,0.0
2023-06-29 00:00:00-04:00,83.217102714153,84.03422355667072,82.43406541613079,84.0079345703125,23386000,0.0,0.0
2023-06-30 00:00:00-04:00,84.58739835712932,85.17662671694578,84.17932470812038,84.48123931884766,23145000,0.0,0.0
2023-07-03 00:00:00-04:00,84.59714924039797,85.38700021565782,84.23679399013996,85.35875701904297,9038000,0.0,0.0
2023-07-05 00:00:00-04:00,84.47833756430524,85.40357170511389,83.92807443741226,83.93878173828125,14440000,0.0,0.0
2023-07-06 00:00:00-04:00,82.2967474488763,83.16354099916686,82.23149309875842,82.58892822265625,23939000,0.0,0.0
2023-07-07 00:00:00-04:00,82.82557938950347,83.56187158853298,82.26362818880712,82.46717834472656,19409000,0.0,0.0
2023-07-10 00:00:00-04:00,82.61619387352081,85.62464812087272,82.61619387352081,85.48440551757812,30622000,0.0,0.0
2023-07-11 00:00:00-04:00,85.81357772833051,85.99765262050096,84.20854542570012,85.9051284790039,25498000,0.0,0.0
2023-07-12 00:00:00-04:00,86.58202113108688,87.41862467755982,85.90026848662649,86.67454528808594,28197000,0.0,0.0
2023-07-13 00:00:00-04:00,87.55009257012156,87.55009257012156,85.53699384717906,86.71446990966797,25912000,0.0,0.0
2023-07-14 00:00:00-04:00,86.30541283573012,87.97959314090048,86.30541283573012,86.54110717773438,18510000,0.0,0.0
2023-07-17 00:00:00-04:00,86.77776818777802,88.93988483959534,86.65797423403345,88.66134643554688,26819000,0.0,0.0
2023-07-18 00:00:00-04:00,88.23572938596703,88.6175066358945,87.48385557581403,87.98738098144531,24513000,0.0,0.0
2023-07-19 00:00:00-04:00,87.38744524376024,88.23476343786743,86.25380151851975,87.78675842285156,24118000,0.0,0.0
2023-07-20 00:00:00-04:00,86.92677013109255,88.33506598814897,86.28982331970262,86.5177230834961,28268000,0.0,0.0
2023-07-21 00:00:00-04:00,88.09062048126118,88.73925548135449,87.05242106912476,87.33680725097656,74287000,0.0,0.0
2023-07-24 00:00:00-04:00,87.73124672886607,88.18314531418507,87.09137224188471,87.80818176269531,19992000,0.0,0.0
2023-07-25 00:00:00-04:00,87.71370980442543,89.91089082643148,87.71370980442543,89.40542602539062,20042000,0.0,0.0
2023-07-26 00:00:00-04:00,88.52986612112475,88.68763718367528,86.45053223646043,86.9803466796875,19877000,0.0,0.0
2023-07-27 00:00:00-04:00,88.48116971860901,88.61265180037906,86.28983636461254,87.02320098876953,21922000,0.0,0.0
2023-07-28 00:00:00-04:00,87.58710187188335,88.00004995408979,87.06410117527187,87.63287353515625,18791000,0.0,0.0
2023-07-31 00:00:00-04:00,87.40984356620824,87.75071612187772,86.77679028827094,87.52184295654297,14952000,0.0,0.0
2023-08-01 00:00:00-04:00,87.55399138498773,89.66156098714514,87.42932304676556,89.60118103027344,19683000,0.0,0.0
2023-08-02 00:00:00-04:00,88.85126367731169,88.9194381935158,86.7076488348351,86.90341186523438,26877000,0.0,0.0
2023-08-03 00:00:00-04:00,86.35021598829657,87.19850011098437,85.8106602365657,86.19049072265625,18281000,0.0,0.0
2023-08-04 00:00:00-04:00,86.19049793260241,87.03196838970187,85.05976689743022,85.86618041992188,21156000,0.0,0.0
2023-08-07 00:00:00-04:00,86.4534508364658,87.3971867437305,86.21873731349754,87.36699676513672,11146000,0.0,0.0
2023-08-08 00:00:00-04:00,86.68816838466773,86.73783360962324,85.06267996287467,86.01323699951172,14081000,0.0,0.0
2023-08-09 00:00:00-04:00,85.97039135482902,86.04927317170063,82.65904176178512,82.85479736328125,24672000,0.0,0.0
2023-08-10 00:00:00-04:00,83.08757216206104,83.90372709074461,81.524425079994,82.09222412109375,20186000,0.0,0.0
2023-08-11 00:00:00-04:00,81.22639861022074,81.45916536531021,80.20085322393797,80.8124771118164,20331000,0.0,0.0
2023-08-14 00:00:00-04:00,80.94590156724693,83.19080104319578,80.58067935812596,83.18301391601562,17688000,0.0,0.0
2023-08-15 00:00:00-04:00,82.70676918697606,83.23366352020909,81.46501945643637,82.05521392822266,14035000,0.0,0.0
2023-08-16 00:00:00-04:00,82.56846615872598,83.22196814256239,81.02674122586413,81.12705993652344,16003000,0.0,0.0
2023-08-17 00:00:00-04:00,81.46988725716187,81.75330008845172,80.54465307071698,80.55342102050781,19228000,0.0,0.0
2023-08-18 00:00:00-04:00,79.86191464693356,80.65761332379944,79.08277104404614,80.4306869506836,17759000,0.0,0.0
2023-08-21 00:00:00-04:00,81.23126850850338,84.4724970210273,81.00824308530296,84.25823211669922,30012000,0.0,0.0
2023-08-22 00:00:00-04:00,85.06366120678014,85.19416245606601,82.86940043574937,83.34760284423828,17079000,0.0,0.0
2023-08-23 00:00:00-04:00,82.85870167444176,85.52920348649509,82.78370598778416,85.37239837646484,19692000,0.0,0.0
2023-08-24 00:00:00-04:00,87.88220351002919,88.61362132035194,83.0232887775597,83.21807098388672,30934000,0.0,0.0
2023-08-25 00:00:00-04:00,83.4674060486654,84.67701894099636,81.58285426252588,82.9609603881836,24181000,0.0,0.0
2023-08-28 00:00:00-04:00,83.4060428707406,84.15986356355336,82.5022382382095,83.8628158569336,14306000,0.0,0.0
2023-08-29 00:00:00-04:00,83.60180362769017,86.9560049835594,83.40896818337872,86.67259216308594,27822000,0.0,0.0
2023-08-30 00:00:00-04:00,86.91216584053636,87.52769065232556,85.6187969118507,86.90145111083984,23234000,0.0,0.0
2023-08-31 00:00:00-04:00,87.45952556048508,89.95861392868183,87.04657745575896,89.88265228271484,55203000,0.0,0.0
2023-09-01 00:00:00-04:00,87.835452274284,87.835452274284,84.21148075309083,84.97698211669922,65017000,0.0,0.0
2023-09-05 00:00:00-04:00,84.68382340379736,85.99765585989543,84.43936854949506,84.9428939819336,24808000,0.0,0.0
2023-09-06 00:00:00-04:00,84.97503957179457,85.44934103631887,84.41406172890713,84.95263671875,20142000,0.0,0.0
2023-09-07 00:00:00-04:00,83.70891473419084,83.92220619601883,81.86040854625159,83.4683609008789,27789000,0.0,0.0
2023-09-08 00:00:00-04:00,83.27066402291301,83.83846299803199,82.79538919669388,83.51901245117188,16810000,0.0,0.0
2023-09-11 00:00:00-04:00,84.61175436180731,84.63415721226802,82.36004126133896,83.67386627197266,15710000,0.0,0.0
2023-09-12 00:00:00-04:00,82.80708429165259,83.58914821840925,81.97145413894094,82.25,16680000,0.0,0.0
2023-09-13 00:00:00-04:00,82.51003024851704,83.67095123192874,82.22272389062333,83.06906127929688,17413000,0.0,0.0
2023-09-14 00:00:00-04:00,83.6631514665288,85.38115659196424,83.27065947118363,84.89127349853516,19648000,0.0,0.0
2023-09-15 00:00:00-04:00,84.55235922177246,84.55235922177246,82.09222125976018,82.94732666015625,50190000,0.0,0.0
2023-09-18 00:00:00-04:00,82.06104918987394,83.40019726250938,81.80977316463695,82.78369903564453,16541000,0.0,0.0
2023-09-19 00:00:00-04:00,82.39315826939051,82.88401479496966,81.66368721753338,82.7057876586914,13126000,0.0,0.0
2023-09-20 00:00:00-04:00,83.2336064756389,83.2336064756389,81.31040099118941,81.33193969726562,13681000,0.46,0.0
2023-09-21 00:00:00-04:00,77.85957405859207,80.54168402493323,77.85761667400467,79.15705108642578,53654000,0.0,0.0
2023-09-22 00:00:00-04:00,79.43907645391913,81.33290593120942,79.35486408565643,81.18601989746094,27764000,0.0,0.0
2023-09-25 00:00:00-04:00,81.08026465074138,82.11433151693069,80.59162823639066,81.65702819824219,15648000,0.0,0.0
2023-09-26 00:00:00-04:00,81.19482732407535,81.30254323978336,79.43613228057104,79.92378997802734,17641000,0.0,0.0
2023-09-27 00:00:00-04:00,80.22443410171728,80.65724779272195,78.76734024803983,79.9845199584961,15352000,0.0,0.0
2023-09-28 00:00:00-04:00,80.3135337881578,82.14371853623533,79.77594027169415,81.47196197509766,16180000,0.0,0.0
2023-09-29 00:00:00-04:00,81.90771484193841,82.65095326655484,80.58184066664286,81.3329086303711,16481000,0.0,0.0
2023-10-02 00:00:00-04:00,81.18406269083071,82.11433592598905,80.63961090206435,81.76083374023438,14676000,0.0,0.0
2023-10-03 00:00:00-04:00,80.98234517372894,81.83917171111516,79.21091936237023,79.7906265258789,18761000,0.0,0.0
2023-10-04 00:00:00-04:00,80.32919592730586,81.332908473201,79.93456623821794,80.66996765136719,16417000,0.0,0.0
2023-10-05 00:00:00-04:00,80.30765437530034,81.14195598649167,79.8542658043981,80.67486572265625,11474000,0.0,0.0
2023-10-06 00:00:00-04:00,80.23814308436526,83.07692663589467,79.48608886152769,82.77043151855469,21103000,0.0,0.0
2023-10-09 00:00:00-04:00,82.30039825757667,83.8818607785776,82.0428601767576,83.81037139892578,15760000,0.0,0.0
2023-10-10 00:00:00-04:00,83.93472314501454,85.44273873167236,83.79469542089761,84.05811309814453,14718000,0.0,0.0
2023-10-11 00:00:00-04:00,84.18540695253007,85.71593987380784,83.87596833165094,85.63956451416016,14334000,0.0,0.0
2023-10-12 00:00:00-04:00,85.82267045547141,89.88647729141388,85.82267045547141,88.67908477783203,43871000,0.0,0.0
2023-10-13 00:00:00-04:00,89.01204675984275,90.66792725448533,86.37693584423586,86.48367309570312,28312000,0.0,0.0
2023-10-16 00:00:00-04:00,87.24648214937291,89.67693396511144,87.24648214937291,88.38239288330078,21150000,0.0,0.0
2023-10-17 00:00:00-04:00,86.67657344281933,87.44330799435015,84.80134643448945,86.60313415527344,33008000,0.0,0.0
2023-10-18 00:00:00-04:00,86.16736916632026,87.70280298648845,85.70222881743294,86.86066436767578,20404000,0.0,0.0
2023-10-19 00:00:00-04:00,86.85969431001406,87.10155835035833,84.76903541133315,84.98054504394531,26620000,0.0,0.0
2023-10-20 00:00:00-04:00,85.67285624224857,85.67285624224857,83.41475142567259,83.59003448486328,26953000,0.0,0.0
2023-10-23 00:00:00-04:00,84.01405113836242,85.54557045031996,82.53149633598584,84.43120574951172,16456000,0.0,0.0
2023-10-24 00:00:00-04:00,84.6054984923819,86.46603753629758,84.51932126622046,86.28096008300781,14972000,0.0,0.0
2023-10-25 00:00:00-04:00,85.88535253707397,86.04790512528533,82.85071879726591,83.1983413696289,21432000,0.0,0.0
2023-10-26 00:00:00-04:00,83.02991140628146,83.6673912470185,80.13432687748826,80.9578628540039,27917000,0.0,0.0
2023-10-27 00:00:00-04:00,81.27611435974458,82.2759121352147,81.13314309107899,82.0947494506836,18236000,0.0,0.0
2023-10-30 00:00:00-04:00,82.36305872563489,83.17875772101851,80.9970283133004,82.37774658203125,20889000,0.0,0.0
2023-10-31 00:00:00-04:00,82.6362607946663,82.79391991169739,81.53071200358168,82.38949584960938,14747000,0.0,0.0
2023-11-01 00:00:00-04:00,82.45118134602683,83.60961684967232,81.8215385274111,83.5224609375,18684000,0.0,0.0
2023-11-02 00:00:00-04:00,84.40965088858552,86.22123296362051,84.21380781227958,85.3203353881836,18759000,0.0,0.0
2023-11-03 00:00:00-04:00,85.9274533312393,86.90668356863236,85.29683180766185,86.4346923828125,18041000,0.0,0.0
2023-11-06 00:00:00-05:00,86.3250219362029,86.74902732816632,85.31152249178724,86.2535400390625,12870000,0.0,0.0
2023-11-07 00:00:00-05:00,86.39944912064274,88.30405173501696,85.7962384211029,87.91725158691406,19365000,0.0,0.0
2023-11-08 00:00:00-05:00,88.13073677294854,89.39492358904094,88.03281522627674,89.22061920166016,15280000,0.0,0.0
2023-11-09 00:00:00-05:00,89.35475997937323,91.04883159276842,88.96894601161527,89.24508666992188,24486000,0.0,0.0
2023-11-10 00:00:00-05:00,90.25957842863878,93.90328761110722,89.91390576500194,93.76325988769531,36272000,0.0,0.0
2023-11-13 00:00:00-05:00,93.03176606253699,93.26188576611914,92.09464200765316,92.72624969482422,16893000,0.0,0.0
2023-11-14 00:00:00-05:00,94.23524556626731,95.6482756022743,93.54097167355394,95.27518463134766,23886000,0.0,0.0
2023-11-15 00:00:00-05:00,95.91658122988548,96.13593532634502,94.68275646130493,95.51412200927734,16099000,0.0,0.0
2023-11-16 00:00:00-05:00,94.39779327528834,94.85803266708083,93.07779137705352,93.9620361328125,26198000,0.0,0.0
2023-11-17 00:00:00-05:00,93.83081825290161,96.34548223963661,93.12479260549237,95.74227905273438,19789000,0.0,0.0
2023-11-20 00:00:00-05:00,95.27910172203077,97.91028981047482,95.27910172203077,97.5029296875,18674000,0.0,0.0
2023-11-21 00:00:00-05:00,95.47495156788641,97.04171850968542,95.1449529383835,96.08207702636719,43344000,0.0,0.0
2023-11-22 00:00:00-05:00,96.32590930614037,96.7469786370289,95.08326132480543,95.18118286132812,33743000,0.0,0.0
2023-11-24 00:00:00-05:00,95.47104206084364,95.95086282895076,94.66709479955901,95.85391998291016,23158000,0.0,0.0
2023-11-27 00:00:00-05:00,95.58755833454124,96.06346429368105,92.96126359275985,93.05037689208984,96962000,0.0,0.0
2023-11-28 00:00:00-05:00,92.04177860714182,93.11109346263757,91.47578060915149,92.66946411132812,39025000,0.0,0.0
2023-11-29 00:00:00-05:00,92.86433059264601,93.95029818566884,91.98595786136084,92.1289291381836,34843000,0.0,0.0
2023-11-30 00:00:00-05:00,92.14556888616121,92.2846179139898,89.92957025955461,90.65028381347656,49571000,0.0,0.0
2023-12-01 00:00:00-05:00,90.33008289523423,91.45031964000795,88.91411667915001,91.06842041015625,29612000,0.0,0.0
2023-12-04 00:00:00-05:00,90.15185955739437,91.16340162903154,89.74057716128739,90.47794342041016,25009000,0.0,0.0
2023-12-05 00:00:00-05:00,89.26663798453262,89.82185541014071,88.70357607789208,89.41547393798828,37066000,0.0,0.0
2023-12-06 00:00:00-05:00,90.12443729007734,90.18416740602731,88.43428045937365,88.4871597290039,24813000,0.0,0.0
2023-12-07 00:00:00-05:00,88.67321575179513,90.49262720632284,88.48715961599548,90.31048583984375,43517000,0.0,0.0
2023-12-08 00:00:00-05:00,90.85689523232868,93.09835468588957,89.16185240868404,92.46871185302734,69668000,0.0,0.0
2023-12-11 00:00:00-05:00,93.71330621464358,101.79195539660223,93.62322169774974,100.78629302978516,101184000,0.0,0.0
2023-12-12 00:00:00-05:00,100.6638960375377,105.69713902693931,100.32997516853725,105.00090026855469,90242000,0.0,0.0
2023-12-13 00:00:00-05:00,104.58180022189649,107.69378805452915,104.04713533199191,106.70574951171875,71654000,0.0,0.0
2023-12-14 00:00:00-05:00,106.9495671480795,109.81675457227998,106.7635110178267,108.35084533691406,66964000,0.0,0.0
2023-12-15 00:00:00-05:00,107.2472571329689,112.59972548487198,107.18849823850934,110.62755584716797,118544000,0.0,0.0
2023-12-18 00:00:00-05:00,109.75213230715761,112.78970208596819,109.54061521828889,112.31771087646484,54741000,0.0,0.0
2023-12-19 00:00:00-05:00,112.3423082562665,113.17454705442523,111.40874807890965,112.104248046875,36020000,0.525,0.0
2023-12-20 00:00:00-05:00,111.42742955123204,112.27934716164462,109.12156524723603,109.23174285888672,34523000,0.0,0.0
2023-12-21 00:00:00-05:00,111.42250943621514,111.69500387743687,109.68622141954835,110.89522552490234,24106000,0.0,0.0
2023-12-22 00:00:00-05:00,110.96310968816915,111.35857076796675,109.54161582673959,110.37287139892578,19089000,0.0,0.0
2023-12-26 00:00:00-05:00,110.59519272355585,111.70287544491538,110.47517568684354,111.34774780273438,16793000,0.0,0.0
2023-12-27 00:00:00-05:00,111.75206060069976,112.10325548221469,110.46927200499593,110.78504943847656,20055000,0.0,0.0
2023-12-28 00:00:00-05:00,111.3280666395761,111.38217224896697,110.08462832138595,110.4151611328125,21247000,0.0,0.0
2023-12-29 00:00:00-05:00,110.3217250293685,110.60897488614975,109.65376947966455,109.80919647216797,20558000,0.0,0.0
2024-01-02 00:00:00-05:00,107.43543956869752,108.40736669004617,105.95689058505434,106.77240753173828,28831000,0.0,0.0
2024-01-03 00:00:00-05:00,105.27910197463902,105.7512971152474,103.81432510406802,104.1360092163086,34735000,0.0,0.0
2024-01-04 00:00:00-05:00,104.07500245325937,105.2102295474666,103.03323118441604,103.19456481933594,25658000,0.0,0.0
2024-01-05 00:00:00-05:00,103.4493662789278,103.82908127419532,102.45677703626338,103.22113800048828,22475000,0.0,0.0
2024-01-08 00:00:00-05:00,103.93140009892694,106.04642769544515,103.48871571530908,105.7365493774414,33110000,0.0,0.0
2024-01-09 00:00:00-05:00,104.82855181967957,107.0842583596044,104.7390362601479,106.48811340332031,23225000,0.0,0.0
2024-01-10 00:00:00-05:00,106.27759474071388,106.5343431010304,104.53146722243741,106.29923248291016,17643000,0.0,0.0
2024-01-11 00:00:00-05:00,106.66813619648204,108.33851291415574,105.70309135863194,108.20866394042969,25757000,0.0,0.0
2024-01-12 00:00:00-05:00,109.40095207804117,109.75411338537077,108.21161917553786,108.96614074707031,26882000,0.0,0.0
2024-01-16 00:00:00-05:00,109.42456529762208,110.79195366260512,108.07586509899728,109.68230438232422,26145000,0.0,0.0
2024-01-17 00:00:00-05:00,108.82939433646438,109.5002994523036,107.24755751922748,108.5716552734375,18314000,0.0,0.0
2024-01-18 00:00:00-05:00,110.6601198050286,112.78990258785339,110.36303803172353,112.53019714355469,32228000,0.0,0.0
2024-01-19 00:00:00-05:00,113.84841240776291,119.72030922102259,113.71953911516852,119.14974975585938,53077000,0.0,0.0
2024-01-22 00:00:00-05:00,119.64653142604101,121.13000403800928,118.85659241106924,120.06462097167969,31222000,0.0,0.0
2024-01-23 00:00:00-05:00,120.11380130716898,120.70207323805487,118.39423489218335,120.63616180419922,16952000,0.0,0.0
2024-01-24 00:00:00-05:00,122.20914385076847,126.36541393320283,121.09850404126195,123.34732055664062,34805000,0.0,0.0
2024-01-25 00:00:00-05:00,126.01619719834507,126.01619719834507,120.88110248102359,120.99915313720703,36356000,0.0,0.0
2024-01-26 00:00:00-05:00,119.98590959606103,120.1344542327866,118.0705829156623,118.52801513671875,25818000,0.0,0.0
2024-01-29 00:00:00-05:00,119.51470033212867,120.37644987862863,118.53884040228634,119.79605102539062,21526000,0.0,0.0
2024-01-30 00:00:00-05:00,119.6976792722203,120.80241248530757,118.4699794371021,118.8506851196289,20683000,0.0,0.0
2024-01-31 00:00:00-05:00,117.01011746595871,117.77447840165529,115.52074581388212,116.08049011230469,27400000,0.0,0.0
2024-02-01 00:00:00-05:00,116.80353773533325,118.35193100737891,115.99294420937075,118.04894256591797,19411000,0.0,0.0
2024-02-02 00:00:00-05:00,118.90872209384429,121.46052714519645,118.55457762617182,120.4423599243164,26689000,0.0,0.0
2024-02-05 00:00:00-05:00,120.70009836130113,122.74528152580335,120.22692004582399,122.287841796875,22045000,0.0,0.0
2024-02-06 00:00:00-05:00,124.30155370133622,125.14165802615464,119.22253820830227,120.27611541748047,25354000,0.0,0.0
2024-02-07 00:00:00-05:00,121.39265240822316,123.90215022094398,120.67452402354489,123.66114044189453,25768000,0.0,0.0
2024-02-08 00:00:00-05:00,124.63896599420767,127.48884356930641,124.44320559224593,125.40234375,29326000,0.0,0.0
2024-02-09 00:00:00-05:00,123.16632135808435,126.48346303351269,122.86726569598856,126.25621795654297,26293000,0.0,0.0
2024-02-12 00:00:00-05:00,126.9025457554622,126.90844491108784,123.8519843053068,124.44222259521484,24778000,0.0,0.0
2024-02-13 00:00:00-05:00,121.50283383436283,123.5440768495443,120.71289483802178,123.12894439697266,31907000,0.0,0.0
2024-02-14 00:00:00-05:00,124.85933860904791,125.22922169969856,122.11275608215476,124.16875457763672,27306000,0.0,0.0
2024-02-15 00:00:00-05:00,125.91289787421722,125.91781383691706,122.45999322142778,124.44910430908203,21873000,0.0,0.0
2024-02-16 00:00:00-05:00,123.85591734871772,125.49285048028501,122.218001024544,122.52197265625,21268000,0.0,0.0
2024-02-20 00:00:00-05:00,121.57562231273536,121.7586012097595,119.28352267395869,120.6597671508789,26329000,0.0,0.0
2024-02-21 00:00:00-05:00,119.8186864873245,120.80733548412904,118.30766948564933,120.7483139038086,20640000,0.0,0.0
2024-02-22 00:00:00-05:00,126.08604775739542,128.96543617547542,125.57056962293213,128.36732482910156,40819000,0.0,0.0
2024-02-23 00:00:00-05:00,128.7086668413631,129.8153663528328,126.78546722238488,127.5281753540039,23115000,0.0,0.0
2024-02-26 00:00:00-05:00,128.86900703233306,129.7337060706688,128.02889531172107,128.78341674804688,16282000,0.0,0.0
2024-02-27 00:00:00-05:00,128.7834207740503,129.05985548550075,127.11993406913894,127.51441192626953,12126000,0.0,0.0
2024-02-28 00:00:00-05:00,127.19667576439198,127.73969828408092,126.209985713344,126.84449768066406,10967000,0.0,0.0
2024-02-29 00:00:00-05:00,128.2108897125603,128.71161241367102,126.63396895464653,127.93347930908203,27536000,0.0,0.0
2024-03-01 00:00:00-05:00,130.43611049689386,138.48599622524716,129.85275455278807,137.64097595214844,44488000,0.0,0.0
2024-03-04 00:00:00-05:00,138.0324877036841,141.47751932454116,136.26569820763498,137.94493103027344,34854000,0.0,0.0
2024-03-05 00:00:00-05:00,137.2307391515715,137.2307391515715,131.06961953642104,132.09072875976562,36040000,0.0,0.0
2024-03-06 00:00:00-05:00,136.89430584907015,137.21401603540957,132.51471610599785,132.80393981933594,43196000,0.0,0.0
2024-03-07 00:00:00-05:00,135.95091738324854,139.13033704964846,135.0557167805218,138.41221618652344,62832000,0.0,0.0
2024-03-08 00:00:00-05:00,137.15698050673294,139.00147993525118,128.04072821240865,128.74310302734375,74025000,0.0,0.0
2024-03-11 00:00:00-04:00,125.71420067888734,127.78888737858776,123.21846733499781,127.20848846435547,31105000,0.0,0.0
2024-03-12 00:00:00-04:00,128.57389988415468,128.65162463796224,123.8795303990459,127.08650207519531,42789000,0.0,0.0
2024-03-13 00:00:00-04:00,126.20112995503985,126.20112995503985,123.19878250921454,123.7408218383789,37838000,0.0,0.0
2024-03-14 00:00:00-04:00,124.20022912010151,125.2420080538526,122.74135884530358,124.17366790771484,38029000,0.0,0.0
2024-03-15 00:00:00-04:00,123.30700439630584,124.67537593749081,121.0060558386418,121.54022216796875,88823000,0.0,0.0
2024-03-18 00:00:00-04:00,123.35815257954951,124.23367434390094,121.16639108554344,121.71138000488281,25737000,0.0,0.0
2024-03-19 00:00:00-04:00,119.71538029225738,122.0094462376438,118.44341431646627,121.78712463378906,24491000,0.0,0.0
2024-03-20 00:00:00-04:00,122.40557116484047,127.24342313285648,121.17757972718037,126.05890655517578,40946000,0.525,0.0
2024-03-21 00:00:00-04:00,131.2277326275639,138.66579351810557,130.01061731747853,133.17196655273438,72468000,0.0,0.0
2024-03-22 00:00:00-04:00,133.36953209439216,135.95985887519907,132.9891873741283,133.71234130859375,38624000,0.0,0.0
2024-03-25 00:00:00-04:00,132.8785467301724,134.2033391128701,132.13166549724744,133.525634765625,21237000,0.0,0.0
2024-03-26 00:00:00-04:00,134.8207727405853,136.32736340643697,131.4440547880313,131.54087829589844,23522000,0.0,0.0
2024-03-27 00:00:00-04:00,133.36952088353866,133.36952088353866,128.03672083738667,130.28028869628906,25583000,0.0,0.0
2024-03-28 00:00:00-04:00,130.19829456013403,131.40258132651925,129.56899446438223,130.9402313232422,19856000,0.0,0.0
2024-04-01 00:00:00-04:00,130.96691177269545,134.65187379179352,130.94024497861983,133.39523315429688,17252000,0.0,0.0
2024-04-02 00:00:00-04:00,129.9898395077955,132.61574201536325,128.76680010857913,132.2591094970703,24694000,0.0,0.0
2024-04-03 00:00:00-04:00,131.19610470941691,136.01914586109052,130.92639174981502,134.67457580566406,28650000,0.0,0.0
2024-04-04 00:00:00-04:00,136.8588867766422,138.70234763377172,129.91181757599398,130.15879821777344,27014000,0.0,0.0
2024-04-05 00:00:00-04:00,130.9985198291604,134.47896559449174,129.83276352674588,132.32528686523438,19438000,0.0,0.0
2024-04-08 00:00:00-04:00,131.7542864490369,132.6285924135462,129.98589677513593,131.99632263183594,17139000,0.0,0.0
2024-04-09 00:00:00-04:00,134.09763448099878,134.30608467914072,129.28348710408147,131.79676818847656,18008000,0.0,0.0
2024-04-10 00:00:00-04:00,130.70215045202553,131.96174561634703,129.95923381348393,130.63990783691406,17467000,0.0,0.0
2024-04-11 00:00:00-04:00,131.65844981262507,137.50595378812935,130.76635599177015,136.57632446289062,31713000,0.0,0.0
2024-04-12 00:00:00-04:00,133.56809275928578,135.00057714263343,132.04767882530442,132.78367614746094,27823000,0.0,0.0
2024-04-15 00:00:00-04:00,135.34535954414443,135.34535954414443,129.02266264633414,129.48599243164062,24370000,0.0,0.0
2024-04-16 00:00:00-04:00,129.94933777773363,132.0180566754708,129.5166393215267,131.3008270263672,18923000,0.0,0.0
2024-04-17 00:00:00-04:00,132.68885678380718,133.07315101936467,126.59435691788278,126.71389770507812,24718000,0.0,0.0
2024-04-18 00:00:00-04:00,127.24441243024135,127.70379274386859,124.02970746560194,124.37844848632812,24888000,0.0,0.0
2024-04-19 00:00:00-04:00,124.37844295701348,124.47822106821403,118.30963041251955,119.01599884033203,44797000,0.0,0.0
2024-04-22 00:00:00-04:00,120.9710973461015,121.83059256513884,118.60403908622727,120.96714782714844,25162000,0.0,0.0
2024-04-23 00:00:00-04:00,121.33367550745075,124.27076859310226,121.31885727335843,123.41028594970703,22025000,0.0,0.0
2024-04-24 00:00:00-04:00,124.86352708600639,127.00929191177869,122.9924046010475,124.16407775878906,20108000,0.0,0.0
2024-04-25 00:00:00-04:00,125.70819032259011,129.22320940890776,124.18184446416758,127.87865447998047,30410000,0.0,0.0
2024-04-26 00:00:00-04:00,129.41782701407516,133.9454677585252,128.73912786129267,132.78367614746094,24100000,0.0,0.0
2024-04-29 00:00:00-04:00,132.78468059936807,133.6639309453461,130.9688817339235,132.24526977539062,13372000,0.0,0.0
2024-04-30 00:00:00-04:00,131.2830425481172,133.206533760385,128.33606811218056,128.4565887451172,22113000,0.0,0.0
2024-05-01 00:00:00-04:00,126.2890930990916,127.67613558161435,122.63575774004418,122.7849349975586,30958000,0.0,0.0
2024-05-02 00:00:00-04:00,124.11072132158154,124.91785529889891,120.85354386146685,122.36111450195312,29480000,0.0,0.0
2024-05-03 00:00:00-04:00,124.37944147927985,126.8373915793124,123.2077608378025,126.2673568725586,24898000,0.0,0.0
2024-05-06 00:00:00-04:00,127.0685542127349,129.4939056127197,125.9670303394313,129.44847106933594,16287000,0.0,0.0
2024-05-07 00:00:00-04:00,130.0540606319206,130.30598568128133,128.10982695304926,128.73716735839844,12413000,0.0,0.0
2024-05-08 00:00:00-04:00,127.78778886172061,132.17514727222783,127.29283266576948,130.93629455566406,13918000,0.0,0.0
2024-05-09 00:00:00-04:00,130.19138355459307,130.56480905997418,128.62749466268872,128.9900665283203,12170000,0.0,0.0
2024-05-10 00:00:00-04:00,129.94241891025027,132.7767562813576,129.94241891025027,131.6702880859375,16300000,0.0,0.0
2024-05-13 00:00:00-04:00,133.17194676806153,134.19839962144155,131.4045520911291,132.1356201171875,18507000,0.0,0.0
2024-05-14 00:00:00-04:00,131.62484380984054,136.5298898766202,130.97875077470954,136.3362579345703,19420000,0.0,0.0
2024-05-15 00:00:00-04:00,136.33328219340157,142.15708857752279,135.3433850993612,141.8824462890625,32757000,0.0,0.0
2024-05-16 00:00:00-04:00,140.8777490822604,142.79430599556903,138.80903016136216,139.5074920654297,28395000,0.0,0.0
2024-05-17 00:00:00-04:00,139.53616566189535,140.2385771705129,136.50916037893273,137.84385681152344,18174000,0.0,0.0
2024-05-20 00:00:00-04:00,137.91398756446753,139.98269149887912,137.63340587556695,139.69520568847656,27170000,0.0,0.0
2024-05-21 00:00:00-04:00,138.17872864393124,139.23679270653963,137.66303000765157,138.2301025390625,15333000,0.0,0.0
2024-05-22 00:00:00-04:00,137.91497195598166,138.80311636635122,136.7502104413759,137.5425262451172,21002000,0.0,0.0
2024-05-23 00:00:00-04:00,141.11780715986893,141.17411041773374,136.1357150265876,137.646240234375,31039000,0.0,0.0
2024-05-24 00:00:00-04:00,138.28837847175978,139.65072114269333,137.5207548909813,139.08364868164062,16730000,0.0,0.0
2024-05-28 00:00:00-04:00,139.29705685610057,140.00638742276263,137.57214219409073,139.53909301757812,22919000,0.0,0.0
2024-05-29 00:00:00-04:00,138.22022626802013,138.22022626802013,136.62967060488202,137.3874053955078,26861000,0.0,0.0
2024-05-30 00:00:00-04:00,136.23449810823246,136.60793869883008,133.92671274126957,134.76052856445312,21728000,0.0,0.0
2024-05-31 00:00:00-04:00,134.491806454167,134.60937247676804,129.14714261095708,131.25042724609375,73091000,0.0,0.0
2024-06-03 00:00:00-04:00,133.636294010412,133.66593048238252,128.67988802614465,130.59349060058594,26278000,0.0,0.0
2024-06-04 00:00:00-04:00,130.4452783415743,131.5902921999843,129.1224607460506,131.47470092773438,23048000,0.0,0.0
2024-06-05 00:00:00-04:00,132.97438380405362,139.72682612077983,132.43497289580424,139.60235595703125,32947000,0.0,0.0
2024-06-06 00:00:00-04:00,140.46971855878644,140.5507289190282,137.14734409540665,138.43460083007812,20172000,0.0,0.0
2024-06-07 00:00:00-04:00,139.0777399944502,140.77894249381356,138.0147315086536,138.96511840820312,17859000,0.0,0.0
2024-06-10 00:00:00-04:00,139.27729173611775,143.15489005979282,139.21109961066043,142.3072509765625,31082000,0.0,0.0
2024-06-11 00:00:00-04:00,142.08302321298297,144.73164323208113,139.91255129911852,144.33843994140625,34844000,0.0,0.0
2024-06-12 00:00:00-04:00,148.1883790325329,148.76137590706554,145.85688126610765,147.7447967529297,56697000,0.0,0.0
2024-06-13 00:00:00-04:00,168.9347461595835,171.4885324346009,163.25616658927626,165.87120056152344,89061000,0.0,0.0
2024-06-14 00:00:00-04:00,166.64868947436764,172.61375962603867,166.17844044255773,171.4084930419922,69705000,0.0,0.0
2024-06-17 00:00:00-04:00,177.82605111665734,182.07412090823328,175.70992279671324,180.6781768798828,87528000,0.0,0.0
2024-06-18 00:00:00-04:00,181.73722620581825,182.9256998113179,176.345152812627,178.0749969482422,86797000,0.0,0.0
2024-06-20 00:00:00-04:00,178.16785374389562,178.29530864260914,170.14197882447857,171.36106872558594,68157000,0.0,0.0
2024-06-21 00:00:00-04:00,167.5180672199493,169.32991679079234,163.14750189647708,163.85980224609375,99999000,0.0,0.0
2024-06-24 00:00:00-04:00,162.73691911145147,164.61498100703625,157.64385708752064,157.79747009277344,58575000,0.525,0.0
2024-06-25 00:00:00-04:00,158.58239457360708,159.16811408975062,155.0016902858993,156.66567993164062,56810000,0.0,0.0
2024-06-26 00:00:00-04:00,158.33361367912997,160.3712314136362,155.95209823715012,157.77664184570312,46479000,0.0,0.0
2024-06-27 00:00:00-04:00,157.77664356365858,159.1264658979152,155.69542802756098,157.24742126464844,31649000,0.0,0.0
2024-06-28 00:00:00-04:00,158.1611850191091,162.4574341728322,157.18202692121218,159.1175537109375,69377000,0.0,0.0
2024-07-01 00:00:00-04:00,159.3821887317506,163.40092756102004,157.92533012384325,162.613037109375,47623000,0.0,0.0
2024-07-02 00:00:00-04:00,162.6130269403898,164.4365725932702,160.7498304432833,164.26611328125,32539000,0.0,0.0
2024-07-03 00:00:00-04:00,165.50691076093992,171.37596130371094,164.95786303647333,171.37596130371094,39954000,0.0,0.0
2024-07-05 00:00:00-04:00,173.98642751119252,174.96856473609319,168.08368388926147,168.80813598632812,45240000,0.0,0.0
2024-07-08 00:00:00-04:00,168.97561841507724,174.11921883802376,168.97561841507724,173.02508544921875,36398000,0.0,0.0
2024-07-09 00:00:00-04:00,174.08553624428214,175.51464523371604,169.03112724166365,171.78131103515625,37802000,0.0,0.0
2024-07-10 00:00:00-04:00,173.03897454641015,175.06965123252076,171.09252943943937,172.9091339111328,41074000,0.0,0.0
2024-07-11 00:00:00-04:00,174.88830610310717,174.9091144809227,165.35828077673605,169.06979370117188,51026000,0.0,0.0
2024-07-12 00:00:00-04:00,169.57324190289043,171.04794489713552,167.6188725467997,168.5465087890625,30453000,0.0,0.0
2024-07-15 00:00:00-04:00,168.48010282191464,171.95871597142096,167.7467134008731,169.8874053955078,22999200,0.0,10.0
2024-07-16 00:00:00-04:00,170.85863486846176,171.26497285267968,164.91227845602296,167.8656463623047,22244900,0.0,0.0
2024-07-17 00:00:00-04:00,160.85884149184852,161.38410174021377,154.2187468377648,154.58543395996094,43343400,0.0,0.0
2024-07-18 00:00:00-04:00,157.46942251555424,160.06599322284802,152.52403082081943,159.08485412597656,37973500,0.0,0.0
2024-07-19 00:00:00-04:00,160.39303823896358,162.48417402886918,155.71523699445783,155.9431915283203,26309500,0.0,0.0
2024-07-22 00:00:00-04:00,158.7974445124627,161.5327781534619,156.4882742800051,159.62002563476562,28813300,0.0,0.0
2024-07-23 00:00:00-04:00,158.96592094645666,163.85185162858673,158.4703912488401,162.30580139160156,21570200,0.0,0.0
2024-07-24 00:00:00-04:00,158.9163779264349,159.96689845160304,149.74907864444694,149.98692321777344,37162600,0.0,0.0
2024-07-25 00:00:00-04:00,149.90765613059204,152.17719087841164,144.21898421801467,147.925537109375,30872100,0.0,0.0
2024-07-26 00:00:00-04:00,152.12761395939148,152.20690052402165,148.57961958461232,150.2743377685547,20839900,0.0,0.0
2024-07-29 00:00:00-04:00,150.66086317548448,153.61421612872883,147.81651224524606,148.876953125,16625800,0.0,0.0
2024-07-30 00:00:00-04:00,151.90959735712624,152.09790107973035,142.06838388406817,142.2368621826172,31102300,0.0,0.0
2024-07-31 00:00:00-04:00,150.1157744936883,159.88762117093555,149.64997534738723,159.24342346191406,45827500,0.0,0.0
2024-08-01 00:00:00-04:00,156.09186533864764,157.4892628100951,144.86315981420563,145.70556640625,40320000,0.0,0.0
2024-08-02 00:00:00-04:00,140.66106277891095,144.05049946099533,138.35190753035016,142.5341796875,33745800,0.0,0.0
2024-08-05 00:00:00-04:00,128.4511969184279,144.11984208558638,127.35112048676052,140.80970764160156,41309300,0.0,0.0
2024-08-06 00:00:00-04:00,140.46283268233853,147.57864643788392,138.99606912829503,142.6332550048828,24751300,0.0,0.0
2024-08-07 00:00:00-04:00,146.92457002565675,148.758036139005,134.61561292149668,135.0516815185547,29749800,0.0,0.0
2024-08-08 00:00:00-04:00,139.93759328393415,144.9622720248491,137.1626237604271,144.43701171875,27583200,0.0,0.0
2024-08-09 00:00:00-04:00,142.91074985260542,148.21292322396732,142.82155814383893,146.9344482421875,18438700,0.0,0.0
2024-08-12 00:00:00-04:00,146.7560638765403,149.77879778491837,145.06134580910052,147.29122924804688,17778500,0.0,0.0
2024-08-13 00:00:00-04:00,150.1950552772259,154.9818739997343,148.47060647507575,154.7638397216797,22053600,0.0,0.0
2024-08-14 00:00:00-04:00,156.60721805818937,158.8172763908634,153.3367188584283,156.28016662597656,20184200,0.0,0.0
2024-08-15 00:00:00-04:00,159.75876850572988,165.17986450627728,158.90645683684036,164.6446990966797,27945000,0.0,0.0
2024-08-16 00:00:00-04:00,162.99953335001763,164.6050446661909,161.22552863578844,164.2383575439453,19296900,0.0,0.0
2024-08-19 00:00:00-04:00,163.38604607482864,166.32949357265446,158.98574011353895,166.2105712890625,20441700,0.0,0.0
2024-08-20 00:00:00-04:00,165.55648001045833,166.86467058814162,162.6823986038485,164.46630859375,19417500,0.0,0.0
2024-08-21 00:00:00-04:00,163.64371823176765,164.981654429368,161.42375492268556,164.29782104492188,16097700,0.0,0.0
2024-08-22 00:00:00-04:00,169.31258527230187,170.87846094828672,160.04618890068184,160.88858032226562,30044500,0.0,0.0
2024-08-23 00:00:00-04:00,163.55453926778065,166.7754824693325,161.9985838002003,164.87265014648438,18848000,0.0,0.0
2024-08-26 00:00:00-04:00,163.48515469908676,164.21852892931733,157.2414778586277,158.19288635253906,18521200,0.0,0.0
2024-08-27 00:00:00-04:00,156.1909589928979,160.58134463734584,154.43677971605436,159.9470672607422,16683100,0.0,0.0
2024-08-28 00:00:00-04:00,158.6487841867977,160.82911175464497,154.85302502275601,156.76576232910156,18063600,0.0,0.0
2024-08-29 00:00:00-04:00,157.07301241449815,161.74089379915478,154.0205475960349,155.52694702148438,23519300,0.0,0.0
2024-08-30 00:00:00-04:00,159.679490460626,161.78054673462205,157.2910487282494,161.3643035888672,25158500,0.0,0.0
2024-09-03 00:00:00-04:00,158.94611811013002,159.30290011406169,150.02658313420562,151.42396545410156,37179100,0.0,0.0
2024-09-04 00:00:00-04:00,148.95622649584186,156.37925150681946,147.8164991456953,152.7420654296875,20324100,0.0,0.0
2024-09-05 00:00:00-04:00,149.22382118299427,154.96204845770097,148.76792720495064,151.45370483398438,31548500,0.0,0.0
2024-09-06 00:00:00-04:00,141.96926813055998,142.2170329964074,135.37872874796608,135.775146484375,76634600,0.0,0.0
2024-09-09 00:00:00-04:00,137.8662711834543,140.3240942156344,133.69390453295063,139.5609893798828,39516700,0.0,0.0
2024-09-10 00:00:00-04:00,139.95740766258584,148.52016015039874,139.77900910952403,146.88491821289062,36067500,0.0,0.0
2024-09-11 00:00:00-04:00,147.06330844568706,157.44960705427155,143.74325330098287,156.85498046875,39700800,0.0,0.0
2024-09-12 00:00:00-04:00,156.6864947044409,164.83300405305474,155.42784505213612,163.08872985839844,43581900,0.0,0.0
2024-09-13 00:00:00-04:00,165.24926190635728,166.57727797028096,162.57338923242742,166.19076538085938,29850000,0.0,0.0
2024-09-16 00:00:00-04:00,163.71311133869514,164.02033734556431,158.97584842454614,162.55357360839844,26126900,0.0,0.0
2024-09-17 00:00:00-04:00,164.01042922646226,164.535689510447,159.26324612552563,161.01742553710938,19844300,0.0,0.0
2024-09-18 00:00:00-04:00,162.305809743453,165.97272667003293,159.9173528486691,160.22457885742188,26557600,0.0,0.0
2024-09-19 00:00:00-04:00,166.7274048105137,169.03423220319073,164.71889132824953,166.46888732910156,32453100,0.53,0.0
2024-09-20 00:00:00-04:00,166.23026171440267,171.0427777430229,165.52430364188672,170.1280059814453,91758500,0.0,0.0
2024-09-23 00:00:00-04:00,171.02287247802943,172.33538087500577,167.39361410184318,171.95753479003906,29431100,0.0,0.0
2024-09-24 00:00:00-04:00,171.82827424562825,174.9902167443506,170.70468885331337,173.84674072265625,34223400,0.0,0.0
2024-09-25 00:00:00-04:00,173.65782027185062,176.13368022901784,172.77287690253547,174.52288818359375,16613800,0.0,0.0
2024-09-26 00:00:00-04:00,177.48595204341314,179.2260103967799,174.00583533667955,177.07827758789062,24340000,0.0,0.0
2024-09-27 00:00:00-04:00,177.15781783458317,177.45611657477136,170.7842292800489,171.70895385742188,20580900,0.0,0.0
2024-09-30 00:00:00-04:00,170.89360893834112,171.93764696713617,168.66634399382318,171.52003479003906,16902000,0.0,0.0
2024-10-01 00:00:00-04:00,171.18195889834809,171.2714439650656,164.85808959121536,166.5186004638672,23770400,0.0,0.0
2024-10-02 00:00:00-04:00,166.59815790656663,171.85809894360492,166.07117003002023,169.69049072265625,14317800,0.0,0.0
2024-10-03 00:00:00-04:00,168.65638947237477,173.94617400897627,168.22883957092165,170.9134979248047,13072300,0.0,0.0
2024-10-04 00:00:00-04:00,175.29844031292794,175.89502260142467,171.6194630981684,175.63650512695312,17921400,0.0,0.0
2024-10-07 00:00:00-04:00,173.82687068202432,177.2970345976861,172.87231767942785,174.08538818359375,15588300,0.0,0.0
2024-10-08 00:00:00-04:00,174.42344586199636,180.5683454780828,173.89645797947125,179.70327758789062,20774200,0.0,0.0
2024-10-09 00:00:00-04:00,178.22175841169644,185.36096216556842,175.41777130695772,184.8936309814453,25504100,0.0,0.0
2024-10-10 00:00:00-04:00,182.51719694991723,185.25157425590982,181.4930495727138,184.63510131835938,16318000,0.0,0.0
2024-10-11 00:00:00-04:00,180.11094031340045,181.5526998070487,176.39218184801007,180.44900512695312,23070000,0.0,0.0
2024-10-14 00:00:00-04:00,182.25867325073045,183.8992935095317,179.10668388433595,181.2742919921875,17195800,0.0,0.0
2024-10-15 00:00:00-04:00,179.76292713738917,180.66776107777005,172.38508190403803,174.98025512695312,27657500,0.0,0.0
2024-10-16 00:00:00-04:00,177.49589247226353,178.2316940491243,174.3339650989397,175.8155059814453,15285100,0.0,0.0
2024-10-17 00:00:00-04:00,180.33963883332888,184.45611903843115,179.66350917097503,180.4987335205078,25232400,0.0,0.0
2024-10-18 00:00:00-04:00,181.28426048537415,181.6720443165608,177.66492449815874,178.86805725097656,17835200,0.0,0.0
2024-10-21 00:00:00-04:00,178.3609483193922,180.68765115431933,177.23736298648038,178.9674835205078,13695100,0.0,0.0
2024-10-22 00:00:00-04:00,177.64505096073296,179.66351748489382,176.40215210732828,178.3609619140625,12062600,0.0,0.0
2024-10-23 00:00:00-04:00,176.58111551541,177.9632183807249,171.58964483469265,172.5242919921875,19513700,0.0,0.0
2024-10-24 00:00:00-04:00,173.2700284983085,173.3098097558393,168.53707538313495,170.37657165527344,20485200,0.0,0.0
2024-10-25 00:00:00-04:00,173.20043875922508,175.79561210177553,171.73878853341478,172.01719665527344,19977700,0.0,0.0
2024-10-28 00:00:00-04:00,172.0171988245357,172.98168953460353,170.37657843060032,171.0427703857422,13195800,0.0,0.0
2024-10-29 00:00:00-04:00,171.4603685754663,179.2061068098101,170.23736046943384,178.22174072265625,23702300,0.0,0.0
2024-10-30 00:00:00-04:00,176.46179170620545,178.17202157634944,174.62229551277386,175.63650512695312,17911500,0.0,0.0
2024-10-31 00:00:00-04:00,173.45896333970984,173.45896333970984,166.42913521736682,168.80555725097656,26086600,0.0,0.0
2024-11-01 00:00:00-04:00,167.3041187072978,170.3566854883011,166.5484416875686,167.9603729248047,17847000,0.0,0.0
2024-11-04 00:00:00-05:00,168.31833219877845,171.47032185330173,167.46321718537965,167.5924835205078,13621300,0.0,0.0
2024-11-05 00:00:00-05:00,169.08395957100038,173.40923838854974,169.08395957100038,172.91207885742188,13441800,0.0,0.0
2024-11-06 00:00:00-05:00,178.60953086295862,179.1862377166489,174.96038187111355,178.5299835205078,24300800,0.0,0.0
2024-11-07 00:00:00-05:00,180.95612485158603,183.81975332702797,180.7572489088698,182.76577758789062,18970600,0.0,0.0
2024-11-08 00:00:00-05:00,181.95043944089772,183.99873415526292,180.79702575852184,182.59674072265625,13503200,0.0,0.0
2024-11-11 00:00:00-05:00,182.3581139590026,182.5868182722662,175.81550773693706,177.8936309814453,17036700,0.0,0.0
2024-11-12 00:00:00-05:00,177.88367033469055,178.53992454293993,172.21605483641088,175.21890258789062,15862000,0.0,0.0
2024-11-13 00:00:00-05:00,173.71748796990835,174.59247841722313,171.61947416669466,172.59390258789062,17472500,0.0,0.0
2024-11-14 00:00:00-05:00,173.77713873222754,174.57259697971256,168.90496644894682,169.41207885742188,20638900,0.0,0.0
2024-11-15 00:00:00-05:00,167.51291662005434,168.17910850345734,162.50154055884192,163.90353393554688,20836200,0.0,0.0
2024-11-18 00:00:00-05:00,164.7188983309757,165.40498090662226,161.29843835344215,164.7288360595703,17870300,0.0,0.0
2024-11-19 00:00:00-05:00,165.7131999288466,165.85240397503011,163.37654432636964,164.41064453125,18003400,0.0,0.0
2024-11-20 00:00:00-05:00,164.59957002443483,164.59957002443483,159.94616412016126,162.3225860595703,17196700,0.0,0.0
2024-11-21 00:00:00-05:00,165.3055415632133,165.3950266361379,159.6876450165234,163.0086669921875,24835300,0.0,0.0
2024-11-22 00:00:00-05:00,163.36662194478373,163.97315716843798,161.47740665813885,163.29701232910156,17332500,0.0,0.0
2024-11-25 00:00:00-05:00,164.46035866822987,166.2799642825271,161.96462340775656,163.8836669921875,26850600,0.0,0.0
2024-11-26 00:00:00-05:00,163.66491886709738,165.42485263123152,161.7657658731516,163.8041229248047,16308800,0.0,0.0
2024-11-27 00:00:00-05:00,162.27285370392542,162.27285370392542,156.64500466348431,158.76290893554688,19722700,0.0,0.0
2024-11-29 00:00:00-05:00,158.66349023391646,161.76576066121507,158.17626846158657,161.1592254638672,11024000,0.0,0.0
2024-12-02 00:00:00-05:00,162.02428307351929,167.42344330155981,161.82542230173217,165.56405639648438,21472400,0.0,0.0
2024-12-03 00:00:00-05:00,163.5455987067616,167.3140765319298,163.09815815333167,167.1947479248047,17024400,0.0,0.0
2024-12-04 00:00:00-05:00,172.45469281975983,174.39361186943054,167.60241115937026,169.59104919433594,32748200,0.0,0.0
2024-12-05 00:00:00-05:00,169.77997977877038,171.4206001616706,168.23878219877346,169.50157165527344,18490000,0.0,0.0
2024-12-06 00:00:00-05:00,169.13367977638353,179.653562179345,168.36804984474438,178.51010131835938,27830800,0.0,0.0
2024-12-09 00:00:00-05:00,177.93339964308961,179.76294314303394,175.0200519670799,177.9234619140625,20886300,0.0,0.0
2024-12-10 00:00:00-05:00,176.79986816805427,177.48595074131376,168.76576840908342,170.83395385742188,27762600,0.0,0.0
2024-12-11 00:00:00-05:00,178.987360633629,183.81975165895963,175.42769673519084,182.15924072265625,41295200,0.0,0.0
2024-12-12 00:00:00-05:00,179.90213746912156,180.9660661295262,174.99021413303083,179.63368225097656,46967200,0.0,0.0
2024-12-13 00:00:00-05:00,212.6848468002548,227.40077233333238,209.9107032211668,223.52293395996094,121336600,0.0,0.0
2024-12-16 00:00:00-05:00,230.47320146453288,250.44908232333512,229.49877306257562,248.5797576904297,111623200,0.0,0.0
2024-12-17 00:00:00-05:00,239.28287707949795,241.0925450615888,232.47180058306785,238.86526489257812,70382100,0.0,0.0
2024-12-18 00:00:00-05:00,238.0499311787732,238.48743399525148,217.97462681321596,222.34962463378906,53960100,0.0,0.0
2024-12-19 00:00:00-05:00,226.6152584865576,226.75446254677152,216.34394087216427,217.07974243164062,40845200,0.0,0.0
2024-12-20 00:00:00-05:00,219.10814041054138,228.98172102160677,217.66638086230066,219.5356903076172,131910400,0.0,0.0
2024-12-23 00:00:00-05:00,226.00611940429633,232.6958680198762,224.4508280782526,231.6490478515625,40643800,0.59,0.0
2024-12-24 00:00:00-05:00,239.3955994775153,239.505268237275,234.09165680044833,238.95692443847656,22827200,0.0,0.0
2024-12-26 00:00:00-05:00,239.27596623190686,246.5340026572542,236.88321265469028,244.6197967529297,28459000,0.0,0.0
2024-12-27 00:00:00-05:00,244.8989394904387,245.0385165224343,235.63697275334263,241.0206756591797,29282200,0.0,0.0
2024-12-30 00:00:00-05:00,233.9919431694082,238.04967190775875,230.92123322997537,234.86929321289062,27316800,0.0,0.0
2024-12-31 00:00:00-05:00,235.16839983220763,236.7436350986546,230.61217934971305,231.1405792236328,17927700,0.0,0.0
2025-01-02 00:00:00-05:00,235.4475489257206,238.77746906030183,229.54541038867518,231.2801513671875,31525800,0.0,0.0
2025-01-03 00:00:00-05:00,232.88529023006262,235.77655049113463,228.3091412251269,231.8484344482422,24973200,0.0,0.0
2025-01-06 00:00:00-05:00,235.7865174359142,241.02067902804336,232.59617436516754,235.69679260253906,34028400,0.0,0.0
2025-01-07 00:00:00-05:00,238.777463401163,238.777463401163,226.91337005213646,227.95022583007812,25928600,0.0,0.0
2025-01-08 00:00:00-05:00,229.0070326693105,231.76868032862902,225.37801451425443,228.6182098388672,18756500,0.0,0.0
2025-01-10 00:00:00-05:00,226.61427058529486,227.14267043205646,220.582519550515,223.63328552246094,23864000,0.0,0.0
2025-01-13 00:00:00-05:00,219.32633756404056,228.5683607871852,218.84777467939568,224.61033630371094,23772100,0.0,0.0
2025-01-14 00:00:00-05:00,225.88647881405817,229.5653338460821,222.4269460785383,224.02210998535156,18143100,0.0,0.0
2025-01-15 00:00:00-05:00,227.86050809642276,229.6451012892526,224.89946684435526,227.31216430664062,21745600,0.0,0.0
2025-01-16 00:00:00-05:00,234.51038050178292,237.8801884562626,228.51851717682146,228.71791076660156,23471900,0.0,0.0
2025-01-17 00:00:00-05:00,236.36477928653102,237.38170641184524,231.95811536051116,236.72369384765625,31196600,0.0,0.0
2025-01-21 00:00:00-05:00,240.7714343731737,242.01766332955657,236.6837973111355,239.58502197265625,30903200,0.0,0.0
2025-01-22 00:00:00-05:00,246.0055901758254,246.24487160638776,239.96387477211346,240.18321228027344,29610500,0.0,0.0
2025-01-23 00:00:00-05:00,237.69076108724445,239.6747478583497,235.40766110998757,239.55511474609375,17653900,0.0,0.0
2025-01-24 00:00:00-05:00,243.96177673339844,248.83702378775862,241.18020040463705,243.96177673339844,25387800,0.0,0.0
2025-01-27 00:00:00-05:00,212.75620754005294,217.77103178945478,195.6380079225475,201.5202178955078,90569400,0.0,0.0
2025-01-28 00:00:00-05:00,207.38246902715306,209.31661886053675,198.28998715193353,206.73443603515625,50316000,0.0,0.0
2025-01-29 00:00:00-05:00,208.2099563218862,210.81208293848584,202.15827654320768,205.72747802734375,32533700,0.0,0.0
2025-01-30 00:00:00-05:00,217.91062416162004,221.29039658304845,213.05530565889228,215.0093994140625,42449500,0.0,0.0
2025-01-31 00:00:00-05:00,218.99733445880224,226.1157939339088,215.64747028153113,220.60247802734375,41151000,0.0,0.0
2025-02-03 00:00:00-05:00,214.80999459548715,220.27345795729443,212.8658652972374,217.07313537597656,24507300,0.0,0.0
2025-02-04 00:00:00-05:00,218.68826216453937,222.3571528900999,214.65047732521722,221.7589569091797,23768500,0.0,0.0
2025-02-05 00:00:00-05:00,233.23424438134654,237.2121974791135,226.81367035569815,231.3000946044922,29196000,0.0,0.0
2025-02-06 00:00:00-05:00,233.79255971132292,234.09165771299314,227.87047708672642,230.6620330810547,21169500,0.0,0.0
2025-02-07 00:00:00-05:00,234.29104917663471,234.93908216372293,223.43390286798092,224.1916046142578,22117500,0.0,0.0
2025-02-10 00:00:00-05:00,226.7438748334663,235.10857822598786,226.43481248510372,234.33091735839844,23901600,0.0,0.0
2025-02-11 00:00:00-05:00,231.77864287968774,237.17232547527507,229.27622060198036,234.33091735839844,18476200,0.0,0.0
2025-02-12 00:00:00-05:00,229.66504348870842,235.7665756167492,229.30612893924982,235.63697814941406,16397300,0.0,0.0
2025-02-13 00:00:00-05:00,235.3478484574366,236.23516288448266,230.0339262504284,235.08863830566406,20962000,0.0,0.0
2025-02-14 00:00:00-05:00,233.8224549373678,235.02881123208374,228.20943498315975,232.33694458007812,16988800,0.0,0.0
2025-02-18 00:00:00-05:00,229.40583178036107,231.49948729399418,223.62332639520886,227.84056091308594,26080500,0.0,0.0
2025-02-19 00:00:00-05:00,227.1626278984135,228.37894861779185,223.72302369285217,228.0399627685547,16375500,0.0,0.0
2025-02-20 00:00:00-05:00,227.96019552956741,228.28920180090105,222.07800091698093,226.05596923828125,16104000,0.0,0.0
2025-02-21 00:00:00-05:00,224.96925380920942,227.06292462189035,214.97949306223447,218.00035095214844,24883600,0.0,0.0
2025-02-24 00:00:00-05:00,217.94052770043675,218.8178625479928,206.9138810284665,207.30270385742188,33050400,0.0,0.0
2025-02-25 00:00:00-05:00,206.37552209597638,208.01057393305746,200.3138624233754,201.92897033691406,33100800,0.0,0.0
2025-02-26 00:00:00-05:00,206.2857850488105,212.89577291914372,205.37852674078746,212.29759216308594,21368300,0.0,0.0
2025-02-27 00:00:00-05:00,216.6245058265151,218.58856392348665,196.80447518511994,197.20327758789062,27572900,0.0,0.0
2025-02-28 00:00:00-05:00,195.16942733377633,200.58305406419055,192.56730055222224,198.82835388183594,39747200,0.0,0.0
2025-03-03 00:00:00-05:00,203.3845684019193,203.44438495858478,183.97330470065683,186.8047332763672,37435600,0.0,0.0
2025-03-04 00:00:00-05:00,188.64915436478876,193.36488044233238,179.935516087692,186.91439819335938,37910500,0.0,0.0
2025-03-05 00:00:00-05:00,191.28119875875444,193.49450269595397,186.53556416865666,191.00204467773438,25644500,0.0,0.0
2025-03-06 00:00:00-05:00,180.49382999185002,186.26637118006568,177.07418495288186,178.90863037109375,56864100,0.0,0.0
2025-03-07 00:00:00-05:00,187.16364230991294,194.89026171498142,181.01225810586007,194.37184143066406,74528900,0.0,0.0
2025-03-10 00:00:00-04:00,189.02801179153371,191.4008213497149,179.88566289624984,183.89353942871094,44217100,0.0,0.0
2025-03-11 00:00:00-04:00,187.4826863153893,195.02984092735872,184.79083482544024,189.5165252685547,42153200,0.0,0.0
2025-03-12 00:00:00-04:00,195.62804501633732,199.37669637740393,191.86941408709157,193.64404296875,30409700,0.0,0.0
2025-03-13 00:00:00-04:00,192.56729276158168,195.72774279050495,188.89840200646506,190.78269958496094,27236100,0.0,0.0
2025-03-14 00:00:00-04:00,195.6081010649379,196.90418226926153,192.61715146084785,194.95008850097656,25900900,0.0,0.0
2025-03-17 00:00:00-04:00,187.48268497203404,196.1265270833745,186.93434119531,193.91322326660156,26830600,0.0,0.0
2025-03-18 00:00:00-04:00,189.86547930820436,192.30808505761755,186.33615033046752,188.10081481933594,24951000,0.0,0.0
2025-03-19 00:00:00-04:00,188.7687947207102,197.6718625735634,186.33615328789912,194.98001098632812,37962700,0.0,0.0
2025-03-20 00:00:00-04:00,191.52000427246094,193.83999633789062,188.94000244140625,190.5399932861328,31430000,0.59,0.0
2025-03-21 00:00:00-04:00,188.2100067138672,192.07000732421875,187.3699951171875,191.66000366210938,43086500,0.0,0.0
2025-03-24 00:00:00-04:00,194.3000030517578,196.69000244140625,190.6699981689453,191.25,33180300,0.0,0.0
2025-03-25 00:00:00-04:00,190.88999938964844,191.60000610351562,187.67999267578125,188.25999450683594,23417300,0.0,0.0
2025-03-26 00:00:00-04:00,186.66000366210938,188.05999755859375,177.5800018310547,179.27000427246094,30578500,0.0,0.0
2025-03-27 00:00:00-04:00,177.66000366210938,178.3800048828125,170.4600067138672,171.99000549316406,32151700,0.0,0.0
2025-03-28 00:00:00-04:00,171.92999267578125,173.3000030517578,166.47000122070312,169.1199951171875,30370600,0.0,0.0
2025-03-31 00:00:00-04:00,164.48500061035156,167.92999267578125,160.64999389648438,167.42999267578125,32625211,0.0,0.0
