Date,Open,High,Low,Close,Volume,Dividends,Stock Splits
2004-08-19 00:00:00-04:00,2.4789227139957437,2.5795669664074317,2.378775119276231,2.487351894378662,897427216,0.0,0.0
2004-08-20 00:00:00-04:00,2.5039601352021816,2.704009486479198,2.491318025747808,2.684921979904175,458857488,0.0,0.0
2004-08-23 00:00:00-04:00,2.7454073831866115,2.813081916012491,2.703265990864664,2.711941957473755,366857939,0.0,0.0
2004-08-24 00:00:00-04:00,2.757554051725721,2.7664777540372483,2.5674205332546642,2.599646806716919,306396159,0.0,0.0
2004-08-25 00:00:00-04:00,2.6018774896414363,2.677237525366846,2.5751051950679495,2.6276583671569824,184645512,0.0,0.0
2004-08-26 00:00:00-04:00,2.601629425624718,2.6759973298039843,2.5944405843804548,2.6750059127807617,142572401,0.0,0.0
2004-08-27 00:00:00-04:00,2.6797155563041257,2.6926063496838117,2.619973548836893,2.6313765048980713,124826132,0.0,0.0
2004-08-30 00:00:00-04:00,2.6098097955627657,2.615016277572651,2.528749704360962,2.528749704360962,104429967,0.0,0.0
2004-08-31 00:00:00-04:00,2.5359386122575525,2.5708909260057577,2.532467940877796,2.5376734733581543,98825037,0.0,0.0
2004-09-01 00:00:00-04:00,2.5458537233053944,2.552546855851902,2.4707423770949672,2.4851202964782715,183633734,0.0,0.0
2004-09-02 00:00:00-04:00,2.4588438297453794,2.537673586698253,2.4526461681054883,2.516354560852051,303810504,0.0,0.0
2004-09-03 00:00:00-04:00,2.5024733706195215,2.5220565866735667,2.462066599345892,2.479170560836792,103538639,0.0,0.0
2004-09-07 00:00:00-04:00,2.5039603003039064,2.5285020258897304,2.4692557190342437,2.51809024810791,117506800,0.0,0.0
2004-09-08 00:00:00-04:00,2.4972665958456624,2.554034826977955,2.491317856818298,2.5359385013580322,100186120,0.0,0.0
2004-09-09 00:00:00-04:00,2.541639486065801,2.546101336921732,2.503712211375315,2.5361862182617188,81620792,0.0,0.0
2004-09-10 00:00:00-04:00,2.518585893064906,2.6415405924518396,2.511149078618978,2.6110498905181885,174804764,0.0,0.0
2004-09-13 00:00:00-04:00,2.6432753675629845,2.6874003069750665,2.63906125194578,2.664842128753662,157628624,0.0,0.0
2004-09-14 00:00:00-04:00,2.663602964124677,2.776393854724069,2.6472414983609216,2.763751745223999,217608605,0.0,0.0
2004-09-15 00:00:00-04:00,2.7406978937893407,2.831674051559623,2.731773242081179,2.7763938903808594,215279909,0.0,0.0
2004-09-16 00:00:00-04:00,2.784821919525389,2.870592545686432,2.767717958382383,2.825228452682495,186207345,0.0,0.0
2004-09-17 00:00:00-04:00,2.8363835538806077,2.912487030029297,2.814816793152948,2.912487030029297,190350817,0.0,0.0
2004-09-20 00:00:00-04:00,2.899100505730558,3.0143704106651588,2.8946386546322223,2.9588425159454346,213585582,0.0,0.0
2004-09-21 00:00:00-04:00,2.969997846047282,2.985119210182616,2.9129828237297737,2.9211630821228027,145262446,0.0,0.0
2004-09-22 00:00:00-04:00,2.910255814298576,2.966527154816004,2.895629921485003,2.9345486164093018,152344894,0.0,0.0
2004-09-23 00:00:00-04:00,2.945952673732343,3.039903553786391,2.9008353693781435,2.995035171508789,171524515,0.0,0.0
2004-09-24 00:00:00-04:00,2.9980088153302846,3.0763428571199087,2.9687584556193984,2.9704933166503906,183336625,0.0,0.0
2004-09-27 00:00:00-04:00,2.963799905068929,2.9965218847352646,2.9201716271238585,2.931574583053589,141994242,0.0,0.0
2004-09-28 00:00:00-04:00,3.0069339513037807,3.15814759300189,2.9799139215830497,3.1447620391845703,340190355,0.0,0.0
2004-09-29 00:00:00-04:00,3.140795942542502,3.347042012929263,3.1291450124333853,3.249372720718384,613229953,0.0,0.0
2004-09-30 00:00:00-04:00,3.2201212073991945,3.2796154858654796,3.197810763988842,3.212684392929077,276468402,0.0,0.0
2004-10-01 00:00:00-04:00,3.242431305497455,3.3277064588544305,3.1953314029908992,3.2865564823150635,303934969,0.0,0.0
2004-10-04 00:00:00-04:00,3.3527437244431066,3.392901570063182,3.3225000486609266,3.3480329513549805,261693228,0.0,0.0
2004-10-05 00:00:00-04:00,3.338118319743066,3.4340518018486925,3.278128333238269,3.4300856590270996,300887589,0.0,0.0
2004-10-06 00:00:00-04:00,3.409758696212409,3.4320689001623843,3.3713357122008376,3.3981077671051025,268900140,0.0,0.0
2004-10-07 00:00:00-04:00,3.3941417800400746,3.467517317438508,3.3849691556431742,3.441984176635742,283643194,0.0,0.0
2004-10-08 00:00:00-04:00,3.438762294356682,3.4625596239313956,3.396619953991912,3.4142205715179443,222442656,0.0,0.0
2004-10-11 00:00:00-04:00,3.3961243909740135,3.4422331131060266,3.318038317305457,3.3529915809631348,210437827,0.0,0.0
2004-10-12 00:00:00-04:00,3.3326637105375014,3.4112454865355772,3.3068828360480267,3.4060401916503906,234419380,0.0,0.0
2004-10-13 00:00:00-04:00,3.5527921263603397,3.5584943164445595,3.4724757230629733,3.492802381515503,397203256,0.0,0.0
2004-10-14 00:00:00-04:00,3.49552953934937,3.529490674583203,3.434796347495464,3.5200703144073486,209835578,0.0,0.0
2004-10-15 00:00:00-04:00,3.592703383131994,3.6068335675518655,3.5188311861825206,3.572375774383545,265150137,0.0,0.0
2004-10-18 00:00:00-04:00,3.549817584737267,3.6985529206178933,3.500487112350373,3.697561740875244,282061287,0.0,0.0
2004-10-19 00:00:00-04:00,3.730779479648142,3.777879382948636,3.6526934035863,3.6673190593719482,363918964,0.0,0.0
2004-10-20 00:00:00-04:00,3.6695494269685813,3.6933477076987415,3.460576365562116,3.4826388359069824,456613107,0.0,0.0
2004-10-21 00:00:00-04:00,3.579564681657291,3.72160688777377,3.510650992409039,3.703015089035034,585767401,0.0,0.0
2004-10-22 00:00:00-04:00,4.227555457889191,4.466275767040073,4.067416693514464,4.274407386779785,1481207196,0.0,0.0
2004-10-25 00:00:00-04:00,4.372820166805651,4.819770326686981,4.277381209561872,4.645501613616943,1315480331,0.0,0.0
2004-10-26 00:00:00-04:00,4.619225552432956,4.77539770292107,4.4620615103159995,4.506682395935059,895628499,0.0,0.0
2004-10-27 00:00:00-04:00,4.529488211304203,4.698054732177319,4.505938616355543,4.610053539276123,536262538,0.0,0.0
2004-10-28 00:00:00-04:00,4.627653155337519,4.818777851951931,4.600881099445239,4.791758060455322,596097978,0.0,0.0
2004-10-29 00:00:00-04:00,4.930329598587797,4.956606183329434,4.724827219272297,4.725819110870361,849672890,0.0,0.0
2004-11-01 00:00:00-05:00,4.7979558243775084,4.900086965095737,4.741436511187045,4.859432697296143,490828877,0.0,0.0
2004-11-02 00:00:00-05:00,4.927603835124426,4.939254528048592,4.792750707000138,4.8306779861450195,455553149,0.0,0.0
2004-11-03 00:00:00-05:00,4.912729740345626,4.997508467945228,4.72854544405829,4.751351356506348,557630330,0.0,0.0
2004-11-04 00:00:00-05:00,4.671282325093312,4.719869348751856,4.545105179523484,4.578570365905762,578544429,0.0,0.0
2004-11-05 00:00:00-05:00,4.511144180032824,4.51907646499243,4.178225031772127,4.198055744171143,796297573,0.0,0.0
2004-11-08 00:00:00-05:00,4.2372240452996515,4.349023524676301,4.199295341884111,4.277381420135498,449349985,0.0,0.0
2004-11-09 00:00:00-05:00,4.315805606633813,4.3430736103553444,4.096916471635944,4.181943893432617,444226854,0.0,0.0
2004-11-10 00:00:00-05:00,4.230778262826422,4.276638303834971,4.123193134283108,4.161120414733887,427355853,0.0,0.0
2004-11-11 00:00:00-05:00,4.192603173567206,4.555021406481409,4.1539312631414145,4.536925315856934,601666773,0.0,0.0
2004-11-12 00:00:00-05:00,4.591709447132167,4.704995801410892,4.397609559385484,4.511639595031738,672354740,0.0,0.0
2004-11-15 00:00:00-05:00,4.473216699545275,4.66830801844586,4.431075543301442,4.582785129547119,477844390,0.0,0.0
2004-11-16 00:00:00-05:00,4.400087669163761,4.44892242707083,4.234744101087128,4.277132987976074,839832142,0.0,0.0
2004-11-17 00:00:00-05:00,4.189876023654422,4.40008823438707,4.189380077837958,4.276142120361328,728034662,0.0,0.0
2004-11-18 00:00:00-05:00,4.221358240806432,4.323738076100637,4.108319603618721,4.153188228607178,667677273,0.0,0.0
2004-11-19 00:00:00-05:00,4.191857753923999,4.213672722323671,4.127901635129498,4.199294567108154,352086780,0.0,0.0
2004-11-22 00:00:00-05:00,4.077085551710548,4.201774885441183,3.998751732449616,4.092702388763428,496582362,0.0,0.0
2004-11-23 00:00:00-05:00,4.163847062277953,4.234744531850524,4.127406673179901,4.152691841125488,498393124,0.0,0.0
2004-11-24 00:00:00-05:00,4.33365260626527,4.392898907113536,4.276390088570602,4.332165718078613,613531078,0.0,0.0
2004-11-26 00:00:00-05:00,4.357947330089888,4.462805468621628,4.346048426519914,4.4469404220581055,260175560,0.0,0.0
2004-11-29 00:00:00-05:00,4.470985841725827,4.535189707685309,4.4003361037243165,4.488090515136719,428263241,0.0,0.0
2004-11-30 00:00:00-05:00,4.4796613344251055,4.536428848420022,4.46825837943024,4.511143684387207,309154460,0.0,0.0
2004-12-01 00:00:00-05:00,4.51040077243633,4.524034299052718,4.450906733270951,4.461070537567139,315743063,0.0,0.0
2004-12-02 00:00:00-05:00,4.459582276906516,4.499493338539701,4.426117087123381,4.447188377380371,251374696,0.0,0.0
2004-12-03 00:00:00-05:00,4.460822963580012,4.48833822800989,4.402567600358336,4.471977710723877,235647968,0.0,0.0
2004-12-06 00:00:00-05:00,4.440494388451343,4.479414029696866,4.363399736505426,4.370092868804932,251097661,0.0,0.0
2004-12-07 00:00:00-05:00,4.362903934470353,4.367862917786076,4.227803080656233,4.249617576599121,275866153,0.0,0.0
2004-12-08 00:00:00-05:00,4.222845979492662,4.305394148277418,4.182687180013379,4.2136735916137695,302802741,0.0,0.0
2004-12-09 00:00:00-05:00,4.2203669544101015,4.300932293378197,4.176242009544124,4.299196720123291,307307563,0.0,0.0
2004-12-10 00:00:00-05:00,4.2991961016962215,4.335140544756525,4.246147460903033,4.25507116317749,173335277,0.0,0.0
2004-12-13 00:00:00-05:00,4.26796172504042,4.292999155853375,4.200534931020411,4.225323677062988,193466452,0.0,0.0
2004-12-14 00:00:00-05:00,4.238958604846275,4.432810302429587,4.204253787170512,4.4295878410339355,445198482,0.0,0.0
2004-12-15 00:00:00-05:00,4.412235617403124,4.479165519235026,4.37926590039672,4.456607341766357,460559845,0.0,0.0
2004-12-16 00:00:00-05:00,4.386454965939364,4.474208430674148,4.361665741674383,4.374555587768555,344197318,0.0,0.0
2004-12-17 00:00:00-05:00,4.3817436705070705,4.474455633479674,4.37653837539935,4.464044094085693,296555412,0.0,0.0
2004-12-20 00:00:00-05:00,4.5116398906157,4.671778181540381,4.5084169547524136,4.586503028869629,394854485,0.0,0.0
2004-12-21 00:00:00-05:00,4.618481460438373,4.657400152205082,4.546343893844388,4.555020809173584,221479058,0.0,0.0
2004-12-22 00:00:00-05:00,4.55873964311792,4.631867684336685,4.536677410404344,4.618234157562256,156865776,0.0,0.0
2004-12-23 00:00:00-05:00,4.646740344759606,4.67524844629545,4.6107968534759385,4.657895565032959,145125936,0.0,0.0
2004-12-27 00:00:00-05:00,4.688883585699805,4.791758413211588,4.687643483819029,4.757301330566406,245079187,0.0,0.0
2004-12-28 00:00:00-05:00,4.76225855785493,4.797955739887028,4.7349910306515826,4.778372287750244,166453579,0.0,0.0
2004-12-29 00:00:00-05:00,4.754078287860873,4.797211807093952,4.754078287860873,4.7818427085876465,107525527,0.0,0.0
2004-12-30 00:00:00-05:00,4.783577476714461,4.913968980718655,4.755814004328165,4.898352146148682,237057231,0.0,0.0
2004-12-31 00:00:00-05:00,4.938759469951528,4.954872252898182,4.77341443954056,4.779116630554199,307889737,0.0,0.0
2005-01-03 00:00:00-05:00,4.8933937587040335,5.048079016763444,4.84530362662506,5.025025367736816,636143518,0.0,0.0
2005-01-04 00:00:00-05:00,4.9925513280725795,5.030478606808274,4.79621990309719,4.821505546569824,552298420,0.0,0.0
2005-01-05 00:00:00-05:00,4.795476331197052,4.88099921543807,4.7652336047571575,4.796964168548584,330698912,0.0,0.0
2005-01-06 00:00:00-05:00,4.835883192772129,4.856210801642297,4.6534344554728415,4.674009799957275,417041336,0.0,0.0
2005-01-07 00:00:00-05:00,4.725819303288226,4.815308811005682,4.679711054368605,4.805392742156982,387964757,0.0,0.0
2005-01-10 00:00:00-05:00,4.8215050197353015,4.910746307924218,4.75531737900816,4.835387229919434,302714411,0.0,0.0
2005-01-11 00:00:00-05:00,4.849269305432808,4.901078788769591,4.788782432469767,4.797707557678223,279391317,0.0,0.0
2005-01-12 00:00:00-05:00,4.817290569099158,4.856953890363581,4.722348516759087,4.843319416046143,328338096,0.0,0.0
2005-01-13 00:00:00-05:00,4.843319745702883,4.893145924374962,4.810350028855725,4.842080593109131,275002929,0.0,0.0
2005-01-14 00:00:00-05:00,4.858688626073997,4.958093717932714,4.812333120847097,4.9571027755737305,387057368,0.0,0.0
2005-01-18 00:00:00-05:00,4.981891379302115,5.0822878948094425,4.924628860055209,5.0545244216918945,528878966,0.0,0.0
2005-01-19 00:00:00-05:00,5.073116881736259,5.089229663868745,4.876289976885497,4.890915870666504,451995865,0.0,0.0
2005-01-20 00:00:00-05:00,4.7719271865028645,4.86488689330812,4.759532812043131,4.807127475738525,361413608,0.0,0.0
2005-01-21 00:00:00-05:00,4.822496214447181,4.8428242969035935,4.6633502941885325,4.667316436767578,371724110,0.0,0.0
2005-01-24 00:00:00-05:00,4.677480475408153,4.693345521109687,4.469994304858648,4.479910373687744,563010421,0.0,0.0
2005-01-25 00:00:00-05:00,4.510152889250783,4.51758970322678,4.370093050899259,4.390668869018555,427966132,0.0,0.0
2005-01-26 00:00:00-05:00,4.44396540412669,4.695327827166585,4.440990678429683,4.6911139488220215,494161321,0.0,0.0
2005-01-27 00:00:00-05:00,4.679214747726692,4.681694002042338,4.5909648740677556,4.66235876083374,266089645,0.0,0.0
2005-01-28 00:00:00-05:00,4.710449124019864,4.826463899136269,4.619225469518693,4.718382358551025,490158373,0.0,0.0
2005-01-31 00:00:00-05:00,4.801426520328017,4.8676136922917985,4.752591756679847,4.849269866943359,385306832,0.0,0.0
2005-02-01 00:00:00-05:00,4.818530248535808,4.875050511247809,4.7255714944702865,4.757053375244141,756384528,0.0,0.0
2005-02-02 00:00:00-05:00,5.343318763104995,5.374304698144509,5.0485746071511715,5.105589866638184,1316889593,0.0,0.0
2005-02-03 00:00:00-05:00,5.1063338080023595,5.289278481565463,5.101871245053532,5.227056980133057,521471303,0.0,0.0
2005-02-04 00:00:00-05:00,5.11823294098008,5.149962557540426,5.022298036925788,5.065927505493164,594993855,0.0,0.0
2005-02-07 00:00:00-05:00,5.088237889299575,5.116496834010871,4.846542377577892,4.859432697296143,520359150,0.0,0.0
2005-02-08 00:00:00-05:00,4.882486667637949,4.958341213351238,4.8222480059288015,4.924132347106934,460921194,0.0,0.0
2005-02-09 00:00:00-05:00,4.976685286073151,4.997507887572617,4.696567074088313,4.749120235443115,689434520,0.0,0.0
2005-02-10 00:00:00-05:00,4.758788362166217,4.764737813408114,4.592205151160945,4.659879684448242,762154073,0.0,0.0
2005-02-11 00:00:00-05:00,4.627157788340777,4.76746536633534,4.612531895570393,4.645501613616943,526606480,0.0,0.0
2005-02-14 00:00:00-05:00,4.532711397290821,4.78630534859567,4.486851357487737,4.784073829650879,1548269624,0.0,0.0
2005-02-15 00:00:00-05:00,4.799194984470884,4.95388024509808,4.786305139321899,4.839601516723633,1035177611,0.0,0.0
2005-02-16 00:00:00-05:00,4.826463945249962,4.941237195886645,4.816547876580558,4.918431282043457,663770685,0.0,0.0
2005-02-17 00:00:00-05:00,4.904052850934436,4.951648459203398,4.878768633220081,4.905788898468018,418137429,0.0,0.0
2005-02-18 00:00:00-05:00,4.92091040926683,4.929090430094178,4.875050372566469,4.9070281982421875,340708289,0.0,0.0
2005-02-22 00:00:00-05:00,4.871084610620705,4.930577703623063,4.719621803069171,4.74391508102417,541369609,0.0,0.0
2005-02-23 00:00:00-05:00,4.791758088612998,4.821009399077572,4.676735680779539,4.8078718185424805,625776806,0.0,0.0
2005-02-24 00:00:00-05:00,4.5456009917454345,4.70623522728225,4.517341572727384,4.682437896728516,1036442333,0.0,0.0
2005-02-25 00:00:00-05:00,4.688882990163411,4.707970495409569,4.598649335113513,4.607573986053467,400435325,0.0,0.0
2005-02-28 00:00:00-05:00,4.6107974036829855,4.706730885713827,4.607078996481484,4.660127639770508,313908211,0.0,0.0
2005-03-01 00:00:00-05:00,4.692353556439442,4.703756512213886,4.51163946396877,4.612283706665039,373844027,0.0,0.0
2005-03-02 00:00:00-05:00,4.609556865787481,4.6521949140575485,4.5701422277693045,4.5904693603515625,292512314,0.0,0.0
2005-03-03 00:00:00-05:00,4.614019718132613,4.654177565451443,4.568903836506562,4.635833740234375,305484756,0.0,0.0
2005-03-04 00:00:00-05:00,4.628149039423395,4.641783040086707,4.587743457814057,4.608317852020264,271979640,0.0,0.0
2005-03-07 00:00:00-05:00,4.6549222989901855,4.700038656203274,4.636330263163556,4.680454254150391,347995502,0.0,0.0
2005-03-08 00:00:00-05:00,4.687642896876233,4.706234930973647,4.585264028017821,4.5909647941589355,323050350,0.0,0.0
2005-03-09 00:00:00-05:00,4.566424740097629,4.57733175152599,4.466028219968774,4.495527267456055,456119263,0.0,0.0
2005-03-10 00:00:00-05:00,4.48709887511701,4.491808699219995,4.397609844213864,4.461565971374512,440063306,0.0,0.0
2005-03-11 00:00:00-05:00,4.472969028611206,4.485611138372508,4.391412281252155,4.407525062561035,322335682,0.0,0.0
2005-03-14 00:00:00-05:00,4.420663628620052,4.422398252337751,4.277877756949917,4.337867736816406,447535208,0.0,0.0
2005-03-15 00:00:00-05:00,4.345552929533787,4.462061760728388,4.3185317118547575,4.427605152130127,418446584,0.0,0.0
2005-03-16 00:00:00-05:00,4.380256722885634,4.42760459530265,4.338363304868802,4.352989196777344,285317446,0.0,0.0
2005-03-17 00:00:00-05:00,4.39091628445388,4.45313635794482,4.357946569760733,4.444460391998291,331662510,0.0,0.0
2005-03-18 00:00:00-05:00,4.432562286930879,4.471977400991511,4.420167913367557,4.463052749633789,284663002,0.0,0.0
2005-03-21 00:00:00-05:00,4.443965641737764,4.515854058943685,4.393891722613177,4.483876705169678,300470030,0.0,0.0
2005-03-22 00:00:00-05:00,4.491313325354803,4.510153096764395,4.408765161012442,4.427357196807861,226112360,0.0,0.0
2005-03-23 00:00:00-05:00,4.411739203454415,4.468010785460477,4.411739203454415,4.436776638031006,194526410,0.0,0.0
2005-03-24 00:00:00-05:00,4.479414445749074,4.483380588542964,4.442230848554095,4.443470001220703,148763520,0.0,0.0
2005-03-28 00:00:00-05:00,4.503707873147617,4.581050270449453,4.48561130788277,4.497262001037598,350830087,0.0,0.0
2005-03-29 00:00:00-05:00,4.488090312491718,4.543370473112748,4.414218116393963,4.451402187347412,259890496,0.0,0.0
2005-03-30 00:00:00-05:00,4.477926357626821,4.49800622985562,4.452145719025714,4.473216533660889,250378977,0.0,0.0
2005-03-31 00:00:00-05:00,4.41124313397221,4.496518282002698,4.403558584618855,4.474703311920166,271758815,0.0,0.0
2005-04-01 00:00:00-05:00,4.505690799475878,4.535189370589443,4.461813597031023,4.463052749633789,248206866,0.0,0.0
2005-04-04 00:00:00-04:00,4.460822993865362,4.593940075761099,4.458095529081877,4.593196868896484,324266893,0.0,0.0
2005-04-05 00:00:00-04:00,4.653681681357506,4.716398650398321,4.64971553901718,4.674505233764648,350777892,0.0,0.0
2005-04-06 00:00:00-04:00,4.691113983993808,4.701277788397883,4.649963769739787,4.69061803817749,210891521,0.0,0.0
2005-04-07 00:00:00-04:00,4.679710512809185,4.824479690928763,4.676239841654854,4.803160667419434,389141150,0.0,0.0
2005-04-08 00:00:00-04:00,4.801426493775051,4.8363785712345715,4.74589812304717,4.760771751403809,205431131,0.0,0.0
2005-04-11 00:00:00-04:00,4.7865531297917565,4.828942023770841,4.767465622072679,4.790023326873779,217231195,0.0,0.0
2005-04-12 00:00:00-04:00,4.784321018698609,4.819522253123118,4.695327464856449,4.808119297027588,293881426,0.0,0.0
2005-04-13 00:00:00-04:00,4.795971890482159,4.817043179727465,4.703260875502754,4.782586574554443,263214910,0.0,0.0
2005-04-14 00:00:00-04:00,4.791014122860034,4.818034387501051,4.712432583204814,4.7458977699279785,247030473,0.0,0.0
2005-04-15 00:00:00-04:00,4.712432962267201,4.718382413645753,4.577579363805738,4.586007595062256,464831797,0.0,0.0
2005-04-18 00:00:00-04:00,4.575596091723678,4.657400574243364,4.548575824693204,4.634842395782471,262994085,0.0,0.0
2005-04-19 00:00:00-04:00,4.693345404003134,4.75953257527419,4.661118892996625,4.744658946990967,338463908,0.0,0.0
2005-04-20 00:00:00-04:00,4.922644524169514,4.970240128945704,4.8564578354560854,4.910746097564697,620376641,0.0,0.0
2005-04-21 00:00:00-04:00,4.96825775561706,5.08179232405104,4.940989279656941,5.0624566078186035,712737539,0.0,0.0
2005-04-22 00:00:00-04:00,5.525519463329346,5.552787464357029,5.311339699270093,5.349763870239258,1333182435,0.0,0.0
2005-04-25 00:00:00-04:00,5.399590016227122,5.571131255588512,5.3921532024294585,5.541136264801025,796574608,0.0,0.0
2005-04-26 00:00:00-04:00,5.459084049088008,5.503208986067363,5.411240705211818,5.422643661499023,693469588,0.0,0.0
2005-04-27 00:00:00-04:00,5.4038041858158605,5.47470118172561,5.3728177763802805,5.448176860809326,412131000,0.0,0.0
2005-04-28 00:00:00-04:00,5.441236348918974,5.5051924806298596,5.396863196428977,5.43999719619751,348613811,0.0,0.0
2005-04-29 00:00:00-04:00,5.500977853298919,5.509407033838595,5.399590392173301,5.453631401062012,368182886,0.0,0.0
2005-05-02 00:00:00-04:00,5.504448461935274,5.545350940202804,5.458836634107512,5.5103983879089355,392160425,0.0,0.0
2005-05-03 00:00:00-04:00,5.499491045943803,5.655663199687571,5.486352515596756,5.607076644897461,713873782,0.0,0.0
2005-05-04 00:00:00-04:00,5.632856710314595,5.698547931577781,5.627154994974312,5.6643385887146,485151677,0.0,0.0
2005-05-05 00:00:00-04:00,5.667314615649416,5.667314615649416,5.599392340376382,5.626659870147705,301509913,0.0,0.0
2005-05-06 00:00:00-04:00,5.661859721581905,5.682931011468972,5.614017324434773,5.652440547943115,271570110,0.0,0.0
2005-05-09 00:00:00-04:00,5.651945333877662,5.664339233750122,5.588236939277653,5.602862358093262,222302131,0.0,0.0
2005-05-10 00:00:00-04:00,5.589228019606982,5.646986484527588,5.570635984445155,5.646986484527588,254783425,0.0,0.0
2005-05-11 00:00:00-04:00,5.675990228706337,5.750605632596023,5.6502091143164055,5.733501434326172,460873014,0.0,0.0
2005-05-12 00:00:00-04:00,5.7216016660534965,5.756802900998383,5.6569018607689365,5.669793128967285,359269602,0.0,0.0
2005-05-13 00:00:00-04:00,5.681196102856764,5.728542551822703,5.635087382697128,5.682682991027832,297731805,0.0,0.0
2005-05-16 00:00:00-04:00,5.693590327849138,5.74168140612129,5.666074592088838,5.727551460266113,228107811,0.0,0.0
2005-05-17 00:00:00-04:00,5.715405376511369,5.787046055088609,5.706480724728066,5.77911376953125,313526787,0.0,0.0
2005-05-18 00:00:00-04:00,5.791012093870557,5.94867160562139,5.78878057502283,5.928592681884766,494325936,0.0,0.0
2005-05-19 00:00:00-04:00,5.957843955260282,5.978418350087207,5.906529937640068,5.929088115692139,390116793,0.0,0.0
2005-05-20 00:00:00-04:00,5.979410880529852,5.99081383767335,5.940738971309477,5.989326000213623,327763952,0.0,0.0
2005-05-23 00:00:00-04:00,6.027750103306952,6.398100606174888,6.01659488190925,6.332408905029297,858738744,0.0,0.0
2005-05-24 00:00:00-04:00,6.369840439936644,6.5800535898715875,6.284069818527409,6.346043109893799,1166078427,0.0,0.0
2005-05-25 00:00:00-04:00,6.2649820172269255,6.469493457460659,6.21292479269308,6.465279579162598,725023418,0.0,0.0
2005-05-26 00:00:00-04:00,6.468998255612613,6.538407416625321,6.403058342447801,6.425368785858154,543895039,0.0,0.0
2005-05-27 00:00:00-04:00,6.456602636210447,6.595175114624661,6.426607644085074,6.593935012817383,489190760,0.0,0.0
2005-05-31 00:00:00-04:00,6.678962453215318,6.901322247294524,6.677475564973451,6.873310089111328,892805959,0.0,0.0
2005-06-01 00:00:00-04:00,7.020310833472494,7.260518033519738,6.99105904792409,7.139297962188721,1412944285,0.0,0.0
2005-06-02 00:00:00-04:00,7.157394709542445,7.183423085291291,7.055015355861231,7.136819839477539,721658854,0.0,0.0
2005-06-03 00:00:00-04:00,7.109302563143309,7.171524063187666,6.876779926198909,6.947429656982422,754108027,0.0,0.0
2005-06-06 00:00:00-04:00,7.000230927419731,7.281837024588628,6.986348716130468,7.212178707122803,904413304,0.0,0.0
2005-06-07 00:00:00-04:00,7.364881036847096,7.426605648342672,7.196314506199891,7.266219139099121,976566743,0.0,0.0
2005-06-08 00:00:00-04:00,7.259527015861092,7.267955247546025,6.8914065914584315,6.93007755279541,1031889331,0.0,0.0
2005-06-09 00:00:00-04:00,7.057990314283696,7.151693223110664,6.9548668081096086,7.097404479980469,660109011,0.0,0.0
2005-06-10 00:00:00-04:00,7.114261346923039,7.1214504253719655,6.941479999846943,7.002957820892334,509767599,0.0,0.0
2005-06-13 00:00:00-04:00,6.9365222334753165,7.044851030655788,6.854717755905195,7.0091552734375,514047581,0.0,0.0
2005-06-14 00:00:00-04:00,6.906032037243129,6.971722787919295,6.885208483120642,6.900082111358643,405189077,0.0,0.0
2005-06-15 00:00:00-04:00,6.817037942597888,6.874052722050104,6.62938345510861,6.812080383300781,838454999,0.0,0.0
2005-06-16 00:00:00-04:00,6.79869414439958,6.89884292430956,6.76919509826759,6.877523899078369,500364485,0.0,0.0
2005-06-17 00:00:00-04:00,6.916195913955608,6.948421001434326,6.839348992116217,6.948421001434326,418940428,0.0,0.0
2005-06-20 00:00:00-04:00,6.844058294236855,7.131117896484895,6.735977228108122,7.107072830200195,844140229,0.0,0.0
2005-06-21 00:00:00-04:00,7.141033820888915,7.196313980057812,7.064186901133548,7.135331630706787,607560783,0.0,0.0
2005-06-22 00:00:00-04:00,7.180696911984069,7.246388138364793,7.155907689362972,7.171524524688721,420530365,0.0,0.0
2005-06-23 00:00:00-04:00,7.139297993048401,7.308113675938483,7.10211439651653,7.18168830871582,564363474,0.0,0.0
2005-06-24 00:00:00-04:00,7.211188106612557,7.387191451099185,7.1784656481814535,7.3685994148254395,713512433,0.0,0.0
2005-06-27 00:00:00-04:00,7.409500798085597,7.547576851573005,7.284562799402622,7.53840446472168,714785186,0.0,0.0
2005-06-28 00:00:00-04:00,7.592445907553404,7.666070369255695,7.486347198486328,7.486347198486328,764314139,0.0,0.0
2005-06-29 00:00:00-04:00,7.498742509687764,7.545345754994099,7.242173840058869,7.256303787231445,734691521,0.0,0.0
2005-06-30 00:00:00-04:00,7.296462637227214,7.410244947682248,7.214658153909979,7.291752338409424,606039101,0.0,0.0
2005-07-01 00:00:00-04:00,7.3138145362149585,7.343561793492938,7.169541762184654,7.219863414764404,370487492,0.0,0.0
2005-07-05 00:00:00-04:00,7.240934326917093,7.337116013051272,7.194577870353595,7.330423355102539,300883574,0.0,0.0
2005-07-06 00:00:00-04:00,7.369838130094744,7.377274944162845,7.223086106525893,7.226556777954102,321211484,0.0,0.0
2005-07-07 00:00:00-04:00,7.173755807306865,7.332653992953671,7.151940836512983,7.326209545135498,428484066,0.0,0.0
2005-07-08 00:00:00-04:00,7.343809165204126,7.374796522785591,7.2892736369385585,7.343313694000244,299422117,0.0,0.0
2005-07-11 00:00:00-04:00,7.347527497753441,7.352486006456237,7.214161268369096,7.271920680999756,336869956,0.0,0.0
2005-07-12 00:00:00-04:00,7.272911817596284,7.29794924820881,7.2119304207562,7.233001708984375,235475323,0.0,0.0
2005-07-13 00:00:00-04:00,7.251097481873716,7.417929381850513,7.240934626729182,7.408510208129883,459230882,0.0,0.0
2005-07-14 00:00:00-04:00,7.569143413899668,7.604095963657041,7.438504177713858,7.458831310272217,428307406,0.0,0.0
2005-07-15 00:00:00-04:00,7.467507692053287,7.521052753606403,7.431315987726379,7.466268539428711,338801168,0.0,0.0
2005-07-18 00:00:00-04:00,7.436768881388747,7.483869019574942,7.3809932512227485,7.425365924835205,249242734,0.0,0.0
2005-07-19 00:00:00-04:00,7.488827037627809,7.693338010482857,7.481390223205156,7.682182788848877,506748324,0.0,0.0
2005-07-20 00:00:00-04:00,7.574845441380332,7.749361896466684,7.4813902639422905,7.734240531921387,574561556,0.0,0.0
2005-07-21 00:00:00-04:00,7.785057507610235,7.87801721202989,7.714656930945585,7.782331466674805,794543021,0.0,0.0
2005-07-22 00:00:00-04:00,7.594676717097303,7.666070611349498,7.345793538300448,7.49626350402832,938978379,0.0,0.0
2005-07-25 00:00:00-04:00,7.4960153777104495,7.518325820192268,7.311832020493494,7.3338942527771,387800142,0.0,0.0
2005-07-26 00:00:00-04:00,7.313070741516852,7.387190668550214,7.240686387411393,7.339842796325684,394147846,0.0,0.0
2005-07-27 00:00:00-04:00,7.380745678967507,7.39289231796765,7.2483718026747415,7.3606672286987305,289798178,0.0,0.0
2005-07-28 00:00:00-04:00,7.372565381332612,7.372565381332612,7.270185079171247,7.275639533996582,237912424,0.0,0.0
2005-07-29 00:00:00-04:00,7.241925471941195,7.259278353521638,7.114260961900194,7.1333489418029785,335785908,0.0,0.0
2005-08-01 00:00:00-04:00,7.1422726459505395,7.250849176124551,7.141776700177169,7.228786945343018,227344963,0.0,0.0
2005-08-02 00:00:00-04:00,7.2285389561261475,7.424870368011474,7.216640528504837,7.416689872741699,292701018,0.0,0.0
2005-08-03 00:00:00-04:00,7.38719159852763,7.429828703113926,7.327697081264294,7.369838714599609,238113174,0.0,0.0
2005-08-04 00:00:00-04:00,7.326457397316629,7.411979335913639,7.319020583197944,7.380497455596924,210245108,0.0,0.0
2005-08-05 00:00:00-04:00,7.374796331869099,7.399832813873814,7.221350232849268,7.247130870819092,238478538,0.0,0.0
2005-08-08 00:00:00-04:00,7.278118776659981,7.328935900468165,7.2010236433514505,7.219863414764404,179943955,0.0,0.0
2005-08-09 00:00:00-04:00,7.237463936213636,7.255312764929757,7.151941047278547,7.2277960777282715,232038489,0.0,0.0
2005-08-10 00:00:00-04:00,7.221102321080378,7.2466356990991185,7.061956398429569,7.081787586212158,276191367,0.0,0.0
2005-08-11 00:00:00-04:00,7.086992705701873,7.104097377628975,6.956353466168302,7.041380405426025,301722708,0.0,0.0
2005-08-12 00:00:00-04:00,7.024276755059545,7.193834689533698,6.981638705307599,7.181935787200928,264423423,0.0,0.0
2005-08-15 00:00:00-04:00,7.183918883552405,7.257542869835883,7.034439866716577,7.040141582489014,328213631,0.0,0.0
2005-08-16 00:00:00-04:00,7.061956214366847,7.1340923597463055,7.023779778842009,7.081043720245361,285433881,0.0,0.0
2005-08-17 00:00:00-04:00,7.077573797113917,7.103850384042908,7.040141988197714,7.067409992218018,155914222,0.0,0.0
2005-08-18 00:00:00-04:00,6.839596102303116,6.953378874523683,6.81703792616469,6.940735816955566,476692087,0.0,0.0
2005-08-19 00:00:00-04:00,6.96552668929638,6.976929647087063,6.9315655515536925,6.940984725952148,222547046,0.0,0.0
2005-08-22 00:00:00-04:00,6.971722467221172,6.977424182646556,6.7761356886562885,6.792496204376221,273541472,0.0,0.0
2005-08-23 00:00:00-04:00,6.845794253370671,6.934539601574092,6.795223443245683,6.930572509765625,233740846,0.0,0.0
2005-08-24 00:00:00-04:00,6.880747385597746,7.0587340428276555,6.852983435666388,7.004693031311035,345012362,0.0,0.0
2005-08-25 00:00:00-04:00,7.0041965713273635,7.040141012329505,6.940240448721942,7.00518798828125,175720183,0.0,0.0
2005-08-26 00:00:00-04:00,7.027251065409582,7.065427504276742,7.006924405165671,7.029730319976807,150775031,0.0,0.0
2005-08-29 00:00:00-04:00,6.996511996086036,7.167061813929236,6.996511996086036,7.150452613830566,237005036,0.0,0.0
2005-08-30 00:00:00-04:00,7.124176245222985,7.176729413183761,7.086744440507159,7.12120246887207,192398464,0.0,0.0
2005-08-31 00:00:00-04:00,7.144999931258392,7.151693063823999,7.04906503115134,7.089719772338867,202114747,0.0,0.0
2005-09-01 00:00:00-04:00,7.087489946713372,7.1269041156695945,7.064930817679126,7.09591817855835,110095123,0.0,0.0
2005-09-02 00:00:00-04:00,7.102362484790984,7.188629047957409,7.100626911891569,7.150452613830566,137894934,0.0,0.0
2005-09-06 00:00:00-04:00,7.164088069483325,7.173756403076,7.109551587148011,7.117236137390137,169123549,0.0,0.0
2005-09-07 00:00:00-04:00,7.086992827928345,7.325217188071865,7.071871464305235,7.309600353240967,301104399,0.0,0.0
2005-09-08 00:00:00-04:00,7.30860895792028,7.418920592015105,7.272168569165084,7.32249116897583,265523531,0.0,0.0
2005-09-09 00:00:00-04:00,7.369342176389881,7.4144585319617775,7.351493822645583,7.414210796356201,176278267,0.0,0.0
2005-09-12 00:00:00-04:00,7.480150422204307,7.719861663097802,7.461558387759092,7.678215980529785,417017246,0.0,0.0
2005-09-13 00:00:00-04:00,7.659872487860431,7.821745401276831,7.589718699713333,7.7263078689575195,413540262,0.0,0.0
2005-09-14 00:00:00-04:00,7.65317872915113,7.765969616454223,7.4442056808432655,7.511136531829834,452722579,0.0,0.0
2005-09-15 00:00:00-04:00,7.4248711179390545,7.6040969268203105,7.3849600545468705,7.501718044281006,620966845,0.0,0.0
2005-09-16 00:00:00-04:00,7.536421477753271,7.548320379728124,7.433545712625444,7.441726207733154,304328438,0.0,0.0
2005-09-19 00:00:00-04:00,7.461558338578265,7.585503968491374,7.4543692604437455,7.530719757080078,231339881,0.0,0.0
2005-09-20 00:00:00-04:00,7.589223558947178,7.716888090224239,7.566417643014138,7.632853031158447,375441994,0.0,0.0
2005-09-21 00:00:00-04:00,7.645246201736939,7.777869221497591,7.58451301402842,7.731760501861572,406305245,0.0,0.0
2005-09-22 00:00:00-04:00,7.721846097284337,7.91321853934492,7.688876378284767,7.718623161315918,522206047,0.0,0.0
2005-09-23 00:00:00-04:00,7.759029913208897,7.863391623284998,7.748866108994282,7.817531585693359,340623975,0.0,0.0
2005-09-26 00:00:00-04:00,7.920159655801651,7.956103150355776,7.748122461529617,7.790759563446045,397259466,0.0,0.0
2005-09-27 00:00:00-04:00,7.8073679505723845,7.893138576285581,7.768449255079701,7.782331466674805,275954483,0.0,0.0
2005-09-28 00:00:00-04:00,7.789272768581258,7.811086316431655,7.575588937681592,7.585504531860352,321095049,0.0,0.0
2005-09-29 00:00:00-04:00,7.602361642445656,7.702509471895353,7.587488014472225,7.675241470336914,225393676,0.0,0.0
2005-09-30 00:00:00-04:00,7.7892725722551255,7.870580157718048,7.741429226447131,7.844799518585205,367424053,0.0,0.0
2005-10-03 00:00:00-04:00,7.774646511354301,7.935280743127388,7.753822957752777,7.899831771850586,367785402,0.0,0.0
2005-10-04 00:00:00-04:00,7.931314559982349,7.964283802130704,7.703004847998228,7.7094502449035645,367143003,0.0,0.0
2005-10-05 00:00:00-04:00,7.751343946816118,7.806128636039113,7.635082859388145,7.702261447906494,334384676,0.0,0.0
2005-10-06 00:00:00-04:00,7.787288540633013,7.795716771474207,7.686892028156558,7.752831935882568,320950509,0.0,0.0
2005-10-07 00:00:00-04:00,7.803401842390414,7.850006037203268,7.6980477633620605,7.7587809562683105,271827070,0.0,0.0
2005-10-10 00:00:00-04:00,7.766714100141536,7.804145904799976,7.663590598338205,7.700774192810059,223723439,0.0,0.0
2005-10-11 00:00:00-04:00,7.6997830808663155,7.750352942203551,7.557244460211382,7.58798360824585,342984790,0.0,0.0
2005-10-12 00:00:00-04:00,7.56567355599611,7.615003789568026,7.411979241308596,7.460814952850342,373643277,0.0,0.0
2005-10-13 00:00:00-04:00,7.486346806476013,7.486346806476013,7.205733084299298,7.3733086585998535,424292413,0.0,0.0
2005-10-14 00:00:00-04:00,7.434289530495175,7.4424709749316245,7.251841753417757,7.3410820960998535,342041267,0.0,0.0
2005-10-17 00:00:00-04:00,7.374796742558885,7.565673707417635,7.3019159636673585,7.560715198516846,303802474,0.0,0.0
2005-10-18 00:00:00-04:00,7.559724013232897,7.634091682649388,7.504691586668607,7.518078327178955,284173173,0.0,0.0
2005-10-19 00:00:00-04:00,7.5359264813757,7.681439354962649,7.5349341151665,7.652435779571533,281479113,0.0,0.0
2005-10-20 00:00:00-04:00,7.684413941306364,7.71267336017549,7.4667639738983,7.516094207763672,558553779,0.0,0.0
2005-10-21 00:00:00-04:00,8.572116505673932,8.587735241434327,8.25481460375489,8.425860404968262,919128253,0.0,0.0
2005-10-24 00:00:00-04:00,8.511878057283592,8.65887925085353,8.482627219286764,8.642765045166016,378682093,0.0,0.0
2005-10-25 00:00:00-04:00,8.571620103978002,8.611778901884934,8.499235743005572,8.599632263183594,276163262,0.0,0.0
2005-10-26 00:00:00-04:00,8.584014657628986,8.824965525103968,8.581783138911648,8.81108283996582,357635500,0.0,0.0
2005-10-27 00:00:00-04:00,8.839839138784995,8.851985776377962,8.717875393307871,8.75208568572998,206145800,0.0,0.0
2005-10-28 00:00:00-04:00,8.806870492247707,8.898095102249876,8.800673304901006,8.878759384155273,237025111,0.0,0.0
2005-10-31 00:00:00-05:00,8.930072847299334,9.289765039104655,8.911977705857362,9.225064277648926,575866428,0.0,0.0
2005-11-01 00:00:00-05:00,9.21812328458333,9.516585841799122,9.147474025230489,9.404539108276367,656696267,0.0,0.0
2005-11-02 00:00:00-05:00,9.462050734497147,9.543854748161344,9.349755305547646,9.41197681427002,424200069,0.0,0.0
2005-11-03 00:00:00-05:00,9.479651277716128,9.583021578886141,9.45411742278041,9.567403793334961,299052737,0.0,0.0
2005-11-04 00:00:00-05:00,9.66730442493635,9.712173047070413,9.555009950971034,9.678460121154785,354319116,0.0,0.0
2005-11-07 00:00:00-05:00,9.794225099385107,9.8529754548587,9.721096587250116,9.792489051818848,385098052,0.0,0.0
2005-11-08 00:00:00-05:00,9.773153728179816,9.806372131196191,9.632599362986658,9.66532039642334,317084071,0.0,0.0
2005-11-09 00:00:00-05:00,9.585251953457151,9.625410748278547,9.371072663588246,9.398836135864258,420245300,0.0,0.0
2005-11-10 00:00:00-05:00,9.379253866697406,9.701265541716802,9.356199268581705,9.695067405700684,366516664,0.0,0.0
2005-11-11 00:00:00-05:00,9.794721506108043,9.838845973533374,9.639292554672902,9.677716255187988,283615089,0.0,0.0
2005-11-14 00:00:00-05:00,9.720352287432632,9.871567818205405,9.705726395386348,9.840579986572266,313486637,0.0,0.0
2005-11-15 00:00:00-05:00,9.776377179127174,9.841324724225425,9.69134976093351,9.737210273742676,346289130,0.0,0.0
2005-11-16 00:00:00-05:00,9.821494171315852,9.88718587667943,9.769684203745655,9.869832992553711,349111670,0.0,0.0
2005-11-17 00:00:00-05:00,9.960312976518411,10.0101401075268,9.904040922764104,10.001214981079102,369869183,0.0,0.0
2005-11-18 00:00:00-05:00,10.002206014739265,10.027242496725531,9.911974256500633,9.920897483825684,282077347,0.0,0.0
2005-11-21 00:00:00-05:00,9.895117337052023,10.16308943187787,9.75431428912536,10.147719383239746,414953540,0.0,0.0
2005-11-22 00:00:00-05:00,10.130119103483137,10.344794828589889,10.070130066464648,10.32397174835205,385278727,0.0,0.0
2005-11-23 00:00:00-05:00,10.338100945517477,10.528482439153292,10.306866325993239,10.48237419128418,404912042,0.0,0.0
2005-11-25 00:00:00-05:00,10.554758691897646,10.628383627785432,10.542860738240119,10.625160217285156,194329675,0.0,0.0
2005-11-28 00:00:00-05:00,10.654906687963663,10.690106973470078,10.471962019539603,10.497743606567383,441986487,0.0,0.0
2005-11-29 00:00:00-05:00,10.522035956498486,10.570127035628508,9.968740810908324,10.003445625305176,863054861,0.0,0.0
2005-11-30 00:00:00-05:00,10.02129461490718,10.12516132910116,9.805627951906201,10.037406921386719,626202395,0.0,0.0
2005-12-01 00:00:00-05:00,10.14375309409217,10.29843692000461,10.121194917499292,10.264971733093262,391257051,0.0,0.0
2005-12-02 00:00:00-05:00,10.33562142477758,10.399825760615682,10.259271400145764,10.354461669921875,302870996,0.0,0.0
2005-12-05 00:00:00-05:00,10.337108847359328,10.349504170184776,10.021789831105428,10.060708999633789,413118688,0.0,0.0
2005-12-06 00:00:00-05:00,10.131358951778289,10.32248461068467,9.957834861308184,10.028236389160156,607279734,0.0,0.0
2005-12-07 00:00:00-05:00,10.068393859460688,10.081780125116028,9.891150893806667,10.020303726196289,468385066,0.0,0.0
2005-12-08 00:00:00-05:00,10.047074961189205,10.179697036743164,9.981135526817388,10.179697036743164,357735875,0.0,0.0
2005-12-09 00:00:00-05:00,10.287529866751736,10.306865582204724,10.1278865837635,10.143753051757812,306881974,0.0,0.0
2005-12-12 00:00:00-05:00,10.27835874754359,10.292736904741192,10.162345395056334,10.228283882141113,279046027,0.0,0.0
2005-12-13 00:00:00-05:00,10.225557666135517,10.361898624853037,10.204239115493321,10.34925651550293,327775997,0.0,0.0
2005-12-14 00:00:00-05:00,10.338100796618978,10.40478438760116,10.299677099085034,10.385695457458496,266210095,0.0,0.0
2005-12-15 00:00:00-05:00,10.389414327684152,10.48931442247712,10.324714519976071,10.474688529968262,242738446,0.0,0.0
2005-12-16 00:00:00-05:00,10.543852026146764,10.721342733696018,10.479647685686395,10.663087844848633,655668429,0.0,0.0
2005-12-19 00:00:00-05:00,10.713904670421442,11.061202444082303,10.414202504116968,10.525506973266602,880760980,0.0,0.0
2005-12-20 00:00:00-05:00,10.606321763418693,10.71390641953977,10.527242841054097,10.652924537658691,404899997,0.0,0.0
2005-12-21 00:00:00-05:00,10.747370819212472,10.829423512292392,10.429077064884357,10.568392753601074,450558497,0.0,0.0
2005-12-22 00:00:00-05:00,10.703246344702096,10.730266611827657,10.558477625062146,10.709939002990723,302995460,0.0,0.0
2005-12-23 00:00:00-05:00,10.712665364628169,10.72134180567586,10.629126262835213,10.682422637939453,184492943,0.0,0.0
2005-12-27 00:00:00-05:00,10.705476859091359,10.705476859091359,10.479896024032739,10.526498794555664,269116950,0.0,0.0
2005-12-28 00:00:00-05:00,10.51906140046918,10.604336549676265,10.442711377073186,10.577316284179688,285783185,0.0,0.0
2005-12-29 00:00:00-05:00,10.609294897500375,10.627886458943674,10.39090218773149,10.41519546508789,278873383,0.0,0.0
2005-12-30 00:00:00-05:00,10.343801778403815,10.36710411268642,10.256297004574352,10.28406047821045,304621533,0.0,0.0
2006-01-03 00:00:00-05:00,10.473945442477735,10.799923739143805,10.367352688408227,10.789017677307129,526815259,0.0,0.0
2006-01-04 00:00:00-05:00,11.003939604154674,11.129373557185174,10.901064779097506,11.03715705871582,613747887,0.0,0.0
2006-01-05 00:00:00-05:00,11.055996077852946,11.193576654259013,10.944443874343227,11.185892105102539,433952486,0.0,0.0
2006-01-06 00:00:00-05:00,11.325455846851847,11.663334007424279,11.23547086710151,11.543354034423828,712938289,0.0,0.0
2006-01-09 00:00:00-05:00,11.561945272984767,11.73522162008994,11.42634751892432,11.574091911315918,513593887,0.0,0.0
2006-01-10 00:00:00-05:00,11.512615618049244,11.657135652114041,11.45361657512605,11.644989013671875,365247927,0.0,0.0
2006-01-11 00:00:00-05:00,11.682420084609442,11.77761130124936,11.630611072784928,11.691344261169434,361646478,0.0,0.0
2006-01-12 00:00:00-05:00,11.743154304663658,11.774637610164973,11.440230593740619,11.49303150177002,406530084,0.0,0.0
2006-01-13 00:00:00-05:00,11.50988755254545,11.57384415455338,11.442957174041315,11.557979583740234,307411953,0.0,0.0
2006-01-17 00:00:00-05:00,11.478900549838526,11.64845991154758,11.465762969226255,11.579297065734863,332051965,0.0,0.0
2006-01-18 00:00:00-05:00,11.08822417554466,11.337603777612403,10.98782765258625,11.028977394104004,822499417,0.0,0.0
2006-01-19 00:00:00-05:00,11.18415613450431,11.241667809546394,10.733736761531915,10.819259643554688,583671575,0.0,0.0
2006-01-20 00:00:00-05:00,10.875037210025507,10.908005982237022,9.785302254703915,9.902307510375977,1650832619,0.0,0.0
2006-01-23 00:00:00-05:00,10.098636752517276,10.6194576486706,10.057734751892099,10.597394943237305,913065614,0.0,0.0
2006-01-24 00:00:00-05:00,10.808847263881356,11.029966942393107,10.77042451744891,10.982372283935547,620902605,0.0,0.0
2006-01-25 00:00:00-05:00,11.18638789324358,11.260011875056854,10.640033138279092,10.733736991882324,752401655,0.0,0.0
2006-01-26 00:00:00-05:00,10.895858941816046,10.907014638411484,10.49972682843796,10.765219688415527,518982008,0.0,0.0
2006-01-27 00:00:00-05:00,10.783314793534016,10.863135964251004,10.634083991687348,10.745882987976074,339355237,0.0,0.0
2006-01-30 00:00:00-05:00,10.64028100072327,10.740677513334344,10.535423348970722,10.58053970336914,344843732,0.0,0.0
2006-01-31 00:00:00-05:00,10.673499401491995,10.897346075098584,10.509890445612834,10.72530746459961,885948351,0.0,0.0
2006-02-01 00:00:00-05:00,9.643754712182103,9.9652709126442,9.606322906762985,9.959816932678223,1088966472,0.0,0.0
2006-02-02 00:00:00-05:00,10.010387565728907,10.076822472994195,9.816039454484814,9.817526817321777,474078326,0.0,0.0
2006-02-03 00:00:00-05:00,9.757536876934099,9.764478219930975,9.235723101935982,9.458331108093262,734012987,0.0,0.0
2006-02-06 00:00:00-05:00,9.551538608385535,9.66532044289509,9.409000459259785,9.546333312988281,358956433,0.0,0.0
2006-02-07 00:00:00-05:00,9.494027742661153,9.51162741185973,9.007166523679532,9.120453834533691,667701363,0.0,0.0
2006-02-08 00:00:00-05:00,9.134335394488042,9.189120082609444,8.79199611246064,9.149209022521973,835283155,0.0,0.0
2006-02-09 00:00:00-05:00,9.20176186161064,9.281086609373332,8.827692502928533,8.893631935119629,478282024,0.0,0.0
2006-02-10 00:00:00-05:00,8.972461942663648,9.035674383412662,8.754068308496668,8.988821983337402,611222457,0.0,0.0
2006-02-13 00:00:00-05:00,8.592938677326035,8.691103667991339,8.475189286467376,8.569636344909668,791668286,0.0,0.0
2006-02-14 00:00:00-05:00,8.560464413581771,8.718123912886265,8.487832324995436,8.510638236999512,588357072,0.0,0.0
2006-02-15 00:00:00-05:00,8.459820426650612,8.577073400455822,8.374545277743586,8.487337112426758,519821141,0.0,0.0
2006-02-16 00:00:00-05:00,8.568893081880017,9.097646255809527,8.539641298756067,9.084260940551758,855815829,0.0,0.0
2006-02-17 00:00:00-05:00,9.16854509625591,9.22506393580877,9.013860307853676,9.141029357910156,574955025,0.0,0.0
2006-02-21 00:00:00-05:00,9.083765473866453,9.259768796340584,9.050795758527594,9.087483406066895,348742290,0.0,0.0
2006-02-22 00:00:00-05:00,9.101365688169928,9.145986572325453,9.019809418667796,9.060215950012207,260018976,0.0,0.0
2006-02-23 00:00:00-05:00,9.063191424687911,9.450647094514881,9.057738393403922,9.372065544128418,503945859,0.0,0.0
2006-02-24 00:00:00-05:00,9.35297709325593,9.421642570956402,9.258530026640303,9.35545539855957,260344190,0.0,0.0
2006-02-27 00:00:00-05:00,9.45138987447442,9.70994137830532,9.426847912679778,9.677220344543457,410019113,0.0,0.0
2006-02-28 00:00:00-05:00,9.747124724178137,9.854710313383046,8.391401645388921,8.989069938659668,1583416872,0.0,0.0
2006-03-01 00:00:00-05:00,9.13631923798967,9.158381944582066,8.95634833759108,9.043111801147461,484256334,0.0,0.0
2006-03-02 00:00:00-05:00,9.030221292024658,9.447176465736964,8.978659063146553,9.33190631866455,735960259,0.0,0.0
2006-03-03 00:00:00-05:00,9.526501212264026,9.599381992357042,9.314801164231968,9.374792098999023,480273461,0.0,0.0
2006-03-06 00:00:00-05:00,9.442467609770372,9.504191751027923,9.101119222131835,9.124917030334473,358928328,0.0,0.0
2006-03-07 00:00:00-05:00,9.048565694879063,9.133593118946083,8.878263111115622,9.034435272216797,416708092,0.0,0.0
2006-03-08 00:00:00-05:00,8.773652881067283,8.924867476854784,8.689617351580642,8.77241325378418,471585016,0.0,0.0
2006-03-09 00:00:00-05:00,8.809845565672946,8.887683912372792,8.465523406658447,8.502707481384277,558501584,0.0,0.0
2006-03-10 00:00:00-05:00,8.515101729421696,8.53989142859499,8.218870661749612,8.366365432739258,775921484,0.0,0.0
2006-03-13 00:00:00-05:00,8.451392694503365,8.579552693631525,8.31554814505791,8.35545825958252,547741403,0.0,0.0
2006-03-14 00:00:00-05:00,8.35744013550224,8.734979652460547,8.245392469461475,8.704984664916992,740794310,0.0,0.0
2006-03-15 00:00:00-05:00,8.695317325657943,8.733246500019911,8.44147566181549,8.53989028930664,512666424,0.0,0.0
2006-03-16 00:00:00-05:00,8.64177275836436,8.645242954914341,8.376279942007155,8.397847175598145,402169802,0.0,0.0
2006-03-17 00:00:00-05:00,8.398590931352775,8.47246359950003,8.302656506180455,8.423131942749023,343350155,0.0,0.0
2006-03-20 00:00:00-05:00,8.486344561237246,8.67846210031519,8.466513373395328,8.631361961364746,417864410,0.0,0.0
2006-03-21 00:00:00-05:00,8.676478143032083,8.717380145106414,8.405532278413965,8.42635440826416,394717975,0.0,0.0
2006-03-22 00:00:00-05:00,8.422140943146562,8.52997426988257,8.366364364423525,8.433791160583496,304978867,0.0,0.0
2006-03-23 00:00:00-05:00,8.486593600233508,8.570877822568711,8.433297215399318,8.475191116333008,298502683,0.0,0.0
2006-03-24 00:00:00-05:00,9.137805761537024,9.174246625488312,8.986343437551954,9.067900657653809,609500025,0.0,0.0
2006-03-27 00:00:00-05:00,9.099877463084109,9.214404388231019,9.048068454594947,9.164329528808594,282001062,0.0,0.0
2006-03-28 00:00:00-05:00,9.214404977080786,9.36685823614083,9.201018712247121,9.350497245788574,359173242,0.0,0.0
2006-03-29 00:00:00-05:00,9.41841954457338,9.890902584917143,9.40776026962504,9.791250228881836,763952790,0.0,0.0
2006-03-30 00:00:00-05:00,9.647720971248164,9.754562414085223,9.509397172233891,9.629129409790039,590673723,0.0,0.0
2006-03-31 00:00:00-05:00,9.636565327496996,9.71415497667327,9.519806877394558,9.66779899597168,1466331647,0.0,0.0
2006-04-03 00:00:00-04:00,9.656149793420756,9.729029626424376,9.616486466316458,9.66036319732666,326125835,0.0,0.0
2006-04-04 00:00:00-04:00,9.665320213159937,10.03715901928949,9.621692169404923,10.023277282714844,630984252,0.0,0.0
2006-04-05 00:00:00-04:00,10.118963382127125,10.276870618016936,9.98559715670804,10.113758087158203,538430634,0.0,0.0
2006-04-06 00:00:00-04:00,10.076575663079907,10.260015830919146,10.050299549998734,10.19283676147461,345229172,0.0,0.0
2006-04-07 00:00:00-04:00,10.223326227828682,10.234234188020551,10.015345065858458,10.06839370727539,282089392,0.0,0.0
2006-04-10 00:00:00-04:00,10.091200805083005,10.341323603281403,10.045835763179909,10.32174015045166,374201361,0.0,0.0
2006-04-11 00:00:00-04:00,10.322732682716982,10.389166646078275,10.069881929536553,10.155157089233398,445953300,0.0,0.0
2006-04-12 00:00:00-04:00,10.138795703327359,10.196555120703893,10.044348633935483,10.137556076049805,241582128,0.0,0.0
2006-04-13 00:00:00-04:00,10.129622867402862,10.157634075101814,9.928086636943194,9.969236373901367,263098475,0.0,0.0
2006-04-17 00:00:00-04:00,10.001214887831782,10.225557995550323,9.93651507782342,10.084754943847656,331618345,0.0,0.0
2006-04-18 00:00:00-04:00,10.112270070015922,10.159370207593794,9.952875466748937,10.020798683166504,326724069,0.0,0.0
2006-04-19 00:00:00-04:00,10.227293158812387,10.253817954923772,10.082523488828325,10.175979614257812,272284779,0.0,0.0
2006-04-20 00:00:00-04:00,10.188621747029737,10.312319640741707,10.118963433912633,10.287529945373535,492699864,0.0,0.0
2006-04-21 00:00:00-04:00,11.127885089003584,11.173001445960049,10.812319275100096,10.835372924804688,905433112,0.0,0.0
2006-04-24 00:00:00-04:00,10.89238685136051,11.023769288801635,10.820993442931112,10.919655799865723,354780840,0.0,0.0
2006-04-25 00:00:00-04:00,10.89808914222157,10.933041692355753,10.560211959781741,10.588967323303223,384194678,0.0,0.0
2006-04-26 00:00:00-04:00,10.603346904757526,10.660361219092875,10.498983762341792,10.559469223022461,292203159,0.0,0.0
2006-04-27 00:00:00-04:00,10.483613419051567,10.58277030478683,10.396354486360273,10.41222095489502,334766100,0.0,0.0
2006-04-28 00:00:00-04:00,10.377514887163041,10.553518211819584,10.319756425295703,10.360410690307617,297964674,0.0,0.0
2006-05-01 00:00:00-04:00,10.373548097368918,10.397594585488685,9.879747474513142,9.888422966003418,416001453,0.0,0.0
2006-05-02 00:00:00-04:00,9.942465623039293,9.977418176269643,9.628137532048196,9.786788940429688,526136725,0.0,0.0
2006-05-03 00:00:00-04:00,9.825211152817095,9.95287566922308,9.689614351179848,9.771171569824219,324098263,0.0,0.0
2006-05-04 00:00:00-04:00,9.792488603377054,9.88767981734753,9.72258350479599,9.785548210144043,186777474,0.0,0.0
2006-05-05 00:00:00-04:00,9.856199002101317,9.932549983823643,9.711925745101226,9.774394989013672,243509324,0.0,0.0
2006-05-08 00:00:00-04:00,9.79447209622979,9.844298271226789,9.669038160430393,9.78629207611084,205511431,0.0,0.0
2006-05-09 00:00:00-04:00,9.809098106485642,10.138794305463907,9.760758344397468,10.13383674621582,366994449,0.0,0.0
2006-05-10 00:00:00-04:00,10.121690537905764,10.205973794586404,9.961799516301559,9.98956298828125,248415646,0.0,0.0
2006-05-11 00:00:00-04:00,10.000471526210536,10.032450301887648,9.543358510248128,9.593432426452637,357045296,0.0,0.0
2006-05-12 00:00:00-04:00,9.507662286693877,9.540632006493373,9.26001778476305,9.274395942687988,405016432,0.0,0.0
2006-05-15 00:00:00-04:00,9.319016680031014,9.423626604610499,9.128635178887476,9.325708389282227,344891912,0.0,0.0
2006-05-16 00:00:00-04:00,9.320502841584668,9.342070077541043,9.169288250992018,9.204241752624512,260617209,0.0,0.0
2006-05-17 00:00:00-04:00,9.187137518356826,9.415942735654228,9.177470133441396,9.283567428588867,427347823,0.0,0.0
2006-05-18 00:00:00-04:00,9.389665527756474,9.464776875950216,9.189615702062246,9.19655704498291,234274840,0.0,0.0
2006-05-19 00:00:00-04:00,9.253324169472986,9.283566899036586,8.938253814462572,9.172511100769043,457636930,0.0,0.0
2006-05-22 00:00:00-04:00,9.118718776476909,9.247126502651845,9.054266703190118,9.195565223693848,345466056,0.0,0.0
2006-05-23 00:00:00-04:00,9.276378313403884,9.51608956834841,9.260265057743773,9.310338973999023,360666820,0.0,0.0
2006-05-24 00:00:00-04:00,9.354216719477698,9.505182625335875,9.211926305949206,9.450894355773926,383584400,0.0,0.0
2006-05-25 00:00:00-04:00,9.397101773410206,9.494274873349497,9.229278468854787,9.494027137756348,329012615,0.0,0.0
2006-05-26 00:00:00-04:00,9.532698652284818,9.565668368389233,9.420650974813165,9.453372955322266,147229793,0.0,0.0
2006-05-30 00:00:00-04:00,9.37727016349476,9.444696961646843,9.20795948670413,9.22010612487793,173287097,0.0,0.0
2006-05-31 00:00:00-04:00,9.266213630167412,9.3765252565032,9.092193143244986,9.217130661010742,320448635,0.0,0.0
2006-06-01 00:00:00-04:00,9.259768415344325,9.494026609688596,9.211677339235854,9.484854698181152,252061259,0.0,0.0
2006-06-02 00:00:00-04:00,9.589466042521373,9.595416443209944,9.356696125140573,9.406025886535645,256413512,0.0,0.0
2006-06-05 00:00:00-04:00,9.325212268372798,9.455851509070166,9.274890618309502,9.282079696655273,223173385,0.0,0.0
2006-06-06 00:00:00-04:00,9.335128768438109,9.667799729937016,9.328187425373134,9.66755199432373,411930250,0.0,0.0
2006-06-07 00:00:00-04:00,9.748116895918727,9.7882747421498,9.581037741082172,9.58128547668457,357788070,0.0,0.0
2006-06-08 00:00:00-04:00,9.612022701657013,9.773648809339154,9.384953586890301,9.749603271484375,415933198,0.0,0.0
2006-06-09 00:00:00-04:00,9.722087928599688,9.802404565341206,9.552529529724822,9.582772254943848,247223193,0.0,0.0
2006-06-12 00:00:00-04:00,9.62664967223836,9.679946048584661,9.444696887488504,9.458083152770996,201516513,0.0,0.0
2006-06-13 00:00:00-04:00,9.442218695836807,9.59343233462329,9.373303585397458,9.581533432006836,307512327,0.0,0.0
2006-06-14 00:00:00-04:00,9.6635858934676,9.695067298517206,9.383219430997594,9.528732299804688,312045255,0.0,0.0
2006-06-15 00:00:00-04:00,9.58401227363249,9.723575688577757,9.494275036658175,9.692588806152344,272445379,0.0,0.0
2006-06-16 00:00:00-04:00,9.645489679353753,9.690853769323768,9.618221678251947,9.685152053833008,212979318,0.0,0.0
2006-06-19 00:00:00-04:00,9.688871723292568,9.786788989458831,9.592937291257957,9.621692657470703,306468429,0.0,0.0
2006-06-20 00:00:00-04:00,9.618965259603286,9.714155531567252,9.581285717627223,9.59764575958252,162201701,0.0,0.0
2006-06-21 00:00:00-04:00,9.694076447712627,10.014849444192214,9.661602201590277,9.968493461608887,351087046,0.0,0.0
2006-06-22 00:00:00-04:00,9.954859082620839,10.064426556519562,9.618221528452493,9.91445255279541,237362370,0.0,0.0
2006-06-23 00:00:00-04:00,9.9841103997096,10.15738674460524,9.934035535004831,10.036168098449707,213388847,0.0,0.0
2006-06-26 00:00:00-04:00,10.083019752354621,10.121443450858047,9.996257235796206,10.020303726196289,142580431,0.0,0.0
2006-06-27 00:00:00-04:00,10.057238236962148,10.11400671048999,9.940729411719333,9.973203659057617,164899777,0.0,0.0
2006-06-28 00:00:00-04:00,10.015097181631226,10.076326792283444,9.94370376694131,10.067153930664062,148976315,0.0,0.0
2006-06-29 00:00:00-04:00,10.113759037270576,10.36685656253662,10.059965289133782,10.357189178466797,267326263,0.0,0.0
2006-06-30 00:00:00-04:00,10.302404615963658,10.394868850708008,10.221343813095494,10.394868850708008,251258261,0.0,0.0
2006-07-03 00:00:00-04:00,10.412468956048933,10.504932237052893,10.397843063497655,10.490802764892578,86591354,0.0,0.0
2006-07-05 00:00:00-04:00,10.449155442842573,10.480886481714279,10.303394839063527,10.44766902923584,200171490,0.0,0.0
2006-07-06 00:00:00-04:00,10.495265587627584,10.544843086049696,10.460560769224925,10.490555763244629,148036806,0.0,0.0
2006-07-07 00:00:00-04:00,10.56145146952103,10.607063294023382,10.309344909256602,10.42263126373291,242581861,0.0,0.0
2006-07-10 00:00:00-04:00,10.496750701342117,10.54112384781722,10.321739268084249,10.36685562133789,178121149,0.0,0.0
2006-07-11 00:00:00-04:00,10.374540200028187,10.536661789489617,10.238695668696348,10.524515151977539,239747276,0.0,0.0
2006-07-12 00:00:00-04:00,10.463285549389242,10.479398803941889,10.330415743469253,10.343305587768555,197003661,0.0,0.0
2006-07-13 00:00:00-04:00,10.262741547640182,10.370326190474644,10.085002168941429,10.134580612182617,278018189,0.0,0.0
2006-07-14 00:00:00-04:00,10.17176447829077,10.20051984191004,9.881234218222511,10.00245475769043,303216285,0.0,0.0
2006-07-17 00:00:00-04:00,10.030465477671655,10.188373658071347,10.007907301782911,10.111278533935547,233347377,0.0,0.0
2006-07-18 00:00:00-04:00,10.157386898118586,10.177714506707657,9.859668492139898,9.991299629211426,342751921,0.0,0.0
2006-07-19 00:00:00-04:00,9.791992426503043,9.943950199228583,9.783315986408573,9.890901565551758,342017177,0.0,0.0
2006-07-20 00:00:00-04:00,10.021789852167759,10.025756469381665,9.560214758046254,9.596406936645508,503427925,0.0,0.0
2006-07-21 00:00:00-04:00,9.572113766417315,9.711182678873643,9.362645221377473,9.670527458190918,471946365,0.0,0.0
2006-07-24 00:00:00-04:00,9.737705818235879,9.76423061416466,9.44990347709588,9.690110206604004,324656348,0.0,0.0
2006-07-25 00:00:00-04:00,9.544349032658856,9.700273439343713,9.514106305943006,9.651934623718262,231307761,0.0,0.0
2006-07-26 00:00:00-04:00,9.623179034527666,9.715146839698807,9.494274896424706,9.55624771118164,222105397,0.0,0.0
2006-07-27 00:00:00-04:00,9.602604015324088,9.605578740906374,9.369089955471877,9.479401588439941,226489769,0.0,0.0
2006-07-28 00:00:00-04:00,9.469485738628714,9.656892505458764,9.462793080503408,9.621196746826172,163956253,0.0,0.0
2006-07-31 00:00:00-04:00,9.618221885802079,9.647224985901156,9.50195985144432,9.583516120910645,184500973,0.0,0.0
2006-08-01 00:00:00-04:00,9.546581355415144,9.562942347327263,9.30860424041748,9.30860424041748,219347097,0.0,0.0
2006-08-02 00:00:00-04:00,9.310834428930237,9.349754547564261,9.05302708471245,9.103349685668945,284976172,0.0,0.0
2006-08-03 00:00:00-04:00,9.047573706623023,9.368098013441895,9.007414911478422,9.305628776550293,254028606,0.0,0.0
2006-08-04 00:00:00-04:00,9.409000404004981,9.436763877651144,9.215396447779082,9.267454147338867,204571922,0.0,0.0
2006-08-07 00:00:00-04:00,9.209199052673096,9.413214544200452,9.200522611412778,9.36909008026123,158467758,0.0,0.0
2006-08-08 00:00:00-04:00,9.48981277967416,9.531458936297605,9.397349503593473,9.444696426391602,230589077,0.0,0.0
2006-08-09 00:00:00-04:00,9.48931649548186,9.535921161348268,9.32967415837247,9.3440523147583,173086347,0.0,0.0
2006-08-10 00:00:00-04:00,9.26819648871261,9.362148074758073,9.232996204130606,9.276129722595215,171114986,0.0,0.0
2006-08-11 00:00:00-04:00,9.281087514301452,9.302902486488172,9.122437054128747,9.134831428527832,151224711,0.0,0.0
2006-08-14 00:00:00-04:00,9.209199089550959,9.299184065384656,9.139045301549855,9.15788459777832,199476896,0.0,0.0
2006-08-15 00:00:00-04:00,9.273898693905275,9.461304487183604,9.23646594335059,9.443951606750488,268932260,0.0,0.0
2006-08-16 00:00:00-04:00,9.506173160416697,9.629375574881504,9.472460240001586,9.611279487609863,235005569,0.0,0.0
2006-08-17 00:00:00-04:00,9.578310355223577,9.667798905525778,9.517080747640902,9.563684463500977,203969673,0.0,0.0
2006-08-18 00:00:00-04:00,9.576329052130289,9.595664770730385,9.438500716433335,9.50320053100586,198830482,0.0,0.0
2006-08-21 00:00:00-04:00,9.372807986709422,9.395118428811848,9.301415521160221,9.35297679901123,161535213,0.0,0.0
2006-08-22 00:00:00-04:00,9.363635963888068,9.401563240425837,9.291994814400079,9.377517700195312,167188323,0.0,0.0
2006-08-23 00:00:00-04:00,9.361404109080132,9.377021892396401,9.237953951178467,9.257041931152344,146238089,0.0,0.0
2006-08-24 00:00:00-04:00,9.282079300593079,9.330665850191862,9.228037822094082,9.26447868347168,139822131,0.0,0.0
2006-08-25 00:00:00-04:00,9.248365556108691,9.303894398096467,9.233988349011689,9.252827644348145,99037832,0.0,0.0
2006-08-28 00:00:00-04:00,9.311082308628395,9.44345760345459,9.295960944382134,9.44345760345459,167184308,0.0,0.0
2006-08-29 00:00:00-04:00,9.439242070159539,9.47741802860127,9.350496729870464,9.393877983093262,179068687,0.0,0.0
2006-08-30 00:00:00-04:00,9.400324439683496,9.535178994161797,9.382972505068555,9.43850040435791,162382376,0.0,0.0
2006-08-31 00:00:00-04:00,9.456843926223412,9.473204917817398,9.37528765304768,9.383467674255371,118839777,0.0,0.0
2006-09-01 00:00:00-04:00,9.444449184804965,9.451637314092187,9.350249856288963,9.385202407836914,107316747,0.0,0.0
2006-09-05 00:00:00-04:00,9.416684910295483,9.5537700269726,9.356448139137006,9.527989387512207,163582859,0.0,0.0
2006-09-06 00:00:00-04:00,9.471965499842648,9.498985767754505,9.411479091977998,9.423378944396973,149522354,0.0,0.0
2006-09-07 00:00:00-04:00,9.404786293959269,9.463287962547234,9.355454639003849,9.382475852966309,154256030,0.0,0.0
2006-09-08 00:00:00-04:00,9.338598370129509,9.43949130245023,9.338598370129509,9.366610527038574,123798294,0.0,0.0
2006-09-11 00:00:00-04:00,9.376775508528752,9.53617013066286,9.364628869297587,9.521296501159668,181847062,0.0,0.0
2006-09-12 00:00:00-04:00,9.543854234676438,9.735474412319606,9.540879508914928,9.714900016784668,218503948,0.0,0.0
2006-09-13 00:00:00-04:00,9.795462642159364,10.08326588420569,9.794223964296377,10.078556060791016,392192544,0.0,0.0
2006-09-14 00:00:00-04:00,10.022285083521329,10.071368055007191,9.963534728604792,10.014352798461914,215448538,0.0,0.0
2006-09-15 00:00:00-04:00,10.101114737781314,10.164822648600815,10.082770914355791,10.160609245300293,314703180,0.0,0.0
2006-09-18 00:00:00-04:00,10.163585102392133,10.37900308219335,10.15044562314371,10.27984619140625,285333506,0.0,0.0
2006-09-19 00:00:00-04:00,10.298933682431223,10.29967688923333,9.735721506501948,10.010139465332031,573858932,0.0,0.0
2006-09-20 00:00:00-04:00,10.091697267469,10.098886346874789,9.782327659989935,9.841325759887695,367283528,0.0,0.0
2006-09-21 00:00:00-04:00,9.923129475838206,10.12516118560309,9.912222464873116,10.085498809814453,429287065,0.0,0.0
2006-09-22 00:00:00-04:00,10.039142855882352,10.10037246735032,9.949405615115241,10.009395599365234,186681114,0.0,0.0
2006-09-25 00:00:00-04:00,10.054016122116066,10.149949597161534,9.977665149530901,10.014352798461914,230352192,0.0,0.0
2006-09-26 00:00:00-04:00,10.052033109691116,10.106074594013883,9.959568875120075,10.085994720458984,212369039,0.0,0.0
2006-09-27 00:00:00-04:00,10.071863043272623,10.193826784753133,9.974441260947561,9.988076210021973,235949093,0.0,0.0
2006-09-28 00:00:00-04:00,10.016832770036624,10.088721659452299,9.929078360187573,10.004437446594238,205061752,0.0,0.0
2006-09-29 00:00:00-04:00,10.042861296341869,10.05500793402298,9.950644805189983,9.962791442871094,132932403,0.0,0.0
2006-10-02 00:00:00-04:00,9.962791790357679,10.064426983632988,9.935523788523362,9.951388359069824,146623529,0.0,0.0
2006-10-03 00:00:00-04:00,9.947670525134665,10.075830514696479,9.87082312934062,10.015840530395508,219407321,0.0,0.0
2006-10-04 00:00:00-04:00,10.038894702442482,10.306618101596383,9.991299093996087,10.304883003234863,267470802,0.0,0.0
2006-10-05 00:00:00-04:00,10.280093377985992,10.367847781661213,10.184903109618531,10.208453178405762,232460064,0.0,0.0
2006-10-06 00:00:00-04:00,10.16903841690339,10.458824547463115,10.15738724936233,10.423871994018555,294559960,0.0,0.0
2006-10-09 00:00:00-04:00,10.530466154236352,10.707709132800108,10.496256806181021,10.634580612182617,304468963,0.0,0.0
2006-10-10 00:00:00-04:00,10.6980385661317,10.853962959466548,10.4707217148477,10.576324462890625,393011603,0.0,0.0
2006-10-11 00:00:00-04:00,10.53591938946624,10.657138038275434,10.504683820359812,10.572607040405273,226260915,0.0,0.0
2006-10-12 00:00:00-04:00,10.623672591797874,10.651437014121974,10.510633966827811,10.595909118652344,194486260,0.0,0.0
2006-10-13 00:00:00-04:00,10.60384117522355,10.646974696007746,10.54930422335643,10.592437744140625,145443121,0.0,0.0
2006-10-16 00:00:00-04:00,10.602354491558042,10.639538563581368,10.444694975357748,10.454858779907227,173423607,0.0,0.0
2006-10-17 00:00:00-04:00,10.418912760132205,10.504435646059413,10.329671941815295,10.427342414855957,209221284,0.0,0.0
2006-10-18 00:00:00-04:00,10.485595632458145,10.529224621632416,10.349503370110318,10.39437198638916,241594173,0.0,0.0
2006-10-19 00:00:00-04:00,10.417179826845915,10.646975981201496,10.400818834228701,10.561700820922852,461864718,0.0,0.0
2006-10-20 00:00:00-04:00,11.378008578226943,11.405525265060882,11.244147822420908,11.394865989685059,467662368,0.0,0.0
2006-10-23 00:00:00-04:00,11.459563921362017,12.013851891118854,11.412217948789229,11.91816520690918,606444615,0.0,0.0
2006-10-24 00:00:00-04:00,11.806614245959688,11.845781148400876,11.685891077561388,11.732990264892578,347706422,0.0,0.0
2006-10-25 00:00:00-04:00,11.836609444646111,12.109539110454921,11.777612298800056,12.062439918518066,368877480,0.0,0.0
2006-10-26 00:00:00-04:00,12.089210849696897,12.195308122609761,12.002944762911612,12.02525520324707,282322262,0.0,0.0
2006-10-27 00:00:00-04:00,11.995508065858214,12.028725516509374,11.712662365791367,11.779841423034668,265150137,0.0,0.0
2006-10-30 00:00:00-05:00,11.770422411961615,11.910233564466933,11.6511866028296,11.813802719116211,263508004,0.0,0.0
2006-10-31 00:00:00-05:00,11.850738903309718,11.952375042529956,11.746128038559341,11.809341430664062,252358369,0.0,0.0
2006-11-01 00:00:00-05:00,11.86809225733708,11.877264169890058,11.533437520242938,11.58896541595459,217865564,0.0,0.0
2006-11-02 00:00:00-05:00,11.588965142663657,11.743401238776697,11.561201670051835,11.648707389831543,210253137,0.0,0.0
2006-11-03 00:00:00-05:00,11.706217822830492,11.743897362812042,11.52847939777961,11.695558547973633,197043811,0.0,0.0
2006-11-06 00:00:00-05:00,11.744394784310959,11.890403132832992,11.708698075229163,11.823224067687988,200408375,0.0,0.0
2006-11-07 00:00:00-05:00,11.82322286935703,11.874537358050489,11.694814203595389,11.714646339416504,196618221,0.0,0.0
2006-11-08 00:00:00-05:00,11.659614085482838,11.941963373833145,11.616232830167922,11.774884223937988,319794191,0.0,0.0
2006-11-09 00:00:00-05:00,11.81206849571793,11.886187949666494,11.697046090880555,11.716134071350098,195899538,0.0,0.0
2006-11-10 00:00:00-05:00,11.744641954575172,11.767943339096169,11.658127176175428,11.738940238952637,112287309,0.0,0.0
2006-11-13 00:00:00-05:00,11.772406286161598,11.927835236220597,11.753566039508318,11.92436408996582,174326980,0.0,0.0
2006-11-14 00:00:00-05:00,11.916184221377623,12.145483950539925,11.911225712143947,12.129371643066406,290019003,0.0,0.0
2006-11-15 00:00:00-05:00,12.231749842849686,12.390896712583897,12.194565773010254,12.194565773010254,336083018,0.0,0.0
2006-11-16 00:00:00-05:00,12.270669750843116,12.33710466017567,12.210183343864932,12.292980194091797,204467533,0.0,0.0
2006-11-17 00:00:00-05:00,12.227288307983542,12.386187449308423,12.221090171747592,12.36462116241455,221266263,0.0,0.0
2006-11-20 00:00:00-05:00,12.35495239255425,12.35495239255425,12.212414247737248,12.2719087600708,205748315,0.0,0.0
2006-11-21 00:00:00-05:00,12.308843686436168,12.642506515912876,12.291243068997481,12.633831024169922,338363534,0.0,0.0
2006-11-22 00:00:00-05:00,12.666553088301901,12.716874737457147,12.537896683919303,12.59317684173584,180702789,0.0,0.0
2006-11-24 00:00:00-05:00,12.506166036802657,12.580534171619087,12.493770714880924,12.518560409545898,69567783,0.0,0.0
2006-11-27 00:00:00-05:00,12.428577261355573,12.438741066132206,12.016580581665039,12.016580581665039,294086191,0.0,0.0
2006-11-28 00:00:00-05:00,11.926843142757896,12.143253968682481,11.825206994991895,12.134328842163086,313073093,0.0,0.0
2006-11-29 00:00:00-05:00,12.25183137654497,12.264225751779318,11.954607462305937,12.0141019821167,253558852,0.0,0.0
2006-11-30 00:00:00-05:00,12.002698260285062,12.156638890645308,11.937254295245088,12.018067359924316,223936234,0.0,0.0
2006-12-01 00:00:00-05:00,12.047070749927734,12.106813000645028,11.86164681064929,11.918662071228027,226100315,0.0,0.0
2006-12-04 00:00:00-05:00,11.973199614552854,12.083015788088113,11.882719159375073,12.019059181213379,196730641,0.0,0.0
2006-12-05 00:00:00-05:00,12.08227038958422,12.132840724703549,12.020050786044163,12.072355270385742,164735162,0.0,0.0
2006-12-06 00:00:00-05:00,12.07136293127526,12.206216520475033,12.010877479199818,12.114744186401367,178679233,0.0,0.0
2006-12-07 00:00:00-05:00,12.152424379708581,12.1913435487003,11.958820426357832,11.964274406433105,187271318,0.0,0.0
2006-12-08 00:00:00-05:00,11.946922454330863,12.112018791306683,11.898831369051123,12.000715255737305,159591956,0.0,0.0
2006-12-11 00:00:00-05:00,12.020794020743592,12.119454487643702,11.993029598730613,11.996252059936523,131025281,0.0,0.0
2006-12-12 00:00:00-05:00,11.99427047181652,12.056491031142569,11.905772850549075,11.942956924438477,167866857,0.0,0.0
2006-12-13 00:00:00-05:00,12.015092112148208,12.035171984229505,11.824958361446571,11.87379264831543,187182988,0.0,0.0
2006-12-14 00:00:00-05:00,11.905028556856285,11.991790122439587,11.830908151473386,11.951383590698242,190668002,0.0,0.0
2006-12-15 00:00:00-05:00,11.964274315774752,12.00071423006003,11.894864684037488,11.906267166137695,208410256,0.0,0.0
2006-12-18 00:00:00-05:00,11.961051317825477,11.966752084030492,11.420893753525927,11.472455978393555,321865927,0.0,0.0
2006-12-19 00:00:00-05:00,11.445684174271037,11.633834149600562,11.365862052200491,11.616976737976074,264467588,0.0,0.0
2006-12-20 00:00:00-05:00,11.65093885749337,11.688121977880527,11.4608051060962,11.474934577941895,175366863,0.0,0.0
2006-12-21 00:00:00-05:00,11.506664776476981,11.533189571214637,11.213159783498714,11.308846473693848,279174507,0.0,0.0
2006-12-22 00:00:00-05:00,11.341073624266475,11.369333518999248,11.222828749842332,11.293478012084961,160129965,0.0,0.0
2006-12-26 00:00:00-05:00,11.316780422313787,11.389908939570793,11.268937074196618,11.341817855834961,83282999,0.0,0.0
2006-12-27 00:00:00-05:00,11.403046244793682,11.60334380975791,11.380735801974998,11.602103233337402,169894428,0.0,0.0
2006-12-28 00:00:00-05:00,11.579544627934839,11.615737755514107,11.458821454731288,11.466506004333496,125115211,0.0,0.0
2006-12-29 00:00:00-05:00,11.455103444061175,11.513853799660072,11.399575549643261,11.414944648742676,102751700,0.0,0.0
2007-01-03 00:00:00-05:00,11.55178237458613,11.816035611270697,11.430563717379108,11.591197967529297,309415434,0.0,0.0
2007-01-04 00:00:00-05:00,11.626149779397261,11.996748020036462,11.610036523532505,11.979643821716309,316686586,0.0,0.0
2007-01-05 00:00:00-05:00,11.960803435106165,12.08474906338228,11.851978220504511,12.077064514160156,275914333,0.0,0.0
2007-01-08 00:00:00-05:00,12.089458450299166,12.143499926849543,11.953366189540116,11.98757553100586,190888826,0.0,0.0
2007-01-09 00:00:00-05:00,12.033930932482114,12.103341509068349,11.928576864242077,12.035171508789062,216062832,0.0,0.0
2007-01-10 00:00:00-05:00,12.008646282753023,12.234724476499355,11.94940045623619,12.133337020874023,239634856,0.0,0.0
2007-01-11 00:00:00-05:00,12.32520509393,12.437996931370247,12.299920875453902,12.387674331665039,289408724,0.0,0.0
2007-01-12 00:00:00-05:00,12.443944539143162,12.518560409545898,12.394614783756504,12.518560409545898,179618741,0.0,0.0
2007-01-16 00:00:00-05:00,12.581774149122106,12.716875483677827,12.476420071565549,12.500713348388672,303890804,0.0,0.0
2007-01-17 00:00:00-05:00,12.478650824445829,12.587228314086774,12.25530055641844,12.327189445495605,268968395,0.0,0.0
2007-01-18 00:00:00-05:00,12.258769375217158,12.307357826233533,12.083014725237728,12.092930793762207,238169384,0.0,0.0
2007-01-19 00:00:00-05:00,12.096648137738173,12.165562295307517,12.065909940411228,12.140524864196777,199878396,0.0,0.0
2007-01-22 00:00:00-05:00,12.208695838908886,12.212413771195374,11.861645796076854,11.91965389251709,216982266,0.0,0.0
2007-01-23 00:00:00-05:00,11.91841294950219,12.016578888001842,11.83165139064201,11.875280380249023,187319498,0.0,0.0
2007-01-24 00:00:00-05:00,12.00914284593663,12.383212217212147,11.9803874815278,12.371561050415039,243280470,0.0,0.0
2007-01-25 00:00:00-05:00,12.419404568512828,12.506167083332885,12.039138005139657,12.09937572479248,255694828,0.0,0.0
2007-01-26 00:00:00-05:00,12.16977644995194,12.342557312253764,12.07309882212337,12.291491508483887,220684089,0.0,0.0
2007-01-29 00:00:00-05:00,12.345036652797285,12.363628212377789,12.159117260278189,12.207951545715332,191744020,0.0,0.0
2007-01-30 00:00:00-05:00,12.245879555409669,12.345037393322617,12.176966343524636,12.253812789916992,167846782,0.0,0.0
2007-01-31 00:00:00-05:00,12.30760461909454,12.518560489375151,12.283310395447257,12.431797981262207,490074058,0.0,0.0
2007-02-01 00:00:00-05:00,12.543350596583347,12.543598332179378,11.936757175792044,11.942212104797363,628695706,0.0,0.0
2007-02-02 00:00:00-05:00,11.963530868136592,12.022777648487397,11.844542785373386,11.936015129089355,252402534,0.0,0.0
2007-02-05 00:00:00-05:00,11.836857777669636,11.84925310080348,11.556491305762997,11.580537796020508,289356529,0.0,0.0
2007-02-06 00:00:00-05:00,11.603839044811915,11.732743190132787,11.583015965271619,11.687625885009766,213673912,0.0,0.0
2007-02-07 00:00:00-05:00,11.74563305882009,11.758771588657696,11.620695530505197,11.6511869430542,165409681,0.0,0.0
2007-02-08 00:00:00-05:00,11.602599985766112,11.74389851181597,11.530711095463795,11.676471710205078,163679219,0.0,0.0
2007-02-09 00:00:00-05:00,11.691841496990836,11.717373452109925,11.440230386584021,11.449898719787598,195072449,0.0,0.0
2007-02-12 00:00:00-05:00,11.419903516122952,11.462292882367727,11.279595938293118,11.36065673828125,231042771,0.0,0.0
2007-02-13 00:00:00-05:00,11.381975024536708,11.471959999450064,11.335123570872549,11.380735397338867,163113105,0.0,0.0
2007-02-14 00:00:00-05:00,11.40304573585094,11.629371666079582,11.38371001960441,11.55004596710205,228806420,0.0,0.0
2007-02-15 00:00:00-05:00,11.551781927904045,11.555004389322617,11.42089494194994,11.439486503601074,162302076,0.0,0.0
2007-02-16 00:00:00-05:00,11.47245603304656,11.654656546343714,11.454111259658418,11.649450302124023,248006116,0.0,0.0
2007-02-20 00:00:00-05:00,11.613009379703064,11.71910855488069,11.51980194720984,11.702995300292969,163313855,0.0,0.0
2007-02-21 00:00:00-05:00,11.646973747360812,11.866109677605634,11.59491604323303,11.796204566955566,226469694,0.0,0.0
2007-02-22 00:00:00-05:00,11.866356228349083,12.003936815216795,11.759763474409755,11.795954704284668,230617182,0.0,0.0
2007-02-23 00:00:00-05:00,11.79347650202901,11.823223758820061,11.596402349556165,11.666308403015137,155886118,0.0,0.0
2007-02-26 00:00:00-05:00,11.721092597095602,11.781081635042044,11.496006277566748,11.52525806427002,159391206,0.0,0.0
2007-02-27 00:00:00-05:00,11.279100402264145,11.398088479304498,11.085000027833807,11.124663352966309,373908266,0.0,0.0
2007-02-28 00:00:00-05:00,11.165316401999922,11.246130413143096,10.982620412561038,11.141519546508789,322496281,0.0,0.0
2007-03-01 00:00:00-05:00,10.973448309719913,11.215143335432998,10.90726114122057,11.111276626586914,348710170,0.0,0.0
2007-03-02 00:00:00-05:00,11.0339339808409,11.122927063785587,10.874539375305176,10.874539375305176,264331078,0.0,0.0
2007-03-05 00:00:00-05:00,10.83338914026384,11.0436027743969,10.83289366903754,10.930811882019043,255156819,0.0,0.0
2007-03-06 00:00:00-05:00,11.092436807696135,11.378256306989405,11.090205288872138,11.342312812805176,302477526,0.0,0.0
2007-03-07 00:00:00-05:00,11.469728496009644,11.480884191626577,11.261499601850556,11.294964790344238,262343656,0.0,0.0
2007-03-08 00:00:00-05:00,11.383709881322696,11.539386551810313,11.256789523843231,11.2721586227417,215316044,0.0,0.0
2007-03-09 00:00:00-05:00,11.353467452406955,11.363383520860644,11.157631981991166,11.22852897644043,199854306,0.0,0.0
2007-03-12 00:00:00-04:00,11.218862903805354,11.28529781197005,11.182669774830211,11.272902488708496,139135567,0.0,0.0
2007-03-13 00:00:00-04:00,11.157879188736551,11.202996491260597,10.977414724532961,10.982372283935547,256048147,0.0,0.0
2007-03-14 00:00:00-04:00,10.987331638466355,11.121936552908025,10.88247303190898,11.105575561523438,321877972,0.0,0.0
2007-03-15 00:00:00-04:00,11.10210456795096,11.150693020726042,11.004931459115213,11.060707092285156,158359353,0.0,0.0
2007-03-16 00:00:00-04:00,11.047320404964747,11.07334972884867,10.90453547290557,10.928332328796387,227212468,0.0,0.0
2007-03-19 00:00:00-04:00,10.987826352848215,11.117970118944724,10.92287786300838,11.08648681640625,208687290,0.0,0.0
2007-03-20 00:00:00-04:00,11.050791938981174,11.09566056066798,10.996502719671268,11.038148880004883,137372985,0.0,0.0
2007-03-21 00:00:00-04:00,11.0386438998479,11.318018473834403,11.036413330224825,11.317523002624512,232801338,0.0,0.0
2007-03-22 00:00:00-04:00,11.294221536516316,11.456838603471097,11.217870562637726,11.45361614227295,228079706,0.0,0.0
2007-03-23 00:00:00-04:00,11.438990386076265,11.487081467374937,11.3306615853512,11.448410034179688,165068406,0.0,0.0
2007-03-26 00:00:00-04:00,11.416680206883239,11.526991844177246,11.294469666793471,11.526991844177246,189118214,0.0,0.0
2007-03-27 00:00:00-04:00,11.491047494441242,11.532693651127996,11.411473113325506,11.492782592773438,150208917,0.0,0.0
2007-03-28 00:00:00-04:00,11.449403033330919,11.53790065480689,11.40676497877772,11.449651718139648,184352418,0.0,0.0
2007-03-29 00:00:00-04:00,11.515836797358562,11.55178124042115,11.279100273206192,11.425851821899414,160137995,0.0,0.0
2007-03-30 00:00:00-04:00,11.455103799526574,11.487330310693554,11.307359407570388,11.357434272766113,135714793,0.0,0.0
2007-04-02 00:00:00-04:00,11.347518725713307,11.366605758666992,11.207707561907103,11.366605758666992,138457033,0.0,0.0
2007-04-03 00:00:00-04:00,11.503441492113073,11.756292200280686,11.502201865008098,11.715389251708984,261046814,0.0,0.0
2007-04-04 00:00:00-04:00,11.703987222224558,11.72530577188169,11.640526095264354,11.676222801208496,151718555,0.0,0.0
2007-04-05 00:00:00-04:00,11.683164464374606,11.702747917817653,11.64151925209205,11.688371658325195,109039179,0.0,0.0
2007-04-09 00:00:00-04:00,11.724809390529524,11.725305810899416,11.541616985539864,11.606565475463867,122943100,0.0,0.0
2007-04-10 00:00:00-04:00,11.578801498265193,11.670521572074241,11.530958152751381,11.564175605773926,119618686,0.0,0.0
2007-04-11 00:00:00-04:00,11.553268080421443,11.636064922864188,11.467745197264543,11.515340805053711,153051532,0.0,0.0
2007-04-12 00:00:00-04:00,11.50220238619081,11.60135927058285,11.458573395025454,11.586237907409668,108721995,0.0,0.0
2007-04-13 00:00:00-04:00,11.612514563975965,11.620446849331191,11.486337408402665,11.55897045135498,112211024,0.0,0.0
2007-04-16 00:00:00-04:00,11.612762743270643,11.824216008500507,11.605078193230014,11.756789207458496,203877329,0.0,0.0
2007-04-17 00:00:00-04:00,11.74513710029937,11.809341434817698,11.690600149168128,11.72034740447998,128885290,0.0,0.0
2007-04-18 00:00:00-04:00,11.682171649183651,11.8963499754359,11.639285867309702,11.799921035766602,227670177,0.0,0.0
2007-04-19 00:00:00-04:00,11.762490394939906,11.947171134853049,11.640776268024508,11.691842079162598,442034667,0.0,0.0
2007-04-20 00:00:00-04:00,12.159613748746574,12.208696723061067,11.948904643313526,11.960308074951172,488283372,0.0,0.0
2007-04-23 00:00:00-04:00,11.90130941359651,12.022776741757257,11.855696638399278,11.87602424621582,227834792,0.0,0.0
2007-04-24 00:00:00-04:00,11.864373236387713,11.898333893443107,11.788516790132844,11.837600708007812,148341946,0.0,0.0
2007-04-25 00:00:00-04:00,11.898830927479004,11.932792538173613,11.802401024871475,11.849004745483398,159266742,0.0,0.0
2007-04-26 00:00:00-04:00,11.85172959268855,12.009142306827696,11.82718953135659,11.928081512451172,165614446,0.0,0.0
2007-04-27 00:00:00-04:00,11.900566574506984,11.958325993993977,11.857433998086686,11.874289512634277,117466650,0.0,0.0
2007-04-30 00:00:00-04:00,11.877760311984511,11.932297268346082,11.685148239135742,11.685148239135742,146193924,0.0,0.0
2007-05-01 00:00:00-04:00,11.705226191562614,11.720595290611621,11.506416947972543,11.62614917755127,146876473,0.0,0.0
2007-05-02 00:00:00-04:00,11.617472317261148,11.677710033278544,11.545087014624926,11.546327590942383,122967190,0.0,0.0
2007-05-03 00:00:00-04:00,11.557235743457511,11.751832560844306,11.534182091544048,11.731008529663086,144306878,0.0,0.0
2007-05-04 00:00:00-04:00,11.653912658275942,11.77091789796859,11.548806320869227,11.678702354431152,158592223,0.0,0.0
2007-05-07 00:00:00-04:00,11.703987518428411,11.72084303109058,11.56343220980545,11.583263397216797,121256803,0.0,0.0
2007-05-08 00:00:00-04:00,11.555003851068937,11.605574187287283,11.520299983941507,11.571860313415527,116639561,0.0,0.0
2007-05-09 00:00:00-04:00,11.555500657603918,11.693824456233056,11.49922860379394,11.632347106933594,156179212,0.0,0.0
2007-05-10 00:00:00-04:00,11.577562568431253,11.638296711679807,11.428331756446118,11.439486503601074,148004686,0.0,0.0
2007-05-11 00:00:00-04:00,11.4484105087269,11.576571451752757,11.427836113245919,11.570125579833984,118205408,0.0,0.0
2007-05-14 00:00:00-04:00,11.538891284233356,11.58921293452854,11.4030457985574,11.447171211242676,155488633,0.0,0.0
2007-05-15 00:00:00-04:00,11.451632941734843,11.466011099235029,11.338842048168233,11.35346794128418,165377561,0.0,0.0
2007-05-16 00:00:00-04:00,11.452624572127004,11.728776690648635,11.378752850563705,11.715638160705566,263150670,0.0,0.0
2007-05-17 00:00:00-04:00,11.71192009350263,11.780337834142335,11.671018090483164,11.674736022949219,187122763,0.0,0.0
2007-05-18 00:00:00-04:00,11.701261017258735,11.717869744192125,11.644741229055764,11.6588716506958,148390126,0.0,0.0
2007-05-21 00:00:00-04:00,11.63928770019525,11.878999914361746,11.569630328454402,11.665813446044922,247295463,0.0,0.0
2007-05-22 00:00:00-04:00,11.725307564595887,11.874289699379236,11.725307564595887,11.796204566955566,154135581,0.0,0.0
2007-05-23 00:00:00-04:00,11.919157662140739,11.98336295131388,11.743898474807287,11.74935245513916,203166675,0.0,0.0
2007-05-24 00:00:00-04:00,11.778602640173965,11.87899915526455,11.68812219354338,11.758275032043457,167569747,0.0,0.0
2007-05-25 00:00:00-04:00,11.891393003798703,12.02153676934322,11.831155287240328,11.986087799072266,214741900,0.0,0.0
2007-05-29 00:00:00-04:00,12.022778288231454,12.191344826880474,11.997989538043619,12.075082778930664,209502334,0.0,0.0
2007-05-30 00:00:00-04:00,12.010381674859648,12.365858512917926,11.973197607328919,12.359910011291504,290918361,0.0,0.0
2007-05-31 00:00:00-04:00,12.408497562173137,12.612264370340476,12.321735047320777,12.342805862426758,358310019,0.0,0.0
2007-06-01 00:00:00-04:00,12.419405112236637,12.519057476413982,12.343301869437353,12.404532432556152,192679513,0.0,0.0
2007-06-04 00:00:00-04:00,12.342805625748289,12.655149913884596,12.334873340579403,12.56987476348877,285104652,0.0,0.0
2007-06-05 00:00:00-04:00,12.636311636542784,12.865611362366506,12.558473293836732,12.861644744873047,419450332,0.0,0.0
2007-06-06 00:00:00-04:00,12.809834173575721,12.909735212229709,12.772897840861411,12.847018241882324,316650452,0.0,0.0
2007-06-07 00:00:00-04:00,12.88420256531199,13.051530413742777,12.704729027474043,12.76794147491455,426813829,0.0,0.0
2007-06-08 00:00:00-04:00,12.79620131150933,12.881475516838888,12.62912214862937,12.778600692749023,255281284,0.0,0.0
2007-06-11 00:00:00-04:00,12.7421608412256,12.847019449114509,12.6425075287995,12.675724983215332,186604829,0.0,0.0
2007-06-12 00:00:00-04:00,12.610529820873067,12.683905118826042,12.473196974453424,12.512860298156738,257742474,0.0,0.0
2007-06-13 00:00:00-04:00,12.570370893521892,12.606315335321845,12.362141056514524,12.524510383605957,282414606,0.0,0.0
2007-06-14 00:00:00-04:00,12.527982028281535,12.540376402036081,12.43675647601094,12.465017318725586,185540856,0.0,0.0
2007-06-15 00:00:00-04:00,12.59763797181312,12.617717843684176,12.425105789822949,12.540623664855957,247889682,0.0,0.0
2007-06-18 00:00:00-04:00,12.547812955704854,12.791242134004811,12.499720926145331,12.771411895751953,194161046,0.0,0.0
2007-06-19 00:00:00-04:00,12.741912779946128,12.822229423804446,12.680683168142208,12.749349594116211,174864989,0.0,0.0
2007-06-20 00:00:00-04:00,12.815040978434842,12.859413177573414,12.619205509570529,12.641763687133789,174178426,0.0,0.0
2007-06-21 00:00:00-04:00,12.666801789845872,12.773642282951899,12.550292963455865,12.744392395019531,177049146,0.0,0.0
2007-06-22 00:00:00-04:00,12.801654701830087,13.014097947700078,12.793721467465641,13.013850212097168,289228049,0.0,0.0
2007-06-25 00:00:00-04:00,13.113006536599208,13.261990556197398,12.974187270448544,13.074336051940918,318188194,0.0,0.0
2007-06-26 00:00:00-04:00,13.205966863084564,13.21761803074355,13.045084882349116,13.14473819732666,228433026,0.0,0.0
2007-06-27 00:00:00-04:00,13.01434500321265,13.088465403537136,12.879492365385293,13.046323776245117,245842035,0.0,0.0
2007-06-28 00:00:00-04:00,13.011370663267632,13.125897595969008,12.984598133545234,13.014593124389648,167360967,0.0,0.0
2007-06-29 00:00:00-04:00,13.039632094742931,13.073841442314635,12.877015012437377,12.957332611083984,155805818,0.0,0.0
2007-07-02 00:00:00-04:00,13.026492162041107,13.184151667312848,12.994514336906972,13.147711753845215,140026895,0.0,0.0
2007-07-03 00:00:00-04:00,13.164568730348432,13.247364628766165,13.076319800984455,13.245877265930176,75152639,0.0,0.0
2007-07-05 00:00:00-04:00,13.27611953811974,13.495257338706763,13.191588544158272,13.426589965820312,198457088,0.0,0.0
2007-07-06 00:00:00-04:00,13.41717074301031,13.482117333451237,13.354701508483256,13.371310234069824,110291857,0.0,0.0
2007-07-09 00:00:00-04:00,13.460552048235213,13.602841501005953,13.392628833728487,13.449644088745117,149751208,0.0,0.0
2007-07-10 00:00:00-04:00,13.480136485082744,13.55970897331822,13.42708689402098,13.46898078918457,154818129,0.0,0.0
2007-07-11 00:00:00-04:00,13.475674509208991,13.547314712616554,13.386432737991925,13.496992111206055,132868163,0.0,0.0
2007-07-12 00:00:00-04:00,13.531449075910281,13.567640303593148,13.391636978681639,13.518310546875,138179998,0.0,0.0
2007-07-13 00:00:00-04:00,13.582267040563988,13.700264175274231,13.565906998623225,13.687621116638184,210269197,0.0,0.0
2007-07-16 00:00:00-04:00,13.641513047587448,13.846767208042927,13.616971087705386,13.708195686340332,264969462,0.0,0.0
2007-07-17 00:00:00-04:00,13.759016102859544,13.825697799211188,13.693075715009446,13.758023262023926,173792986,0.0,0.0
2007-07-18 00:00:00-04:00,13.730506436302814,13.74562779968748,13.480631387877313,13.621682167053223,244111573,0.0,0.0
2007-07-19 00:00:00-04:00,13.71984712593955,13.721334488714188,13.441712185439062,13.59912395477295,446756299,0.0,0.0
2007-07-20 00:00:00-04:00,12.689607633024123,12.969229953805629,12.630113118313758,12.893375396728516,713556598,0.0,0.0
2007-07-23 00:00:00-04:00,12.86585782725104,12.890399787476243,12.695803949930994,12.704728126525879,255221059,0.0,0.0
2007-07-24 00:00:00-04:00,12.625154170692408,12.857925010142054,12.570865906576003,12.741663932800293,223719424,0.0,0.0
2007-07-25 00:00:00-04:00,12.815536592417553,12.816527534841116,12.532443135740971,12.636558532714844,222631361,0.0,0.0
2007-07-26 00:00:00-04:00,12.611273661001622,12.706712618938896,12.366850682568941,12.592928886413574,276368027,0.0,0.0
2007-07-27 00:00:00-04:00,12.606068295027134,12.80661264452821,12.530955996992194,12.689359664916992,221189978,0.0,0.0
2007-07-30 00:00:00-04:00,12.714893087825724,12.874039019899085,12.654903100536034,12.793970108032227,159126217,0.0,0.0
2007-07-31 00:00:00-04:00,12.896100526697564,12.901306770956257,12.64250659942627,12.64250659942627,171460275,0.0,0.0
2007-08-01 00:00:00-04:00,12.654902840745807,12.80388591425123,12.596400217558326,12.715388298034668,177791919,0.0,0.0
2007-08-02 00:00:00-04:00,12.734723426619725,12.766204831885489,12.617718185653988,12.6675443649292,126669014,0.0,0.0
2007-08-03 00:00:00-04:00,12.643748315995078,12.72183439348905,12.46898365020752,12.46898365020752,127524207,0.0,0.0
2007-08-06 00:00:00-04:00,12.468982525743018,12.646225480922269,12.456588152446756,12.64250659942627,146607469,0.0,0.0
2007-08-07 00:00:00-04:00,12.636309581128213,12.887424238551855,12.618708964660847,12.79173755645752,171211346,0.0,0.0
2007-08-08 00:00:00-04:00,12.874037631379258,13.03368091583252,12.818262003188435,13.03368091583252,163362034,0.0,0.0
2007-08-09 00:00:00-04:00,12.91023225094496,13.059463064296702,12.757282555721764,12.759761810302734,194586635,0.0,0.0
2007-08-10 00:00:00-04:00,12.646969572329658,12.858668656388934,12.534177738538181,12.785045623779297,235888868,0.0,0.0
2007-08-13 00:00:00-04:00,12.878997432946841,12.884202728472971,12.717619033957575,12.778848648071289,127648672,0.0,0.0
2007-08-14 00:00:00-04:00,12.784302147928038,12.825947358107793,12.592928762709983,12.607802391052246,145892800,0.0,0.0
2007-08-15 00:00:00-04:00,12.617718036014361,12.684401625706265,12.313058299193827,12.333881378173828,217191045,0.0,0.0
2007-08-16 00:00:00-04:00,12.19679779355815,12.306117539615592,11.910234132170816,12.184403419494629,347120233,0.0,0.0
2007-08-17 00:00:00-04:00,12.331154920918342,12.419404800205555,12.187624880623469,12.395606994628906,219997525,0.0,0.0
2007-08-20 00:00:00-04:00,12.455596973781883,12.45807622825445,12.295458206618697,12.343053817749023,108296406,0.0,0.0
2007-08-21 00:00:00-04:00,12.36833887533435,12.59689538227079,12.339335774650987,12.558472633361816,144965337,0.0,0.0
2007-08-22 00:00:00-04:00,12.641515255233948,12.79743965558482,12.623914638238421,12.710677146911621,130595677,0.0,0.0
2007-08-23 00:00:00-04:00,12.79124253338038,12.79446594383459,12.56814000674875,12.696796417236328,123529289,0.0,0.0
2007-08-24 00:00:00-04:00,12.70720791911102,12.78008774854441,12.605323090747861,12.766454696655273,99278731,0.0,0.0
2007-08-27 00:00:00-04:00,12.752324056578194,12.82718766795233,12.677212709599932,12.723320007324219,93352602,0.0,0.0
2007-08-28 00:00:00-04:00,12.680434625231952,12.765957514555506,12.538145161149961,12.553266525268555,131446855,0.0,0.0
2007-08-29 00:00:00-04:00,12.588963037768709,12.724312105893652,12.573841673885441,12.713900566101074,102354216,0.0,0.0
2007-08-30 00:00:00-04:00,12.701008615369371,12.776367692315674,12.65688415495671,12.67721176147461,106465569,0.0,0.0
2007-08-31 00:00:00-04:00,12.719354342538649,12.803637601962398,12.67894781123466,12.772650718688965,119550431,0.0,0.0
2007-09-04 00:00:00-04:00,12.766949821607763,13.088713756764678,12.757033753291742,13.018064498901367,148301796,0.0,0.0
2007-09-05 00:00:00-04:00,12.974683486540568,13.125402613241581,12.946176804514662,13.083757400512695,133012703,0.0,0.0
2007-09-06 00:00:00-04:00,13.122426987685152,13.13407815466403,12.84677129251848,12.97765827178955,145579631,0.0,0.0
2007-09-07 00:00:00-04:00,12.837351262418222,12.921138100065992,12.811074203595696,12.874285697937012,147093283,0.0,0.0
2007-09-10 00:00:00-04:00,12.922129448596941,12.941713850118587,12.664322106877577,12.753562927246094,129515644,0.0,0.0
2007-09-11 00:00:00-04:00,12.815784763855932,12.931302646879226,12.78455014370156,12.923370361328125,108549350,0.0,0.0
2007-09-12 00:00:00-04:00,12.903538707342584,13.088219445076486,12.865611427465671,12.95609188079834,119887690,0.0,0.0
2007-09-13 00:00:00-04:00,12.991044658953712,13.069130733319064,12.970221579232474,13.008893013000488,75927532,0.0,0.0
2007-09-14 00:00:00-04:00,12.969723997523465,13.144984111835582,12.945431672261934,13.107304573059082,111010541,0.0,0.0
2007-09-17 00:00:00-04:00,13.052274294581954,13.120444305387387,12.991293362888749,13.021783828735352,88229471,0.0,0.0
2007-09-18 00:00:00-04:00,13.052026041025986,13.318014364194385,12.996250407275062,13.26893138885498,169260059,0.0,0.0
2007-09-19 00:00:00-04:00,13.368087990474308,13.620441339422745,13.357924186812525,13.555990219116211,221904647,0.0,0.0
2007-09-20 00:00:00-04:00,13.55970932722968,13.802643998725628,13.535664734711315,13.704231262207031,221828362,0.0,0.0
2007-09-21 00:00:00-04:00,13.791240610132697,13.901553199215591,13.704231305147703,13.884448051452637,321669193,0.0,0.0
2007-09-24 00:00:00-04:00,13.90675762895053,14.166054225974976,13.88196888186842,14.080779075622559,212674178,0.0,0.0
2007-09-25 00:00:00-04:00,13.981126382275951,14.118954707605452,13.95286743716473,14.105072021484375,109633398,0.0,0.0
2007-09-26 00:00:00-04:00,14.13977739185433,14.174234472222297,13.976416166908876,14.084249496459961,134345680,0.0,0.0
2007-09-27 00:00:00-04:00,14.172746869051633,14.17299555384883,14.025251156490087,14.067888259887695,82560301,0.0,0.0
2007-09-28 00:00:00-04:00,14.05549358332954,14.118706025942316,13.984100170960176,14.062186241149902,105975740,0.0,0.0
2007-10-01 00:00:00-04:00,14.129117787180125,14.485586535897559,14.120192661315231,14.44096565246582,189158364,0.0,0.0
2007-10-02 00:00:00-04:00,14.461541508779522,14.794461149588306,14.378001454476529,14.486578941345215,283759629,0.0,0.0
2007-10-03 00:00:00-04:00,14.532686663842656,14.600608935782143,14.38667831543975,14.47740650177002,155761653,0.0,0.0
2007-10-04 00:00:00-04:00,14.503930001528197,14.503930001528197,14.3048730277502,14.353707313537598,119915795,0.0,0.0
2007-10-05 00:00:00-04:00,14.554005082449603,14.77438155832733,14.551525828112407,14.726041793823242,203507949,0.0,0.0
2007-10-08 00:00:00-04:00,14.749592737977457,15.127875526810362,14.723563413427502,15.112010955810547,201873847,0.0,0.0
2007-10-09 00:00:00-04:00,15.248103730624328,15.463026233020308,15.081520044990793,15.249838829040527,352026555,0.0,0.0
2007-10-10 00:00:00-04:00,15.403036272812061,15.510125446175639,15.289997648196143,15.502937316894531,216231462,0.0,0.0
2007-10-11 00:00:00-04:00,15.707447919750658,15.900059975860719,15.096641085504299,15.418900489807129,473729022,0.0,0.0
2007-10-12 00:00:00-04:00,15.467984205913265,15.825443891800553,15.32569285221513,15.800407409667969,273971076,0.0,0.0
2007-10-15 00:00:00-04:00,15.827180452404301,15.861636583403167,15.25901165665182,15.372049331665039,278793083,0.0,0.0
2007-10-16 00:00:00-04:00,15.33188957228477,15.516073864056343,15.170759877169864,15.27016544342041,241915372,0.0,0.0
2007-10-17 00:00:00-04:00,15.628369377555028,15.71637056467435,15.40873706396455,15.70348072052002,242124152,0.0,0.0
2007-10-18 00:00:00-04:00,15.751324958406025,15.899068398466207,15.580031449016863,15.855687141418457,493410518,0.0,0.0
2007-10-19 00:00:00-04:00,16.226039225882733,16.323461019105626,15.945177277923364,15.981864929199219,633927242,0.0,0.0
2007-10-22 00:00:00-04:00,15.832138294373857,16.236946822481812,15.772891516621941,16.131591796875,267575192,0.0,0.0
2007-10-23 00:00:00-04:00,16.391877829027976,16.797180841725492,16.360890947985826,16.75181770324707,272766578,0.0,0.0
2007-10-24 00:00:00-04:00,16.675963303926494,16.793961391795882,16.349984996120895,16.75305938720703,297278110,0.0,0.0
2007-10-25 00:00:00-04:00,16.82395544928731,16.83114452807233,16.448893216989045,16.571847915649414,232688918,0.0,0.0
2007-10-26 00:00:00-04:00,16.708685096326278,16.770907550103697,16.56069296612583,16.722816467285156,134658850,0.0,0.0
2007-10-29 00:00:00-04:00,16.801395180705523,16.856675336021407,16.66059214499349,16.837587356567383,123111730,0.0,0.0
2007-10-30 00:00:00-04:00,16.794951443021038,17.350230391196007,16.794951443021038,17.222814559936523,277058606,0.0,0.0
2007-10-31 00:00:00-04:00,17.369564890552983,17.525985717773438,17.25429474989844,17.525985717773438,276103037,0.0,0.0
2007-11-01 00:00:00-04:00,17.421622948906915,17.69256785330169,17.39658551813703,17.43203353881836,262066622,0.0,0.0
2007-11-02 00:00:00-04:00,17.612996201094028,17.689099443456694,17.286522422456393,17.63134002685547,234535815,0.0,0.0
2007-11-05 00:00:00-05:00,17.52573715865013,18.101839181275018,17.502932194805478,17.988304138183594,356679932,0.0,0.0
2007-11-06 00:00:00-05:00,18.283545280021965,18.388402938842773,17.972193815743957,18.388402938842773,338716853,0.0,0.0
2007-11-07 00:00:00-05:00,18.372043312169417,18.52350564390964,17.926085023149422,18.16901969909668,332180444,0.0,0.0
2007-11-08 00:00:00-05:00,18.210168567985693,18.217355747824474,16.786770950707353,17.199758529663086,662963671,0.0,0.0
2007-11-09 00:00:00-05:00,16.752065647083608,16.903279283054257,16.390886120799763,16.459304809570312,457231416,0.0,0.0
2007-11-12 00:00:00-05:00,16.304868324538994,16.60704882045841,15.523264367049578,15.66852855682373,410625377,0.0,0.0
2007-11-13 00:00:00-05:00,15.988803606895948,16.383697931203383,15.668527051919153,16.37452507019043,339082217,0.0,0.0
2007-11-14 00:00:00-05:00,16.690092602919492,16.74487729326294,15.772644095868682,15.906753540039062,325001637,0.0,0.0
2007-11-15 00:00:00-05:00,15.829659259303371,16.051026677401516,15.468479741252304,15.608538627624512,279752666,0.0,0.0
2007-11-16 00:00:00-05:00,15.714885553924406,15.753308303404836,15.270662378557866,15.70720100402832,363067785,0.0,0.0
2007-11-19 00:00:00-05:00,15.60705141054084,15.785038523682854,15.332138930320127,15.514339447021484,221924722,0.0,0.0
2007-11-20 00:00:00-05:00,15.777849941581133,16.338582879491142,15.68836043640625,16.076807022094727,395099399,0.0,0.0
2007-11-21 00:00:00-05:00,15.958563023168704,16.608042294884207,15.916670075321216,16.373783111572266,281591533,0.0,0.0
2007-11-23 00:00:00-05:00,16.608784559079634,16.814040640368802,16.561935000427585,16.774873733520508,109958613,0.0,0.0
2007-11-26 00:00:00-05:00,16.86163690728889,17.188854861356987,16.484839554916018,16.50963020324707,272622038,0.0,0.0
2007-11-27 00:00:00-05:00,16.72777229562767,16.768178826631576,16.11944376096937,16.697280883789062,357515050,0.0,0.0
2007-11-28 00:00:00-05:00,16.9089809894116,17.211161457800145,16.66183199230158,17.16059112548828,317846919,0.0,0.0
2007-11-29 00:00:00-05:00,17.12315893438649,17.421622412998502,17.049286271484934,17.278093338012695,249250764,0.0,0.0
2007-11-30 00:00:00-05:00,17.62514294821091,17.62662936183878,16.908982028217814,17.178936004638672,317003771,0.0,0.0
2007-12-03 00:00:00-05:00,17.12960515233026,17.228515252715198,16.884935396498292,16.894603729248047,173652461,0.0,0.0
2007-12-04 00:00:00-05:00,16.814783315068784,17.1541469162568,16.785282845952775,16.95979881286621,169906473,0.0,0.0
2007-12-05 00:00:00-05:00,17.172244642917537,17.325939452465423,17.042598224557526,17.315526962280273,169015145,0.0,0.0
2007-12-06 00:00:00-05:00,17.29792557281279,17.76297182709681,17.27834212010905,17.730745315551758,197096005,0.0,0.0
2007-12-07 00:00:00-05:00,17.72405169103552,17.798668518413493,17.612749111124103,17.72107696533203,154661545,0.0,0.0
2007-12-10 00:00:00-05:00,17.748841447844242,17.967234142134718,17.699510740597105,17.809078216552734,154826159,0.0,0.0
2007-12-11 00:00:00-05:00,17.846758392430417,17.872786765984173,17.32221766004339,17.33262825012207,246484434,0.0,0.0
2007-12-12 00:00:00-05:00,17.69950893971266,17.707440274812637,17.067382671258763,17.336345672607422,247287433,0.0,0.0
2007-12-13 00:00:00-05:00,17.260989910813255,17.293465108416875,16.88667372514166,17.204965591430664,202387766,0.0,0.0
2007-12-14 00:00:00-05:00,17.042844419983744,17.345024902312424,17.036646284069665,17.10357666015625,147490767,0.0,0.0
2007-12-17 00:00:00-05:00,17.05498989736381,17.23892551070107,16.451868567361956,16.589696884155273,220262515,0.0,0.0
2007-12-18 00:00:00-05:00,16.711906695922593,16.77511818694889,16.174971608384,16.69182777404785,287742502,0.0,0.0
2007-12-19 00:00:00-05:00,16.713149109552514,16.84428383551586,16.583996268616318,16.79148292541504,177506855,0.0,0.0
2007-12-20 00:00:00-05:00,17.001197082096482,17.129357059019608,16.87179747807658,17.096881866455078,177551020,0.0,0.0
2007-12-21 00:00:00-05:00,17.299911011171787,17.33411941088904,17.184887640069224,17.270410537719727,216086922,0.0,0.0
2007-12-24 00:00:00-05:00,17.22826831197595,17.37055778503418,17.180425911303356,17.37055778503418,65380146,0.0,0.0
2007-12-26 00:00:00-05:00,17.327423987104783,17.680174817347012,17.308089219368348,17.621177673339844,101579322,0.0,0.0
2007-12-27 00:00:00-05:00,17.527722049820888,17.749089485268314,17.370805740356445,17.370805740356445,118141168,0.0,0.0
2007-12-28 00:00:00-05:00,17.47467090158599,17.549534510256887,17.26669069977125,17.415176391601562,102892225,0.0,0.0
2007-12-31 00:00:00-05:00,17.31701384581366,17.414186954952342,17.118946847394234,17.141258239746094,95404263,0.0,0.0
2008-01-02 00:00:00-05:00,17.175714933119764,17.287266197284595,16.800405923421067,16.985332489013672,172921733,0.0,0.0
2008-01-03 00:00:00-05:00,16.987070663306845,17.02648435765232,16.7704111442023,16.98880386352539,130587647,0.0,0.0
2008-01-04 00:00:00-05:00,16.84899184107022,16.880474195229343,16.23694632492609,16.286523818969727,215195594,0.0,0.0
2008-01-07 00:00:00-05:00,16.21066910908412,16.41741158549984,15.799415675003035,16.094406127929688,257096061,0.0,0.0
2008-01-08 00:00:00-05:00,16.18736760013894,16.359901690715066,15.642004702202577,15.658862113952637,214364490,0.0,0.0
2008-01-09 00:00:00-05:00,15.618206397888878,16.195795788853527,15.43154378996806,16.192325592041016,270598482,0.0,0.0
2008-01-10 00:00:00-05:00,15.98930335569188,16.291483867553453,15.86783601593991,16.031940460205078,254317685,0.0,0.0
2008-01-11 00:00:00-05:00,15.932038430943045,16.09986269600315,15.619941868974733,15.821725845336914,199826201,0.0,0.0
2008-01-14 00:00:00-05:00,16.141260100311698,16.29644130598487,15.995251756413715,16.20769500732422,178566813,0.0,0.0
2008-01-15 00:00:00-05:00,16.011364274740153,16.089451303635784,15.750582187489584,15.806853294372559,223562839,0.0,0.0
2008-01-16 00:00:00-05:00,15.591683417311634,15.864860818526656,14.92138202420578,15.268926620483398,423983259,0.0,0.0
2008-01-17 00:00:00-05:00,15.38816296786908,15.511613134769341,14.82420756179529,14.893122673034668,329903943,0.0,0.0
2008-01-18 00:00:00-05:00,15.080776710845686,15.121183242002108,14.835115062707345,14.879735946655273,342864341,0.0,0.0
2008-01-22 00:00:00-05:00,13.932290990725525,14.81156541949686,13.911715646561392,14.485587120056152,381484558,0.0,0.0
2008-01-23 00:00:00-05:00,13.899569061409382,14.08028317269779,12.865610791570754,13.599867820739746,681171664,0.0,0.0
2008-01-24 00:00:00-05:00,13.852224026068846,14.37007027083529,13.736706136571364,14.241166114807129,377445475,0.0,0.0
2008-01-25 00:00:00-05:00,14.670514698460297,14.749592664991127,14.035166823665852,14.040620803833008,279684411,0.0,0.0
2008-01-28 00:00:00-05:00,14.15390729362938,14.185389649321476,13.599372478850993,13.782317161560059,233540097,0.0,0.0
2008-01-29 00:00:00-05:00,13.893620485152494,13.914939036115808,13.402793595883292,13.646967887878418,252262009,0.0,0.0
2008-01-30 00:00:00-05:00,13.613998159267847,13.892628582771037,13.47319511008931,13.591192245483398,318774383,0.0,0.0
2008-01-31 00:00:00-05:00,13.36164157819434,14.204228271239009,13.244637295147545,13.988561630249023,597081651,0.0,0.0
2008-02-01 00:00:00-05:00,13.105321694630305,13.303636419133676,12.642506973670852,12.788763999938965,706658840,0.0,0.0
2008-02-04 00:00:00-05:00,12.619454110495095,12.7114228746335,12.209935740296068,12.281330108642578,528256642,0.0,0.0
2008-02-05 00:00:00-05:00,12.13259272938682,12.617717879096116,12.11003455230212,12.56318187713623,449811709,0.0,0.0
2008-02-06 00:00:00-05:00,12.670766835862477,12.67151099185329,12.343301181940822,12.437004089355469,306600924,0.0,0.0
2008-02-07 00:00:00-05:00,12.31677724366388,12.746374507380462,12.264719545947942,12.517321586608887,318344779,0.0,0.0
2008-02-08 00:00:00-05:00,12.627880387443998,12.834127385859341,12.610280719513502,12.80834674835205,274179856,0.0,0.0
2008-02-11 00:00:00-05:00,12.903290549671667,12.982367568303093,12.726791737540072,12.91915512084961,233913491,0.0,0.0
2008-02-12 00:00:00-05:00,12.974435319196889,13.153165650727749,12.717618911277027,12.843052864074707,267490877,0.0,0.0
2008-02-13 00:00:00-05:00,12.952373656510659,13.261990974217891,12.857926587790597,13.252819061279297,265981240,0.0,0.0
2008-02-14 00:00:00-05:00,13.345283505097102,13.411966151250157,13.163082023201639,13.194068908691406,260039050,0.0,0.0
2008-02-15 00:00:00-05:00,13.096398111910418,13.204231437884975,12.997737647310757,13.12936782836914,210389647,0.0,0.0
2008-02-19 00:00:00-05:00,13.260749968193288,13.26372469365752,12.555744779062595,12.616477966308594,254968114,0.0,0.0
2008-02-20 00:00:00-05:00,12.481625469296427,12.667544877887105,12.36536437961307,12.617718696594238,267486862,0.0,0.0
2008-02-21 00:00:00-05:00,12.71315677429867,12.722081900697995,12.382221857821973,12.465513229370117,227963272,0.0,0.0
2008-02-22 00:00:00-05:00,12.445681280882825,12.617717993724364,12.333881336835148,12.587971687316895,221462998,0.0,0.0
2008-02-25 00:00:00-05:00,12.542111429205026,12.555746380303729,12.041121656896562,12.05847454071045,336167332,0.0,0.0
2008-02-26 00:00:00-05:00,11.43279372573074,11.563432974700241,11.07706815926607,11.506913185119629,934983461,0.0,0.0
2008-02-27 00:00:00-05:00,11.406269315303517,11.787032328054382,11.394122676205491,11.721837043762207,406393575,0.0,0.0
2008-02-28 00:00:00-05:00,11.663333923939073,11.876272651750348,11.585495583416243,11.784552574157715,264463573,0.0,0.0
2008-02-29 00:00:00-05:00,11.69729332477882,11.892384626295337,11.51831527749168,11.680188179016113,378429149,0.0,0.0
2008-03-03 00:00:00-05:00,11.688370732119488,11.718364774372429,11.157879585127194,11.329174041748047,303312645,0.0,0.0
2008-03-04 00:00:00-05:00,11.178704469634365,11.238445772292609,10.802651288548176,11.021292686462402,546910299,0.0,0.0
2008-03-05 00:00:00-05:00,11.037404667498613,11.258524364269297,11.006418732200647,11.098138809204102,298578968,0.0,0.0
2008-03-06 00:00:00-05:00,11.097890347462041,11.236958291318839,10.688620699264565,10.726300239562988,299923991,0.0,0.0
2008-03-07 00:00:00-05:00,10.63160451557395,10.907261149517641,10.56616150299711,10.742412567138672,324082204,0.0,0.0
2008-03-10 00:00:00-04:00,10.630364778605975,10.6841575732665,10.238943486821297,10.253320693969727,320701579,0.0,0.0
2008-03-11 00:00:00-04:00,10.541868230266624,10.910980067095624,10.5267468656314,10.903295516967773,354399416,0.0,0.0
2008-03-12 00:00:00-04:00,10.90750973304945,11.102601057134095,10.859418649565345,10.911723136901855,267073318,0.0,0.0
2008-03-13 00:00:00-04:00,10.725557328935706,11.080291965600901,10.62912742284698,10.981877326965332,310222448,0.0,0.0
2008-03-14 00:00:00-04:00,10.9811344546264,11.138793981554478,10.674739578663075,10.855700492858887,263961699,0.0,0.0
2008-03-17 00:00:00-04:00,10.60954217678498,10.751337115768628,10.215890297774429,10.408254623413086,316710676,0.0,0.0
2008-03-18 00:00:00-04:00,10.634084061955365,10.928084528375397,10.548561175083782,10.886438369750977,290573072,0.0,0.0
2008-03-19 00:00:00-04:00,10.934778607149447,11.093181329266123,10.700767164989818,10.708948135375977,248086416,0.0,0.0
2008-03-20 00:00:00-04:00,10.592934617554272,10.800668046871703,10.3495044798543,10.747370719909668,398022314,0.0,0.0
2008-03-24 00:00:00-04:00,10.868342915431388,11.546328863178319,10.850742296311802,11.4169282913208,271554050,0.0,0.0
2008-03-25 00:00:00-04:00,11.340081777440105,11.340329513058096,11.055997364466105,11.174489974975586,234138331,0.0,0.0
2008-03-26 00:00:00-04:00,11.21935792289517,11.474190534058431,11.137552969051432,11.358177185058594,209811488,0.0,0.0
2008-03-27 00:00:00-04:00,11.055996525812484,11.120696331880332,10.919408784585888,11.008400917053223,234162421,0.0,0.0
2008-03-28 00:00:00-04:00,11.09218899601372,11.243651318149263,10.766210702731357,10.85966682434082,175704123,0.0,0.0
2008-03-31 00:00:00-04:00,10.799179705475268,10.973943400661039,10.709194735837384,10.91891098022461,178522648,0.0,0.0
2008-04-01 00:00:00-04:00,11.099130073967787,11.564175355393076,11.07756283910562,11.544591903686523,244637537,0.0,0.0
2008-04-02 00:00:00-04:00,11.648459340803523,11.793228049481039,11.412713768833832,11.544343948364258,240859429,0.0,0.0
2008-04-03 00:00:00-04:00,11.445931622864897,11.4846021065232,11.1087976365078,11.282074928283691,272152284,0.0,0.0
2008-04-04 00:00:00-04:00,11.328925594706522,11.84503859581916,11.308846671189636,11.677958488464355,236772166,0.0,0.0
2008-04-07 00:00:00-04:00,11.825205943561857,12.033683516083366,11.738443432411584,11.820000648498535,238631108,0.0,0.0
2008-04-08 00:00:00-04:00,11.726298426677067,11.753565479921114,11.452872348082034,11.596650123596191,182561731,0.0,0.0
2008-04-09 00:00:00-04:00,11.629372412818086,11.700517146439575,11.342065539003631,11.506913185119629,242830791,0.0,0.0
2008-04-10 00:00:00-04:00,11.526001201264013,11.74662543076413,11.44890606669986,11.628132820129395,203656504,0.0,0.0
2008-04-11 00:00:00-04:00,11.503937687840306,11.583015650990571,11.279347805820906,11.33983325958252,167413162,0.0,0.0
2008-04-14 00:00:00-04:00,11.332645294926085,11.339834373951408,11.158873466085286,11.196305274963379,154280120,0.0,0.0
2008-04-15 00:00:00-04:00,11.356691380843538,11.396105073315365,10.999477503932653,11.076820373535156,183790319,0.0,0.0
2008-04-16 00:00:00-04:00,11.01633332995518,11.36040865669864,10.932051020430203,11.2798433303833,306372069,0.0,0.0
2008-04-17 00:00:00-04:00,11.29471704508656,11.387429010044302,11.06888753308043,11.14375114440918,536122013,0.0,0.0
2008-04-18 00:00:00-04:00,13.267444692230054,13.577062003816119,13.00864450422864,13.371559143066406,732158060,0.0,0.0
2008-04-21 00:00:00-04:00,13.37106324225059,13.450388942368132,13.145480515584861,13.331399917602539,298703433,0.0,0.0
2008-04-22 00:00:00-04:00,13.325946713627753,13.902545198573792,13.325698978008157,13.758023262023926,318730218,0.0,0.0
2008-04-23 00:00:00-04:00,13.830903353564983,13.86486496286252,13.409734786882646,13.547066688537598,197597880,0.0,0.0
2008-04-24 00:00:00-04:00,13.666055953878963,13.745380706868685,13.38668042324099,13.461544036865234,166023975,0.0,0.0
2008-04-25 00:00:00-04:00,13.609783496342008,13.70844396342063,13.453859086728986,13.486828804016113,167200368,0.0,0.0
2008-04-28 00:00:00-04:00,13.531945463137225,13.802891336753216,13.36139515726176,13.686630249023438,160945009,0.0,0.0
2008-04-29 00:00:00-04:00,13.65465222029083,13.966252357112683,13.634324612091293,13.844040870666504,174491595,0.0,0.0
2008-04-30 00:00:00-04:00,13.936754429119569,14.498231583048142,13.84404245277456,14.236207962036133,317304895,0.0,0.0
2008-05-01 00:00:00-04:00,14.335860641700528,14.747858271813262,14.302643186243237,14.701997756958008,265101957,0.0,0.0
2008-05-02 00:00:00-04:00,14.836106693569883,14.934272642810585,14.360402108368383,14.409732818603516,281001329,0.0,0.0
2008-05-05 00:00:00-04:00,14.84527917456553,14.848749371440595,14.554501165242295,14.747113227844238,252181709,0.0,0.0
2008-05-06 00:00:00-04:00,14.65043424967113,14.67522394588201,14.452120476698303,14.53541374206543,185866070,0.0,0.0
2008-05-07 00:00:00-04:00,14.63233896894468,14.860895466702829,14.289256486708089,14.352964401245117,265511486,0.0,0.0
2008-05-08 00:00:00-04:00,14.531447651735713,14.60829409917195,14.350733540899814,14.45236873626709,205684075,0.0,0.0
2008-05-09 00:00:00-04:00,14.352965285259847,14.501700622718682,14.162088316313273,14.209187507629395,180068420,0.0,0.0
2008-05-12 00:00:00-04:00,14.247610621929809,14.545080335463044,14.102840958602457,14.500211715698242,195285244,0.0,0.0
2008-05-13 00:00:00-04:00,14.532191596597125,14.57482870080959,14.341810092202302,14.45212173461914,207314163,0.0,0.0
2008-05-14 00:00:00-04:00,14.538636627098967,14.655145450068952,14.260005255392617,14.286033630371094,175688063,0.0,0.0
2008-05-15 00:00:00-04:00,14.352964624395295,14.450881884274294,14.2689281517252,14.402543067932129,174359100,0.0,0.0
2008-05-16 00:00:00-04:00,14.413202819266113,14.493767199438343,14.33610768683216,14.379488945007324,171604815,0.0,0.0
2008-05-19 00:00:00-04:00,14.341809454396017,14.597881702263402,14.217119659585569,14.316276550292969,225020282,0.0,0.0
2008-05-20 00:00:00-04:00,14.244636314906874,14.439231214163724,14.201998263507862,14.343049049377441,133040807,0.0,0.0
2008-05-21 00:00:00-04:00,14.341065862860766,14.412707013466349,13.581771418383843,13.633829116821289,259693761,0.0,0.0
2008-05-22 00:00:00-04:00,13.682416380279854,13.738439749676294,13.392382515127554,13.62069034576416,203813089,0.0,0.0
2008-05-23 00:00:00-04:00,13.55871763648461,13.708443909510981,13.331896233569616,13.500710487365723,177924414,0.0,0.0
2008-05-27 00:00:00-04:00,13.509139509599867,13.946421334902585,13.481622822604077,13.904278755187988,155199554,0.0,0.0
2008-05-28 00:00:00-04:00,14.078796324532567,14.16679847131811,13.909237902985346,14.086233139038086,162623276,0.0,0.0
2008-05-29 00:00:00-04:00,14.248602648759386,14.523515154709186,14.209188006007324,14.45212173461914,194526410,0.0,0.0
2008-05-30 00:00:00-04:00,14.463772641557398,14.623663677828523,14.409980791015064,14.52153205871582,129491554,0.0,0.0
2008-06-02 00:00:00-04:00,14.439726472077488,14.474183552708407,14.161343786162641,14.253807067871094,147518872,0.0,0.0
2008-06-03 00:00:00-04:00,14.29099211088879,14.390149955833538,13.897092467234616,14.062931060791016,172857493,0.0,0.0
2008-06-04 00:00:00-04:00,14.0140955707482,14.328174959028553,13.994759854333802,14.184893608093262,135032244,0.0,0.0
2008-06-05 00:00:00-04:00,14.30536950105241,14.577059532736621,14.283802265160723,14.533926010131836,157255230,0.0,0.0
2008-06-06 00:00:00-04:00,14.371555562722303,14.395601102050989,14.055493354797363,14.055493354797363,190089843,0.0,0.0
2008-06-09 00:00:00-04:00,14.081770362070161,14.1298614437958,13.520046480863185,13.829167366027832,212324874,0.0,0.0
2008-06-10 00:00:00-04:00,13.623168540641073,13.852717879050887,13.554255331012527,13.737447738647461,146844353,0.0,0.0
2008-06-11 00:00:00-04:00,13.788761894823029,13.816029897171648,13.496744256053912,13.515088081359863,153087667,0.0,0.0
2008-06-12 00:00:00-04:00,13.60333905722855,13.83239103878985,13.556734388268929,13.707205772399902,220487355,0.0,0.0
2008-06-13 00:00:00-04:00,13.91890490018564,14.271160263973815,13.915186967625582,14.167293548583984,248303226,0.0,0.0
2008-06-16 00:00:00-04:00,14.043099280647606,14.35544261379765,14.043099280647606,14.199519157409668,142243171,0.0,0.0
2008-06-17 00:00:00-04:00,14.287274110094694,14.329912163561755,14.089703526378498,14.116476058959961,139035192,0.0,0.0
2008-06-18 00:00:00-04:00,13.993767509279191,14.104823295377482,13.861145437852963,13.940966606140137,135754943,0.0,0.0
2008-06-19 00:00:00-04:00,13.766700842406403,13.97567390842866,13.654156731986534,13.886927604675293,228176066,0.0,0.0
2008-06-20 00:00:00-04:00,13.807106144262734,13.807106144262734,13.49798524710065,13.54557991027832,240221045,0.0,0.0
2008-06-23 00:00:00-04:00,13.519054922929941,13.712163410602306,13.436259022890752,13.515336990356445,145981130,0.0,0.0
2008-06-24 00:00:00-04:00,13.513600677276568,13.663575628380777,13.264716579121227,13.443199157714844,187604562,0.0,0.0
2008-06-25 00:00:00-04:00,13.509386447372366,13.827432440838777,13.47715993817242,13.658865928649902,165506041,0.0,0.0
2008-06-26 00:00:00-04:00,13.487819416103717,13.508393808621959,13.095157571515173,13.109039306640625,227228528,0.0,0.0
2008-06-27 00:00:00-04:00,13.080782897779748,13.138293632418668,12.768685362952988,13.090449333190918,218716743,0.0,0.0
2008-06-30 00:00:00-04:00,13.199522151677789,13.336605369011435,12.966254872627603,13.049546241760254,151176531,0.0,0.0
2008-07-01 00:00:00-04:00,12.879987945866848,13.304875368187714,12.816031348437676,13.255544662475586,199139637,0.0,0.0
2008-07-02 00:00:00-04:00,13.2996693383613,13.39560376146176,13.04062238177327,13.064915657043457,169553154,0.0,0.0
2008-07-03 00:00:00-04:00,13.160107108216343,13.367098285364026,13.076320264391047,13.31181812286377,96379907,0.0,0.0
2008-07-07 00:00:00-04:00,13.443199369072376,13.609286628062964,13.27711116090326,13.483110427856445,170845981,0.0,0.0
2008-07-08 00:00:00-04:00,13.534672172029703,13.762734168590983,13.38618551495189,13.746373176574707,198035514,0.0,0.0
2008-07-09 00:00:00-04:00,13.652916043103021,13.774879792785478,13.404279668909908,13.424607276916504,166782808,0.0,0.0
2008-07-10 00:00:00-04:00,13.510131445431071,13.62168270907637,13.156140988427119,13.400314331054688,173917451,0.0,0.0
2008-07-11 00:00:00-04:00,13.299422823337386,13.373790018727979,12.876270453685127,13.232491493225098,200002860,0.0,0.0
2008-07-14 00:00:00-04:00,13.36139511169901,13.387672171458785,12.77760947140747,12.930559158325195,177655409,0.0,0.0
2008-07-15 00:00:00-04:00,12.798183067524622,13.07631895058811,12.421882192848358,12.793473243713379,243750224,0.0,0.0
2008-07-16 00:00:00-04:00,12.74265520515496,13.29942149460855,12.657380057628208,13.277111053466797,190398997,0.0,0.0
2008-07-17 00:00:00-04:00,13.241415357471537,13.313055555868823,13.001950903965017,13.223566055297852,352813493,0.0,0.0
2008-07-18 00:00:00-04:00,12.353712374354732,12.369329208758735,11.853961334105742,11.931551933288574,453389067,0.0,0.0
2008-07-21 00:00:00-04:00,11.920645480311645,12.000218917171752,11.544344582468858,11.62119197845459,236944811,0.0,0.0
2008-07-22 00:00:00-04:00,11.56962984099375,11.90502873819869,11.541865418208461,11.827190399169922,188363396,0.0,0.0
2008-07-23 00:00:00-04:00,11.938740661936805,12.325947592186756,11.851729468361263,12.127386093139648,196497772,0.0,0.0
2008-07-24 00:00:00-04:00,12.312811597735193,12.317025950841053,11.790254592895508,11.790254592895508,142166886,0.0,0.0
2008-07-25 00:00:00-04:00,12.059712326931155,12.224313178651322,11.936014427124775,12.195805549621582,127817302,0.0,0.0
2008-07-28 00:00:00-04:00,12.198532034034436,12.198532034034436,11.778106694467589,11.827437400817871,126873778,0.0,0.0
2008-07-29 00:00:00-04:00,11.881476486595174,12.078799303771548,11.849251876982605,11.975924491882324,112532223,0.0,0.0
2008-07-30 00:00:00-04:00,12.035170803536891,12.048060646888946,11.720594081612168,11.965760231018066,140151360,0.0,0.0
2008-07-31 00:00:00-04:00,11.7639773099141,11.920892657447572,11.686634446334327,11.743897438049316,115033564,0.0,0.0
2008-08-01 00:00:00-04:00,11.713159093831196,11.73075971257386,11.46502007884974,11.597888946533203,120766974,0.0,0.0
2008-08-04 00:00:00-04:00,11.604334493015614,11.72555408836695,11.450146129165857,11.47741413116455,99852875,0.0,0.0
2008-08-05 00:00:00-04:00,11.591197390386652,11.900814707246424,11.559961820671539,11.895112991333008,143917423,0.0,0.0
2008-08-06 00:00:00-04:00,11.85842347053886,12.14102144714787,11.713158339717971,12.055994033813477,135538133,0.0,0.0
2008-08-07 00:00:00-04:00,11.94840853168456,11.997987923746798,11.809837006881592,11.877016067504883,111367875,0.0,0.0
2008-08-08 00:00:00-04:00,11.902549278948667,12.289261712975405,11.791988959288185,12.270916938781738,150132633,0.0,0.0
2008-08-11 00:00:00-04:00,12.207952012857964,12.614743363112103,12.19084686617799,12.415437698364258,170207597,0.0,0.0
2008-08-12 00:00:00-04:00,12.444192982903358,12.546573279189982,12.345037046136174,12.459314346313477,110641162,0.0,0.0
2008-08-13 00:00:00-04:00,12.434278208290504,12.482368340636123,12.242904824622808,12.39535903930664,145563571,0.0,0.0
2008-08-14 00:00:00-04:00,12.337600776894451,12.583261483843133,12.302647275409273,12.530708312988281,117181585,0.0,0.0
2008-08-15 00:00:00-04:00,12.567892120433683,12.658868987780634,12.530955785654248,12.646225929260254,142359606,0.0,0.0
2008-08-18 00:00:00-04:00,12.638541447602597,12.642507115679358,12.283311366767766,12.352474212646484,133855851,0.0,0.0
2008-08-19 00:00:00-04:00,12.157381651102234,12.351977491446368,12.063183273483853,12.159117698669434,122316761,0.0,0.0
2008-08-20 00:00:00-04:00,12.26372747408487,12.312562709896945,11.962538886102195,12.02277660369873,159881036,0.0,0.0
2008-08-21 00:00:00-04:00,11.971214726854203,12.144244284416729,11.880734280022999,12.060704231262207,141090868,0.0,0.0
2008-08-22 00:00:00-04:00,12.183907475886791,12.26769527025799,12.133833557269162,12.161349296569824,92232419,0.0,0.0
2008-08-25 00:00:00-04:00,12.050293285149902,12.320247254863961,11.936014087498524,11.973445892333984,80874004,0.0,0.0
2008-08-26 00:00:00-04:00,11.984601037500704,11.984601037500704,11.66556313659407,11.754061698913574,132823998,0.0,0.0
2008-08-27 00:00:00-04:00,11.743401483608944,11.770670434764298,11.523025948975139,11.615737915039062,176141757,0.0,0.0
2008-08-28 00:00:00-04:00,11.712662530851764,11.810827521485171,11.659118421951048,11.744641304016113,121642242,0.0,0.0
2008-08-29 00:00:00-04:00,11.644741701785305,11.675976322849685,11.460806070815005,11.484602928161621,154504960,0.0,0.0
2008-09-02 00:00:00-04:00,11.818762514468064,11.952872915216926,11.4382481835099,11.533190727233887,245376296,0.0,0.0
2008-09-03 00:00:00-04:00,11.619455460673032,11.7572837779672,11.392634061917333,11.512365341186523,173230887,0.0,0.0
2008-09-04 00:00:00-04:00,11.403045494161079,11.483363083021242,11.140279655780317,11.161598205566406,194666935,0.0,0.0
2008-09-05 00:00:00-04:00,11.043354355231626,11.21613522244093,10.909243970744999,11.012616157531738,182051827,0.0,0.0
2008-09-08 00:00:00-04:00,11.2052275073121,11.22803342048704,10.350742800400916,10.410237312316895,362068052,0.0,0.0
2008-09-09 00:00:00-04:00,10.490059616337744,10.718369355892035,10.287531467518123,10.378259658813477,290267933,0.0,0.0
2008-09-10 00:00:00-04:00,10.52228419580592,10.522532880591283,10.155652582965747,10.266708374023438,250005583,0.0,0.0
2008-09-11 00:00:00-04:00,10.122681784608076,10.785546325487871,10.073847496990123,10.752328872680664,259826256,0.0,0.0
2008-09-12 00:00:00-04:00,10.664574832700126,10.956591524351094,10.63457984006929,10.849255561828613,242023777,0.0,0.0
2008-09-15 00:00:00-04:00,10.510634343818362,10.956096201585662,10.50344526507831,10.75505542755127,263680649,0.0,0.0
2008-09-16 00:00:00-04:00,10.559219674586798,11.13730449651021,10.547569457762059,10.979893684387207,280676114,0.0,0.0
2008-09-17 00:00:00-04:00,10.869581613424348,10.885942603869637,10.248859664788833,10.274888038635254,366444394,0.0,0.0
2008-09-18 00:00:00-04:00,10.476919246407954,10.88693398139489,10.175978408691853,10.884454727172852,344863807,0.0,0.0
2008-09-19 00:00:00-04:00,11.427834544604014,11.454358387951617,10.988568983352206,11.134081840515137,401740198,0.0,0.0
2008-09-22 00:00:00-04:00,11.257533506236399,11.257533506236399,10.63457999494696,10.662839889526367,176952786,0.0,0.0
2008-09-23 00:00:00-04:00,10.739934931732236,10.92684624819552,10.553272300083082,10.641274452209473,208948265,0.0,0.0
2008-09-24 00:00:00-04:00,10.667797340860334,11.03120745095224,10.662096574222192,10.786042213439941,170316002,0.0,0.0
2008-09-25 00:00:00-04:00,10.8785062509993,11.155153839167129,10.807609255517862,10.897346496582031,201564693,0.0,0.0
2008-09-26 00:00:00-04:00,10.609790114756077,10.836859240453483,10.437009253528247,10.685149192810059,212493504,0.0,0.0
2008-09-29 00:00:00-04:00,10.399329872593617,10.498486755578046,9.43750734830185,9.444696426391602,432129680,0.0,0.0
2008-09-30 00:00:00-04:00,9.816038098132722,10.537404228490495,9.725308977614679,9.928581237792969,123914728,0.0,0.0
2008-10-01 00:00:00-04:00,10.192093061203783,10.336614049101012,9.992539645947296,10.206222534179688,250326782,0.0,0.0
2008-10-02 00:00:00-04:00,10.158379395640647,10.163089219623206,9.568643370197083,9.679945945739746,240293315,0.0,0.0
2008-10-03 00:00:00-04:00,9.850000036835581,10.225556741054179,9.496009616914435,9.591200828552246,320914374,0.0,0.0
2008-10-06 00:00:00-04:00,9.270675620189516,9.320501795580642,8.853720495302616,9.202009201049805,450506303,0.0,0.0
2008-10-07 00:00:00-04:00,9.254563808334414,9.295465813983267,8.561457434555324,8.577322006225586,443833384,0.0,0.0
2008-10-08 00:00:00-04:00,8.18441367031686,8.899086363464905,8.08401714351166,8.381486892700195,474829130,0.0,0.0
2008-10-09 00:00:00-04:00,8.540385972134713,8.640782486900179,7.973951326472505,8.155160903930664,324210683,0.0,0.0
2008-10-10 00:00:00-04:00,7.7629957491234665,8.475189561382583,7.692098281799606,8.230024337768555,425500926,0.0,0.0
2008-10-13 00:00:00-04:00,8.819761439044829,9.46824789111673,8.570877303323682,9.44519329071045,357555200,0.0,0.0
2008-10-14 00:00:00-04:00,9.755305779807863,9.7793513196181,8.849755287627781,8.991301536560059,312559174,0.0,0.0
2008-10-15 00:00:00-04:00,8.79150021372298,8.899333537135771,8.39933477144214,8.40776252746582,269863738,0.0,0.0
2008-10-16 00:00:00-04:00,8.24886451890687,8.837360904617451,7.670779197938674,8.751093864440918,652022815,0.0,0.0
2008-10-17 00:00:00-04:00,9.394128419326574,9.56864440708759,9.012124824818063,9.234980583190918,572104380,0.0,0.0
2008-10-20 00:00:00-04:00,9.413709697590651,9.444200159596496,8.913958657518558,9.403050422668457,271148536,0.0,0.0
2008-10-21 00:00:00-04:00,9.231261391320523,9.513610680185995,8.973700848863933,8.992293357849121,232146894,0.0,0.0
2008-10-22 00:00:00-04:00,8.84950875127916,9.164331381031365,8.527496093155026,8.816786766052246,263383540,0.0,0.0
2008-10-23 00:00:00-04:00,8.766712433235023,8.874544819346104,8.37851261602783,8.733742713928223,260127380,0.0,0.0
2008-10-24 00:00:00-04:00,8.092941575344886,8.687882041568026,8.050056732287064,8.410738945007324,295463334,0.0,0.0
2008-10-27 00:00:00-04:00,8.299682645751865,8.50270721275124,8.071373857916427,8.167803764343262,248957670,0.0,0.0
2008-10-28 00:00:00-04:00,8.40478948743284,9.154911094889929,8.143510993419289,9.141029357910156,325431241,0.0,0.0
2008-10-29 00:00:00-04:00,9.067652620511092,9.196804497734842,8.734980726981517,8.874544143676758,391726805,0.0,0.0
2008-10-30 00:00:00-04:00,9.133840833789193,9.221594298758546,8.88371707145994,8.916439056396484,320753774,0.0,0.0
2008-10-31 00:00:00-04:00,8.828932735727575,9.22060178950366,8.78208128047751,8.908258438110352,298044974,0.0,0.0
2008-11-03 00:00:00-05:00,8.864134458569557,8.998243909034223,8.46378704300343,8.589221000671387,239072757,0.0,0.0
2008-11-04 00:00:00-05:00,8.761505219036334,9.230517102730277,8.564677867452362,9.096159934997559,295097969,0.0,0.0
2008-11-05 00:00:00-05:00,8.977419580079177,9.144250991891433,8.4608120902392,8.483865737915039,278901487,0.0,0.0
2008-11-06 00:00:00-05:00,8.427594874909238,8.53790650619086,8.07657915992312,8.210689544677734,344277618,0.0,0.0
2008-11-07 00:00:00-05:00,8.25778792511886,8.456846803895273,8.064679446696493,8.20870590209961,187953866,0.0,0.0
2008-11-10 00:00:00-05:00,8.130867833291829,8.166564541519959,7.671523298001106,7.902311325073242,324415448,0.0,0.0
2008-11-11 00:00:00-05:00,7.65218785331757,7.840833295402628,7.449659725614005,7.720853328704834,407385278,0.0,0.0
2008-11-12 00:00:00-05:00,7.487587998142182,7.74638677101632,7.133349789008339,7.213665962219238,403550960,0.0,0.0
2008-11-13 00:00:00-05:00,7.232753290750799,7.759029603705703,6.940983875490075,7.736222267150879,531372276,0.0,0.0
2008-11-14 00:00:00-05:00,7.517334459381728,8.056251957732458,7.500229786684425,7.685157775878906,382110897,0.0,0.0
2008-11-17 00:00:00-05:00,7.511136938893918,7.688628591795382,7.385952145867141,7.439743995666504,302883041,0.0,0.0
2008-11-18 00:00:00-05:00,7.475688516197238,7.529233102115628,7.0736069895424025,7.372812747955322,335095329,0.0,0.0
2008-11-19 00:00:00-05:00,7.322491056237199,7.441478655144163,6.905783639631733,6.945446014404297,314558640,0.0,0.0
2008-11-20 00:00:00-05:00,6.814311122332455,7.013864516443071,6.4214019952706956,6.434291839599609,392642224,0.0,0.0
2008-11-21 00:00:00-05:00,6.507421164217829,6.677476009508043,6.130377034365615,6.505438804626465,411315956,0.0,0.0
2008-11-24 00:00:00-05:00,6.674748173664432,6.691851896015948,6.172765621272719,6.381738662719727,403695499,0.0,0.0
2008-11-25 00:00:00-05:00,6.660369960930322,7.106080935537692,6.626656563933264,6.991802215576172,432462924,0.0,0.0
2008-11-26 00:00:00-05:00,6.94792557172944,7.324226473989715,6.846785372634993,7.240686893463135,255217044,0.0,0.0
2008-11-28 00:00:00-05:00,7.203255187847793,7.34876806423445,7.146239452999179,7.2622528076171875,103004645,0.0,0.0
2008-12-01 00:00:00-05:00,7.106577146115658,7.1239290803084545,6.593439798714731,6.593687534332275,229304279,0.0,0.0
2008-12-02 00:00:00-05:00,6.686398864568725,6.885952732941535,6.509156386497745,6.819765090942383,234463545,0.0,0.0
2008-12-03 00:00:00-05:00,6.689374387614113,6.974697959470959,6.577574907663332,6.926854610443115,237077306,0.0,0.0
2008-12-04 00:00:00-05:00,6.854966049391987,7.027498720583671,6.662602189425402,6.800678253173828,196196647,0.0,0.0
2008-12-05 00:00:00-05:00,6.718376970169772,7.046089862122055,6.544851954767883,7.03989315032959,261825722,0.0,0.0
2008-12-08 00:00:00-05:00,7.188629322251434,7.6707792753699895,6.990563286532075,7.489074230194092,326993073,0.0,0.0
2008-12-09 00:00:00-05:00,7.379506033331923,7.882974994304971,7.362648622973303,7.584760665893555,276629001,0.0,0.0
2008-12-10 00:00:00-05:00,7.665822306840993,7.806128940686598,7.548568848632655,7.6554107666015625,210265182,0.0,0.0
2008-12-11 00:00:00-05:00,7.540140334412349,7.756054732002696,7.382233561999001,7.442223072052002,248094446,0.0,0.0
2008-12-12 00:00:00-05:00,7.330423355693659,7.845048032233021,7.288033516282857,7.827447414398193,229741913,0.0,0.0
2008-12-15 00:00:00-05:00,7.784066004774861,7.895122272543829,7.563442255852558,7.701270580291748,270526212,0.0,0.0
2008-12-16 00:00:00-05:00,7.796709746799271,8.168052149915296,7.716143940663962,8.063441276550293,283442445,0.0,0.0
2008-12-17 00:00:00-05:00,7.898840331457288,7.985354633835248,7.744651497079265,7.81455659866333,232456049,0.0,0.0
2008-12-18 00:00:00-05:00,7.85074909313442,7.941229536246424,7.662599128744867,7.691601753234863,191254191,0.0,0.0
2008-12-19 00:00:00-05:00,7.709202811362031,7.877769334013044,7.659872576712064,7.688876152038574,225345496,0.0,0.0
2008-12-22 00:00:00-05:00,7.648965188724796,7.672266574020342,7.204494277854304,7.365128517150879,157291365,0.0,0.0
2008-12-23 00:00:00-05:00,7.447428498874467,7.518820962514793,7.354220590335152,7.387686252593994,151674390,0.0,0.0
2008-12-24 00:00:00-05:00,7.473456844400732,7.593932278897689,7.396609926590155,7.509897232055664,77148090,0.0,0.0
2008-12-26 00:00:00-05:00,7.5376608262222655,7.567160346331376,7.39487542258078,7.445693492889404,78657728,0.0,0.0
2008-12-29 00:00:00-05:00,7.442222853379946,7.470977743040825,7.228043560527833,7.372812747955322,148631025,0.0,0.0
2008-12-30 00:00:00-05:00,7.456600568985633,7.6055836447485134,7.404792027109821,7.513864040374756,154316255,0.0,0.0
2008-12-31 00:00:00-05:00,7.540883783791613,7.709450301065911,7.501468669861515,7.626406669616699,115904817,0.0,0.0
2009-01-02 00:00:00-05:00,7.649956276288447,7.977670138007414,7.573110306066836,7.965275764465332,144961322,0.0,0.0
2009-01-05 00:00:00-05:00,7.957342606354971,8.211184736139748,7.808607283760215,8.132105827331543,196293007,0.0,0.0
2009-01-06 00:00:00-05:00,8.254317253963706,8.44816892805339,8.090956040806903,8.281089782714844,257971329,0.0,0.0
2009-01-07 00:00:00-05:00,8.138800278161604,8.203003668093501,7.901567798438746,7.982380390167236,180453860,0.0,0.0
2009-01-08 00:00:00-05:00,7.889916177588951,8.061208724975586,7.866613371020241,8.061208724975586,144567852,0.0,0.0
2009-01-09 00:00:00-05:00,8.118473692443798,8.118473692443798,7.768944838108092,7.810342788696289,174270770,0.0,0.0
2009-01-12 00:00:00-05:00,7.841080965784567,7.906524928594839,7.690362801853524,7.751343727111816,132667413,0.0,0.0
2009-01-13 00:00:00-05:00,7.728537987852754,7.947427584086286,7.694329117476404,7.791750907897949,177964564,0.0,0.0
2009-01-14 00:00:00-05:00,7.684661631197746,7.778860484516601,7.38099330719172,7.460814952850342,219535801,0.0,0.0
2009-01-15 00:00:00-05:00,7.376531432026327,7.525514977823637,7.109303014422124,7.411731719970703,238269759,0.0,0.0
2009-01-16 00:00:00-05:00,7.5612104677587,7.641280323074664,7.330175661717919,7.4285888671875,209759293,0.0,0.0
2009-01-20 00:00:00-05:00,7.415449722174499,7.424374373362973,7.0091552734375,7.0091552734375,202684876,0.0,0.0
2009-01-21 00:00:00-05:00,7.1479749681744975,7.523531242066501,7.1479749681744975,7.513120651245117,197718329,0.0,0.0
2009-01-22 00:00:00-05:00,7.388181755975178,7.66854821501947,7.3165410818354095,7.597898483276367,331919470,0.0,0.0
2009-01-23 00:00:00-05:00,7.666565597232937,8.229032680376392,7.541379385126436,8.049062728881836,430921167,0.0,0.0
2009-01-26 00:00:00-05:00,8.05278239146996,8.130868472266195,7.946436889028278,8.028489112854004,185119281,0.0,0.0
2009-01-27 00:00:00-05:00,8.092444673402865,8.276381257752712,8.038404136243773,8.217134475708008,197830749,0.0,0.0
2009-01-28 00:00:00-05:00,8.378263585030624,8.733990088649373,8.33686611048249,8.643260955810547,308809170,0.0,0.0
2009-01-29 00:00:00-05:00,8.540880962611276,8.553523071155093,8.431064805986496,8.510638236999512,292444059,0.0,0.0
2009-01-30 00:00:00-05:00,8.544599150563057,8.646483025448491,8.329181183440213,8.391898155212402,187580472,0.0,0.0
2009-02-02 00:00:00-05:00,8.286792906377588,8.55228482200294,8.230025378222035,8.442469596862793,209056670,0.0,0.0
2009-02-03 00:00:00-05:00,8.49204539451143,8.502705617912081,8.275387815223217,8.439493179321289,263243015,0.0,0.0
2009-02-04 00:00:00-05:00,8.430074430556708,8.78629644266215,8.407763985721209,8.502707481384277,273718132,0.0,0.0
2009-02-05 00:00:00-05:00,8.45089638575094,8.809596655564636,8.353971017929245,8.76844596862793,291665150,0.0,0.0
2009-02-06 00:00:00-05:00,8.83636913321023,9.26646281441992,8.811083016739552,9.20374584197998,282579221,0.0,0.0
2009-02-09 00:00:00-05:00,9.203746912932091,9.444697813278344,9.10508453746729,9.38941764831543,199838246,0.0,0.0
2009-02-10 00:00:00-05:00,9.320255452118541,9.357934996065248,8.871818857439086,8.887187957763672,285213056,0.0,0.0
2009-02-11 00:00:00-05:00,8.898094142112305,9.048069097091279,8.750597492297407,8.87553596496582,210048373,0.0,0.0
2009-02-12 00:00:00-05:00,8.75456394259,9.013859581623638,8.712917785827438,8.999730110168457,222844155,0.0,0.0
2009-02-13 00:00:00-05:00,8.97841047099361,8.998242606689372,8.805877344854316,8.86661148071289,166489714,0.0,0.0
2009-02-17 00:00:00-05:00,8.589715962635957,8.60409411986712,8.420653967846452,8.494277954101562,228067661,0.0,0.0
2009-02-18 00:00:00-05:00,8.607814466378406,8.76002002454802,8.441229799352119,8.753326416015625,241883252,0.0,0.0
2009-02-19 00:00:00-05:00,8.861405530622532,8.919163993782457,8.463290627636058,8.493781089782715,200295955,0.0,0.0
2009-02-20 00:00:00-05:00,8.38000026972566,8.649458800312356,8.304393444260919,8.58823013305664,249616129,0.0,0.0
2009-02-23 00:00:00-05:00,8.601862336158309,8.671272916529954,8.16929034462972,8.181933403015137,209626799,0.0,0.0
2009-02-24 00:00:00-05:00,8.205730998003256,8.666810606537796,8.202507587704526,8.56343936920166,244749957,0.0,0.0
2009-02-25 00:00:00-05:00,8.4816343420478,8.733246382108328,8.401566387590698,8.468992233276367,258529413,0.0,0.0
2009-02-26 00:00:00-05:00,8.576081296694843,8.737955149500703,8.357936344917226,8.358431816101074,225064447,0.0,0.0
2009-02-27 00:00:00-05:00,8.25357391254451,8.52303239559948,8.207961140505008,8.378511428833008,217612620,0.0,0.0
2009-03-02 00:00:00-05:00,8.26299513388341,8.445692094071727,8.081290065399624,8.110045433044434,232407869,0.0,0.0
2009-03-03 00:00:00-05:00,8.182181256867315,8.271918497343925,7.990808822524339,8.068398475646973,261970262,0.0,0.0
2009-03-04 00:00:00-05:00,8.010887607152673,8.155657269498256,7.818026864153271,7.905781269073486,313908211,0.0,0.0
2009-03-05 00:00:00-05:00,7.84529582103537,7.909747892487825,7.502212859212349,7.57658052444458,262175027,0.0,0.0
2009-03-06 00:00:00-05:00,7.615747173173014,7.689371154540074,7.294230982671437,7.64921236038208,290452622,0.0,0.0
2009-03-09 00:00:00-04:00,7.4362734479360855,7.599634671266535,7.175242700124032,7.210939407348633,259822241,0.0,0.0
2009-03-10 00:00:00-04:00,7.393388572542398,7.697055945009217,7.294231211192822,7.639296531677246,270217058,0.0,0.0
2009-03-11 00:00:00-04:00,7.687140027080759,7.932553943580723,7.578315754624571,7.880743980407715,237832124,0.0,0.0
2009-03-12 00:00:00-04:00,7.871573400210887,8.056500457773335,7.775143016450448,8.020060539245605,201717262,0.0,0.0
2009-03-13 00:00:00-04:00,8.083768039201487,8.117480961669832,7.908508396209665,8.042120933532715,156841686,0.0,0.0
2009-03-16 00:00:00-04:00,8.081041201109567,8.173753163406614,7.897601059647469,7.924869060516357,198613673,0.0,0.0
2009-03-17 00:00:00-04:00,7.9370163985412825,8.312821388244629,7.9099966038587075,8.312821388244629,189206544,0.0,0.0
2009-03-18 00:00:00-04:00,8.299682114040792,8.42833852569583,8.132106532758753,8.257292747497559,201239478,0.0,0.0
2009-03-19 00:00:00-04:00,8.222091456441353,8.329180619163745,8.115497764881233,8.17895793914795,165064391,0.0,0.0
2009-03-20 00:00:00-04:00,8.187882203991991,8.254565796802806,8.089717204816328,8.184412956237793,190226352,0.0,0.0
2009-03-23 00:00:00-04:00,8.268695541523183,8.662596082396039,8.255557012526742,8.641525268554688,171500425,0.0,0.0
2009-03-24 00:00:00-04:00,8.58946751949357,8.7714212428596,8.527494705494888,8.606077194213867,153372732,0.0,0.0
2009-03-25 00:00:00-04:00,8.686146416243195,8.709447800306242,8.335378434691409,8.529230117797852,174102141,0.0,0.0
2009-03-26 00:00:00-04:00,8.753820129535422,8.903298650937808,8.63904547079362,8.75778579711914,241032074,0.0,0.0
2009-03-27 00:00:00-04:00,8.676231227800237,8.725810624866101,8.56393580129512,8.619215965270996,133410187,0.0,0.0
2009-03-30 00:00:00-04:00,8.491550674095352,8.522785292781082,8.330420970256252,8.49502182006836,124227898,0.0,0.0
2009-03-31 00:00:00-04:00,8.649704826046907,8.763239858792792,8.581534828790653,8.628138542175293,146760038,0.0,0.0
2009-04-01 00:00:00-04:00,8.52204070089712,8.806125081769938,8.443459161586139,8.777617454528809,132542948,0.0,0.0
2009-04-02 00:00:00-04:00,9.006175300664866,9.166066325553032,8.932055846152798,8.986095428466797,180192885,0.0,0.0
2009-04-03 00:00:00-04:00,9.035675100358375,9.214653162220516,8.874544443299952,9.1665620803833,152160204,0.0,0.0
2009-04-06 00:00:00-04:00,9.097646401986047,9.16755245072091,8.958827145247039,9.128386497497559,131703815,0.0,0.0
2009-04-07 00:00:00-04:00,8.988574684025167,9.01708231256105,8.80786152928993,8.890657424926758,147755757,0.0,0.0
2009-04-08 00:00:00-04:00,9.0108845908196,9.048068658262736,8.8301714468137,8.973700523376465,111022586,0.0,0.0
2009-04-09 00:00:00-04:00,9.159620621252312,9.279848324320268,9.07905529374507,9.233988761901855,135811153,0.0,0.0
2009-04-13 00:00:00-04:00,9.204984414814062,9.39759741827891,9.179451512213092,9.373055458068848,122461301,0.0,0.0
2009-04-14 00:00:00-04:00,9.344052668026388,9.345292295234588,9.062942994513392,9.144994735717773,137658049,0.0,0.0
2009-04-15 00:00:00-04:00,9.10012686036005,9.446185054801079,9.02724607650389,9.407513618469238,197967259,0.0,0.0
2009-04-16 00:00:00-04:00,9.457092623919086,9.739688722483104,9.445192771746804,9.636566162109375,408931050,0.0,0.0
2009-04-17 00:00:00-04:00,9.569140211858679,9.9112308557895,9.539145216093175,9.723329544067383,430840867,0.0,0.0
2009-04-20 00:00:00-04:00,9.572360666948862,9.683912880104918,9.318023519310223,9.402555465698242,177820024,0.0,0.0
2009-04-21 00:00:00-04:00,9.324965011270548,9.526501255824257,9.323229912790167,9.456347465515137,148370051,0.0,0.0
2009-04-22 00:00:00-04:00,9.463289045195237,9.667800020593356,9.39536677207614,9.515594482421875,140597024,0.0,0.0
2009-04-23 00:00:00-04:00,9.606075102882665,9.661602047842955,9.44742370557783,9.536169052124023,104751167,0.0,0.0
2009-04-24 00:00:00-04:00,9.5698828850244,9.74663038810885,9.43230323837582,9.655158042907715,135923572,0.0,0.0
2009-04-27 00:00:00-04:00,9.527493678525763,9.655158207311098,9.488079034973266,9.567403793334961,91967429,0.0,0.0
2009-04-28 00:00:00-04:00,9.512867993381313,9.644250444722624,9.458083304170321,9.51187515258789,118185333,0.0,0.0
2009-04-29 00:00:00-04:00,9.567898893243688,9.7910014064068,9.564427747389916,9.704239845275879,144941247,0.0,0.0
2009-04-30 00:00:00-04:00,9.810584885859559,10.008650917725596,9.78678803107421,9.815791130065918,174881049,0.0,0.0
2009-05-01 00:00:00-04:00,9.792490035715055,9.85595117070394,9.706223934614757,9.759273529052734,97471985,0.0,0.0
2009-05-04 00:00:00-04:00,9.870327076899502,9.975185675447444,9.786540241477068,9.964775085449219,128600225,0.0,0.0
2009-05-05 00:00:00-04:00,9.915196022242542,10.03963807610907,9.84752148994724,9.989811897277832,96391952,0.0,0.0
2009-05-06 00:00:00-04:00,10.084011317062126,10.1209476515175,9.940481281222342,10.001710891723633,105710750,0.0,0.0
2009-05-07 00:00:00-04:00,10.017328111041161,10.039389867050573,9.729772584363728,9.831656455993652,120441759,0.0,0.0
2009-05-08 00:00:00-04:00,9.98634105840245,10.166807432584552,9.791746161061331,10.097396850585938,155183494,0.0,0.0
2009-05-11 00:00:00-04:00,9.985102410149324,10.213162497355837,9.945439084720542,10.113511085510254,102755715,0.0,0.0
2009-05-12 00:00:00-04:00,10.163832386694109,10.18812566249788,9.794472842536257,9.89115047454834,152200354,0.0,0.0
2009-05-13 00:00:00-04:00,9.769187753826731,9.82620301141575,9.62689734545768,9.656396865844727,114138220,0.0,0.0
2009-05-14 00:00:00-04:00,9.638053844612447,9.722584846451177,9.536169958939592,9.605827331542969,117920344,0.0,0.0
2009-05-15 00:00:00-04:00,9.695066996577669,9.769682869441686,9.64524081919634,9.66779899597168,120799094,0.0,0.0
2009-05-18 00:00:00-04:00,9.785052093775876,9.849008686445243,9.553768630099672,9.837357521057129,134570520,0.0,0.0
2009-05-19 00:00:00-04:00,9.819015745839526,9.956346708324945,9.742168344711933,9.88792896270752,113925426,0.0,0.0
2009-05-20 00:00:00-04:00,9.967501154886182,10.05624649914854,9.791745564699506,9.845786094665527,91702440,0.0,0.0
2009-05-21 00:00:00-04:00,9.823971388374762,9.986092017781795,9.762989520133278,9.82892894744873,109199779,0.0,0.0
2009-05-22 00:00:00-04:00,9.832895228733998,9.882226883689498,9.717377355933708,9.754561424255371,69001669,0.0,0.0
2009-05-26 00:00:00-04:00,9.716139659700342,10.03963871383919,9.667799891408624,10.023773193359375,124645457,0.0,0.0
2009-05-27 00:00:00-04:00,10.055503032021818,10.20969138384177,10.034926740556742,10.053519248962402,121826932,0.0,0.0
2009-05-28 00:00:00-04:00,10.130862963835916,10.203743742541294,10.02997097613409,10.173501014709473,107152133,0.0,0.0
2009-05-29 00:00:00-04:00,10.215890269530504,10.34281063079834,10.180937717978509,10.34281063079834,106325044,0.0,0.0
2009-06-01 00:00:00-04:00,10.37999440075463,10.649452899633685,10.375036841242553,10.57409381866455,133394127,0.0,0.0
2009-06-02 00:00:00-04:00,10.566408827427823,10.658377579815362,10.495759573325781,10.619705200195312,105337356,0.0,0.0
2009-06-03 00:00:00-04:00,10.560211769977155,10.720349575002396,10.510633328788126,10.700270652770996,141841672,0.0,0.0
2009-06-04 00:00:00-04:00,10.790752516652805,10.938001446079118,10.770921327399043,10.914202690124512,146069460,0.0,0.0
2009-06-05 00:00:00-04:00,11.032943401256917,11.089214504552572,10.89387544989973,11.014350891113281,147783862,0.0,0.0
2009-06-08 00:00:00-04:00,10.894867062485222,10.93006734944751,10.76150083031021,10.876770973205566,124412588,0.0,0.0
2009-06-09 00:00:00-04:00,10.872061319220041,10.91965692976454,10.702998377050823,10.798684120178223,130684007,0.0,0.0
2009-06-10 00:00:00-04:00,10.813805668970979,10.854956357684008,10.576821402166336,10.723821640014648,134859599,0.0,0.0
2009-06-11 00:00:00-04:00,10.703247043923325,10.751834550307843,10.618963775703207,10.634580612182617,115037579,0.0,0.0
2009-06-12 00:00:00-04:00,10.581530862267892,10.60235394152068,10.441471023109267,10.53145694732666,117173555,0.0,0.0
2009-06-15 00:00:00-04:00,10.448660528503664,10.448660528503664,10.262742068792004,10.33140754699707,150036273,0.0,0.0
2009-06-16 00:00:00-04:00,10.394373403942142,10.438497870304408,10.297942551540224,10.312320709228516,122445241,0.0,0.0
2009-06-17 00:00:00-04:00,10.317029178295208,10.404535841846599,10.202254515020366,10.291496276855469,140127270,0.0,0.0
2009-06-18 00:00:00-04:00,10.304387615753681,10.379002540976387,10.237951762031345,10.264228820800781,123870563,0.0,0.0
2009-06-19 00:00:00-04:00,10.367104014210357,10.422879645742238,10.277119037590827,10.413707733154297,171002566,0.0,0.0
2009-06-22 00:00:00-04:00,10.335868904365459,10.34925611837792,9.962543699310395,10.097892761230469,165594371,0.0,0.0
2009-06-23 00:00:00-04:00,10.080541202646652,10.138547403234803,9.978904110867969,10.05649471282959,116418737,0.0,0.0
2009-06-24 00:00:00-04:00,10.132350648140442,10.218865430675903,10.0783101133025,10.145984649658203,98680498,0.0,0.0
2009-06-25 00:00:00-04:00,10.08921692811322,10.309841151800315,10.077070289710024,10.306618690490723,122236461,0.0,0.0
2009-06-26 00:00:00-04:00,10.254809432075737,10.615493523994873,10.240679958627837,10.543356895446777,130756276,0.0,0.0
2009-06-29 00:00:00-04:00,10.560212135612915,10.604832069802999,10.467003751738932,10.514103889465332,87097243,0.0,0.0
2009-06-30 00:00:00-04:00,10.51063374178819,10.590206227066004,10.367352392317915,10.450891494750977,104144903,0.0,0.0
2009-07-01 00:00:00-04:00,10.515591199771231,10.570127201941723,10.36561624462384,10.386439323425293,92778458,0.0,0.0
2009-07-02 00:00:00-04:00,10.297694237321885,10.297694237321885,10.084506833594892,10.126152992248535,101081463,0.0,0.0
2009-07-06 00:00:00-04:00,10.076821232033826,10.17944830596716,9.956841277413405,10.153915405273438,90843231,0.0,0.0
2009-07-07 00:00:00-04:00,10.119956655770602,10.143507678476892,9.816041015826976,9.832154273986816,130860666,0.0,0.0
2009-07-08 00:00:00-04:00,9.915692862109909,10.064427248912251,9.867601779634526,9.977417945861816,138163938,0.0,0.0
2009-07-09 00:00:00-04:00,10.06740161590477,10.273897309306712,10.059469330705094,10.173253059387207,131515110,0.0,0.0
2009-07-10 00:00:00-04:00,10.153173840799347,10.34628138309135,10.131358868622332,10.27265739440918,117502785,0.0,0.0
2009-07-13 00:00:00-04:00,10.316534929041204,10.523524205705048,10.291992967040487,10.518071174621582,162434571,0.0,0.0
2009-07-14 00:00:00-04:00,10.503444346943692,10.578307955185151,10.43304282692547,10.527738571166992,116266167,0.0,0.0
2009-07-15 00:00:00-04:00,10.650940646491165,10.874538623190126,10.621936599396925,10.861896514892578,151646285,0.0,0.0
2009-07-16 00:00:00-04:00,10.824961515499133,11.04979914697797,10.761004911847115,10.97171401977539,263162715,0.0,0.0
2009-07-17 00:00:00-04:00,10.733738353384382,10.795214756175959,10.577565244236162,10.665566444396973,275191634,0.0,0.0
2009-07-20 00:00:00-04:00,10.656394676941378,10.730018662543154,10.566409700186032,10.663583755493164,126612804,0.0,0.0
2009-07-21 00:00:00-04:00,10.68267032959174,10.706468133885888,10.55327071792085,10.607311248779297,119173022,0.0,0.0
2009-07-22 00:00:00-04:00,10.609791593769161,10.664327601430337,10.498240323851796,10.602106094360352,103855823,0.0,0.0
2009-07-23 00:00:00-04:00,10.626648114963606,10.937257333219906,10.547818828885543,10.841322898864746,139649486,0.0,0.0
2009-07-24 00:00:00-04:00,10.803394499263971,11.16730104161565,10.78331557462331,11.073845863342285,145619780,0.0,0.0
2009-07-27 00:00:00-04:00,11.05698808514548,11.07458870381305,10.848015027544793,11.026249885559082,100551484,0.0,0.0
2009-07-28 00:00:00-04:00,10.932051096623786,10.976918767089616,10.81058281812044,10.903542518615723,101679697,0.0,0.0
2009-07-29 00:00:00-04:00,10.838594546121714,10.852724966763743,10.706220211226917,10.814053535461426,79777911,0.0,0.0
2009-07-30 00:00:00-04:00,10.971962011872083,11.191594353009647,10.971962011872083,11.047073364257812,128423566,0.0,0.0
2009-07-31 00:00:00-04:00,11.154659096333457,11.222085899338811,10.967500052221295,10.982870101928711,114844859,0.0,0.0
2009-08-03 00:00:00-04:00,11.123919686310458,11.251832895122776,11.096651682995278,11.209938049316406,104000363,0.0,0.0
2009-08-04 00:00:00-04:00,11.139536654205124,11.254310375000891,11.116234320861842,11.2476167678833,95950302,0.0,0.0
2009-08-05 00:00:00-04:00,11.303888928449599,11.32644615495916,11.102599496334998,11.183412551879883,94031136,0.0,0.0
2009-08-06 00:00:00-04:00,11.261747282972978,11.27612449055336,11.118713668085345,11.164077758789062,84752487,0.0,0.0
2009-08-07 00:00:00-04:00,11.295707759712714,11.388667458399803,11.278852247196655,11.331156730651855,102105287,0.0,0.0
2009-08-10 00:00:00-04:00,11.28256987303446,11.363630667340065,11.24910468615336,11.319010734558105,69941178,0.0,0.0
2009-08-11 00:00:00-04:00,11.246131171225667,11.334381053098339,11.214153343634482,11.252823829650879,68756755,0.0,0.0
2009-08-12 00:00:00-04:00,11.28926493877187,11.446428039133403,11.277117350575208,11.367846488952637,94007046,0.0,0.0
2009-08-13 00:00:00-04:00,11.456342701314776,11.520050619707208,11.376026055795439,11.459565162658691,80107140,0.0,0.0
2009-08-14 00:00:00-04:00,11.471959813264172,11.481874932328857,11.325950525463742,11.403045654296875,67255147,0.0,0.0
2009-08-17 00:00:00-04:00,11.192337217463157,11.204483854966577,10.984602854402599,11.028480529785156,105200846,0.0,0.0
2009-08-18 00:00:00-04:00,11.03368679139771,11.09813886599734,10.964773577369508,11.038148880004883,94396500,0.0,0.0
2009-08-19 00:00:00-04:00,10.907013897651966,11.03120727045071,10.871564925265865,11.005675315856934,90538092,0.0,0.0
2009-08-20 00:00:00-04:00,11.204731395279566,11.457085686926154,11.185643415601787,11.413208961486816,160555554,0.0,0.0
2009-08-21 00:00:00-04:00,11.540378632209624,11.554012632962449,11.468737482472713,11.532941818237305,142953825,0.0,0.0
2009-08-24 00:00:00-04:00,11.585245994162126,11.653168260516058,11.512614853126015,11.619455337524414,98503838,0.0,0.0
2009-08-25 00:00:00-04:00,11.62937238600954,11.758772007414558,11.619208581464582,11.684900283813477,93990986,0.0,0.0
2009-08-26 00:00:00-04:00,11.719356497403684,11.725305948483982,11.569133806804679,11.601359367370605,79810030,0.0,0.0
2009-08-27 00:00:00-04:00,11.615737669744814,11.615737669744814,11.421141829198422,11.553268432617188,80255695,0.0,0.0
2009-08-28 00:00:00-04:00,11.632594824381153,11.709689009207253,11.486834211581417,11.520795822143555,71129616,0.0,0.0
2009-08-31 00:00:00-04:00,11.397840932229247,11.449153526867063,11.35346778227136,11.444443702697754,78609548,0.0,0.0
2009-09-01 00:00:00-04:00,11.395113352132364,11.572107624039322,11.264721848280963,11.29793930053711,104185053,0.0,0.0
2009-09-02 00:00:00-04:00,11.299427074925955,11.361647628978286,11.219358166919507,11.229769706726074,72462593,0.0,0.0
2009-09-03 00:00:00-04:00,11.299427319976928,11.359665990467748,11.279100660318525,11.341569900512695,66094814,0.0,0.0
2009-09-04 00:00:00-04:00,11.342808934526257,11.46749873403498,11.298435782894682,11.435273170471191,60192775,0.0,0.0
2009-09-08 00:00:00-04:00,11.509390746461497,11.57632206638149,11.299922244650201,11.36883544921875,106666319,0.0,0.0
2009-09-09 00:00:00-04:00,11.37974500454312,11.558475335804323,11.373299132638738,11.501460075378418,88145156,0.0,0.0
2009-09-10 00:00:00-04:00,11.567895094101049,11.674241065979004,11.452624944897169,11.674241065979004,101764012,0.0,0.0
2009-09-11 00:00:00-04:00,11.660854552430106,11.732743440747644,11.592188125437637,11.703988075256348,76401301,0.0,0.0
2009-09-14 00:00:00-04:00,11.663582378165593,11.819506804433392,11.652178945725804,11.777860641479492,79324216,0.0,0.0
2009-09-15 00:00:00-04:00,11.776867740760983,11.871811226604676,11.718117383359669,11.837849617004395,96283547,0.0,0.0
2009-09-16 00:00:00-04:00,11.8938734518769,12.131106409649561,11.861151468216129,12.104333877563477,103799614,0.0,0.0
2009-09-17 00:00:00-04:00,12.160852989581615,12.329419509228996,12.076074258547195,12.189360618591309,179996150,0.0,0.0
2009-09-18 00:00:00-04:00,12.314545867907936,12.31975211232927,12.17721396743375,12.182914733886719,131832295,0.0,0.0
2009-09-21 00:00:00-04:00,12.09069925426348,12.367347789083984,12.053019712620621,12.320247650146484,84973311,0.0,0.0
2009-09-22 00:00:00-04:00,12.417422298305265,12.443946145498273,12.340327163730484,12.37131404876709,122103967,0.0,0.0
2009-09-23 00:00:00-04:00,12.413951276936306,12.568140598457637,12.337848982426683,12.356440544128418,108573440,0.0,0.0
2009-09-24 00:00:00-04:00,12.40626666420365,12.429568050118448,12.22109045826844,12.314546585083008,101482963,0.0,0.0
2009-09-25 00:00:00-04:00,12.253069076624447,12.392880237840634,12.196302500878197,12.208200454711914,82291296,0.0,0.0
2009-09-28 00:00:00-04:00,12.26670388562714,12.431799264659045,12.228526973332073,12.358175277709961,73847766,0.0,0.0
2009-09-29 00:00:00-04:00,12.38296497509218,12.388418006124107,12.221338843827324,12.358175277709961,84282733,0.0,0.0
2009-09-30 00:00:00-04:00,12.394616190791893,12.3980863877511,12.07830527009592,12.291740417480469,126139035,0.0,0.0
2009-10-01 00:00:00-04:00,12.221090252024652,12.307109562908657,12.072355863314012,12.077313423156738,112949783,0.0,0.0
2009-10-02 00:00:00-04:00,11.991543209459548,12.189857000131946,11.96328331394479,12.012365341186523,104421937,0.0,0.0
2009-10-05 00:00:00-04:00,12.088468656417175,12.206961261125159,11.98162626943459,12.110034942626953,86105539,0.0,0.0
2009-10-06 00:00:00-04:00,12.188865411136458,12.378998221064792,12.188865411136458,12.363381385803223,109701653,0.0,0.0
2009-10-07 00:00:00-04:00,12.369825006150291,12.865361668755911,12.340325488007824,12.82941722869873,195698788,0.0,0.0
2009-10-08 00:00:00-04:00,12.87974109428746,12.970964749139869,12.725304044443373,12.746126174926758,172797268,0.0,0.0
2009-10-09 00:00:00-04:00,12.807357551788513,12.927832999757886,12.754060222014248,12.797441482543945,109934523,0.0,0.0
2009-10-12 00:00:00-04:00,12.975179038872534,13.033186189077083,12.873542895505286,12.990549087524414,133386097,0.0,0.0
2009-10-13 00:00:00-04:00,12.999225383603493,13.075327678852817,12.924609502093276,13.041862487792969,121951397,0.0,0.0
2009-10-14 00:00:00-04:00,13.199274171479447,13.276616087870963,13.138292296703044,13.270171165466309,130824531,0.0,0.0
2009-10-15 00:00:00-04:00,13.231251937955257,13.309338009986844,13.07061770551375,13.136061668395996,244930632,0.0,0.0
2009-10-16 00:00:00-04:00,13.567888505231858,13.751826019686863,13.498479823776426,13.63035774230957,355001664,0.0,0.0
2009-10-19 00:00:00-04:00,13.700760011743467,13.723318190388722,13.602595011589008,13.68588638305664,129198459,0.0,0.0
2009-10-20 00:00:00-04:00,13.67473206749019,13.707206316010573,13.403537494783873,13.676715850830078,162354271,0.0,0.0
2009-10-21 00:00:00-04:00,13.631845008258013,13.865855486267725,13.609286831003294,13.661344528198242,147374332,0.0,0.0
2009-10-22 00:00:00-04:00,13.634077586607063,13.758023228751517,13.584499139913557,13.735465049743652,93810311,0.0,0.0
2009-10-23 00:00:00-04:00,13.76422017606832,13.829664137688825,13.66382366408068,13.72554874420166,96066737,0.0,0.0
2009-10-26 00:00:00-04:00,13.776615523306825,13.922623870929899,13.65614008007612,13.738439559936523,119261352,0.0,0.0
2009-10-27 00:00:00-04:00,13.658122107236016,13.74711518933952,13.489306906139184,13.591687202453613,129142249,0.0,0.0
2009-10-28 00:00:00-04:00,13.581276912516664,13.634077821524114,13.34280432353376,13.393622398376465,103096990,0.0,0.0
2009-10-29 00:00:00-04:00,13.460800040006482,13.679440467476374,13.410972912932841,13.660104751586914,101282213,0.0,0.0
2009-10-30 00:00:00-04:00,13.634077214556122,13.638290618321307,13.243398154060799,13.290002822875977,139260032,0.0,0.0
2009-11-02 00:00:00-05:00,13.3137984932862,13.372797530886022,13.094662600695814,13.237200736999512,128564090,0.0,0.0
2009-11-03 00:00:00-05:00,13.138540538475244,13.32421221077436,13.096151171647854,13.319005966186523,95564863,0.0,0.0
2009-11-04 00:00:00-05:00,13.406016478135191,13.522525305261818,13.297439936671736,13.394365310668945,93657741,0.0,0.0
2009-11-05 00:00:00-05:00,13.472700374045909,13.628377060095893,13.452124079627259,13.600611686706543,74185025,0.0,0.0
2009-11-06 00:00:00-05:00,13.57755674148684,13.678200989944711,13.522524318737894,13.661344528198242,73341877,0.0,0.0
2009-11-09 00:00:00-05:00,13.769177636304969,13.945925119182991,13.738934910045728,13.944189071655273,106393299,0.0,0.0
2009-11-10 00:00:00-05:00,13.949644235041728,14.09961920108359,13.931548144869973,14.049544334411621,89566463,0.0,0.0
2009-11-11 00:00:00-05:00,14.141759731877263,14.216623341260949,14.027232799066809,14.143743515014648,93135792,0.0,0.0
2009-11-12 00:00:00-05:00,14.118954154001697,14.201750050362506,14.018309904052419,14.07656478881836,75734813,0.0,0.0
2009-11-13 00:00:00-05:00,14.112260632119698,14.192082752543477,14.045825726146749,14.180679321289062,66921903,0.0,0.0
2009-11-16 00:00:00-05:00,14.253806680824765,14.303137388386961,14.198775206895709,14.285537719726562,88297726,0.0,0.0
2009-11-17 00:00:00-05:00,14.2505851423833,14.315781373617888,14.222078461167522,14.315533638000488,76955370,0.0,0.0
2009-11-18 00:00:00-05:00,14.294710159301758,14.347511065587588,14.181176061301343,14.294710159301758,62216331,0.0,0.0
2009-11-19 00:00:00-05:00,14.223316166514202,14.229018831217404,14.129860996072685,14.203981399536133,87045048,0.0,0.0
2009-11-20 00:00:00-05:00,14.117467532266211,14.169525232965228,14.114988277744816,14.128870964050293,80548789,0.0,0.0
2009-11-23 00:00:00-05:00,14.290743317577775,14.541362528675837,14.275126482576008,14.43600845336914,102281946,0.0,0.0
2009-11-24 00:00:00-05:00,14.44022195382138,14.484098679778846,14.291982101144113,14.454351425170898,64448667,0.0,0.0
2009-11-25 00:00:00-05:00,14.536653053787925,14.552765360389921,14.444436556844755,14.520044326782227,58667077,0.0,0.0
2009-11-27 00:00:00-05:00,14.179439910167186,14.438735564747029,14.153907006436674,14.371804237365723,55591593,0.0,0.0
2009-11-30 00:00:00-05:00,14.393372323104657,14.468731411525061,14.306113382157278,14.45212173461914,69262644,0.0,0.0
2009-12-01 00:00:00-05:00,14.579289650728636,14.655888360460885,14.452120605716154,14.62242317199707,93159882,0.0,0.0
2009-12-02 00:00:00-05:00,14.65043384686844,14.700260973521994,14.531942196560355,14.563920021057129,66777363,0.0,0.0
2009-12-03 00:00:00-05:00,14.60184833456935,14.66159058433879,14.50170050131005,14.520044326782227,57362205,0.0,0.0
2009-12-04 00:00:00-05:00,14.70050890876607,14.745377527416013,14.357426428000712,14.501947402954102,100920864,0.0,0.0
2009-12-07 00:00:00-05:00,14.482114946837555,14.593170731639473,14.402542464253502,14.532685279846191,65693315,0.0,0.0
2009-12-08 00:00:00-05:00,14.464516694505344,14.64200739941474,14.427333571655836,14.552517890930176,61188493,0.0,0.0
2009-12-09 00:00:00-05:00,14.563673149520293,14.609037241442195,14.466499093932892,14.60135269165039,71507025,0.0,0.0
2009-12-10 00:00:00-05:00,14.63655424156327,14.742403791645032,14.635810085539845,14.662830352783203,66982128,0.0,0.0
2009-12-11 00:00:00-05:00,14.741660692613173,14.74339484193044,14.56937528343024,14.638288497924805,69057879,0.0,0.0
2009-12-14 00:00:00-05:00,14.758268153736191,14.806855656470166,14.690345883167504,14.767688751220703,76822876,0.0,0.0
2009-12-15 00:00:00-05:00,14.707451152568876,14.783801180452866,14.650187207887988,14.703484535217285,91557900,0.0,0.0
2009-12-16 00:00:00-05:00,14.838832454943567,14.882710130484387,14.790245904754642,14.818009376525879,112797213,0.0,0.0
2009-12-17 00:00:00-05:00,14.78528900578551,14.815036261996719,14.71885409969952,14.723315238952637,105947635,0.0,0.0
2009-12-18 00:00:00-05:00,14.775125516200323,14.847014403848018,14.749592612272004,14.78479290008545,141789477,0.0,0.0
2009-12-21 00:00:00-05:00,14.814290754360046,14.869570912454304,14.766200623696488,14.840816497802734,103233500,0.0,0.0
2009-12-22 00:00:00-05:00,14.906756322516149,14.910722939986186,14.845032185770753,14.9013032913208,75513988,0.0,0.0
2009-12-23 00:00:00-05:00,14.96030148448191,15.19257592153513,14.94418727989833,15.163076400756836,83218760,0.0,0.0
2009-12-24 00:00:00-05:00,15.194064411012727,15.357425648458719,15.177703418787749,15.331644058227539,34476745,0.0,0.0
2009-12-28 00:00:00-05:00,15.410472843079726,15.517809750350958,15.331642615233319,15.440467834472656,68170566,0.0,0.0
2009-12-29 00:00:00-05:00,15.486823604943089,15.489301910106116,15.326933531018462,15.354448318481445,57205620,0.0,0.0
2009-12-30 00:00:00-05:00,15.332139755813973,15.436997413635254,15.319993117325135,15.436997413635254,58843737,0.0,0.0
2009-12-31 00:00:00-05:00,15.487070773712476,15.503184027985832,15.368825912475586,15.368825912475586,48974884,0.0,0.0
2010-01-04 00:00:00-05:00,15.541608217437455,15.605068399711053,15.474429153442177,15.536650657653809,78541293,0.0,0.0
2010-01-05 00:00:00-05:00,15.547310127147087,15.563671118733629,15.407498966404336,15.468233108520508,120638494,0.0,0.0
2010-01-06 00:00:00-05:00,15.51458656193373,15.51458656193373,15.031197474701163,15.078296661376953,159744526,0.0,0.0
2010-01-07 00:00:00-05:00,15.106557181411636,15.121430809228663,14.691337128073183,14.72728157043457,257533695,0.0,0.0
2010-01-08 00:00:00-05:00,14.675223957804597,14.954103057216164,14.603583757447268,14.923612594604492,189680313,0.0,0.0
2010-01-11 00:00:00-05:00,14.984098013605882,14.984098013605882,14.72579425826008,14.901054382324219,289597429,0.0,0.0
2010-01-12 00:00:00-05:00,14.815284978674974,14.82792708881262,14.576069184296259,14.637545585632324,194859654,0.0,0.0
2010-01-13 00:00:00-05:00,14.290743853121885,14.58548753941952,14.226540463105435,14.553509712219238,260838034,0.0,0.0
2010-01-14 00:00:00-05:00,14.474431556801969,14.729761547401045,14.44741128980525,14.621928215026855,170239717,0.0,0.0
2010-01-15 00:00:00-05:00,14.708441369114574,14.713895349056514,14.329165757012168,14.377753257751465,218194794,0.0,0.0
2010-01-19 00:00:00-05:00,14.40750065905808,14.636058110048344,14.2857855941465,14.56664752960205,173315202,0.0,0.0
2010-01-20 00:00:00-05:00,14.525993577329992,14.525993577329992,14.260996206562323,14.387917518615723,130515377,0.0,0.0
2010-01-21 00:00:00-05:00,14.463029255729595,14.546817047867073,14.185637503623369,14.45162582397461,253253712,0.0,0.0
2010-01-22 00:00:00-05:00,13.993519806515808,14.144734387297467,13.258766401568268,13.634324073791504,273035583,0.0,0.0
2010-01-25 00:00:00-05:00,13.549544968527988,13.631102187975761,13.27488116573014,13.386184692382812,177458675,0.0,0.0
2010-01-26 00:00:00-05:00,13.335862037805853,13.624160789587037,13.294216828217234,13.446174621582031,174873019,0.0,0.0
2010-01-27 00:00:00-05:00,13.417666615418606,13.575821591196613,13.269922229861235,13.438241958618164,159170382,0.0,0.0
2010-01-28 00:00:00-05:00,13.497487274809727,13.559708777631077,13.153165154991145,13.244638442993164,129648138,0.0,0.0
2010-01-29 00:00:00-05:00,13.348752350139893,13.410725165663917,13.029466726412478,13.136804580688477,166240784,0.0,0.0
2010-02-01 00:00:00-05:00,13.252323601965665,13.28231859534591,13.145728945258975,13.213155746459961,90369462,0.0,0.0
2010-02-02 00:00:00-05:00,13.26124595318213,13.26124595318213,13.079045435206297,13.166056632995605,164462143,0.0,0.0
2010-02-03 00:00:00-05:00,13.105321760652068,13.438242346251654,13.094414749740682,13.406511306762695,120413655,0.0,0.0
2010-02-04 00:00:00-05:00,13.311817888361658,13.336605687438974,13.028228951209558,13.0584716796875,135614418,0.0,0.0
2010-02-05 00:00:00-05:00,13.09862976617772,13.225053704272522,12.951380850780806,13.170269966125488,126713179,0.0,0.0
2010-02-08 00:00:00-05:00,13.200265334143488,13.435763182410302,13.176219793348013,13.224310874938965,108175956,0.0,0.0
2010-02-09 00:00:00-05:00,13.37478288510098,13.424112647051038,13.263974824070567,13.297935485839844,113206742,0.0,0.0
2010-02-10 00:00:00-05:00,13.239185125871384,13.331400676133038,13.08103013702649,13.248604774475098,107380987,0.0,0.0
2010-02-11 00:00:00-05:00,13.220591741574376,13.398331121097867,13.12589789219822,13.296943664550781,96761331,0.0,0.0
2010-02-12 00:00:00-05:00,13.211916413561626,13.315535390177955,13.15068680256594,13.2156343460083,91529795,0.0,0.0
2010-02-16 00:00:00-05:00,13.308594136988745,13.488564089563166,13.244886220325546,13.418410301208496,146723904,0.0,0.0
2010-02-17 00:00:00-05:00,13.435763735688475,13.470468553290381,13.326939458608475,13.341813087463379,81492313,0.0,0.0
2010-02-18 00:00:00-05:00,13.325203227225456,13.51037942932687,13.290498410101993,13.4660062789917,93826371,0.0,0.0
2010-02-19 00:00:00-05:00,13.39932281709766,13.48608533534656,13.378748421579072,13.405025482177734,102506786,0.0,0.0
2010-02-22 00:00:00-05:00,13.568384950083447,13.572102882469787,13.410973179097766,13.455594062805176,86105539,0.0,0.0
2010-02-23 00:00:00-05:00,13.460552868835757,13.476169703888974,13.195059079502494,13.2639741897583,115334688,0.0,0.0
2010-02-24 00:00:00-05:00,13.236954668391064,13.34751404555935,13.150936304595882,13.17473316192627,93412827,0.0,0.0
2010-02-25 00:00:00-05:00,13.066898389545786,13.100859997048296,12.890399592634548,13.049793243408203,132864148,0.0,0.0
2010-02-26 00:00:00-05:00,13.07433573590544,13.181673593392404,12.97666621123328,13.058966636657715,82279251,0.0,0.0
2010-03-01 00:00:00-05:00,13.118461298135657,13.219848756382396,13.082268170042427,13.204975128173828,89851528,0.0,0.0
2010-03-02 00:00:00-05:00,13.274138436515594,13.526491806105557,13.262486319971158,13.41246223449707,174925214,0.0,0.0
2010-03-03 00:00:00-05:00,13.444687295289052,13.587474135816407,13.367594057317925,13.518064498901367,124039193,0.0,0.0
2010-03-04 00:00:00-05:00,13.547314655236105,13.786034968462753,13.539877840999516,13.747859954833984,127829347,0.0,0.0
2010-03-05 00:00:00-05:00,13.915433992780645,14.072101607103294,13.879489550368469,13.98633098602295,157074555,0.0,0.0
2010-03-08 00:00:00-05:00,14.000461416387095,14.01037748467858,13.907005296546034,13.943446159362793,95813793,0.0,0.0
2010-03-09 00:00:00-05:00,13.878250939315528,13.99748579983886,13.795206358622744,13.886678695678711,127540267,0.0,0.0
2010-03-10 00:00:00-05:00,13.975177135045193,14.34057008453232,13.936753435805569,14.289752960205078,227043838,0.0,0.0
2010-03-11 00:00:00-05:00,14.235463184744805,14.531695172556546,14.233976771102354,14.406013488769531,169966698,0.0,0.0
2010-03-12 00:00:00-05:00,14.579537579542203,14.583007776400843,14.356930525803273,14.366350173950195,110548817,0.0,0.0
2010-03-15 00:00:00-04:00,14.047561741458434,14.116228170714638,13.782813042705861,13.960800170898438,186853758,0.0,0.0
2010-03-16 00:00:00-04:00,13.92733468718408,14.090694969331983,13.900809891071063,14.010873794555664,137774484,0.0,0.0
2010-03-17 00:00:00-04:00,14.087719589269522,14.165805661929376,13.987323074538486,14.019796371459961,133362007,0.0,0.0
2010-03-18 00:00:00-04:00,13.998974644102038,14.091191140649187,13.955345650300549,14.040620803833008,71354455,0.0,0.0
2010-03-19 00:00:00-04:00,13.881970405578613,14.080284200716974,13.814543601330131,13.881970405578613,192486794,0.0,0.0
2010-03-22 00:00:00-04:00,13.785539752064565,14.051775808298656,13.740175658972111,13.81999683380127,160792439,0.0,0.0
2010-03-23 00:00:00-04:00,13.808592931213479,13.84007528612713,13.43576318111572,13.60928726196289,220876809,0.0,0.0
2010-03-24 00:00:00-04:00,13.522773957612294,13.87825178803851,13.378748442860037,13.81578254699707,263592319,0.0,0.0
2010-03-25 00:00:00-04:00,13.857674826714442,14.179438744554504,13.848750650463876,13.953361511230469,157825359,0.0,0.0
2010-03-26 00:00:00-04:00,14.012607912882627,14.065161081022296,13.882465094293973,13.948651313781738,108252241,0.0,0.0
2010-03-29 00:00:00-04:00,13.956336298843933,13.998974349301553,13.896098579376602,13.942703247070312,124645457,0.0,0.0
2010-03-30 00:00:00-04:00,13.952122396527496,14.071111425666771,13.888909949386557,14.04830551147461,79412546,0.0,0.0
2010-03-31 00:00:00-04:00,14.007154327073923,14.123416361986823,13.951626431832473,14.05846881866455,121686407,0.0,0.0
2010-04-01 00:00:00-04:00,14.163326312903457,14.215384010721749,14.019548542191018,14.100113868713379,84423257,0.0,0.0
2010-04-05 00:00:00-04:00,14.152172606980576,14.250833080718179,14.105072465289387,14.154899597167969,76345092,0.0,0.0
2010-04-06 00:00:00-04:00,14.116474472182965,14.151923442683145,14.015830225281057,14.085736274719238,82712870,0.0,0.0
2010-04-07 00:00:00-04:00,14.062930186058104,14.098875578904504,13.928077537579977,13.969722747802734,103626969,0.0,0.0
2010-04-08 00:00:00-04:00,13.964269062417998,14.126142919141689,13.883208266257192,14.067639350891113,78191988,0.0,0.0
2010-04-09 00:00:00-04:00,14.067640923406497,14.099371965415031,13.981127086885113,14.03615951538086,82572346,0.0,0.0
2010-04-12 00:00:00-04:00,14.064170229735831,14.22901977377722,14.036159019815027,14.19753646850586,94448695,0.0,0.0
2010-04-13 00:00:00-04:00,14.192578484416417,14.597881534923388,14.157872718805939,14.545577049255371,157078570,0.0,0.0
2010-04-14 00:00:00-04:00,14.627132890872979,14.683651727777852,14.477157933695137,14.60085678100586,136618166,0.0,0.0
2010-04-15 00:00:00-04:00,14.679438929418184,14.819994244436746,14.583256764377017,14.75702953338623,271485795,0.0,0.0
2010-04-16 00:00:00-04:00,13.956336942922427,14.100362457956928,13.624905602753564,13.637795448303223,491254466,0.0,0.0
2010-04-19 00:00:00-04:00,13.603091435401776,13.732986527061106,13.510131730675143,13.636556625366211,156343827,0.0,0.0
2010-04-20 00:00:00-04:00,13.737447848327085,13.87354011947592,13.660352719057652,13.759015083312988,119542401,0.0,0.0
2010-04-21 00:00:00-04:00,13.794216221437816,13.88816686917732,13.687621565469076,13.740671157836914,96018557,0.0,0.0
2010-04-22 00:00:00-04:00,13.68365555586295,13.69604992980922,13.469228520371013,13.561197280883789,131719875,0.0,0.0
2010-04-23 00:00:00-04:00,13.565906286612497,13.617219826931562,13.442456127460844,13.509881973266602,83889263,0.0,0.0
2010-04-26 00:00:00-04:00,13.5093878496449,13.509883320885136,13.118709725896862,13.178947448730469,175407013,0.0,0.0
2010-04-27 00:00:00-04:00,13.112262290847207,13.344786346665344,13.069625192267967,13.114989280700684,154364435,0.0,0.0
2010-04-28 00:00:00-04:00,13.190348368190278,13.258022897499778,12.915932318733907,13.118212699890137,136754676,0.0,0.0
2010-04-29 00:00:00-04:00,13.22183258420057,13.299422237575355,13.055744368096965,13.187870025634766,122814620,0.0,0.0
2010-04-30 00:00:00-04:00,13.166305045404947,13.328673435078292,13.02525425790902,13.031699180603027,97781139,0.0,0.0
2010-05-03 00:00:00-04:00,13.051530618367297,13.210677498911824,13.016330329313966,13.153165817260742,74590540,0.0,0.0
2010-05-04 00:00:00-04:00,13.052026005517046,13.05747998582168,12.49897854461942,12.552522659301758,243963019,0.0,0.0
2010-05-05 00:00:00-04:00,12.418908090671843,12.784301973325391,12.406265981342871,12.636558532714844,183975008,0.0,0.0
2010-05-06 00:00:00-04:00,12.611520741315449,12.828921543203977,11.403045608267503,12.361644744873047,200753664,0.0,0.0
2010-05-07 00:00:00-04:00,12.393871410924401,12.526493485685172,11.93179990187836,12.224560737609863,204322993,0.0,0.0
2010-05-10 00:00:00-04:00,12.740921521258901,12.960307075585435,12.706960859177281,12.931303024291992,165738910,0.0,0.0
2010-05-11 00:00:00-04:00,12.78306291203419,12.887426049234195,12.598384077684404,12.618958473205566,133402157,0.0,0.0
2010-05-12 00:00:00-04:00,12.693077351575882,12.693077351575882,12.444193239989662,12.528229713439941,154649500,0.0,0.0
2010-05-13 00:00:00-04:00,12.803637582361294,12.939978539705686,12.65167979019128,12.664321899414062,133530637,0.0,0.0
2010-05-14 00:00:00-04:00,12.636805740296369,12.667048466522719,12.30165554831555,12.581277847290039,165257111,0.0,0.0
2010-05-17 00:00:00-04:00,12.562685500625884,12.60185240386889,12.353712455070761,12.592185020446777,112170874,0.0,0.0
2010-05-18 00:00:00-04:00,12.642506737715186,12.666553226957193,12.32198243179523,12.354207992553711,113443627,0.0,0.0
2010-05-19 00:00:00-04:00,12.301903434683105,12.380732712314176,12.090698870522688,12.256539344787598,138344613,0.0,0.0
2010-05-20 00:00:00-04:00,12.024512730063558,12.037154840100253,11.745138139371269,11.77513313293457,197268650,0.0,0.0
2010-05-21 00:00:00-04:00,11.627637018299195,12.022778197967552,11.512119127295207,11.701757431030273,389084940,0.0,0.0
2010-05-24 00:00:00-04:00,11.916925876918004,12.141516701592787,11.819505041166636,11.828428268432617,174475535,0.0,0.0
2010-05-25 00:00:00-04:00,11.605077933440421,11.835618226212878,11.502451795058104,11.82619857788086,121148398,0.0,0.0
2010-05-26 00:00:00-04:00,11.950144214501936,12.140773430726936,11.774884096790725,11.786535263061523,139545096,0.0,0.0
2010-05-27 00:00:00-04:00,12.021537184947592,12.2039863884475,11.924859552398715,12.158125877380371,112785168,0.0,0.0
2010-05-28 00:00:00-04:00,12.214646963448264,12.23224663408939,11.973199642806668,12.038394927978516,116226017,0.0,0.0
2010-06-01 00:00:00-04:00,11.909490439464609,12.172998542084912,11.901804940713031,11.957581520080566,107071833,0.0,0.0
2010-06-02 00:00:00-04:00,12.0644222757066,12.242657130181282,11.935023608099264,12.230262756347656,102012942,0.0,0.0
2010-06-03 00:00:00-04:00,12.273395997405373,12.592929388680986,12.263233141848467,12.533435821533203,146575349,0.0,0.0
2010-06-04 00:00:00-04:00,12.38767421770276,12.623915267279413,12.312810607022499,12.362884521484375,157399770,0.0,0.0
2010-06-07 00:00:00-04:00,12.371314067608871,12.417174581598607,11.976917064340158,12.03566837310791,145852650,0.0,0.0
2010-06-08 00:00:00-04:00,12.093426736337541,12.117967749230546,11.837849955344163,12.01732349395752,107806577,0.0,0.0
2010-06-09 00:00:00-04:00,12.077807259629944,12.118957943208414,11.70051546031138,11.750589370727539,109569158,0.0,0.0
2010-06-10 00:00:00-04:00,11.90800331323227,12.109539568131197,11.795707885686163,12.072604179382324,103502504,0.0,0.0
2010-06-11 00:00:00-04:00,11.960803700744913,12.11474432255458,11.938988730550433,12.109538078308105,71535130,0.0,0.0
2010-06-14 00:00:00-04:00,12.25777915191533,12.25827462315812,11.977909088134766,11.977909088134766,81921917,0.0,0.0
2010-06-15 00:00:00-04:00,11.975181271878817,12.404531752785271,11.952871778991346,12.344789505004883,171022641,0.0,0.0
2010-06-16 00:00:00-04:00,12.299672028768155,12.49377144826493,12.298184665984518,12.42609691619873,91915234,0.0,0.0
2010-06-17 00:00:00-04:00,12.480139826149033,12.540128866388239,12.312564232785773,12.396598815917969,79388456,0.0,0.0
2010-06-18 00:00:00-04:00,12.456836386230423,12.480634191385251,12.348258900211519,12.39535903930664,115346733,0.0,0.0
2010-06-21 00:00:00-04:00,12.392137411531612,12.418661259328909,12.02005179288995,12.111027717590332,119787316,0.0,0.0
2010-06-22 00:00:00-04:00,12.144243833055752,12.310331092411554,12.040872595957781,12.053763389587402,89120799,0.0,0.0
2010-06-23 00:00:00-04:00,12.06962979658145,12.06962979658145,11.853219906109084,11.949650764465332,81468223,0.0,0.0
2010-06-24 00:00:00-04:00,11.890402395233144,11.967000154951652,11.731750997496995,11.777362823486328,76027907,0.0,0.0
2010-06-25 00:00:00-04:00,11.825949428992224,11.840575321319099,11.664819725329876,11.71737289428711,90144622,0.0,0.0
2010-06-28 00:00:00-04:00,11.715143402815434,11.838098105560377,11.626398047456048,11.702500343322754,70756221,0.0,0.0
2010-06-29 00:00:00-04:00,11.488322073553922,11.51583781339061,11.182918148379091,11.260756492614746,140609069,0.0,0.0
2010-06-30 00:00:00-04:00,11.2781082088494,11.349253887068697,11.02426654167281,11.029967308044434,144668227,0.0,0.0
2010-07-01 00:00:00-04:00,11.0383958062056,11.115490934128353,10.749353857930094,10.89461898803711,141070793,0.0,0.0
2010-07-02 00:00:00-04:00,10.947420886835294,10.963780929504248,10.808105195100802,10.821739196777344,77730264,0.0,0.0
2010-07-06 00:00:00-04:00,11.006417918266177,11.09739383252186,10.749353796217095,10.809839248657227,102787835,0.0,0.0
2010-07-07 00:00:00-04:00,10.865367748810389,11.187131693938694,10.792735654704442,11.160111427307129,125657235,0.0,0.0
2010-07-08 00:00:00-04:00,11.243155080481422,11.336858939219479,11.14672518085748,11.317770957946777,107156148,0.0,0.0
2010-07-09 00:00:00-04:00,11.69952551434717,11.731751075475419,11.471959955733364,11.588717460632324,173909421,0.0,0.0
2010-07-12 00:00:00-04:00,11.709689120029084,11.884949256417647,11.67771129245315,11.795459747314453,133875926,0.0,0.0
2010-07-13 00:00:00-04:00,11.954606678503197,12.22084273884325,11.905772387675913,12.12689208984375,159648166,0.0,0.0
2010-07-14 00:00:00-04:00,12.143748993602305,12.241666255954936,12.058969311980798,12.179940223693848,125187481,0.0,0.0
2010-07-15 00:00:00-04:00,12.189607565183785,12.263231544961275,11.965265429243697,12.24637508392334,195056389,0.0,0.0
2010-07-16 00:00:00-04:00,11.629124807363018,11.66482056779275,11.391147692485948,11.393379211425781,314165171,0.0,0.0
2010-07-19 00:00:00-04:00,11.428083902040754,11.642262258947223,11.34157006834285,11.556243896484375,182694226,0.0,0.0
2010-07-20 00:00:00-04:00,11.42857774202401,11.972949632249435,11.4179184677415,11.938244819641113,162787890,0.0,0.0
2010-07-21 00:00:00-04:00,11.99798748743738,12.040128165718594,11.785543302645094,11.836856842041016,131675710,0.0,0.0
2010-07-22 00:00:00-04:00,11.978899505637397,12.121438602841346,11.960307944703969,12.018067359924316,86230004,0.0,0.0
2010-07-23 00:00:00-04:00,11.917918916950615,12.161349060347552,11.899078670692717,12.148211479187012,90915501,0.0,0.0
2010-07-26 00:00:00-04:00,12.124164801323976,12.165314541030066,12.019801665429709,12.121191024780273,80107140,0.0,0.0
2010-07-27 00:00:00-04:00,12.161100759556954,12.332642005310657,12.150937904636882,12.211918830871582,98415508,0.0,0.0
2010-07-28 00:00:00-04:00,12.269182401538483,12.276866951580654,11.965019064524697,12.006664276123047,100214225,0.0,0.0
2010-07-29 00:00:00-04:00,12.046327403319287,12.11895949868002,11.882222966641608,12.022528648376465,107421137,0.0,0.0
2010-07-30 00:00:00-04:00,11.890155974127948,12.081280689508885,11.877512914458732,12.019059181213379,86085465,0.0,0.0
2010-08-02 00:00:00-04:00,12.12168676539958,12.228031788567327,12.07086869137734,12.15688705444336,74626675,0.0,0.0
2010-08-03 00:00:00-04:00,12.159118182875611,12.207704736406846,12.066406215173867,12.142508506774902,72362219,0.0,0.0
2010-08-04 00:00:00-04:00,12.200762642095395,12.568139344185868,12.17275048534933,12.55128288269043,153071607,0.0,0.0
2010-08-05 00:00:00-04:00,12.540623748193845,12.607801859331554,12.482865284882777,12.595407485961914,97178890,0.0,0.0
2010-08-06 00:00:00-04:00,12.528476950993513,12.536904707139064,12.29669799554516,12.400068283081055,133277692,0.0,0.0
2010-08-09 00:00:00-04:00,12.450390493608436,12.530954866157202,12.428327788602152,12.527235984802246,75168699,0.0,0.0
2010-08-10 00:00:00-04:00,12.452871736118288,12.543352190881565,12.359166921482672,12.486584663391113,83270954,0.0,0.0
2010-08-11 00:00:00-04:00,12.338344130880174,12.345037738359148,12.183907077778352,12.18985652923584,89253294,0.0,0.0
2010-08-12 00:00:00-04:00,11.996500534779635,12.264472641911683,11.961052510151719,12.196550369262695,88514535,0.0,0.0
2010-08-13 00:00:00-04:00,12.121933687692422,12.176221955099109,12.047814232753122,12.056241989135742,77678069,0.0,0.0
2010-08-16 00:00:00-04:00,11.990056176689695,12.143502297487196,11.911225939662112,12.037403106689453,52395658,0.0,0.0
2010-08-17 00:00:00-04:00,12.110282899951905,12.263232587781756,12.04831008103098,12.159613609313965,75911472,0.0,0.0
2010-08-18 00:00:00-04:00,12.15763032355835,12.168289599491635,11.937254776825444,11.952127456665039,107858771,0.0,0.0
2010-08-19 00:00:00-04:00,11.923867757230768,11.961051827426623,11.582767152205552,11.600616455078125,157588475,0.0,0.0
2010-08-20 00:00:00-04:00,11.600615929345908,11.690352215780361,11.428330536228447,11.453120231628418,157291365,0.0,0.0
2010-08-23 00:00:00-04:00,11.440230754529935,11.607557658313876,11.346775575901665,11.503938674926758,119895720,0.0,0.0
2010-08-24 00:00:00-04:00,11.346031325798428,11.362640053310196,11.177960267362689,11.189611434936523,110922211,0.0,0.0
2010-08-25 00:00:00-04:00,11.1551530884351,11.348757029837179,11.1551530884351,11.269679069519043,104072633,0.0,0.0
2010-08-26 00:00:00-04:00,11.30537659495033,11.335123851721303,11.16606185770391,11.179447174072266,71346425,0.0,0.0
2010-08-27 00:00:00-04:00,11.218614520662765,11.402797870341866,11.096898509019072,11.374041557312012,92842698,0.0,0.0
2010-08-30 00:00:00-04:00,11.381973887103248,11.397096198391411,11.21514248355989,11.22183609008789,49440624,0.0,0.0
2010-08-31 00:00:00-04:00,11.15788071317408,11.27587785683363,11.105576223761222,11.155651092529297,78163883,0.0,0.0
2010-09-01 00:00:00-04:00,11.278604192013798,11.5255054768398,11.217126843714757,11.411226272583008,129616018,0.0,0.0
2010-09-02 00:00:00-04:00,11.473446709997585,11.512862296591083,11.410729740287875,11.481874465942383,67620512,0.0,0.0
2010-09-03 00:00:00-04:00,11.663829724954365,11.69754265153118,11.58747874514378,11.658376693725586,101996882,0.0,0.0
2010-09-07 00:00:00-04:00,11.514597594040561,11.59119725620168,11.477909942811312,11.512118339538574,68652365,0.0,0.0
2010-09-08 00:00:00-04:00,11.531701662954239,11.712910281620651,11.514844252603261,11.665314674377441,96432101,0.0,0.0
2010-09-09 00:00:00-04:00,11.84503827818269,11.908746193063593,11.665315117065278,11.804136276245117,97588419,0.0,0.0
2010-09-10 00:00:00-04:00,11.874537864432403,11.893624895935876,11.776867391424926,11.803143501281738,79268006,0.0,0.0
2010-09-13 00:00:00-04:00,11.921140359045435,12.006663242978352,11.887179700411489,11.95510196685791,89996068,0.0,0.0
2010-09-14 00:00:00-04:00,11.948657497290322,12.016580720884111,11.900815097038485,11.909491539001465,88992319,0.0,0.0
2010-09-15 00:00:00-04:00,11.897591542196063,11.945682622832571,11.861646150341475,11.914695739746094,96472251,0.0,0.0
2010-09-16 00:00:00-04:00,11.897592217258302,11.959564088590394,11.884205002167663,11.925107955932617,79075287,0.0,0.0
2010-09-17 00:00:00-04:00,11.991790709820544,12.17647049494944,11.928082790234246,12.15044116973877,226509844,0.0,0.0
2010-09-20 00:00:00-04:00,12.20869616194473,12.652670632531862,12.19778820203489,12.599869728088379,176800216,0.0,0.0
2010-09-21 00:00:00-04:00,12.634574301644529,12.889904276196273,12.615486321346182,12.728277206420898,179321632,0.0,0.0
2010-09-22 00:00:00-04:00,12.713404260537352,12.83536801349488,12.684153424117813,12.791242599487305,101864387,0.0,0.0
2010-09-23 00:00:00-04:00,12.756786228582218,12.88271564730261,12.674733538257936,12.728774070739746,93043447,0.0,0.0
2010-09-24 00:00:00-04:00,12.933533942007045,13.084500806631358,12.847267840206475,13.071114540100098,134779299,0.0,0.0
2010-09-27 00:00:00-04:00,13.10978418844132,13.308097955540168,13.10978418844132,13.148455619812012,124761892,0.0,0.0
2010-09-28 00:00:00-04:00,13.224557998291246,13.227284988205867,12.851976001014545,13.068138122558594,146735949,0.0,0.0
2010-09-29 00:00:00-04:00,13.08499556015893,13.211173668182685,13.007157219880325,13.081029891967773,87213678,0.0,0.0
2010-09-30 00:00:00-04:00,13.117468921641757,13.184647981704089,12.863627258229736,13.033928871154785,130250387,0.0,0.0
2010-10-01 00:00:00-04:00,13.13829206680868,13.15366116574095,12.964767042697877,13.029714584350586,89333594,0.0,0.0
2010-10-04 00:00:00-04:00,13.01310719636405,13.094911202167424,12.861892609334658,12.948654174804688,77910939,0.0,0.0
2010-10-05 00:00:00-04:00,13.09813375418541,13.386184773275073,13.052768713337194,13.342308044433594,140809819,0.0,0.0
2010-10-06 00:00:00-04:00,13.367841240212966,13.38494543852127,13.136805474761752,13.246125221252441,110906151,0.0,0.0
2010-10-07 00:00:00-04:00,13.292233161069914,13.316775122289854,13.116973032376597,13.138540267944336,96191202,0.0,0.0
2010-10-08 00:00:00-04:00,13.206959484408854,13.326691722093464,13.079294011883086,13.295703887939453,114796679,0.0,0.0
2010-10-11 00:00:00-04:00,13.348506280398539,13.500216351615164,13.316032031235133,13.357430458068848,105445761,0.0,0.0
2010-10-12 00:00:00-04:00,13.389157643387568,13.534670505910217,13.331399181786006,13.42064094543457,150706777,0.0,0.0
2010-10-13 00:00:00-04:00,13.55970904865479,13.571855687062182,13.44394343118826,13.467989921569824,122682126,0.0,0.0
2010-10-14 00:00:00-04:00,13.489803196817933,13.51632894207215,13.314544011926568,13.409238815307617,266358649,0.0,0.0
2010-10-15 00:00:00-04:00,14.855441471224651,14.914191826177031,14.665307721031887,14.9094820022583,595214680,0.0,0.0
2010-10-18 00:00:00-04:00,14.887174264714151,15.361639248581962,14.887174264714151,15.312557220458984,284992232,0.0,0.0
2010-10-19 00:00:00-04:00,15.092922611467822,15.240914737382738,14.944435014339383,15.06763744354248,184203863,0.0,0.0
2010-10-20 00:00:00-04:00,15.075322441559718,15.304376322518602,15.05945787046951,15.071356773376465,141532518,0.0,0.0
2010-10-21 00:00:00-04:00,15.158863154899112,15.27016668271654,15.022273509712553,15.170761108398438,117257870,0.0,0.0
2010-10-22 00:00:00-04:00,15.169025522128832,15.24091440710309,15.122669540133364,15.184147834777832,90582257,0.0,0.0
2010-10-25 00:00:00-04:00,15.260001219158896,15.486822603024775,15.244632121263981,15.282559394836426,126809538,0.0,0.0
2010-10-26 00:00:00-04:00,15.198275715314399,15.399811940656802,15.146963125102083,15.334617614746094,100892759,0.0,0.0
2010-10-27 00:00:00-04:00,15.264463601298342,15.369321247998062,15.179188456128982,15.281816482543945,90012128,0.0,0.0
2010-10-28 00:00:00-04:00,15.370562573403694,15.3941126436452,15.203235674746072,15.334122657775879,87699492,0.0,0.0
2010-10-29 00:00:00-04:00,15.29669007629666,15.344534370380423,15.19555035570595,15.213150024414062,91473585,0.0,0.0
2010-11-01 00:00:00-04:00,15.263473630873191,15.38568512337888,15.15142689214983,15.245377540588379,123946848,0.0,0.0
2010-11-02 00:00:00-04:00,15.33635237994928,15.369322096793937,15.234964924227995,15.260250091552734,80203500,0.0,0.0
2010-11-03 00:00:00-04:00,15.307350110052175,15.414686066893042,15.208192275512104,15.373784065246582,135726838,0.0,0.0
2010-11-04 00:00:00-04:00,15.484344913564042,15.615231892836558,15.421380203770203,15.475173950195312,143367369,0.0,0.0
2010-11-05 00:00:00-04:00,15.448153417219324,15.505417363036365,15.396839872137026,15.49525260925293,70892731,0.0,0.0
2010-11-08 00:00:00-05:00,15.468976559925512,15.604573369812968,15.446913852119636,15.53714656829834,84367048,0.0,0.0
2010-11-09 00:00:00-05:00,15.617215396267252,15.638285261844974,15.381965287970296,15.48880672454834,89823423,0.0,0.0
2010-11-10 00:00:00-05:00,15.420884602044845,15.443690515416362,15.307598242003337,15.440715789794922,100254375,0.0,0.0
2010-11-11 00:00:00-05:00,15.361886006119697,15.365604887843578,15.225793728761781,15.299665451049805,90803081,0.0,0.0
2010-11-12 00:00:00-05:00,15.220339446727811,15.292477018297449,14.90353306350115,14.955095291137695,136228712,0.0,0.0
2010-11-15 00:00:00-05:00,14.949889263152516,14.972696126241667,14.726042578616116,14.761242866516113,139677591,0.0,0.0
2010-11-16 00:00:00-05:00,14.694065124456838,14.821233227234542,14.463277091063905,14.469969749450684,132791878,0.0,0.0
2010-11-17 00:00:00-05:00,14.50170086131982,14.613253078133301,14.411714931834304,14.4657564163208,98066204,0.0,0.0
2010-11-18 00:00:00-05:00,14.6008574983227,14.87304300421308,14.5899495378622,14.788263320922852,103988318,0.0,0.0
2010-11-19 00:00:00-05:00,14.79917086112612,14.821233569271396,14.634075475596584,14.646222114562988,92244464,0.0,0.0
2010-11-22 00:00:00-05:00,14.56292885562651,14.710920981861024,14.445924562232616,14.655888557434082,87791837,0.0,0.0
2010-11-23 00:00:00-05:00,14.551526575526998,14.601105020567658,14.333132922394483,14.45236873626709,86828238,0.0,0.0
2010-11-24 00:00:00-05:00,14.558963834967171,14.789256397886266,14.55251796299797,14.748848915100098,96215292,0.0,0.0
2010-11-26 00:00:00-05:00,14.63704906872651,14.699518306444014,14.55127844655088,14.625645637512207,52640573,0.0,0.0
2010-11-29 00:00:00-05:00,14.605069915945288,14.620687699559806,14.376513419793936,14.430058479309082,114816754,0.0,0.0
2010-11-30 00:00:00-05:00,14.236951637872803,14.236951637872803,13.716128808102594,13.775623321533203,285763111,0.0,0.0
2010-12-01 00:00:00-05:00,13.956337169671054,14.168781380860414,13.941463540580864,13.989802360534668,150726852,0.0,0.0
2010-12-02 00:00:00-05:00,14.09664444419325,14.212410063749179,14.014591750380882,14.174978256225586,102298006,0.0,0.0
2010-12-03 00:00:00-05:00,14.11622816156709,14.290496407794647,14.080283716246628,14.204230308532715,105642495,0.0,0.0
2010-12-06 00:00:00-05:00,14.391882813944802,14.42733273459655,14.293717818664618,14.337099075317383,84065923,0.0,0.0
2010-12-07 00:00:00-05:00,14.657127883005549,14.700013668363805,14.526488642113193,14.55474853515625,122144116,0.0,0.0
2010-12-08 00:00:00-05:00,14.67448133667141,14.688115337930123,14.469226212597999,14.639032363891602,70539412,0.0,0.0
2010-12-09 00:00:00-05:00,14.72182939628314,14.76397007864529,14.600857532725378,14.662830352783203,75036204,0.0,0.0
2010-12-10 00:00:00-05:00,14.703484061282685,14.724554876250307,14.632834802321923,14.68043041229248,68443585,0.0,0.0
2010-12-13 00:00:00-05:00,14.802145202713422,14.947905806358296,14.727033856715115,14.740172386169434,96299607,0.0,0.0
2010-12-14 00:00:00-05:00,14.80140075986747,14.83114801496919,14.687122512500467,14.747360229492188,65978380,0.0,0.0
2010-12-15 00:00:00-05:00,14.729760971605788,14.785536601886268,14.604574761094538,14.633082389831543,87033003,0.0,0.0
2010-12-16 00:00:00-05:00,14.696295395093934,14.719101307645444,14.577801845707594,14.668034553527832,64115423,0.0,0.0
2010-12-17 00:00:00-05:00,14.650434854697364,14.689107237989113,14.567886691083572,14.645477294921875,123946848,0.0,0.0
2010-12-20 00:00:00-05:00,14.740915750835073,14.820984657244377,14.59242815563309,14.751078605651855,79227857,0.0,0.0
2010-12-21 00:00:00-05:00,14.838089965697275,14.990544179752723,14.814291211461969,14.949641227722168,75461793,0.0,0.0
2010-12-22 00:00:00-05:00,14.972694820112007,15.047062006739845,14.95484551833998,15.00963020324707,48481040,0.0,0.0
2010-12-23 00:00:00-05:00,15.005914057498224,15.022274100144775,14.923861362753279,14.978397369384766,44598542,0.0,0.0
2010-12-27 00:00:00-05:00,14.94146030660437,14.967240945774124,14.861143663453266,14.932537078857422,48505130,0.0,0.0
2010-12-28 00:00:00-05:00,14.924356120544672,14.969472476422032,14.824207340249796,14.846765518188477,42751645,0.0,0.0
2010-12-29 00:00:00-05:00,14.923117524350674,14.93328037937525,14.846765599612013,14.898327827453613,40920808,0.0,0.0
2010-12-30 00:00:00-05:00,14.82396019285515,14.906508358167638,14.808838828426932,14.845279693603516,39728356,0.0,0.0
2010-12-31 00:00:00-05:00,14.792725528457986,14.834371686333352,14.675967075539566,14.724059104919434,61802787,0.0,0.0
2011-01-03 00:00:00-05:00,14.786279615680513,15.012109123844594,14.786279615680513,14.98137092590332,94962614,0.0,0.0
2011-01-04 00:00:00-05:00,15.01285369886524,15.026734485390062,14.876511799385039,14.926090240478516,73253547,0.0,0.0
2011-01-05 00:00:00-05:00,14.875272819132917,15.12960994151202,14.87477734796096,15.098376274108887,101671667,0.0,0.0
2011-01-06 00:00:00-05:00,15.138286772496352,15.330404312655592,15.122669937412855,15.208192825317383,82620526,0.0,0.0
2011-01-07 00:00:00-05:00,15.267934083108093,15.325941229556749,15.1246527390755,15.281071662902832,84363033,0.0,0.0
2011-01-10 00:00:00-05:00,15.240418776941775,15.25504466905689,15.085733997895506,15.22579288482666,63404769,0.0,0.0
2011-01-11 00:00:00-05:00,15.312555982826495,15.33957624934452,15.232982546100738,15.270414352416992,57787794,0.0,0.0
2011-01-12 00:00:00-05:00,15.353210130286845,15.353210130286845,15.23967508500633,15.291731834411621,65552790,0.0,0.0
2011-01-13 00:00:00-05:00,15.294211893691164,15.361143223964108,15.224554522426319,15.287271499633789,53560006,0.0,0.0
2011-01-14 00:00:00-05:00,15.304870359983395,15.475172917295911,15.296938075181389,15.472941398620605,94978674,0.0,0.0
2011-01-18 00:00:00-05:00,15.519545264539826,15.914437722800162,15.499961812149103,15.855936050415039,145222296,0.0,0.0
2011-01-19 00:00:00-05:00,15.917660976020576,15.938483106247988,15.608786880129507,15.660595893859863,136754676,0.0,0.0
2011-01-20 00:00:00-05:00,15.672000171327594,15.718356156692566,15.450880469565892,15.53714656829834,220254485,0.0,0.0
2011-01-21 00:00:00-05:00,15.854696783520383,15.907994110981734,15.155144563299267,15.16679573059082,357511035,0.0,0.0
2011-01-24 00:00:00-05:00,15.06119359425,15.183155448066426,14.904028605340775,15.148202896118164,184657557,0.0,0.0
2011-01-25 00:00:00-05:00,15.076810545457635,15.386427854020951,15.035164385858241,15.367093086242676,146418764,0.0,0.0
2011-01-26 00:00:00-05:00,15.377501921147985,15.431046977376244,15.252316670211439,15.282559394836426,81829572,0.0,0.0
2011-01-27 00:00:00-05:00,15.317018101361942,15.361885772729241,15.201995692139166,15.289750099182129,81070738,0.0,0.0
2011-01-28 00:00:00-05:00,15.346269683473276,15.378248460488434,14.867590360872656,14.898080825805664,169878368,0.0,0.0
2011-01-31 00:00:00-05:00,14.962780099926396,14.984346386663388,14.763226691581183,14.882463455200195,112616538,0.0,0.0
2011-02-01 00:00:00-05:00,14.984841743471598,15.204475023205312,14.950633347359343,15.147212028503418,110223602,0.0,0.0
2011-02-02 00:00:00-05:00,15.146220315568453,15.229017164294174,15.060201005517227,15.171009063720703,70691981,0.0,0.0
2011-02-03 00:00:00-05:00,15.108540046959405,15.157374334078543,15.025496415789636,15.12514877319336,60028160,0.0,0.0
2011-02-04 00:00:00-05:00,15.125148948449363,15.157126774104034,15.037394543128757,15.145723342895508,62264511,0.0,0.0
2011-02-07 00:00:00-05:00,15.12539717551962,15.329411723275468,15.101847105525621,15.227776527404785,72253814,0.0,0.0
2011-02-08 00:00:00-05:00,15.243641612811448,15.360152339475139,15.233231021686084,15.329164505004883,68050116,0.0,0.0
2011-02-09 00:00:00-05:00,15.291730357278412,15.355686952217722,15.179435899234088,15.282559394836426,73976246,0.0,0.0
2011-02-10 00:00:00-05:00,15.218107906260684,15.307349670027847,15.16010075981203,15.281071662902832,93725996,0.0,0.0
2011-02-11 00:00:00-05:00,15.215382169946043,15.493269389299195,15.19579871725791,15.480875015258789,103984303,0.0,0.0
2011-02-14 00:00:00-05:00,15.452119053210124,15.608291207053819,15.370315043662767,15.571355819702148,85439051,0.0,0.0
2011-02-15 00:00:00-05:00,15.550780022909448,15.619445495914324,15.446169159084656,15.472197532653809,83993653,0.0,0.0
2011-02-16 00:00:00-05:00,15.508886720499069,15.530452057454701,15.421380050401634,15.473933219909668,67612482,0.0,0.0
2011-02-17 00:00:00-05:00,15.400309274068984,15.549044606114707,15.376263733467486,15.499713897705078,59373716,0.0,0.0
2011-02-18 00:00:00-05:00,15.518059074455298,15.646466801672362,15.472942717706248,15.6191987991333,129198459,0.0,0.0
2011-02-22 00:00:00-05:00,15.370066638217253,15.491533969155313,15.066151049854298,15.126636505126953,146141730,0.0,0.0
2011-02-23 00:00:00-05:00,15.129611857203127,15.23794066284361,14.972696496847147,15.154152870178223,116017237,0.0,0.0
2011-02-24 00:00:00-05:00,15.155887214389974,15.198028844242682,14.907003103311132,15.092179298400879,108874565,0.0,0.0
2011-02-25 00:00:00-05:00,15.167538574367216,15.23843556969729,15.109035952874319,15.122422218322754,77585724,0.0,0.0
2011-02-28 00:00:00-05:00,15.121430962242968,15.282312930716797,15.072099305168521,15.205713272094727,91602065,0.0,0.0
2011-03-01 00:00:00-05:00,15.314290595136649,15.349988253274248,14.856186626877314,14.892378807067871,133426247,0.0,0.0
2011-03-02 00:00:00-05:00,14.868580711514038,15.022273606522681,14.754302457290674,14.893122673034668,81371863,0.0,0.0
2011-03-03 00:00:00-05:00,15.031693943671554,15.158366569677712,14.997483649665979,15.110523223876953,78103658,0.0,0.0
2011-03-04 00:00:00-05:00,15.080033084253452,15.096146339996745,14.878496841781386,14.888907432556152,120891439,0.0,0.0
2011-03-07 00:00:00-05:00,14.887173170906102,14.965010560588896,14.551278803202212,14.666796684265137,139027162,0.0,0.0
2011-03-08 00:00:00-05:00,14.698278111475693,14.82346432576323,14.630603576781574,14.68290901184082,91738575,0.0,0.0
2011-03-09 00:00:00-05:00,14.65043430922329,14.737445507327536,14.520292437596007,14.669523239135742,86362499,0.0,0.0
2011-03-10 00:00:00-05:00,14.512607750871442,14.541858588026605,14.36412014783158,14.385190963745117,125592995,0.0,0.0
2011-03-11 00:00:00-05:00,14.33362969885106,14.37775416483725,14.212410098724217,14.296197891235352,121734587,0.0,0.0
2011-03-14 00:00:00-04:00,14.1992721944986,14.335364471149608,14.080779587211046,14.129613876342773,113066217,0.0,0.0
2011-03-15 00:00:00-04:00,13.819996623576005,14.154651366960776,13.77041817822932,14.1189546585083,160824559,0.0,0.0
2011-03-16 00:00:00-04:00,14.080531882045902,14.124656347123459,13.66580728105342,13.810080528259277,152509508,0.0,0.0
2011-03-17 00:00:00-04:00,13.99302470888258,14.105071440617895,13.895355184723927,13.915682792663574,116406692,0.0,0.0
2011-03-18 00:00:00-04:00,13.996989479181705,14.080034054834657,13.875523107254212,13.908245086669922,132438559,0.0,0.0
2011-03-21 00:00:00-04:00,14.13531415638606,14.372795783187913,14.10556690048783,14.290990829467773,121288923,0.0,0.0
2011-03-22 00:00:00-04:00,14.310079723924952,14.358666278875372,14.192083533565754,14.311319351196289,75758903,0.0,0.0
2011-03-23 00:00:00-04:00,14.258516437873606,14.438487334218776,14.179439424127214,14.43129825592041,72920303,0.0,0.0
2011-03-24 00:00:00-04:00,14.512357480236656,14.585734673669405,14.348005323906388,14.548550605773926,84262658,0.0,0.0
2011-03-25 00:00:00-04:00,14.54830354898347,14.549046755786803,14.358913004058683,14.371308326721191,114764559,0.0,0.0
2011-03-28 00:00:00-04:00,14.429067512102154,14.501452820995251,14.246619249956307,14.26273250579834,89068604,0.0,0.0
2011-03-29 00:00:00-04:00,14.278597310929715,14.424605659998452,14.204477851527015,14.420639991760254,64432607,0.0,0.0
2011-03-30 00:00:00-04:00,14.486329350076767,14.514093770963532,14.392130026222357,14.423365592956543,57105245,0.0,0.0
2011-03-31 00:00:00-04:00,14.452120703466186,14.580033905334297,14.420887033583934,14.545328140258789,81480268,0.0,0.0
2011-04-01 00:00:00-04:00,14.594907070773678,14.754301673076586,14.594907070773678,14.670266151428223,104919797,0.0,0.0
2011-04-04 00:00:00-04:00,14.70001317148556,14.74314574180953,14.454599268322328,14.568134307861328,82488031,0.0,0.0
2011-04-05 00:00:00-04:00,14.404526558551126,14.414689413817845,14.02277167165493,14.107303619384766,242806701,0.0,0.0
2011-04-06 00:00:00-04:00,14.183902008825347,14.257773730017126,14.080283030998332,14.233480453491211,107132058,0.0,0.0
2011-04-07 00:00:00-04:00,14.271903713514536,14.393618777196215,14.233727752278051,14.377753257751465,101639547,0.0,0.0
2011-04-08 00:00:00-04:00,14.498973299862026,14.498973299862026,14.329663570952688,14.332141876220703,76357137,0.0,0.0
2011-04-11 00:00:00-04:00,14.283554124821247,14.330654263413477,14.204229374056872,14.3125581741333,74606600,0.0,0.0
2011-04-12 00:00:00-04:00,14.253807568252597,14.301155444773217,14.081523108228515,14.144983291625977,83736694,0.0,0.0
2011-04-13 00:00:00-04:00,14.266450688279471,14.318258751855238,14.173242303920587,14.285537719726562,83086265,0.0,0.0
2011-04-14 00:00:00-04:00,14.258517024009308,14.364119785709963,14.181919261473187,14.34081745147705,219070062,0.0,0.0
2011-04-15 00:00:00-04:00,13.517320399346538,13.528723831523637,13.13978079869981,13.155645370483398,563853569,0.0,0.0
2011-04-18 00:00:00-04:00,13.049545964704604,13.080285112202553,12.865610347636753,13.059957504272461,202347616,0.0,0.0
2011-04-19 00:00:00-04:00,13.137052877680143,13.160106526847256,12.912710725372657,12.928327560424805,107766427,0.0,0.0
2011-04-20 00:00:00-04:00,13.036656445784262,13.059462359491036,12.924857446909973,13.032442092895508,122858785,0.0,0.0
2011-04-21 00:00:00-04:00,13.076071497547291,13.095654949174321,12.949645661978158,13.016824722290039,99174342,0.0,0.0
2011-04-25 00:00:00-04:00,13.020543454312143,13.063923760604988,12.940225865578629,13.015584945678711,65476506,0.0,0.0
2011-04-26 00:00:00-04:00,13.052026389025311,13.322725492875461,13.019552140218275,13.208198547363281,140524754,0.0,0.0
2011-04-27 00:00:00-04:00,13.336605507501199,13.339333446754006,13.24612505890212,13.330657005310059,92280599,0.0,0.0
2011-04-28 00:00:00-04:00,13.338093678558359,13.367593199484576,13.23943226077932,13.335862159729004,80299860,0.0,0.0
2011-04-29 00:00:00-04:00,13.386185430458239,13.487821578979492,13.349249093549107,13.487821578979492,169773978,0.0,0.0
2011-05-02 00:00:00-04:00,13.527482931693669,13.528227087677173,13.314791951300906,13.35048770904541,85667905,0.0,0.0
2011-05-03 00:00:00-04:00,13.315039728277622,13.436010636543585,13.129120328320875,13.234722137451172,83572079,0.0,0.0
2011-05-04 00:00:00-04:00,13.266453105536375,13.361394689826344,13.21315483169433,13.281822204589844,84997401,0.0,0.0
2011-05-05 00:00:00-04:00,13.233979681497132,13.371807059511726,13.175476108864219,13.24414348602295,80211530,0.0,0.0
2011-05-06 00:00:00-04:00,13.34032451591908,13.422377208642875,13.266701478287251,13.269675254821777,82552271,0.0,0.0
2011-05-09 00:00:00-04:00,13.262237505600416,13.348752280794919,13.165559875918024,13.328672409057617,78240168,0.0,0.0
2011-05-10 00:00:00-04:00,13.3861851536172,13.496001321234525,13.325203275929896,13.452123641967773,82022292,0.0,0.0
2011-05-11 00:00:00-04:00,13.389656622470316,13.474186674149117,13.229765584635727,13.273393630981445,93902656,0.0,0.0
2011-05-12 00:00:00-04:00,13.268187149358523,13.310328778209568,13.160849294080798,13.263477325439453,58149143,0.0,0.0
2011-05-13 00:00:00-04:00,13.252571136072666,13.285045383498828,13.114742809990235,13.127137184143066,84664157,0.0,0.0
2011-05-16 00:00:00-04:00,13.046819298645817,13.07061710223187,12.801157662752228,12.851231575012207,118771522,0.0,0.0
2011-05-17 00:00:00-04:00,12.777113370611765,13.168535642493929,12.767198250935541,13.14969539642334,132639308,0.0,0.0
2011-05-18 00:00:00-04:00,13.126889461357138,13.146472914242045,13.031699187051748,13.133583068847656,78420843,0.0,0.0
2011-05-19 00:00:00-04:00,13.205964842374543,13.300412847304052,13.131349921842826,13.169278144836426,99118132,0.0,0.0
2011-05-20 00:00:00-04:00,13.18291224193356,13.187622065939035,12.967990690193135,12.990301132202148,93047462,0.0,0.0
2011-05-23 00:00:00-04:00,12.806115515569966,12.89039972159485,12.726790767370007,12.850488662719727,92344839,0.0,0.0
2011-05-24 00:00:00-04:00,12.899572586877754,12.988565674170973,12.8445401607576,12.847267150878906,76284867,0.0,0.0
2011-05-25 00:00:00-04:00,12.824212168744996,12.959064806146756,12.822228385674535,12.882219314575195,52259149,0.0,0.0
2011-05-26 00:00:00-04:00,12.833384456004936,12.942953836941534,12.766455025342209,12.844043731689453,85057626,0.0,0.0
2011-05-27 00:00:00-04:00,12.852720208172864,12.934772895641787,12.798678728393078,12.912710189819336,70093747,0.0,0.0
2011-05-31 00:00:00-04:00,13.014345110141798,13.114741619861935,12.97716104187906,13.113998413085938,107894906,0.0,0.0
2011-06-01 00:00:00-04:00,13.089706041201634,13.217618304946262,13.0220315019769,13.029220581054688,118679178,0.0,0.0
2011-06-02 00:00:00-04:00,13.078054735227923,13.145728319647926,12.951876631362559,13.090200424194336,88510520,0.0,0.0
2011-06-03 00:00:00-04:00,12.939978563661946,13.078797826479999,12.927584190020024,12.966750144958496,70202152,0.0,0.0
2011-06-06 00:00:00-04:00,12.978153868867334,13.059462404543417,12.871807900559935,12.91667652130127,77975179,0.0,0.0
2011-06-07 00:00:00-04:00,12.962039721221569,13.005174189725421,12.865362092601918,12.866353034973145,76590006,0.0,0.0
2011-06-08 00:00:00-04:00,12.804382345969762,12.921138907653894,12.785789835480454,12.86982536315918,66383894,0.0,0.0
2011-06-09 00:00:00-04:00,12.890399363120173,12.890399363120173,12.782318305148094,12.809338569641113,67817246,0.0,0.0
2011-06-10 00:00:00-04:00,12.74364696547078,12.808347723523887,12.624907572377996,12.63036060333252,97961814,0.0,0.0
2011-06-13 00:00:00-04:00,12.642506763227027,12.647465271952603,12.448407343948617,12.51186752319336,97455925,0.0,0.0
2011-06-14 00:00:00-04:00,12.596647345999605,12.743646629139498,12.567891981611906,12.60210132598877,94011061,0.0,0.0
2011-06-15 00:00:00-04:00,12.519305153949443,12.601605583528421,12.409737670493437,12.467743873596191,83242849,0.0,0.0
2011-06-16 00:00:00-04:00,12.464273063069284,12.557480499446797,12.312067534847568,12.403786659240723,110693357,0.0,0.0
2011-06-17 00:00:00-04:00,12.5478142678797,12.560456378300424,12.017820436681362,12.023273468017578,210602442,0.0,0.0
2011-06-20 00:00:00-04:00,12.022777830817965,12.053268296126149,11.879744203877118,12.012365341186523,121598077,0.0,0.0
2011-06-21 00:00:00-04:00,12.077065751526154,12.24439360077469,12.016083873505252,12.221090316772461,111030616,0.0,0.0
2011-06-22 00:00:00-04:00,12.18266808792582,12.204978532058687,12.065663785104531,12.072604179382324,96644896,0.0,0.0
2011-06-23 00:00:00-04:00,11.95163139847205,11.969727488025734,11.743401551621924,11.90428352355957,192787918,0.0,0.0
2011-06-24 00:00:00-04:00,11.915688447977383,11.917423546493714,11.725802417623008,11.771910667419434,152794573,0.0,0.0
2011-06-27 00:00:00-04:00,11.7500948286129,12.107059999126811,11.740178760306966,11.968240737915039,138304463,0.0,0.0
2011-06-28 00:00:00-04:00,11.998483297806414,12.300663776596963,11.998483297806414,12.237203598022461,109011074,0.0,0.0
2011-06-29 00:00:00-04:00,12.308844389461301,12.400813149796198,12.205720882432052,12.334378242492676,94071286,0.0,0.0
2011-06-30 00:00:00-04:00,12.44394633567328,12.559959693557246,12.431799696762738,12.552770614624023,97500090,0.0,0.0
2011-07-01 00:00:00-04:00,12.561695408301595,12.919652490777176,12.552770281893189,12.915933609008789,146013250,0.0,0.0
2011-07-05 00:00:00-04:00,13.02178292313048,13.27215440307593,13.02178292313048,13.19877815246582,154545110,0.0,0.0
2011-07-06 00:00:00-04:00,13.22505473691972,13.349249064307083,13.213651304976095,13.271162986755371,108228151,0.0,0.0
2011-07-07 00:00:00-04:00,13.410973973665184,13.650934868315945,13.284053606949122,13.549793243408203,158010049,0.0,0.0
2011-07-08 00:00:00-04:00,13.211420824308563,13.327929644822856,13.070617778590696,13.1876220703125,191523195,0.0,0.0
2011-07-11 00:00:00-04:00,13.093176073319476,13.286532290012575,13.026740217883535,13.070865631103516,113997696,0.0,0.0
2011-07-12 00:00:00-04:00,13.09268019549432,13.371807046599077,13.039136081135693,13.23769760131836,114073981,0.0,0.0
2011-07-13 00:00:00-04:00,13.311817287202704,13.485341364693584,13.298925544071773,13.343050956726074,112026334,0.0,0.0
2011-07-14 00:00:00-04:00,13.364370039886527,13.43576345690872,13.057231034173528,13.112015724182129,266976958,0.0,0.0
2011-07-15 00:00:00-04:00,14.811565183728067,14.879736137720299,14.58003395378951,14.814539909362793,551342851,0.0,0.0
2011-07-18 00:00:00-04:00,14.687371858784783,14.924357084846061,14.675225219815943,14.748106002807617,179401931,0.0,0.0
2011-07-19 00:00:00-04:00,14.777853168392625,14.989552274336816,14.762731803682325,14.936751365661621,119144917,0.0,0.0
2011-07-20 00:00:00-04:00,14.927579022998943,14.943691328707873,14.758267402648926,14.758267402648926,89446014,0.0,0.0
2011-07-21 00:00:00-04:00,14.72554738968172,15.073340668315408,14.725050969271187,15.046815872192383,139300182,0.0,0.0
2011-07-22 00:00:00-04:00,15.007151441824094,15.356927528833037,14.979387969663652,15.325445175170898,141656982,0.0,0.0
2011-07-25 00:00:00-04:00,15.204722322701574,15.503432610751686,15.195798145925153,15.344037055969238,125733520,0.0,0.0
2011-07-26 00:00:00-04:00,15.320983252939845,15.555241467194154,15.300408858783515,15.431791305541992,94067271,0.0,0.0
2011-07-27 00:00:00-04:00,15.299417260802505,15.392872433025813,14.991287321959865,15.052515983581543,157965884,0.0,0.0
2011-07-28 00:00:00-04:00,15.002195275061581,15.269670963632707,14.947907003689544,15.144733428955078,124802042,0.0,0.0
2011-07-29 00:00:00-04:00,14.978397863159751,15.244387145012894,14.965011596679688,14.965011596679688,166116320,0.0,0.0
2011-08-01 00:00:00-04:00,15.151673435819221,15.257770714640664,14.853210888229796,15.041360855102539,159238637,0.0,0.0
2011-08-02 00:00:00-04:00,15.022273657795646,15.113250527220847,14.664565265461412,14.685140609741211,128503865,0.0,0.0
2011-08-03 00:00:00-04:00,14.73149633871581,14.94790620579007,14.46773954607061,14.902542114257812,153601587,0.0,0.0
2011-08-04 00:00:00-04:00,14.73719833916411,14.845031671373588,14.315037872231464,14.316276550292969,197320845,0.0,0.0
2011-08-05 00:00:00-04:00,14.440718739981815,14.625646257396102,13.931548016172226,14.35395622253418,238052949,0.0,0.0
2011-08-08 00:00:00-04:00,13.955841017881093,14.1050718235707,13.494018179276342,13.535416603088379,300987964,0.0,0.0
2011-08-09 00:00:00-04:00,13.906759123165607,14.244141828434547,13.411222372097093,14.214394569396973,259758001,0.0,0.0
2011-08-10 00:00:00-04:00,13.916178755025934,13.98410102565969,13.577805130736909,13.609536170959473,215589063,0.0,0.0
2011-08-11 00:00:00-04:00,13.728772244206823,14.092678804556803,13.594663738776887,13.934772491455078,193948251,0.0,0.0
2011-08-12 00:00:00-04:00,14.117467450387581,14.14225619874332,13.891884714785911,13.975425720214844,126644924,0.0,0.0
2011-08-15 00:00:00-04:00,13.719104612193327,14.005668272619369,13.536159930849353,13.813302993774414,286867234,0.0,0.0
2011-08-16 00:00:00-04:00,13.694314516905864,13.694562252510528,13.145728224432059,13.361394882202148,278616423,0.0,0.0
2011-08-17 00:00:00-04:00,13.386927562317453,13.47765669200381,13.15737917190642,13.216378211975098,163775579,0.0,0.0
2011-08-18 00:00:00-04:00,12.97641874880612,13.011619036454379,12.406761630445484,12.515586853027344,252571164,0.0,0.0
2011-08-19 00:00:00-04:00,12.378254268664039,12.763230638650889,12.16804064924976,12.16952896118164,217211120,0.0,0.0
2011-08-22 00:00:00-04:00,12.493770813369482,12.568138948772157,12.259018088620785,12.349250793457031,196971541,0.0,0.0
2011-08-23 00:00:00-04:00,12.481376806059034,12.925352214469052,12.371312911618235,12.8611478805542,174523715,0.0,0.0
2011-08-24 00:00:00-04:00,12.873791255465225,13.138293166491444,12.821734503217636,12.971957206726074,144318923,0.0,0.0
2011-08-25 00:00:00-04:00,13.14771171961726,13.31850975384497,12.848257280031213,12.891390800476074,132213719,0.0,0.0
2011-08-26 00:00:00-04:00,12.890151805257364,13.149446494386769,12.720344717605498,13.060453414916992,144391193,0.0,0.0
2011-08-29 00:00:00-04:00,13.251331793437839,13.372550437127678,13.226542097196795,13.363378524780273,93782206,0.0,0.0
2011-08-30 00:00:00-04:00,13.34131624215724,13.460305269206932,13.158372511425505,13.403536796569824,120008140,0.0,0.0
2011-08-31 00:00:00-04:00,13.503685590987978,13.5423560756379,13.287027985990017,13.409982681274414,108135806,0.0,0.0
2011-09-01 00:00:00-04:00,13.404775869769248,13.481125887992823,13.168533889788593,13.200263977050781,96982155,0.0,0.0
2011-09-02 00:00:00-04:00,13.00120788286211,13.086730773839847,12.908496862282648,13.010380744934082,96408011,0.0,0.0
2011-09-06 00:00:00-04:00,12.662339269917844,12.958818045039287,12.654902455790634,12.944439888000488,109039179,0.0,0.0
2011-09-07 00:00:00-04:00,13.149447209585079,13.285540432866117,13.073840390639262,13.238192558288574,110645177,0.0,0.0
2011-09-08 00:00:00-04:00,13.23249036381947,13.363873758285171,13.185391175731343,13.261245727539062,95576908,0.0,0.0
2011-09-09 00:00:00-04:00,13.172997077718003,13.253561455100368,12.919899565233855,13.010627746582031,131242091,0.0,0.0
2011-09-12 00:00:00-04:00,12.839830480470445,13.187622812356688,12.828427048627553,13.141267776489258,107216373,0.0,0.0
2011-09-13 00:00:00-04:00,13.187870672765287,13.234475343048636,12.974683256166905,13.126394271850586,94520965,0.0,0.0
2011-09-14 00:00:00-04:00,13.202495557576988,13.310576620518578,13.034672247624767,13.189605712890625,108179971,0.0,0.0
2011-09-15 00:00:00-04:00,13.274632655861117,13.509634069226587,13.251331272505533,13.449644088745117,118875912,0.0,0.0
2011-09-16 00:00:00-04:00,13.505173164791358,13.555742549393539,13.464022478753424,13.551775932312012,141901897,0.0,0.0
2011-09-19 00:00:00-04:00,13.394861310547354,13.631597839171265,13.271658879714616,13.551528930664062,99106087,0.0,0.0
2011-09-20 00:00:00-04:00,13.61920354044527,13.845281744014438,13.452371165967097,13.550538063049316,111580670,0.0,0.0
2011-09-21 00:00:00-04:00,13.5768134381585,13.758022061707125,13.357924325074785,13.366352081298828,100948969,0.0,0.0
2011-09-22 00:00:00-04:00,13.045333656646651,13.108049685744927,12.74166578363572,12.906761169433594,176671736,0.0,0.0
2011-09-23 00:00:00-04:00,12.805125131591732,13.049546207433503,12.754059324392394,13.02698802947998,111508400,0.0,0.0
2011-09-26 00:00:00-04:00,13.07012106644005,13.210924109014769,12.723071968681918,13.18514347076416,105762945,0.0,0.0
2011-09-27 00:00:00-04:00,13.341563562765295,13.560948150796127,13.288266237860721,13.369823455810547,120887424,0.0,0.0
2011-09-28 00:00:00-04:00,13.42336975346059,13.48583804729725,13.08127817816265,13.109537124633789,90871336,0.0,0.0
2011-09-29 00:00:00-04:00,13.288018788368005,13.319254356848063,12.875774398081326,13.076319694519043,116699786,0.0,0.0
2011-09-30 00:00:00-04:00,12.895604589979602,12.989555227056506,12.751082671618207,12.767444610595703,109352349,0.0,0.0
2011-10-03 00:00:00-04:00,12.638789900180583,12.692087229239979,12.27066995344579,12.283559799194336,179646846,0.0,0.0
2011-10-04 00:00:00-04:00,12.147467961614169,12.479892159910277,11.913705190088121,12.441716194152832,166975528,0.0,0.0
2011-10-05 00:00:00-04:00,12.304135342092,12.58797200617081,11.91791837924827,12.511124610900879,182043797,0.0,0.0
2011-10-06 00:00:00-04:00,12.580534629511412,12.77215479036889,12.459066355164012,12.759264945983887,137485405,0.0,0.0
2011-10-07 00:00:00-04:00,12.811818567654164,12.902794485074605,12.649943757710018,12.769428253173828,114664185,0.0,0.0
2011-10-10 00:00:00-04:00,13.018807581420472,13.323467316190717,12.969724609869358,13.316030502319336,93236167,0.0,0.0
2011-10-11 00:00:00-04:00,13.22406263847995,13.554750745795085,13.22406263847995,13.465014457702637,114563810,0.0,0.0
2011-10-12 00:00:00-04:00,13.587720444678764,13.763723773081836,13.500957933056034,13.596892356872559,127588447,0.0,0.0
2011-10-13 00:00:00-04:00,13.634821047379592,13.85718132937361,13.5849948641392,13.85693359375,228356741,0.0,0.0
2011-10-14 00:00:00-04:00,14.860400118778962,14.863622579954598,14.565407764907967,14.667291641235352,342474886,0.0,0.0
2011-10-17 00:00:00-04:00,14.469968527528733,14.671009286273213,14.328174543506623,14.437495231628418,160928949,0.0,0.0
2011-10-18 00:00:00-04:00,14.382464930251436,14.689107520610355,14.313302081782902,14.638288497924805,152601853,0.0,0.0
2011-10-19 00:00:00-04:00,14.559706217320251,14.676712407648427,14.358417716714797,14.395106315612793,117699519,0.0,0.0
2011-10-20 00:00:00-04:00,14.424854196476788,14.598129597731996,14.365607417344433,14.468730926513672,135666613,0.0,0.0
2011-10-21 00:00:00-04:00,14.613500259888635,14.69381690377166,14.543841942277666,14.637792587280273,136148412,0.0,0.0
2011-10-24 00:00:00-04:00,14.544337489224445,14.872795043386942,14.538884458255366,14.78479290008545,137589795,0.0,0.0
2011-10-25 00:00:00-04:00,14.702491966170149,14.74959210427774,14.448402562869726,14.456087112426758,102000897,0.0,0.0
2011-10-26 00:00:00-04:00,14.614491560484053,14.630108396039466,14.200758845108709,14.534173965454102,115354763,0.0,0.0
2011-10-27 00:00:00-04:00,14.834371351399094,14.940468628495639,14.707450046656492,14.840567588806152,151778780,0.0,0.0
2011-10-28 00:00:00-04:00,14.737693700604611,14.930554449576356,14.731000093229392,14.877008438110352,100696024,0.0,0.0
2011-10-31 00:00:00-04:00,14.751824722661318,14.865854296506255,14.667045037255269,14.691089630126953,102695490,0.0,0.0
2011-11-01 00:00:00-04:00,14.380232309780945,14.514341745067055,14.29718867970676,14.344286918640137,125472546,0.0,0.0
2011-11-02 00:00:00-04:00,14.499220988727682,14.575075543748834,14.389653509070143,14.497237205505371,85153986,0.0,0.0
2011-11-03 00:00:00-04:00,14.551278800702534,14.811565399169922,14.469969315777812,14.811565399169922,107192283,0.0,0.0
2011-11-04 00:00:00-04:00,14.712408095336405,14.867093826239154,14.68588330059095,14.777852058410645,113817021,0.0,0.0
2011-11-07 00:00:00-05:00,14.707945816908968,15.091188044056516,14.680925551306435,15.080032348632812,134799374,0.0,0.0
2011-11-08 00:00:00-05:00,15.096642686976143,15.229761195226947,14.96278097184628,15.179438591003418,121630197,0.0,0.0
2011-11-09 00:00:00-05:00,14.97914074129193,15.106309787413934,14.840320528253361,14.897088050842285,148996390,0.0,0.0
2011-11-10 00:00:00-05:00,15.020538493569186,15.02103396475931,14.664316538975825,14.751575469970703,115166059,0.0,0.0
2011-11-11 00:00:00-05:00,14.90576455154648,15.17324022541005,14.838833224589521,15.080528259277344,159676271,0.0,0.0
2011-11-14 00:00:00-05:00,15.07185133878831,15.32172638645971,15.066398308069415,15.19579792022705,128026081,0.0,0.0
2011-11-15 00:00:00-05:00,15.190840638532066,15.321727624035768,15.13382632649573,15.284048080444336,107441212,0.0,0.0
2011-11-16 00:00:00-05:00,15.17299165115175,15.327180955648133,15.136551738634157,15.157869338989258,104731092,0.0,0.0
2011-11-17 00:00:00-05:00,15.122669008300656,15.178196900666151,14.7937160067188,14.89510440826416,140255750,0.0,0.0
2011-11-18 00:00:00-05:00,14.923117068208997,14.98508893561097,14.718605159889751,14.746617317199707,132000924,0.0,0.0
2011-11-21 00:00:00-05:00,14.570118285931041,14.588463060635343,14.181671691847011,14.401056289672852,120501984,0.0,0.0
2011-11-22 00:00:00-05:00,14.377753257751465,14.500955684219257,14.25975707562435,14.377753257751465,96572626,0.0,0.0
2011-11-23 00:00:00-05:00,14.262484423388848,14.383950805337863,14.132588386535645,14.132588386535645,93380707,0.0,0.0
2011-11-25 00:00:00-05:00,14.010626195109285,14.23571156411932,13.914939499022628,13.956336975097656,62730250,0.0,0.0
2011-11-28 00:00:00-05:00,14.362136736792099,14.596394956954294,14.290991057105803,14.580778121948242,113580136,0.0,0.0
2011-11-29 00:00:00-05:00,14.573093962267096,14.634570361509903,14.41072367508714,14.450387001037598,73546641,0.0,0.0
2011-11-30 00:00:00-05:00,14.822720799067438,14.861391282930606,14.677455664145105,14.858416557312012,136389312,0.0,0.0
2011-12-01 00:00:00-05:00,14.87353831532871,15.270166826358919,14.848749567302278,15.214886665344238,145366836,0.0,0.0
2011-12-02 00:00:00-05:00,15.296194572132299,15.46847997070451,15.2766101711145,15.378247261047363,164040568,0.0,0.0
2011-12-05 00:00:00-05:00,15.55871295638962,15.664314766998439,15.428816920367945,15.509382247924805,128379401,0.0,0.0
2011-12-06 00:00:00-05:00,15.44344332787942,15.583005803077501,15.37527332095096,15.46277904510498,93408812,0.0,0.0
2011-12-07 00:00:00-05:00,15.410969287114321,15.509630708656697,15.322224883699732,15.453359603881836,90630437,0.0,0.0
2011-12-08 00:00:00-05:00,15.39510503118355,15.55400417817128,15.252814611871433,15.271406173706055,96885796,0.0,0.0
2011-12-09 00:00:00-05:00,15.319744833655971,15.595648261261765,15.295202872764204,15.553258895874023,111062736,0.0,0.0
2011-12-12 00:00:00-05:00,15.415927066918323,15.522519819891828,15.37651147778228,15.502937316894531,87683432,0.0,0.0
2011-12-13 00:00:00-05:00,15.586475987832308,15.779832198983026,15.43997122940287,15.508886337280273,161731947,0.0,0.0
2011-12-14 00:00:00-05:00,15.4151836591358,15.476413273049978,15.183155998211031,15.321479797363281,156733281,0.0,0.0
2011-12-15 00:00:00-05:00,15.431791412178882,15.46848001075888,15.336847929133283,15.357919692993164,96705121,0.0,0.0
2011-12-16 00:00:00-05:00,15.476413639140992,15.600359283607922,15.405764375008397,15.517067909240723,179040582,0.0,0.0
2011-12-19 00:00:00-05:00,15.567884583866885,15.580032171680845,15.36932306350702,15.414687156677246,86061375,0.0,0.0
2011-12-20 00:00:00-05:00,15.567637240080856,15.66282846662792,15.567389504458161,15.626388549804688,95886062,0.0,0.0
2011-12-21 00:00:00-05:00,15.617463246475932,15.66233186630805,15.34354170345566,15.513596534729004,100290510,0.0,0.0
2011-12-22 00:00:00-05:00,15.56639809904841,15.660101010715476,15.543096713528609,15.609779357910156,73165217,0.0,0.0
2011-12-23 00:00:00-05:00,15.666794156057412,15.733229062863826,15.631097448216865,15.695053100585938,58365953,0.0,0.0
2011-12-27 00:00:00-05:00,15.668033174421142,15.976410859102991,15.666794496354141,15.871305465698242,64496847,0.0,0.0
2011-12-28 00:00:00-05:00,15.933277601769566,15.989053231999634,15.818007459732197,15.857670783996582,85406931,0.0,0.0
2011-12-29 00:00:00-05:00,15.902043381270959,15.939476136869194,15.746118968653644,15.924602508544922,63252199,0.0,0.0
2011-12-30 00:00:00-05:00,15.915182763470767,16.032684433525176,15.915182763470767,16.011363983154297,71559220,0.0,0.0
2012-01-03 00:00:00-05:00,16.185879972802642,16.562924054007112,16.171748603021328,16.4950008392334,147611217,0.0,0.0
2012-01-04 00:00:00-05:00,16.485582470057043,16.61498208914259,16.37626177490595,16.566146850585938,114989399,0.0,0.0
2012-01-05 00:00:00-05:00,16.41369234988728,16.459304174522106,16.267435329986114,16.336349487304688,131808205,0.0,0.0
2012-01-06 00:00:00-05:00,16.3398208209825,16.360892585608827,16.107794115446183,16.113496780395508,108119746,0.0,0.0
2012-01-09 00:00:00-05:00,16.02623680798214,16.038633080258414,15.39981311452598,15.430304527282715,233776981,0.0,0.0
2012-01-10 00:00:00-05:00,15.611018365700724,15.71141488089078,15.292724622387064,15.447160720825195,176483032,0.0,0.0
2012-01-11 00:00:00-05:00,15.45608602950181,15.602095331330656,15.397087933109267,15.517067909240723,96359832,0.0,0.0
2012-01-12 00:00:00-05:00,15.647458526408807,15.688856950178527,15.530452333665083,15.608290672302246,75289148,0.0,0.0
2012-01-13 00:00:00-05:00,15.524503365551364,15.541607563050848,15.395599223175404,15.493021011352539,92637933,0.0,0.0
2012-01-17 00:00:00-05:00,15.666299250485029,15.666299250485029,15.510126148043884,15.582015037536621,76658261,0.0,0.0
2012-01-18 00:00:00-05:00,15.533675362076957,15.716371352318182,15.421875416594602,15.689352035522461,110882061,0.0,0.0
2012-01-19 00:00:00-05:00,15.889649556458126,15.889649556458126,15.653407542726427,15.854448318481445,253157352,0.0,0.0
2012-01-20 00:00:00-05:00,14.638783496284413,14.650433713390303,14.419895337057174,14.526240348815918,424637703,0.0,0.0
2012-01-23 00:00:00-05:00,14.52648821167372,14.592427643760795,14.456086691343645,14.514589309692383,137027695,0.0,0.0
2012-01-24 00:00:00-05:00,14.534420393062597,14.56813426482906,14.328174342152849,14.40080738067627,122690156,0.0,0.0
2012-01-25 00:00:00-05:00,14.316029182676584,14.34577644048918,14.040124790232678,14.117219924926758,200255805,0.0,0.0
2012-01-26 00:00:00-05:00,14.17894392011034,14.240916736335883,13.99475962063106,14.08276081085205,129531704,0.0,0.0
2012-01-27 00:00:00-05:00,14.149197264324501,14.385687006596893,14.113253769749418,14.37725830078125,145242371,0.0,0.0
2012-01-30 00:00:00-05:00,14.329415014170332,14.377753832060678,14.214145817409841,14.320490837097168,93569411,0.0,0.0
2012-01-31 00:00:00-05:00,14.452120010610766,14.476909706022166,14.257525125475693,14.38047981262207,86017210,0.0,0.0
2012-02-01 00:00:00-05:00,14.50021170948252,14.514094395112158,14.356434886991774,14.39832878112793,93175942,0.0,0.0
2012-02-02 00:00:00-05:00,14.498476547203495,14.536651557071208,14.429313707027937,14.504425048828125,96950036,0.0,0.0
2012-02-03 00:00:00-05:00,14.642005997961274,14.800905126236955,14.57730619341437,14.782561302185059,127215053,0.0,0.0
2012-02-06 00:00:00-05:00,14.74984024257669,15.14200571136554,14.725050545657174,15.098873138427734,147735682,0.0,0.0
2012-02-07 00:00:00-05:00,15.050781452110026,15.106309345866697,14.966744980910548,15.041360855102539,83997668,0.0,0.0
2012-02-08 00:00:00-05:00,15.08771702945455,15.1548960906458,14.991039397226487,15.117712020874023,73731331,0.0,0.0
2012-02-09 00:00:00-05:00,15.171505977578159,15.232983327911036,15.096642361103383,15.157623291015625,90927546,0.0,0.0
2012-02-10 00:00:00-05:00,15.06887861245293,15.075074850401313,14.972696445819118,15.02004337310791,93356617,0.0,0.0
2012-02-13 00:00:00-05:00,15.133825581795861,15.216621479375119,15.12192667922844,15.175966262817383,72924318,0.0,0.0
2012-02-14 00:00:00-05:00,15.159606791722977,15.171009274327009,14.99153573580887,15.11548137664795,72418428,0.0,0.0
2012-02-15 00:00:00-05:00,15.194062826986286,15.194062826986286,14.936997751778856,15.01136589050293,97399715,0.0,0.0
2012-02-16 00:00:00-05:00,14.9434447544849,15.091932358395816,14.817267593880125,15.035164833068848,101615457,0.0,0.0
2012-02-17 00:00:00-05:00,14.996740697626503,15.062680133976963,14.933032780131088,14.988560676574707,98331193,0.0,0.0
2012-02-21 00:00:00-05:00,14.969472100076965,15.316768937358397,14.944930139540116,15.220586776733398,99603946,0.0,0.0
2012-02-22 00:00:00-05:00,15.170018264398317,15.289502765253859,15.039874487835306,15.070364952087402,78974912,0.0,0.0
2012-02-23 00:00:00-05:00,15.047063279222662,15.070364664293505,14.882215637738547,15.02500057220459,82508106,0.0,0.0
2012-02-24 00:00:00-05:00,15.055739352837872,15.162333054451405,15.01012657707418,15.118951797485352,77714204,0.0,0.0
2012-02-27 00:00:00-05:00,15.036898499760431,15.179932109739536,14.998971224340734,15.104325294494629,72827958,0.0,0.0
2012-02-28 00:00:00-05:00,15.121431293687388,15.363621800906563,15.063919614559486,15.329411506652832,114330940,0.0,0.0
2012-02-29 00:00:00-05:00,15.334619434947383,15.508143524720673,15.257772035356403,15.325942993164062,125946315,0.0,0.0
2012-03-01 00:00:00-05:00,15.425346598537645,15.510621749451136,15.323462721199869,15.428816795349121,89843498,0.0,0.0
2012-03-02 00:00:00-05:00,15.41890112359528,15.468480517718245,15.37725591325058,15.400309562683105,63167885,0.0,0.0
2012-03-05 00:00:00-05:00,15.37998212168346,15.431047926872706,15.155639029016095,15.226784706115723,63970883,0.0,0.0
2012-03-06 00:00:00-05:00,15.073092043968131,15.091931339813854,14.720835748302214,14.996492385864258,127451937,0.0,0.0
2012-03-07 00:00:00-05:00,15.097880352869074,15.150929943783057,15.01880333607475,15.042104721069336,50769586,0.0,0.0
2012-03-08 00:00:00-05:00,15.12242218596097,15.15861531414093,15.030949846848362,15.05053424835205,54021731,0.0,0.0
2012-03-09 00:00:00-05:00,15.07061290686112,15.168529217586167,14.873537810680375,14.879735946655273,107224403,0.0,0.0
2012-03-12 00:00:00-04:00,14.873538065258964,15.047063095240857,14.855194240159248,15.001202583312988,67010233,0.0,0.0
2012-03-13 00:00:00-04:00,15.090442426311377,15.316025140514974,15.011117679754632,15.314289093017578,90168712,0.0,0.0
2012-03-14 00:00:00-04:00,15.24537743336373,15.43823818714498,15.20720241893698,15.269919395446777,117916329,0.0,0.0
2012-03-15 00:00:00-04:00,15.28503963800161,15.45608445810755,15.241161961719653,15.397335052490234,97769094,0.0,0.0
2012-03-16 00:00:00-04:00,15.39138501883724,15.515827074042312,15.370561939571852,15.494260787963867,122477361,0.0,0.0
2012-03-19 00:00:00-04:00,15.446665799174065,15.797433801215822,15.40006207914709,15.715876579284668,87237768,0.0,0.0
2012-03-20 00:00:00-04:00,15.640021712400253,15.767438495811529,15.549540315075605,15.703729629516602,61850967,0.0,0.0
2012-03-21 00:00:00-04:00,15.731493126332003,16.048299512296712,15.67943637620887,15.864611625671387,99154267,0.0,0.0
2012-03-22 00:00:00-04:00,15.827925214810486,16.083253324049952,15.642005794778548,16.01508331298828,96769361,0.0,0.0
2012-03-23 00:00:00-04:00,16.028716384129922,16.07581652465355,15.887418810094827,15.929312705993652,77898894,0.0,0.0
2012-03-26 00:00:00-04:00,15.989052865292216,16.100357336775375,15.853703803213378,16.096389770507812,73040752,0.0,0.0
2012-03-27 00:00:00-04:00,16.039376034623274,16.199760625905096,15.98409587816982,16.039127349853516,80588939,0.0,0.0
2012-03-28 00:00:00-04:00,16.16332171269331,16.32593877233301,16.139772593774413,16.25578498840332,101936657,0.0,0.0
2012-03-29 00:00:00-04:00,16.198277225007786,16.276362358878043,15.971704475690139,16.07358741760254,77260510,0.0,0.0
2012-03-30 00:00:00-04:00,16.156380702637033,16.19951517442423,15.889897864666622,15.895846366882324,92774443,0.0,0.0
2012-04-02 00:00:00-04:00,15.884195483862783,16.051027861499108,15.73719619319321,16.036649703979492,91710470,0.0,0.0
2012-04-03 00:00:00-04:00,15.999217511231615,16.062182221705235,15.831394195172,15.930054664611816,82102591,0.0,0.0
2012-04-04 00:00:00-04:00,15.826684684878192,15.840318686312969,15.644484157210828,15.744880676269531,65348026,0.0,0.0
2012-04-05 00:00:00-04:00,15.672742702979082,15.776609416357608,15.581766783861566,15.674726486206055,93095642,0.0,0.0
2012-04-09 00:00:00-04:00,15.579536010829212,15.749343117293936,15.500458990573748,15.638038635253906,87635252,0.0,0.0
2012-04-10 00:00:00-04:00,15.704474499206146,15.728766827710071,15.482114219860206,15.53937816619873,99652126,0.0,0.0
2012-04-11 00:00:00-04:00,15.715628625869229,15.765950277770658,15.649441453907206,15.764959335327148,88289696,0.0,0.0
2012-04-12 00:00:00-04:00,15.923362906831034,16.19083763395174,15.871552943222053,16.138036727905273,231127086,0.0,0.0
2012-04-13 00:00:00-04:00,16.052266559504652,16.08796326644253,15.457076555807229,15.483353614807129,327595322,0.0,0.0
2012-04-16 00:00:00-04:00,15.443689935858774,15.463768858460707,14.91468711384086,15.024008750915527,228537416,0.0,0.0
2012-04-17 00:00:00-04:00,15.085734695704803,15.3120606338457,15.047310997470074,15.110771179199219,121409373,0.0,0.0
2012-04-18 00:00:00-04:00,15.073091629777538,15.190839123934845,14.943195599702076,15.058218002319336,107180238,0.0,0.0
2012-04-19 00:00:00-04:00,15.014589591555612,15.276611298744339,14.848750052273715,14.856186866760254,132277959,0.0,0.0
2012-04-20 00:00:00-04:00,14.978892964985034,15.092922531886726,14.77016764937136,14.77586841583252,122794545,0.0,0.0
2012-04-23 00:00:00-04:00,14.697535172920551,14.835115763671451,14.630603843836129,14.814043998718262,88241516,0.0,0.0
2012-04-24 00:00:00-04:00,14.82990936910093,15.037889572131645,14.80710250735454,14.905020713806152,77453230,0.0,0.0
2012-04-25 00:00:00-04:00,14.97269556824122,15.154896086302877,14.944930197248182,15.114489555358887,73117037,0.0,0.0
2012-04-26 00:00:00-04:00,15.143989950287516,15.31974555613513,15.113994957144117,15.257028579711914,84013728,0.0,0.0
2012-04-27 00:00:00-04:00,15.245871618652483,15.288508718118145,15.13630414448242,15.244880676269531,65701345,0.0,0.0
2012-04-30 00:00:00-04:00,15.195549788949167,15.272148495225256,14.88865854348072,14.993764877319336,96652926,0.0,0.0
2012-05-01 00:00:00-04:00,14.967489052767494,15.161093010719439,14.878249179655146,14.983355522155762,80392204,0.0,0.0
2012-05-02 00:00:00-04:00,14.903285115428499,15.074578624214318,14.888659223001266,15.053508758544922,64701612,0.0,0.0
2012-05-03 00:00:00-04:00,15.112011300180027,15.241163186707643,15.095402572784993,15.146716117858887,75000069,0.0,0.0
2012-05-04 00:00:00-04:00,15.020290473939989,15.069125711221144,14.794460960059135,14.798426628112793,88626955,0.0,0.0
2012-05-07 00:00:00-04:00,14.749591944671891,15.13555926263277,14.749591944671891,15.060696601867676,80079035,0.0,0.0
2012-05-08 00:00:00-04:00,15.010622813225732,15.292476637654167,14.890890583436121,15.190591812133789,107493407,0.0,0.0
2012-05-09 00:00:00-04:00,15.042601449647439,15.279586667632984,14.918407124799435,15.100359916687012,93501157,0.0,0.0
2012-05-10 00:00:00-04:00,15.19480627442936,15.27487612992013,15.127131741707942,15.212159156799316,61666277,0.0,0.0
2012-05-11 00:00:00-04:00,15.130106586754243,15.234221983438832,14.99178279462328,15.003186225891113,84290763,0.0,0.0
2012-05-14 00:00:00-04:00,14.89287418091706,15.084247569910122,14.887916621098041,14.972696304321289,73249532,0.0,0.0
2012-05-15 00:00:00-04:00,15.006160882184307,15.245376659491392,14.966497557713897,15.148946762084961,84399167,0.0,0.0
2012-05-16 00:00:00-04:00,15.318752850350279,15.619693708255415,15.268677986448093,15.590689659118652,194128926,0.0,0.0
2012-05-17 00:00:00-04:00,15.712158007244996,15.811810365929674,15.39981276759848,15.444929122924805,134654835,0.0,0.0
2012-05-18 00:00:00-04:00,15.49574755312696,15.677204859119755,14.791733299175778,14.883453369140625,239835606,0.0,0.0
2012-05-21 00:00:00-04:00,14.886180307850063,15.262481183267386,14.873537249952177,15.223313331604004,123477094,0.0,0.0
2012-05-22 00:00:00-04:00,15.206705849814202,15.215876812860557,14.7743816021792,14.893369674682617,122533571,0.0,0.0
2012-05-23 00:00:00-04:00,14.914439721641688,15.111514816614678,14.802145254828753,15.108043670654297,127600492,0.0,0.0
2012-05-24 00:00:00-04:00,15.100607745781218,15.16902643811034,14.845527385370245,14.96426773071289,75935562,0.0,0.0
2012-05-25 00:00:00-04:00,14.898327913317026,14.916424002992956,14.583007940664869,14.66357421875,143813034,0.0,0.0
2012-05-29 00:00:00-04:00,14.769671459350448,14.851970937287689,14.584000739005148,14.733231544494629,104618672,0.0,0.0
2012-05-30 00:00:00-04:00,14.580034844707452,14.672745867083458,14.46526111432932,14.581769943237305,76553871,0.0,0.0
2012-05-31 00:00:00-04:00,14.593915267673111,14.625645357131662,14.352964396596137,14.39907169342041,119177037,0.0,0.0
2012-06-01 00:00:00-04:00,14.174235605408123,14.195554157745072,14.088960446881687,14.154155731201172,122774470,0.0,0.0
2012-06-04 00:00:00-04:00,14.135313514501927,14.389900276473764,14.130108219545386,14.34280014038086,97672734,0.0,0.0
2012-06-05 00:00:00-04:00,14.264962666298347,14.331397572668742,14.042355613329102,14.14002513885498,93946821,0.0,0.0
2012-06-06 00:00:00-04:00,14.290496386325644,14.426588668082752,14.21935165183299,14.391883850097656,84146223,0.0,0.0
2012-06-07 00:00:00-04:00,14.566152961278009,14.573342040125585,14.309584285944892,14.333877563476562,70603652,0.0,0.0
2012-06-08 00:00:00-04:00,14.274878818230532,14.402543336447469,14.243395514106089,14.388908386230469,56627461,0.0,0.0
2012-06-11 00:00:00-04:00,14.482115587199235,14.509632273612851,14.047808496750786,14.092677116394043,106842978,0.0,0.0
2012-06-12 00:00:00-04:00,14.12415985822853,14.137298388196946,13.846768111942616,14.008394241333008,129451404,0.0,0.0
2012-06-13 00:00:00-04:00,13.924605787145117,14.055493711011287,13.84924670618968,13.908988952636719,78460993,0.0,0.0
2012-06-14 00:00:00-04:00,13.914195050885349,14.00765022608835,13.795702442725435,13.858419418334961,94147570,0.0,0.0
2012-06-15 00:00:00-04:00,13.890397449090743,13.994016423120614,13.809832123519083,13.993767738342285,120497969,0.0,0.0
2012-06-18 00:00:00-04:00,13.946916821756886,14.234224635236732,13.863377716596878,14.150933265686035,100250360,0.0,0.0
2012-06-19 00:00:00-04:00,14.218855424342745,14.48385184405237,14.207204257367673,14.415681838989258,83359284,0.0,0.0
2012-06-20 00:00:00-04:00,14.373042896238932,14.377752720022391,14.216870758716182,14.316027641296387,94219840,0.0,0.0
2012-06-21 00:00:00-04:00,14.373785756908246,14.373785756908246,13.974431246334508,14.011119842529297,80753554,0.0,0.0
2012-06-22 00:00:00-04:00,14.080283588632811,14.166550636291504,14.026243053331445,14.166550636291504,89450029,0.0,0.0
2012-06-25 00:00:00-04:00,14.063674678788798,14.08251397570713,13.816277920088448,13.899321556091309,63501129,0.0,0.0
2012-06-26 00:00:00-04:00,13.950387370157458,14.045577638305604,13.869077888964735,13.9979829788208,54210435,0.0,0.0
2012-06-27 00:00:00-04:00,14.072845446239963,14.22876890107088,14.031200238409617,14.112507820129395,67945726,0.0,0.0
2012-06-28 00:00:00-04:00,14.028226128447765,14.036406149344172,13.81280720497337,13.988810539245605,77124000,0.0,0.0
2012-06-29 00:00:00-04:00,14.252816316577283,14.38097630785435,14.184398574792668,14.379488945007324,101157748,0.0,0.0
2012-07-02 00:00:00-04:00,14.422870440568916,14.452121277589479,14.29099156541439,14.389405250549316,66468209,0.0,0.0
2012-07-03 00:00:00-04:00,14.378001940703621,14.586231795301309,14.328175758675027,14.571853637695312,47758342,0.0,0.0
2012-07-05 00:00:00-04:00,14.594907301110053,14.875026027418269,14.589453321158484,14.772397994995117,94187720,0.0,0.0
2012-07-06 00:00:00-04:00,14.686379845841259,14.712903691633667,14.447659538638199,14.525993347167969,86796118,0.0,0.0
2012-07-09 00:00:00-04:00,14.500461101755281,14.590942501652716,14.408741023775622,14.526737213134766,68861145,0.0,0.0
2012-07-10 00:00:00-04:00,14.630355591309915,14.685883486714095,14.346518927418803,14.419896125793457,77212330,0.0,0.0
2012-07-11 00:00:00-04:00,14.286033511756488,14.32445720947202,14.00442741672338,14.159360885620117,140496649,0.0,0.0
2012-07-12 00:00:00-04:00,14.058468506015961,14.177704314721858,13.933777768217302,14.141759872436523,92738308,0.0,0.0
2012-07-13 00:00:00-04:00,14.18315793753411,14.356682969490365,14.093917116273964,14.291486740112305,79336261,0.0,0.0
2012-07-16 00:00:00-04:00,14.287768827298407,14.357674880905126,14.173986993600032,14.251825332641602,58723287,0.0,0.0
2012-07-17 00:00:00-04:00,14.338833526585798,14.394361418693869,14.090197164646398,14.296692848205566,67455897,0.0,0.0
2012-07-18 00:00:00-04:00,14.302889236541654,14.469225179030534,14.281819371718333,14.396592140197754,62160121,0.0,0.0
2012-07-19 00:00:00-04:00,14.52995870200094,14.835858064655687,14.52648850524576,14.70150089263916,187688877,0.0,0.0
2012-07-20 00:00:00-04:00,15.090692158911216,15.194312092358794,14.828422711355453,15.141758918762207,259517101,0.0,0.0
2012-07-23 00:00:00-04:00,14.88543742157392,15.32842097340258,14.830158208982269,15.25801944732666,143002005,0.0,0.0
2012-07-24 00:00:00-04:00,15.245377787083038,15.318009885015012,14.981124558185645,15.06119441986084,80677269,0.0,0.0
2012-07-25 00:00:00-04:00,15.079783790771867,15.205216779299212,15.006655283041193,15.071602821350098,73193322,0.0,0.0
2012-07-26 00:00:00-04:00,15.245376671398377,15.291731704750243,15.12217424344337,15.20472240447998,67660662,0.0,0.0
2012-07-27 00:00:00-04:00,15.341806873384652,15.741161421257477,15.30735074178146,15.7401704788208,142520206,0.0,0.0
2012-07-30 00:00:00-04:00,15.767190275299885,15.929558656571968,15.604819995670702,15.674230575561523,87795852,0.0,0.0
2012-07-31 00:00:00-04:00,15.574083201740825,15.778346444309744,15.573091310065712,15.690839767456055,74903709,0.0,0.0
2012-08-01 00:00:00-04:00,15.798176956978015,15.852961647171696,15.651425403456495,15.683650016784668,74060561,0.0,0.0
2012-08-02 00:00:00-04:00,15.505912678319506,15.816273200233042,15.453854977726964,15.58622932434082,79404516,0.0,0.0
2012-08-03 00:00:00-04:00,15.86510824633854,15.957324743408508,15.769421552330847,15.898077964782715,76168432,0.0,0.0
2012-08-06 00:00:00-04:00,15.855440330756522,16.09763084868746,15.84577294652743,15.935013771057129,71563235,0.0,0.0
2012-08-07 00:00:00-04:00,15.909480197392549,15.970709809138585,15.777602274865382,15.878494262695312,79569131,0.0,0.0
2012-08-08 00:00:00-04:00,15.841557991294858,16.01062093449681,15.827923990137442,15.920388221740723,53086237,0.0,0.0
2012-08-09 00:00:00-04:00,15.976907793398635,16.02301509159274,15.902787388081617,15.923362731933594,42972470,0.0,0.0
2012-08-10 00:00:00-04:00,15.830155203128724,15.920635649746632,15.769172378745747,15.914685249328613,57599089,0.0,0.0
2012-08-13 00:00:00-04:00,16.049041822360532,16.364609493980133,16.03069799920458,16.36113929748535,131205956,0.0,0.0
2012-08-14 00:00:00-04:00,16.342299020423358,16.67943204582257,16.33610278300893,16.575565338134766,147016998,0.0,0.0
2012-08-15 00:00:00-04:00,16.61572518715162,16.71413791565741,16.46252777216316,16.547801971435547,96789436,0.0,0.0
2012-08-16 00:00:00-04:00,16.547059915111237,16.72380645161693,16.536398741715438,16.679927825927734,68965534,0.0,0.0
2012-08-17 00:00:00-04:00,16.710916344131288,16.788505993735754,16.650926362795637,16.78577995300293,87434502,0.0,0.0
2012-08-20 00:00:00-04:00,16.74512760297932,16.828666717889742,16.67472512114575,16.746118545532227,70587592,0.0,0.0
2012-08-21 00:00:00-04:00,16.685879494154683,16.807097189849202,16.414683992361102,16.596637725830078,89221174,0.0,0.0
2012-08-22 00:00:00-04:00,16.543837110722848,16.871550506507372,16.526979699180437,16.786771774291992,76654246,0.0,0.0
2012-08-23 00:00:00-04:00,16.71463345847659,16.868575030093446,16.633573611536825,16.77735137939453,71635505,0.0,0.0
2012-08-24 00:00:00-04:00,16.747605357865385,16.867832116754887,16.70992486558348,16.822715759277344,57277890,0.0,0.0
2012-08-27 00:00:00-04:00,16.435011879233507,16.65836309025989,16.342053126086256,16.589448928833008,104939872,0.0,0.0
2012-08-28 00:00:00-04:00,16.484838646846697,16.797678425288577,16.478393724077133,16.78850746154785,82652646,0.0,0.0
2012-08-29 00:00:00-04:00,16.791480990100116,17.079531999396025,16.76123826334861,17.055238723754883,120060335,0.0,0.0
2012-08-30 00:00:00-04:00,16.961783240520305,17.039870263861776,16.861139937426238,16.89832305908203,65319921,0.0,0.0
2012-08-31 00:00:00-04:00,16.95583172329481,17.0693667560165,16.857665788252568,16.982852935791016,85402916,0.0,0.0
2012-09-04 00:00:00-04:00,16.969465114068125,16.98061985896995,16.695545507853193,16.882455825805664,75867307,0.0,0.0
2012-09-05 00:00:00-04:00,16.856676716384083,17.017807371854087,16.835358165730465,16.87452507019043,68584110,0.0,0.0
2012-09-06 00:00:00-04:00,17.00442185790187,17.349736852453447,16.973930442510685,17.337589263916016,122196311,0.0,0.0
2012-09-07 00:00:00-04:00,17.352463864990767,17.65613271349572,17.294704441716707,17.504919052124023,129804723,0.0,0.0
2012-09-10 00:00:00-04:00,17.594401519935577,17.670009281737673,17.312548662391116,17.37154769897461,102783820,0.0,0.0
2012-09-11 00:00:00-04:00,17.301890963627198,17.36857455533886,17.12935877378137,17.158857345581055,75232938,0.0,0.0
2012-09-12 00:00:00-04:00,17.08994386973766,17.22628578428869,16.878491553060147,17.126384735107422,106088160,0.0,0.0
2012-09-13 00:00:00-04:00,17.18116795549512,17.575563026219235,17.11795456353512,17.502187728881836,106758663,0.0,0.0
2012-09-14 00:00:00-04:00,17.5904348877189,17.67471813629864,17.526230559816394,17.592418670654297,105132591,0.0,0.0
2012-09-17 00:00:00-04:00,17.553503253728895,17.67174622730666,17.476407171995305,17.5998592376709,60558139,0.0,0.0
2012-09-18 00:00:00-04:00,17.545321201894087,17.81502839763833,17.520532454044176,17.80560874938965,82981875,0.0,0.0
2012-09-19 00:00:00-04:00,17.786275046012186,18.060443397498634,17.759253828520233,18.03416633605957,124396528,0.0,0.0
2012-09-20 00:00:00-04:00,17.95905244904675,18.13034690617886,17.878488071643478,18.04953384399414,116731906,0.0,0.0
2012-09-21 00:00:00-04:00,18.150923862612306,18.21810292648748,18.099113898463973,18.19504737854004,255317419,0.0,0.0
2012-09-24 00:00:00-04:00,18.12092676863986,18.592913385860992,18.102336157961112,18.576553344726562,143086320,0.0,0.0
2012-09-25 00:00:00-04:00,18.667529184671984,18.9610341833146,18.533915215171554,18.57110023498535,243248350,0.0,0.0
2012-09-26 00:00:00-04:00,18.588203860133696,18.87055410347503,18.368820223092126,18.677692413330078,227766537,0.0,0.0
2012-09-27 00:00:00-04:00,18.838576542606024,18.910216743452555,18.63282500493708,18.7530517578125,157833389,0.0,0.0
2012-09-28 00:00:00-04:00,18.694798560987348,18.822464986927965,18.62043231260743,18.703475952148438,111757330,0.0,0.0
2012-10-01 00:00:00-04:00,18.81626521000026,18.963759964950203,18.74586463613135,18.883939743041992,127194978,0.0,0.0
2012-10-02 00:00:00-04:00,18.9687187343853,18.988302186724802,18.598616923154488,18.765199661254883,112026334,0.0,0.0
2012-10-03 00:00:00-04:00,18.733717658285602,18.936989948805905,18.646459670335084,18.90178871154785,88663090,0.0,0.0
2012-10-04 00:00:00-04:00,18.90798807066041,19.08498331249089,18.824942531929487,19.039369583129883,98535958,0.0,0.0
2012-10-05 00:00:00-04:00,19.105309749068443,19.196286628077853,18.96401121266855,19.029455184936523,109846193,0.0,0.0
2012-10-08 00:00:00-04:00,18.864605860907417,18.928561515348065,18.69479780837801,18.786272048950195,78637653,0.0,0.0
2012-10-09 00:00:00-04:00,18.831634374253376,18.872536376944883,18.406747878457963,18.445419311523438,120578269,0.0,0.0
2012-10-10 00:00:00-04:00,18.390139020171315,18.530693380961267,18.301641408187173,18.457069396972656,81901842,0.0,0.0
2012-10-11 00:00:00-04:00,18.663811846887526,18.80263110905096,18.59911203980039,18.628610610961914,95713418,0.0,0.0
2012-10-12 00:00:00-04:00,18.63778291676979,18.712644627244543,18.4456653860619,18.46177864074707,96528461,0.0,0.0
2012-10-15 00:00:00-04:00,18.39212208610626,18.43897354271162,18.113492601025413,18.368324279785156,121216653,0.0,0.0
2012-10-16 00:00:00-04:00,18.347252509422333,18.51730733305708,18.256275646641896,18.460538864135742,82636586,0.0,0.0
2012-10-17 00:00:00-04:00,18.441950543439244,18.749087665417477,18.350476299756696,18.728015899658203,92059774,0.0,0.0
2012-10-18 00:00:00-04:00,18.72925824738085,18.82543852297118,16.7575217830959,17.228517532348633,499561487,0.0,0.0
2012-10-19 00:00:00-04:00,17.49078468624437,17.51854815895938,16.658362687499746,16.90104866027832,461009524,0.0,0.0
2012-10-22 00:00:00-04:00,16.881713779991674,16.971451018276525,16.60134731884105,16.823707580566406,162832055,0.0,0.0
2012-10-23 00:00:00-04:00,16.65861204138636,17.038382192953456,16.658363356595128,16.865352630615234,117101285,0.0,0.0
2012-10-24 00:00:00-04:00,17.025244148746605,17.030202657855245,16.739423686106733,16.78974723815918,100234300,0.0,0.0
2012-10-25 00:00:00-04:00,16.85667822688098,16.906257624682603,16.695796241779636,16.801151275634766,96403996,0.0,0.0
2012-10-26 00:00:00-04:00,16.769914435397745,16.93178924912073,16.638531034441332,16.7364501953125,78324483,0.0,0.0
2012-10-31 00:00:00-04:00,16.853204894943584,16.88146383656766,16.73272946754274,16.864112854003906,61710442,0.0,0.0
2012-11-01 00:00:00-04:00,16.844280278437758,17.126877280716712,16.82494361500527,17.044824600219727,82311371,0.0,0.0
2012-11-02 00:00:00-04:00,17.223310647166727,17.242149943858355,17.039375022917916,17.053007125854492,93324497,0.0,0.0
2012-11-05 00:00:00-05:00,16.968229676792625,17.026731354552812,16.746613544028175,16.9300537109375,65681270,0.0,0.0
2012-11-06 00:00:00-05:00,16.992520405455604,17.01780652126264,16.795941736983394,16.89931297302246,63549309,0.0,0.0
2012-11-07 00:00:00-05:00,16.732732639229678,16.81280155403191,16.521775784321605,16.53739356994629,89626688,0.0,0.0
2012-11-08 00:00:00-05:00,16.613741853171184,16.64571967876285,16.143490320583552,16.169767379760742,104269368,0.0,0.0
2012-11-09 00:00:00-05:00,16.228271188991545,16.567636738324925,16.12043879561698,16.436004638671875,125030896,0.0,0.0
2012-11-12 00:00:00-05:00,16.453850469490163,16.60382637333984,16.3824589550404,16.50714874267578,56446786,0.0,0.0
2012-11-13 00:00:00-05:00,16.435262396242052,16.54929102816043,16.31701751261324,16.337345123291016,64007018,0.0,0.0
2012-11-14 00:00:00-05:00,16.37725212602487,16.414932616408215,16.125395189169183,16.176212310791016,66986143,0.0,0.0
2012-11-15 00:00:00-05:00,16.11299959969628,16.36089277739493,15.961785957265139,16.04507827758789,74233205,0.0,0.0
2012-11-16 00:00:00-05:00,16.0135960622856,16.187865254387955,15.765950618029251,16.043094635009766,138043489,0.0,0.0
2012-11-19 00:00:00-05:00,16.25429744314326,16.582010832156726,16.25008309034473,16.564411163330078,95083064,0.0,0.0
2012-11-20 00:00:00-05:00,16.596638331655075,16.807097803356573,16.474179105932386,16.608041763305664,83861158,0.0,0.0
2012-11-21 00:00:00-05:00,16.58374774194192,16.603826665057344,16.370807126948954,16.506404876708984,84804682,0.0,0.0
2012-11-23 00:00:00-05:00,16.60804153704472,16.608783794696567,16.512106159311557,16.558462142944336,37038310,0.0,0.0
2012-11-26 00:00:00-05:00,16.52053520114722,16.534417887383412,16.336599574892965,16.389400482177734,88514535,0.0,0.0
2012-11-27 00:00:00-05:00,16.365106254800192,16.73273069952618,16.311314408178095,16.626384735107422,100724129,0.0,0.0
2012-11-28 00:00:00-05:00,16.559450224574153,16.978389103342867,16.457320525052765,16.947650909423828,122136087,0.0,0.0
2012-11-29 00:00:00-05:00,17.04953766615244,17.20124868376699,16.90625725315551,17.15142250061035,111476280,0.0,0.0
2012-11-30 00:00:00-05:00,17.137044135191974,17.333125454807067,16.997729392210147,17.312055587768555,127018318,0.0,0.0
2012-12-03 00:00:00-05:00,17.40798892542769,17.498468417713237,17.206451750760184,17.234710693359375,88028721,0.0,0.0
2012-12-04 00:00:00-05:00,17.228514886322575,17.241157944391293,16.997974607346386,17.130102157592773,79966615,0.0,0.0
2012-12-05 00:00:00-05:00,17.157866390040553,17.21612127594862,16.91443625578947,17.05052947998047,74775229,0.0,0.0
2012-12-06 00:00:00-05:00,17.044826357130905,17.243635601194313,16.968476332906146,17.13258171081543,58711242,0.0,0.0
2012-12-07 00:00:00-05:00,17.228513269462905,17.275116032736328,16.916664488200315,16.961036682128906,77059760,0.0,0.0
2012-12-10 00:00:00-05:00,16.99029130540073,17.14547251526706,16.950628928279965,16.99103546142578,54872909,0.0,0.0
2012-12-11 00:00:00-05:00,17.104567574681734,17.400056347770118,17.0480496873515,17.275117874145508,107906951,0.0,0.0
2012-12-12 00:00:00-05:00,17.33337630409889,17.43947359367415,17.19083624997289,17.291976928710938,97403730,0.0,0.0
2012-12-13 00:00:00-05:00,17.747106978922783,17.76074287981661,17.34130841526311,17.419395446777344,138312493,0.0,0.0
2012-12-14 00:00:00-05:00,17.331889609040527,17.5463166763487,17.31354578100966,17.401050567626953,85523366,0.0,0.0
2012-12-17 00:00:00-05:00,17.488801221999655,17.89584126560272,17.45211357184751,17.867582321166992,121871097,0.0,0.0
2012-12-18 00:00:00-05:00,17.76396401062002,18.0738290785973,17.725541258544023,17.874773025512695,120646524,0.0,0.0
2012-12-19 00:00:00-05:00,17.86584484974674,17.92261332025297,17.765945706089706,17.850971221923828,77031655,0.0,0.0
2012-12-20 00:00:00-05:00,17.929059219112734,17.9635163005828,17.77313385408012,17.906749725341797,66528434,0.0,0.0
2012-12-21 00:00:00-05:00,17.698767058471873,17.81899571104362,17.61324417108284,17.73991584777832,141568653,0.0,0.0
2012-12-24 00:00:00-05:00,17.71215362796156,17.728764254087633,17.537637643987868,17.587961196899414,33762076,0.0,0.0
2012-12-26 00:00:00-05:00,17.55250787701806,17.671743674173538,17.41220221658239,17.57234001159668,47473277,0.0,0.0
2012-12-27 00:00:00-05:00,17.529454559273187,17.571596184980198,17.31800227481772,17.50838279724121,66142994,0.0,0.0
2012-12-28 00:00:00-05:00,17.394354972946353,17.523754581209584,17.35270881652832,17.35270881652832,56290202,0.0,0.0
2012-12-31 00:00:00-05:00,17.35245954499346,17.614482162888486,17.253302665851045,17.535404205322266,80195470,0.0,0.0
2013-01-02 00:00:00-05:00,17.833869481723443,18.021770771024425,17.76272285236607,17.928810119628906,102033017,0.0,0.0
2013-01-03 00:00:00-05:00,17.97045600556879,18.143981033515978,17.866093822702993,17.93922233581543,93075567,0.0,0.0
2013-01-04 00:00:00-05:00,18.07977724889156,18.38046940143182,18.038626564590093,18.2937068939209,110954331,0.0,0.0
2013-01-07 00:00:00-05:00,18.23123915257139,18.32866094250895,18.110516927128586,18.21388816833496,66476239,0.0,0.0
2013-01-08 00:00:00-05:00,18.23347111910179,18.252310414815863,17.95806126988708,18.177942276000977,67295297,0.0,0.0
2013-01-09 00:00:00-05:00,18.15241072421073,18.303128897854823,18.06143385248592,18.297428131103516,81291563,0.0,0.0
2013-01-10 00:00:00-05:00,18.414182459338015,18.46797620153848,18.18289993142366,18.38071632385254,73703226,0.0,0.0
2013-01-11 00:00:00-05:00,18.393608602457853,18.404267877302104,18.252310090399547,18.343782424926758,51600690,0.0,0.0
2013-01-14 00:00:00-05:00,18.26966204469817,18.398566190417093,17.906500626373987,17.928810119628906,114985384,0.0,0.0
2013-01-15 00:00:00-05:00,17.831637805734605,18.220085358582214,17.652412000659442,17.970457077026367,157696879,0.0,0.0
2013-01-16 00:00:00-05:00,17.90773995117534,17.95583103210476,17.69132913781439,17.7290096282959,81239368,0.0,0.0
2013-01-17 00:00:00-05:00,17.79147842501957,17.839320819980255,17.625637951098234,17.633075714111328,88791570,0.0,0.0
2013-01-18 00:00:00-05:00,17.6092775179001,17.669020718463987,17.385430826098407,17.464262008666992,129555794,0.0,0.0
2013-01-22 00:00:00-05:00,17.467979060946217,17.484834573076366,17.24140445352763,17.42360496520996,152264594,0.0,0.0
2013-01-23 00:00:00-05:00,18.244627338532595,18.567133554716804,18.239668829425526,18.381214141845703,237249950,0.0,0.0
2013-01-24 00:00:00-05:00,18.37476999375776,18.761233740033365,18.356672955309374,18.696285247802734,135815168,0.0,0.0
2013-01-25 00:00:00-05:00,18.61101059098438,18.80213528304492,18.598118848080865,18.682899475097656,89369729,0.0,0.0
2013-01-28 00:00:00-05:00,18.635552586559243,18.730741905604354,18.539617213181828,18.61001968383789,65327951,0.0,0.0
2013-01-29 00:00:00-05:00,18.51135749443109,18.764209180996303,18.50615219900287,18.683147430419922,70145942,0.0,0.0
2013-01-30 00:00:00-05:00,18.684634283375534,18.86336459931159,18.66405799134759,18.686864852905273,69579828,0.0,0.0
2013-01-31 00:00:00-05:00,18.60456442489844,18.780815495468907,18.598119502398475,18.732973098754883,65613015,0.0,0.0
2013-02-01 00:00:00-05:00,18.795194821051858,19.25131881519439,18.792717464826413,19.22652816772461,150405652,0.0,0.0
2013-02-04 00:00:00-05:00,19.030443743927382,19.099357904851846,18.79693062875475,18.815521240234375,122075862,0.0,0.0
2013-02-05 00:00:00-05:00,18.867826057347546,19.11522374855517,18.826677269310096,18.982105255126953,75108474,0.0,0.0
2013-02-06 00:00:00-05:00,18.81675969728847,19.161081795712985,18.80263022596834,19.091920852661133,83435569,0.0,0.0
2013-02-07 00:00:00-05:00,19.08027005247508,19.306098596996385,18.976154664745835,19.185623168945312,114033831,0.0,0.0
2013-02-08 00:00:00-05:00,19.338822486927953,19.500944086090477,19.324693014643476,19.468717575073242,121256803,0.0,0.0
2013-02-11 00:00:00-05:00,19.295937465003128,19.409966077369127,19.18066732713249,19.395587921142578,87037018,0.0,0.0
2013-02-12 00:00:00-05:00,19.378981321853676,19.531434580875725,19.31998228269013,19.352951049804688,74638720,0.0,0.0
2013-02-13 00:00:00-05:00,19.338823417942354,19.468223041100487,19.334857749660312,19.406497955322266,48107646,0.0,0.0
2013-02-14 00:00:00-05:00,19.328907025859298,19.552258232663704,19.280318575405353,19.529451370239258,69672173,0.0,0.0
2013-02-15 00:00:00-05:00,19.519039070540828,19.66430515538775,19.510859049636963,19.655132293701172,109601278,0.0,0.0
2013-02-19 00:00:00-05:00,19.73198036301243,20.00491097465417,19.714380693392958,20.001192092895508,117711564,0.0,0.0
2013-02-20 00:00:00-05:00,19.962763913886054,20.053740768341903,19.627861490621353,19.64447021484375,110982436,0.0,0.0
2013-02-21 00:00:00-05:00,19.78180685414104,19.96648663906839,19.61373579663371,19.720577239990234,140781714,0.0,0.0
2013-02-22 00:00:00-05:00,19.813039217102638,19.86236992486714,19.677690152137142,19.824195861816406,82463941,0.0,0.0
2013-02-25 00:00:00-05:00,19.88839765180086,20.039861865311767,19.595638723466532,19.60257911682129,92501423,0.0,0.0
2013-02-26 00:00:00-05:00,19.707437915822933,19.730988934690654,19.444673013468158,19.586713790893555,88430220,0.0,0.0
2013-02-27 00:00:00-05:00,19.70247948442528,19.949133030573776,19.611009042898157,19.825931549072266,81347773,0.0,0.0
2013-02-28 00:00:00-05:00,19.858652413538916,20.004662662088112,19.856919213381268,19.86113166809082,90971711,0.0,0.0
2013-03-01 00:00:00-05:00,19.77684684480557,20.008378068647268,19.73594484299443,19.98482894897461,87342157,0.0,0.0
2013-03-04 00:00:00-05:00,19.96276524098237,20.397568723236056,19.95532937664313,20.364351272583008,111440145,0.0,0.0
2013-03-05 00:00:00-05:00,20.548538700382057,20.826674619232254,20.54779454432742,20.788249969482422,162370331,0.0,0.0
2013-03-06 00:00:00-05:00,20.8484877912533,20.922111778723433,20.54556313538388,20.609272003173828,115350748,0.0,0.0
2013-03-07 00:00:00-05:00,20.67570519284563,20.73916537056542,20.564649407246737,20.63951301574707,82415761,0.0,0.0
2013-03-08 00:00:00-05:00,20.686612241628215,20.69702473052737,20.45235497086146,20.612741470336914,116912581,0.0,0.0
2013-03-11 00:00:00-04:00,20.61695799211206,20.8155185761542,20.612246269201123,20.694547653198242,64027093,0.0,0.0
2013-03-12 00:00:00-04:00,20.5926631323309,20.621913019936965,20.418145257362504,20.51581573486328,80633104,0.0,0.0
2013-03-13 00:00:00-04:00,20.5230036972629,20.592164642700492,20.384431223252072,20.458799362182617,65898080,0.0,0.0
2013-03-14 00:00:00-04:00,20.50044729013999,20.50044729013999,20.262471123370755,20.365345001220703,66295564,0.0,0.0
2013-03-15 00:00:00-04:00,20.28998462278073,20.334605507153707,20.162073319268657,20.185871124267578,124452737,0.0,0.0
2013-03-18 00:00:00-04:00,19.955331315128387,20.147695644568948,19.86782464270613,20.024492263793945,73807616,0.0,0.0
2013-03-19 00:00:00-04:00,20.110017626769448,20.308578199716905,19.991275381962154,20.11199951171875,84242583,0.0,0.0
2013-03-20 00:00:00-04:00,20.2485876067883,20.265443120139008,20.114973635431568,20.196035385131836,58771467,0.0,0.0
2013-03-21 00:00:00-04:00,20.111254037413875,20.250817455183995,20.075557330379553,20.110511779785156,59325536,0.0,0.0
2013-03-22 00:00:00-04:00,20.196775995731198,20.20917036871151,20.070351113303587,20.086959838867188,59751126,0.0,0.0
2013-03-25 00:00:00-04:00,20.139016117129543,20.308079992643965,20.000445549710836,20.070350646972656,68736680,0.0,0.0
2013-03-26 00:00:00-04:00,20.166039499076643,20.178433873101927,20.024492292697808,20.139266967773438,47854701,0.0,0.0
2013-03-27 00:00:00-04:00,19.996975981045264,20.004911114204855,19.864354847633244,19.89732551574707,86852328,0.0,0.0
2013-03-28 00:00:00-04:00,19.930295448918994,19.96450574629135,19.66529995306403,19.687360763549805,91855009,0.0,0.0
2013-04-01 00:00:00-04:00,19.70768629273516,19.88716077210068,19.664056350918216,19.860883712768555,72562968,0.0,0.0
2013-04-02 00:00:00-04:00,19.943928224613398,20.199010482823393,19.930542907930814,20.15463638305664,81966082,0.0,0.0
2013-04-03 00:00:00-04:00,20.165046870878733,20.183392594855334,19.847992743193274,19.985078811645508,69800653,0.0,0.0
2013-04-04 00:00:00-04:00,19.936740698042048,19.973923823594976,19.615720875532084,19.70917510986328,98270968,0.0,0.0
2013-04-05 00:00:00-04:00,19.48582212832791,19.50887767636285,19.24635955605757,19.41120719909668,137870844,0.0,0.0
2013-04-08 00:00:00-04:00,19.30461487020579,19.324445109818964,19.048046195647164,19.207935333251953,113708616,0.0,0.0
2013-04-09 00:00:00-04:00,19.224049285209354,19.428561215238997,19.164803452308004,19.277347564697266,86615444,0.0,0.0
2013-04-10 00:00:00-04:00,19.407983630187235,19.641745411052376,19.236442397886208,19.587953567504883,79440651,0.0,0.0
2013-04-11 00:00:00-04:00,19.654885712229667,19.660339692341495,19.43624432503873,19.59316062927246,81452163,0.0,0.0
2013-04-12 00:00:00-04:00,19.632821225812624,19.63554916479985,19.408230407649047,19.58473014831543,65713390,0.0,0.0
2013-04-15 00:00:00-04:00,19.483094277963158,19.757015804450376,19.261726866957332,19.383441925048828,98491793,0.0,0.0
2013-04-16 00:00:00-04:00,19.498961183750723,19.732227524447566,19.43277495864618,19.66703224182129,69941178,0.0,0.0
2013-04-17 00:00:00-04:00,19.502927916484413,19.604315375519015,19.28850088218629,19.39906120300293,81785407,0.0,0.0
2013-04-18 00:00:00-04:00,19.468222259275134,19.479378904348195,18.87105035004118,18.98632049560547,133398142,0.0,0.0
2013-04-19 00:00:00-04:00,19.066883982351168,19.916658849910682,18.99499509814452,19.828161239624023,232998073,0.0,0.0
2013-04-22 00:00:00-04:00,19.84625784669146,19.929548261703072,19.211652275977798,19.834110260009766,115768308,0.0,0.0
2013-04-23 00:00:00-04:00,19.856173997672506,20.21561842958525,19.84030752872996,20.027219772338867,92035684,0.0,0.0
2013-04-24 00:00:00-04:00,20.032426294365223,20.27759154006251,20.02970025335101,20.1648006439209,73438237,0.0,0.0
2013-04-25 00:00:00-04:00,20.234208782720334,20.23966276270239,20.020525909507537,20.056964874267578,79986690,0.0,0.0
2013-04-26 00:00:00-04:00,20.019784098525292,20.02325239704584,19.746604808978415,19.86658477783203,99880980,0.0,0.0
2013-04-29 00:00:00-04:00,19.91194961134825,20.394100051396883,19.90575147530466,20.30386734008789,92376959,0.0,0.0
2013-04-30 00:00:00-04:00,20.302379381809715,20.51655963086493,20.269657399315168,20.44045639038086,92613843,0.0,0.0
2013-05-01 00:00:00-04:00,20.407983379952707,20.444173661501544,20.23693760004749,20.33782958984375,58418148,0.0,0.0
2013-05-02 00:00:00-04:00,20.329649763173943,20.687852683917615,20.303621387436273,20.56539535522461,81034603,0.0,0.0
2013-05-03 00:00:00-04:00,20.74759530709035,20.991520913589135,20.723797501738552,20.96474838256836,100880714,0.0,0.0
2013-05-06 00:00:00-04:00,21.027712089071105,21.364598331233278,21.027712089071105,21.357160568237305,85973045,0.0,0.0
2013-05-07 00:00:00-04:00,21.3933528692161,21.414671419222937,21.087453507724344,21.250070571899414,78653713,0.0,0.0
2013-05-08 00:00:00-04:00,21.24437086526891,21.66281244875524,21.142983405290423,21.6566162109375,99102072,0.0,0.0
2013-05-09 00:00:00-04:00,21.587452699314444,21.806094081804307,21.522752892083478,21.60331916809082,88353936,0.0,0.0
2013-05-10 00:00:00-04:00,21.698264800616755,21.827911220014702,21.620177767853775,21.820226669311523,76192522,0.0,0.0
2013-05-13 00:00:00-04:00,21.787008826680022,21.875755134603313,21.650422015088743,21.7532958984375,58157173,0.0,0.0
2013-05-14 00:00:00-04:00,21.75255004738594,22.029941798993693,21.743627768519264,21.990528106689453,63408784,0.0,0.0
2013-05-15 00:00:00-04:00,22.198755612969272,22.716354062660866,22.16206796392161,22.704208374023438,160033605,0.0,0.0
2013-05-16 00:00:00-04:00,22.781302671428154,22.805595947185694,22.36013316610914,22.406240463256836,128865215,0.0,0.0
2013-05-17 00:00:00-04:00,22.55869539322682,22.644713749083653,22.323196604440987,22.537872314453125,112098604,0.0,0.0
2013-05-20 00:00:00-04:00,22.434252365500715,22.820964786773498,22.434252365500715,22.521759033203125,91248746,0.0,0.0
2013-05-21 00:00:00-04:00,22.509117823005678,22.599350538874734,22.25106273455208,22.483089447021484,79617311,0.0,0.0
2013-05-22 00:00:00-04:00,22.373766163021738,22.54109304502789,21.98507186998196,22.048036575317383,102807910,0.0,0.0
2013-05-23 00:00:00-04:00,21.74015696390298,22.061425464679225,21.665790714312713,21.883686065673828,91345105,0.0,0.0
2013-05-24 00:00:00-04:00,21.697022585248295,21.785271514578458,21.591667559542927,21.6489315032959,92216359,0.0,0.0
2013-05-28 00:00:00-04:00,21.901284643645567,22.115462982126704,21.82443725153532,21.846004486083984,90638467,0.0,0.0
2013-05-29 00:00:00-04:00,21.708178472200288,21.7646982629151,21.425085945738513,21.524738311767578,80837869,0.0,0.0
2013-05-30 00:00:00-04:00,21.56464902648028,21.78725609031446,21.477637822853904,21.585472106933594,85145956,0.0,0.0
2013-05-31 00:00:00-04:00,21.520026833714798,21.74015462964705,21.505153205722273,21.596872329711914,79071272,0.0,0.0
2013-06-03 00:00:00-04:00,21.640997753211963,21.665042344436817,21.195288181136373,21.50787925720215,99399181,0.0,0.0
2013-06-04 00:00:00-04:00,21.513331137561384,21.58125434852468,21.17173509646667,21.29642677307129,75024159,0.0,0.0
2013-06-05 00:00:00-04:00,21.38095860173493,21.552995314592312,21.247593321142922,21.311302185058594,84587872,0.0,0.0
2013-06-06 00:00:00-04:00,21.42532907718398,21.475652621215932,21.00192903783258,21.433757781982422,103550684,0.0,0.0
2013-06-07 00:00:00-04:00,21.577041834811098,21.81452251030459,21.450616947555982,21.807828903198242,107385002,0.0,0.0
2013-06-10 00:00:00-04:00,21.866580675819588,22.08720585299371,21.816754493996573,22.067869186401367,93862506,0.0,0.0
2013-06-11 00:00:00-04:00,21.912937015429698,21.988049316573065,21.80262537423527,21.809814453125,70567517,0.0,0.0
2013-06-12 00:00:00-04:00,21.949873361176273,21.963258678121573,21.557955609272483,21.61571502685547,88522565,0.0,0.0
2013-06-13 00:00:00-04:00,21.541345024143812,21.806093699629546,21.455077983228737,21.740154266357422,83106340,0.0,0.0
2013-06-14 00:00:00-04:00,21.817000404317106,21.931030911008516,21.66900829136763,21.691566467285156,90136592,0.0,0.0
2013-06-17 00:00:00-04:00,21.795435217239564,22.048284999725453,21.771886096770643,21.96945571899414,86173794,0.0,0.0
2013-06-18 00:00:00-04:00,22.028951345371947,22.335097520367697,22.021513581675062,22.3256778717041,87000883,0.0,0.0
2013-06-19 00:00:00-04:00,22.344269801995956,22.57902255151656,22.248334422613826,22.327165603637695,117073180,0.0,0.0
2013-06-20 00:00:00-04:00,22.16132466502686,22.335096482702887,21.89657597883387,21.932024002075195,135385563,0.0,0.0
2013-06-21 00:00:00-04:00,22.02126473933828,22.059438801670417,21.642732339466207,21.837575912475586,159889066,0.0,0.0
2013-06-24 00:00:00-04:00,21.61323421761667,21.723299064496214,21.39930265982168,21.561424255371094,121128323,0.0,0.0
2013-06-25 00:00:00-04:00,21.746599510246522,21.8065894933082,21.4305382381379,21.472431182861328,102510801,0.0,0.0
2013-06-26 00:00:00-04:00,21.65958946853532,21.76494258951057,21.580760192205112,21.6571102142334,73530581,0.0,0.0
2013-06-27 00:00:00-04:00,21.784775739633076,21.930784081899493,21.731479363089065,21.74188995361328,77348840,0.0,0.0
2013-06-28 00:00:00-04:00,21.68810026956188,21.860137003659144,21.670500598814442,21.82369613647461,94324230,0.0,0.0
2013-07-01 00:00:00-04:00,21.974411073004713,22.11397638447244,21.938467580746522,22.00986099243164,69250599,0.0,0.0
2013-07-02 00:00:00-04:00,22.06737387179839,22.08720600976462,21.74684954226526,21.871788024902344,75943592,0.0,0.0
2013-07-03 00:00:00-04:00,21.812045985305797,22.04184214004555,21.777342114964636,21.973918914794922,42036977,0.0,0.0
2013-07-05 00:00:00-04:00,22.06266255425093,22.196525205159034,21.996474435601538,22.148929595947266,68331166,0.0,0.0
2013-07-08 00:00:00-04:00,22.290723727379483,22.465735167922666,22.237922822657026,22.43648338317871,79075287,0.0,0.0
2013-07-09 00:00:00-04:00,22.582989544426226,22.631327412543154,22.260232760097132,22.440202713012695,79472771,0.0,0.0
2013-07-10 00:00:00-04:00,22.39582893461458,22.586458149494042,22.319725700181486,22.45879364013672,68592140,0.0,0.0
2013-07-11 00:00:00-04:00,22.632567749004544,22.826171709040246,22.52151195387733,22.812042236328125,103755449,0.0,0.0
2013-07-12 00:00:00-04:00,22.806092596059603,22.880460739135742,22.68809640795026,22.880460739135742,103113050,0.0,0.0
2013-07-15 00:00:00-04:00,22.912687309650032,23.004406437714938,22.715859940196374,22.922353744506836,78713937,0.0,0.0
2013-07-16 00:00:00-04:00,22.98283973486822,23.00366091538909,22.654877666308202,22.796424865722656,79617311,0.0,0.0
2013-07-17 00:00:00-04:00,22.83088147465521,22.976147564686215,22.71437359792077,22.77014923095703,60469809,0.0,0.0
2013-07-18 00:00:00-04:00,22.781056326471923,22.80609376078267,22.389387250196773,22.575057983398438,145924920,0.0,0.0
2013-07-19 00:00:00-04:00,21.97838013778534,22.383436404450375,21.705698215133665,22.226024627685547,295475379,0.0,0.0
2013-07-22 00:00:00-04:00,22.359885333190917,22.62438531335475,22.23593780747979,22.575550079345703,116563276,0.0,0.0
2013-07-23 00:00:00-04:00,22.575552473539496,22.632567733938984,22.299649033573434,22.404508590698242,82134711,0.0,0.0
2013-07-24 00:00:00-04:00,22.490277491971128,22.565636575476777,22.327660422387513,22.3821964263916,83451629,0.0,0.0
2013-07-25 00:00:00-04:00,22.158350352169883,22.232221125697855,21.965241864868478,22.005401611328125,120493954,0.0,0.0
2013-07-26 00:00:00-04:00,21.98780068991041,22.06216883521007,21.864103731449003,21.947147369384766,71374530,0.0,0.0
2013-07-29 00:00:00-04:00,21.935987662882535,22.18189703012114,21.836583996030225,21.870792388916016,75959652,0.0,0.0
2013-07-30 00:00:00-04:00,21.9498712748159,22.201481418712675,21.836087548988537,22.085220336914062,70487217,0.0,0.0
2013-07-31 00:00:00-04:00,22.13653455223558,22.223792533696304,21.96771935551291,22.006637573242188,87265872,0.0,0.0
2013-08-01 00:00:00-04:00,22.18636238958317,22.423098920644527,22.18636238958317,22.414918899536133,85856610,0.0,0.0
2013-08-02 00:00:00-04:00,22.395583491263928,22.483834325018346,22.33063689161657,22.473175048828125,68812965,0.0,0.0
2013-08-05 00:00:00-04:00,22.44392202577891,22.44714543628196,22.29047591601927,22.434253692626953,52584363,0.0,0.0
2013-08-06 00:00:00-04:00,22.42656927044432,22.551012279813925,22.204457681619058,22.22528076171875,60469809,0.0,0.0
2013-08-07 00:00:00-04:00,22.187350754534442,22.271882691786953,22.03985411349808,22.07852554321289,55374783,0.0,0.0
2013-08-08 00:00:00-04:00,22.198506913963133,22.207184304198538,21.94565714038751,22.128355026245117,59743096,0.0,0.0
2013-08-09 00:00:00-04:00,22.076297320855215,22.19925201613236,22.062414634901106,22.072580337524414,53146462,0.0,0.0
2013-08-12 00:00:00-04:00,21.985567918852833,21.98804717317413,21.85542415219829,21.95111083984375,55286453,0.0,0.0
2013-08-13 00:00:00-04:00,21.983834279195477,22.025231754365397,21.720323318112516,21.845510482788086,57004870,0.0,0.0
2013-08-14 00:00:00-04:00,21.77411662973673,21.82022392816361,21.49622941524307,21.561920166015625,83600184,0.0,0.0
2013-08-15 00:00:00-04:00,21.428802022235708,21.440700925040446,21.269159675176958,21.31031036376953,75048249,0.0,0.0
2013-08-16 00:00:00-04:00,21.350469584724014,21.37922590113733,21.232968861148713,21.242141723632812,67255147,0.0,0.0
2013-08-19 00:00:00-04:00,21.26196820214865,21.6162073071308,21.25552328024807,21.45879554748535,72707508,0.0,0.0
2013-08-20 00:00:00-04:00,21.52572753274595,21.618934968421627,21.406491722754115,21.453096389770508,49504863,0.0,0.0
2013-08-21 00:00:00-04:00,21.58274220748482,21.737923405138833,21.47986834018935,21.55002212524414,70555472,0.0,0.0
2013-08-22 00:00:00-04:00,21.633560515759342,21.68437763415971,21.572826380416856,21.658597946166992,34926424,0.0,0.0
2013-08-23 00:00:00-04:00,21.760728687615025,21.764943040344175,21.560433031555256,21.571834564208984,43245489,0.0,0.0
2013-08-26 00:00:00-04:00,21.566628978426166,21.68809725324293,21.468711721291033,21.477140426635742,42257801,0.0,0.0
2013-08-27 00:00:00-04:00,21.30931861684292,21.411201544494258,21.0187883499003,21.07456398010254,69623993,0.0,0.0
2013-08-28 00:00:00-04:00,21.07704420401996,21.204955511868583,21.01556590623608,21.034902572631836,53395392,0.0,0.0
2013-08-29 00:00:00-04:00,21.047793392923502,21.32815988179097,21.03589448946948,21.20545196533203,59361671,0.0,0.0
2013-08-30 00:00:00-04:00,21.213631803944043,21.27015158980547,20.96078202871055,20.993999481201172,74743109,0.0,0.0
2013-09-03 00:00:00-04:00,21.17892567769095,21.472183877090373,21.168761873965,21.328157424926758,82210996,0.0,0.0
2013-09-04 00:00:00-04:00,21.32741427676131,21.653392573936628,21.1990075004607,21.607036590576172,81954037,0.0,0.0
2013-09-05 00:00:00-04:00,21.65339287128314,21.811548804726762,21.60654141606194,21.80361557006836,51845604,0.0,0.0
2013-09-06 00:00:00-04:00,21.875007523241887,21.908224974968242,21.65934087343758,21.80411148071289,62698130,0.0,0.0
2013-09-09 00:00:00-04:00,21.90698800913357,22.05621977361426,21.874514709427338,22.01407814025879,49569103,0.0,0.0
2013-09-10 00:00:00-04:00,22.062911786339846,22.1119938103785,21.913680032648006,22.02944564819336,51697050,0.0,0.0
2013-09-11 00:00:00-04:00,22.02622208258906,22.235195134228444,21.965241156381886,22.21586036682129,64665477,0.0,0.0
2013-09-12 00:00:00-04:00,22.245855030272466,22.25824940434451,22.062663561754732,22.13827133178711,43984248,0.0,0.0
2013-09-13 00:00:00-04:00,22.173966852212494,22.20321863653519,21.934502394439907,22.03936004638672,53214717,0.0,0.0
2013-09-16 00:00:00-04:00,22.216109173484796,22.235939412212648,21.93524723400693,22.006887435913086,53660381,0.0,0.0
2013-09-17 00:00:00-04:00,21.998210853764807,22.02250412893485,21.839310775243796,21.965984344482422,50564822,0.0,0.0
2013-09-18 00:00:00-04:00,21.971936465864616,22.40872189917766,21.890627925170133,22.392608642578125,77678069,0.0,0.0
2013-09-19 00:00:00-04:00,22.458795850203856,22.458795850203856,22.19627772763465,22.270397186279297,64155573,0.0,0.0
2013-09-20 00:00:00-04:00,22.270396339038005,22.412687697796194,22.201730863250635,22.387401580810547,174463490,0.0,0.0
2013-09-23 00:00:00-04:00,22.214870391602936,22.349723993183865,21.94342808994529,21.97565460205078,71362485,0.0,0.0
2013-09-24 00:00:00-04:00,21.975656367298708,22.06489624885255,21.849231461603175,21.98408317565918,59694916,0.0,0.0
2013-09-25 00:00:00-04:00,21.976891086646603,21.976891086646603,21.705448800357743,21.7458553314209,66207234,0.0,0.0
2013-09-26 00:00:00-04:00,21.7723808200011,21.882692451949254,21.690574918066087,21.76915740966797,50584897,0.0,0.0
2013-09-27 00:00:00-04:00,21.68611269135782,21.753043063805297,21.5991033970118,21.725032806396484,50540732,0.0,0.0
2013-09-30 00:00:00-04:00,21.543827871589762,21.835349125634792,21.52473988793839,21.713136672973633,69154239,0.0,0.0
2013-10-01 00:00:00-04:00,21.820717865369176,22.004653473287252,21.815761255202453,21.988046646118164,67644602,0.0,0.0
2013-10-02 00:00:00-04:00,21.882197949342768,22.046550119751473,21.760482880987517,22.012590408325195,60036190,0.0,0.0
2013-10-03 00:00:00-04:00,22.012836140550615,22.164049773739347,21.6186878535072,21.71759605407715,84997401,0.0,0.0
2013-10-04 00:00:00-04:00,21.690574398787184,21.752796847526692,21.566628769210006,21.6248836517334,54523605,0.0,0.0
2013-10-07 00:00:00-04:00,21.503419369590702,21.665540975047357,21.420622519179208,21.461029052734375,51937949,0.0,0.0
2013-10-08 00:00:00-04:00,21.450618459102433,21.466978501674017,21.111252934568107,21.161823272705078,78039419,0.0,0.0
2013-10-09 00:00:00-04:00,21.22652081940773,21.384428054959308,20.896825561750514,21.216110229492188,106449509,0.0,0.0
2013-10-10 00:00:00-04:00,21.41392871438264,21.537627568446045,21.323944684342287,21.52300262451172,90550137,0.0,0.0
2013-10-11 00:00:00-04:00,21.468219524762674,21.652899321120834,21.45012438251024,21.615962982177734,56567236,0.0,0.0
2013-10-14 00:00:00-04:00,21.483836583114062,21.72156596754439,21.452354225901335,21.718093872070312,49930453,0.0,0.0
2013-10-15 00:00:00-04:00,21.709414950903298,21.954084690928692,21.665786910671592,21.864347457885742,63914673,0.0,0.0
2013-10-16 00:00:00-04:00,21.960034481068618,22.268908557460314,21.91392528754485,22.261470794677734,80604999,0.0,0.0
2013-10-17 00:00:00-04:00,22.136536513282543,22.23346283574754,21.956566554634552,22.032421112060547,170902191,0.0,0.0
2013-10-18 00:00:00-04:00,24.20866601297713,25.172471403645304,24.144710362330375,25.07207489013672,464390148,0.0,0.0
2013-10-21 00:00:00-04:00,25.07331598198245,25.260226334457055,24.77807587535675,24.871036529541016,145675990,0.0,0.0
2013-10-22 00:00:00-04:00,24.91317770727128,25.111491487888788,24.684867984935533,24.96275520324707,88675135,0.0,0.0
2013-10-23 00:00:00-04:00,24.814020090594344,25.65065840909416,24.80484912664997,25.567861557006836,106927293,0.0,0.0
2013-10-24 00:00:00-04:00,25.579263597577842,25.79493025958358,25.40400346774699,25.422595977783203,83997668,0.0,0.0
2013-10-25 00:00:00-04:00,25.50365364907048,25.50365364907048,25.055464850126587,25.166025161743164,81524432,0.0,0.0
2013-10-28 00:00:00-04:00,25.16602647138568,25.370041010318584,25.11124178390311,25.161067962646484,46521724,0.0,0.0
2013-10-29 00:00:00-04:00,25.262705056795866,25.704944444610884,25.12388579042985,25.687593460083008,64440637,0.0,0.0
2013-10-30 00:00:00-04:00,25.717089596912977,25.7190733799671,25.433748426074594,25.543317794799805,53162522,0.0,0.0
2013-10-31 00:00:00-04:00,25.50638307766881,25.81847868158738,25.383428386025706,25.547285079956055,65845885,0.0,0.0
2013-11-01 00:00:00-04:00,25.57727927385484,25.681643354940338,25.411440694119165,25.459529876708984,51524405,0.0,0.0
2013-11-04 00:00:00-05:00,25.570089718900345,25.591656953750377,25.335336983332173,25.43647575378418,45722740,0.0,0.0
2013-11-05 00:00:00-05:00,25.293689772746482,25.573807535930552,25.22105863367288,25.32269287109375,47433127,0.0,0.0
2013-11-06 00:00:00-05:00,25.423834911869406,25.458538778186078,25.170240979055063,25.353185653686523,36652871,0.0,0.0
2013-11-07 00:00:00-05:00,25.349717264963388,25.382439248791762,24.978622594038146,24.98630714416504,67435822,0.0,0.0
2013-11-08 00:00:00-05:00,25.006134320435848,25.247829338517384,24.999936184790958,25.186599731445312,51825529,0.0,0.0
2013-11-11 00:00:00-05:00,25.024975744535737,25.184124518195294,24.987545836141326,25.051748275756836,44670812,0.0,0.0
2013-11-12 00:00:00-05:00,24.980106661922154,25.22452772766416,24.91317628682805,25.081247329711914,48906630,0.0,0.0
2013-11-13 00:00:00-05:00,24.956558753197022,25.60355683999347,24.95036061707417,25.59413719177246,63412799,0.0,0.0
2013-11-14 00:00:00-05:00,25.630080498905123,25.774602428333687,25.541582885531934,25.662555694580078,46842923,0.0,0.0
2013-11-15 00:00:00-05:00,25.65363189765236,25.73122155202125,25.54059232143759,25.621158599853516,51243355,0.0,0.0
2013-11-18 00:00:00-05:00,25.67544642536469,25.997459063863452,25.514068977280708,25.571331024169922,70651832,0.0,0.0
2013-11-19 00:00:00-05:00,25.575545561910168,25.650655958257335,25.360621166397838,25.413917541503906,45433661,0.0,0.0
2013-11-20 00:00:00-05:00,25.53166712262615,25.616199065793317,25.293937761740402,25.34227752685547,38692487,0.0,0.0
2013-11-21 00:00:00-05:00,25.458538476268934,25.738904936072025,25.433749729428555,25.633798599243164,43835693,0.0,0.0
2013-11-22 00:00:00-05:00,25.61768687628508,25.685856883351384,25.513573373986432,25.57975959777832,50356042,0.0,0.0
2013-11-25 00:00:00-05:00,25.71039936287827,26.10777109349494,25.657349769845066,25.92780113220215,64761837,0.0,0.0
2013-11-26 00:00:00-05:00,25.993987818567394,26.313767976090467,25.853680242818182,26.23716926574707,91794785,0.0,0.0
2013-11-27 00:00:00-05:00,26.326905220284992,26.47489733848491,26.276583571842966,26.35367774963379,45112461,0.0,0.0
2013-11-29 00:00:00-05:00,26.330129228120743,26.44068764633898,26.26295016763023,26.266420364379883,47890836,0.0,0.0
2013-12-02 00:00:00-05:00,26.363592376949985,26.43399484485884,26.047529224020323,26.139745712280273,55133884,0.0,0.0
2013-12-03 00:00:00-05:00,26.05223885371165,26.361857082301313,26.004396460813414,26.1095027923584,67295297,0.0,0.0
2013-12-04 00:00:00-05:00,26.062651102706038,26.375244053833498,26.028689496440773,26.23146629333496,47842656,0.0,0.0
2013-12-05 00:00:00-05:00,26.20717738588108,26.268158317118495,26.05571505111445,26.210647583007812,45517975,0.0,0.0
2013-12-06 00:00:00-05:00,26.519269802687663,26.524475097746357,26.278565720899895,26.52125358581543,57366220,0.0,0.0
2013-12-09 00:00:00-05:00,26.54901911987978,26.829634282293682,26.47539513230098,26.726261138916016,59526286,0.0,0.0
2013-12-10 00:00:00-05:00,26.67693111228364,27.077524330330355,26.66453484028301,26.88788604736328,74433955,0.0,0.0
2013-12-11 00:00:00-05:00,26.955809872988024,27.052982979492874,26.652636538844398,26.705190658569336,68728650,0.0,0.0
2013-12-12 00:00:00-05:00,26.761710020419475,26.84524912444355,26.499687378688193,26.52348518371582,64099363,0.0,0.0
2013-12-13 00:00:00-05:00,26.658341700355045,26.6804044093799,26.22428229418291,26.296171188354492,86820208,0.0,0.0
2013-12-16 00:00:00-05:00,26.375741566479153,26.640737033707516,26.326410858334015,26.59834861755371,64320188,0.0,0.0
2013-12-17 00:00:00-05:00,26.594382827954004,26.7912082900691,26.4843179809413,26.521005630493164,61658247,0.0,0.0
2013-12-18 00:00:00-05:00,26.570337486517246,26.895076163246635,26.252787888482693,26.890119552612305,88743390,0.0,0.0
2013-12-19 00:00:00-05:00,26.791453363218,27.06958923937974,26.749560421143265,26.926555633544922,66877738,0.0,0.0
2013-12-20 00:00:00-05:00,26.97811776652155,27.297155652564165,26.970681901951583,27.28352165222168,130953011,0.0,0.0
2013-12-23 00:00:00-05:00,27.462497563055553,27.65982037983212,27.395071720233744,27.642467498779297,69122119,0.0,0.0
2013-12-24 00:00:00-05:00,27.639248512375588,27.645940221302418,27.468946893134213,27.56165885925293,29478078,0.0,0.0
2013-12-26 00:00:00-05:00,27.615448721921336,27.73914756278194,27.483569860722362,27.700971603393555,53712576,0.0,0.0
2013-12-27 00:00:00-05:00,27.76393605420125,27.77087644735119,27.58892462507491,27.724273681640625,63023345,0.0,0.0
2013-12-30 00:00:00-05:00,27.77236795314342,27.77633362134845,27.49175279083243,27.502660751342773,49629328,0.0,0.0
2013-12-31 00:00:00-05:00,27.571572121421067,27.788725180308802,27.423333218873417,27.781536102294922,54519590,0.0,0.0
2014-01-02 00:00:00-05:00,27.65139570212484,27.70816227493666,27.472912166166328,27.593387603759766,73129082,0.0,0.0
2014-01-03 00:00:00-05:00,27.639992550154055,27.687834946651254,27.390364282072465,27.392099380493164,66917888,0.0,0.0
2014-01-06 00:00:00-05:00,27.590660702768357,27.735676198267207,27.42779495587304,27.69750213623047,71037271,0.0,0.0
2014-01-07 00:00:00-05:00,27.887884507530014,28.252038772121956,27.792695183405893,28.231462478637695,102486711,0.0,0.0
2014-01-08 00:00:00-05:00,28.408457494518988,28.441179474813563,28.093385278270762,28.290212631225586,90036218,0.0,0.0
2014-01-09 00:00:00-05:00,28.34499820985909,28.364332976918195,27.90176599753761,28.017778396606445,83692529,0.0,0.0
2014-01-10 00:00:00-05:00,28.236917740414746,28.236917740414746,27.819713893514017,28.016292572021484,86061375,0.0,0.0
2014-01-13 00:00:00-05:00,27.924328171535358,28.43102063585712,27.693787855654172,27.837814331054688,97118665,0.0,0.0
2014-01-14 00:00:00-05:00,28.20890586222209,28.532404905569184,27.96448288630427,28.492740631103516,99676216,0.0,0.0
2014-01-15 00:00:00-05:00,28.581735589154718,28.631561769444296,28.35367455378806,28.473405838012695,78300393,0.0,0.0
2014-01-16 00:00:00-05:00,28.48530444441844,28.704194514085014,28.45803644250447,28.66180419921875,67608467,0.0,0.0
2014-01-17 00:00:00-05:00,28.677423393316317,28.77112630619905,28.363839457531057,28.520755767822266,108457005,0.0,0.0
2014-01-21 00:00:00-05:00,28.77856162747342,28.85466486903639,28.539841311930868,28.84722900390625,79492846,0.0,0.0
2014-01-22 00:00:00-05:00,28.919363259836498,28.951094298782436,28.727247622841695,28.87994956970215,63091600,0.0,0.0
2014-01-23 00:00:00-05:00,28.75550681433011,28.817231896006085,28.615943395764702,28.757986068725586,78256228,0.0,0.0
2014-01-24 00:00:00-05:00,28.532651612525182,28.595616322576525,27.83830660187968,27.8588809967041,156283602,0.0,0.0
2014-01-27 00:00:00-05:00,27.91515357178885,27.92506869104776,26.82864026198201,27.298643112182617,174796734,0.0,0.0
2014-01-28 00:00:00-05:00,27.523977619826557,27.90647569168218,27.514557971942317,27.838552474975586,88739375,0.0,0.0
2014-01-29 00:00:00-05:00,27.742122607371932,27.80731788277516,27.253774058703247,27.439693450927734,95552818,0.0,0.0
2014-01-30 00:00:00-05:00,28.383667795503815,28.569340408678386,27.943658992738627,28.145442962646484,204419353,0.0,0.0
2014-01-31 00:00:00-05:00,29.03686370402544,29.413412323364906,28.535627194713673,29.27533721923828,223486554,0.0,0.0
2014-02-03 00:00:00-05:00,29.23145957747517,29.29392881613143,28.06165773269195,28.09685707092285,183449044,0.0,0.0
2014-02-04 00:00:00-05:00,28.209896975208082,28.63156196811766,28.185603698506355,28.214111328125,112897588,0.0,0.0
2014-02-05 00:00:00-05:00,28.343509515752398,28.5267009733909,27.962746545640048,28.339046478271484,96139007,0.0,0.0
2014-02-06 00:00:00-05:00,28.53562842693034,28.759475110479272,28.446882127791728,28.7545166015625,78155853,0.0,0.0
2014-02-07 00:00:00-05:00,28.944648528463837,29.199235310182626,28.76939029616727,29.18783187866211,105843245,0.0,0.0
2014-02-10 00:00:00-05:00,29.04801858293752,29.3107853749509,28.97910632212695,29.076032638549805,78099643,0.0,0.0
2014-02-11 00:00:00-05:00,29.255504994502996,29.5455397855913,29.05818406474628,29.503644943237305,82339476,0.0,0.0
2014-02-12 00:00:00-05:00,29.474395378511048,29.49918602545921,29.285503139956557,29.417133331298828,69238554,0.0,0.0
2014-02-13 00:00:00-05:00,29.26988569371879,29.744600296020508,29.242864476723426,29.744600296020508,73731331,0.0,0.0
2014-02-14 00:00:00-05:00,29.638251501020445,29.85590194884812,29.568595080878264,29.816486358642578,87795852,0.0,0.0
2014-02-18 00:00:00-05:00,29.78203191445031,30.066115378968416,29.747079361116754,30.01678466796875,84672187,0.0,0.0
2014-02-19 00:00:00-05:00,29.878459528911282,29.975634532842598,29.685104260192997,29.805084228515625,84459392,0.0,0.0
2014-02-20 00:00:00-05:00,29.824914386565304,29.91787503738165,29.752530028795547,29.848960876464844,68287001,0.0,0.0
2014-02-21 00:00:00-05:00,29.94068057514639,29.991746383205633,29.81747909272124,29.841028213500977,74771214,0.0,0.0
2014-02-24 00:00:00-05:00,29.879949823727646,30.246830146766158,29.873503002433036,30.057191848754883,67223027,0.0,0.0
2014-02-25 00:00:00-05:00,30.142217490895764,30.354412057477877,30.005380110119837,30.242860794067383,57763704,0.0,0.0
2014-02-26 00:00:00-05:00,30.342016669637527,30.462989475588376,30.08817595217148,30.2470760345459,79585191,0.0,0.0
2014-02-27 00:00:00-05:00,30.202952335073327,30.347721055434285,30.168742039903844,30.223278045654297,50588912,0.0,0.0
2014-02-28 00:00:00-05:00,30.25128801357403,30.346726016725132,29.901265140975738,30.135026931762695,92890878,0.0,0.0
2014-03-03 00:00:00-05:00,29.914402149595343,29.941423364418227,29.55223168555678,29.813758850097656,84507572,0.0,0.0
2014-03-04 00:00:00-05:00,30.11891452957698,30.14370517520754,29.982574521215952,30.116683959960938,58928052,0.0,0.0
2014-03-05 00:00:00-05:00,30.12015457557797,30.31921250923854,30.02992186369376,30.19972801208496,49597208,0.0,0.0
2014-03-06 00:00:00-05:00,30.299380573546618,30.395315950936446,30.20815691862556,30.23319435119629,50914126,0.0,0.0
2014-03-07 00:00:00-05:00,30.41142976213592,30.41613958633358,30.030666768002423,30.113710403442383,60831159,0.0,0.0
2014-03-10 00:00:00-04:00,30.136021392598778,30.184361162578785,29.84846772240865,30.033889770507812,48766105,0.0,0.0
2014-03-11 00:00:00-04:00,30.088422246225498,30.102058145023857,29.663782551055316,29.746828079223633,68776830,0.0,0.0
2014-03-12 00:00:00-04:00,29.65783688077531,29.941673552087906,29.355160912753266,29.92803955078125,78866507,0.0,0.0
2014-03-13 00:00:00-04:00,29.94415125629074,30.007364652947334,29.369288828321558,29.47588348388672,94175675,0.0,0.0
2014-03-14 00:00:00-04:00,29.300621562162377,29.520751253813867,29.06611561225465,29.07280921936035,92099924,0.0,0.0
2014-03-17 00:00:00-04:00,29.232702282859165,29.674446212221138,29.204441438862176,29.55124282836914,86808163,0.0,0.0
2014-03-18 00:00:00-04:00,29.614948773142434,30.03289485508074,29.575037714800526,30.026201248168945,72872123,0.0,0.0
2014-03-19 00:00:00-04:00,30.039589770523225,30.044299594536714,29.608503242397898,29.728485107421875,64757822,0.0,0.0
2014-03-20 00:00:00-04:00,29.74583483281139,29.98529928480408,29.63205300695434,29.676673889160156,67640587,0.0,0.0
2014-03-21 00:00:00-04:00,29.90349680900465,29.985798184280227,29.312025676130837,29.326650619506836,128821050,0.0,0.0
2014-03-24 00:00:00-04:00,29.35516067991837,29.372760349246054,28.40721792518752,28.704195022583008,121939352,0.0,0.0
2014-03-25 00:00:00-04:00,28.90424318358021,28.99943250481713,28.433247492773344,28.72377586364746,96769361,0.0,0.0
2014-03-26 00:00:00-04:00,28.805333704471444,29.042318917799047,28.049014921689007,28.060667037963867,103586819,0.0,0.0
2014-03-27 00:00:00-04:00,28.188726995684043,28.188726995684043,27.44033763537523,27.715274810791016,262719,0.0,2.002
2014-03-28 00:00:00-04:00,27.8512551931057,28.110809972250326,27.725697851468954,27.79120635986328,824257,0.0,0.0
2014-03-31 00:00:00-04:00,28.133639255814177,28.139098930896324,27.63934502845328,27.641328811645508,216593,0.0,0.0
2014-04-01 00:00:00-04:00,27.727680931401924,28.211059599228665,27.727680931401924,28.147037506103516,158434,0.0,0.0
2014-04-02 00:00:00-04:00,29.776329758351217,30.016528902871,27.900390196016993,28.139101028442383,2942055,0.0,0.0
2014-04-03 00:00:00-04:00,28.280539402539937,29.145556243922915,27.99666665716713,28.27507972717285,101983228,0.0,0.0
2014-04-04 00:00:00-04:00,28.51875446623453,28.673593971364607,26.9480271408168,26.954975128173828,127386783,0.0,0.0
2014-04-07 00:00:00-04:00,26.83586465528797,27.21998581840536,26.16142015191738,26.70732879638672,88033033,0.0,0.0
2014-04-08 00:00:00-04:00,26.928174692826833,27.54356131976213,26.879041414161637,27.538599014282227,63024560,0.0,0.0
2014-04-09 00:00:00-04:00,27.772842501554575,28.05820353695717,27.44182408015898,27.997161865234375,66616395,0.0,0.0
2014-04-10 00:00:00-04:00,28.039840820892913,28.039840820892913,26.79417687182242,26.84628677368164,80737057,0.0,0.0
2014-04-11 00:00:00-04:00,26.429412237342927,26.799140071387725,26.130650688405574,26.332637786865234,78496923,0.0,0.0
2014-04-14 00:00:00-04:00,26.712293327681802,27.0026166921274,26.281026430776034,26.42792510986328,51501009,0.0,0.0
2014-04-15 00:00:00-04:00,26.641323413155856,26.722218104504652,25.7301518678785,26.622465133666992,77101101,0.0,0.0
2014-04-16 00:00:00-04:00,26.948027886957245,27.642819048468816,26.799141625888293,27.619991302490234,97865955,0.0,0.0
2014-04-17 00:00:00-04:00,27.236363635260485,27.27060809932722,26.359932018992023,26.6055908203125,136190888,0.0,0.0
2014-04-21 00:00:00-04:00,26.6055930709195,26.635370703204543,26.084499692789485,26.234375,51334553,0.0,0.0
2014-04-22 00:00:00-04:00,26.235367566982823,26.66167213413955,26.17928630087749,26.54157257080078,47307527,0.0,0.0
2014-04-23 00:00:00-04:00,26.490951170035473,26.49492253316373,26.116756503196903,26.150999069213867,41046384,0.0,0.0
2014-04-24 00:00:00-04:00,26.30633523104982,26.384746870438338,25.911790186326115,26.062660217285156,37663121,0.0,0.0
2014-04-25 00:00:00-04:00,25.931144481554284,26.039831114058067,25.579282115892944,25.61699867248535,42007014,0.0,0.0
2014-04-28 00:00:00-04:00,25.66662846391493,25.737099274807548,24.952977194864943,25.66514015197754,66710653,0.0,0.0
2014-04-29 00:00:00-04:00,25.652734708904028,26.276062202807793,25.623949918268202,26.188716888427734,53981801,0.0,0.0
2014-04-30 00:00:00-04:00,26.18375426435764,26.203605385641023,25.93164293586575,26.137104034423828,35023895,0.0,0.0
2014-05-01 00:00:00-04:00,26.159436291284017,26.44827133969853,25.99913711071767,26.36985969543457,38110345,0.0,0.0
2014-05-02 00:00:00-04:00,26.48946287057683,26.501373163252964,26.084993203943867,26.200130462646484,33770463,0.0,0.0
2014-05-05 00:00:00-04:00,26.045790630517228,26.248273217306203,25.87209283553303,26.194177627563477,20482080,0.0,0.0
2014-05-06 00:00:00-04:00,26.066134464175445,26.14454610432631,25.561418261127127,25.565387725830078,33780490,0.0,0.0
2014-05-07 00:00:00-04:00,25.597645764167083,25.641814837605395,24.977792322462086,25.308313369750977,64486563,0.0,0.0
2014-05-08 00:00:00-04:00,25.233873424257684,25.669111681459597,25.134120447644033,25.35993003845215,40426688,0.0,0.0
2014-05-09 00:00:00-04:00,25.347521686759052,25.80161821219969,25.02245839612005,25.743553161621094,48789585,0.0,0.0
2014-05-12 00:00:00-04:00,25.980775762943143,26.312289672417318,25.757449228640372,26.298891067504883,38250730,0.0,0.0
2014-05-13 00:00:00-04:00,26.3470308767279,26.60410260195147,26.278543846710537,26.45621109008789,33068541,0.0,0.0
2014-05-14 00:00:00-04:00,26.451744906149507,26.451744906149507,26.06911393287908,26.136608123779297,23835261,0.0,0.0
2014-05-15 00:00:00-04:00,26.08946050645367,26.09789870407806,25.678540214896106,25.805587768554688,34087331,0.0,0.0
2014-05-16 00:00:00-04:00,25.87556140641668,25.895909895589483,25.580275764672916,25.837844848632812,29705333,0.0,0.0
2014-05-19 00:00:00-04:00,25.791692507475787,26.291941871081562,25.686627934682527,26.24628448486328,25555972,0.0,0.0
2014-05-20 00:00:00-04:00,26.289956475464162,26.612043131917144,26.11923722107721,26.291446685791016,35695734,0.0,0.0
2014-05-21 00:00:00-04:00,26.446783754942807,26.758596527515593,26.397652370824574,26.746538162231445,23925508,0.0,0.0
2014-05-22 00:00:00-04:00,26.855221431829463,27.176315255327033,26.8378514639029,27.050260543823242,32316482,0.0,0.0
2014-05-23 00:00:00-04:00,27.159439904477104,27.476066883642048,26.98276360675588,27.42941665649414,38643806,0.0,0.0
2014-05-27 00:00:00-04:00,27.593191576936047,28.0894715093208,27.511304040258942,28.086990356445312,42083223,0.0,0.0
2014-05-28 00:00:00-04:00,28.018500965924424,28.180783916856317,27.841329200635105,27.875076293945312,33040464,0.0,0.0
2014-05-29 00:00:00-04:00,27.957958248857565,27.990217034257643,27.727683713072214,27.79567527770996,27082150,0.0,0.0
2014-05-30 00:00:00-04:00,27.83140154541797,27.85869802034193,27.588721284978856,27.78624153137207,35422988,0.0,0.0
2014-06-02 00:00:00-04:00,27.826440153148617,27.836364763732384,27.083508635357823,27.49045753479004,28700582,0.0,0.0
2014-06-03 00:00:00-04:00,27.34455376041354,27.41155248030262,26.92569263919386,27.04430389404297,37332215,0.0,0.0
2014-06-04 00:00:00-04:00,26.873583679968927,27.226438909590097,26.73710699055607,27.03040885925293,36329469,0.0,0.0
2014-06-05 00:00:00-04:00,27.11675893097127,27.541079704591784,27.01998448395254,27.488969802856445,33782496,0.0,0.0
2014-06-06 00:00:00-04:00,27.695424640514663,27.695424640514663,27.24231906362707,27.609567642211914,34735104,0.0,0.0
2014-06-09 00:00:00-04:00,27.650261882313092,27.9356229186833,27.59517535654546,27.89691162109375,29350361,0.0,0.0
2014-06-10 00:00:00-04:00,27.81701456242774,27.97036576170939,27.68748584862888,27.819000244140625,27034019,0.0,0.0
2014-06-11 00:00:00-04:00,27.6924467503592,27.78574720913196,27.544555234108447,27.734134674072266,22002242,0.0,0.0
2014-06-12 00:00:00-04:00,27.65770669744278,27.691951162501645,27.218994456211604,27.3624210357666,29169867,0.0,0.0
2014-06-13 00:00:00-04:00,27.407582058509597,27.409567740186166,27.075075295546313,27.382768630981445,24410836,0.0,0.0
2014-06-16 00:00:00-04:00,27.258698009468326,27.276563448446574,26.874574935400386,27.01154899597168,34051232,0.0,0.0
2014-06-17 00:00:00-04:00,27.007576650301026,27.063160545131804,26.765889219068598,26.94852066040039,28891103,0.0,0.0
2014-06-18 00:00:00-04:00,27.04033238232354,27.472096604600168,26.99765162111758,27.46266746520996,34835379,0.0,0.0
2014-06-19 00:00:00-04:00,27.505844760743503,27.54356131976213,27.221474662702814,27.538599014282227,49136535,0.0,0.0
2014-06-20 00:00:00-04:00,27.63537332857876,27.671601575448715,27.314875597976783,27.611055374145508,90166875,0.0,0.0
2014-06-23 00:00:00-04:00,27.5510039578337,28.03984039033699,27.506339413129957,28.0373592376709,30736155,0.0,0.0
2014-06-24 00:00:00-04:00,28.04927016136839,28.4192979261456,27.841825291556187,28.02098274230957,44142862,0.0,0.0
2014-06-25 00:00:00-04:00,28.05274613507451,28.782279122753703,28.05076235177117,28.717266082763672,39387843,0.0,0.0
2014-06-26 00:00:00-04:00,28.833892436901998,28.905851563193135,28.37979401544897,28.585750579833984,34839390,0.0,0.0
2014-06-27 00:00:00-04:00,28.64431265214121,28.777810820683747,28.4765681209505,28.647289276123047,44738493,0.0,0.0
2014-06-30 00:00:00-04:00,28.717760937243444,28.76292095338709,28.52371467509829,28.550018310546875,26275943,0.0,0.0
2014-07-01 00:00:00-04:00,28.700885967844098,29.0026241227715,28.618007496606385,28.91676902770996,28959290,0.0,0.0
2014-07-02 00:00:00-04:00,28.95051557252844,29.05423800199733,28.803615013218238,28.900142669677734,21127848,0.0,0.0
2014-07-03 00:00:00-04:00,28.950515879418276,29.032896980427576,28.829918953346336,29.019001007080078,14283107,0.0,0.0
2014-07-07 00:00:00-04:00,28.970865070088276,29.103372299963112,28.76391566155824,28.895925521850586,21292298,0.0,0.0
2014-07-08 00:00:00-04:00,28.66813531198877,28.760839690845913,28.096171657088846,28.342079162597656,38190565,0.0,0.0
2014-07-09 00:00:00-04:00,28.366395149397434,28.621483092943677,28.257015607887997,28.5897216796875,22335153,0.0,0.0
2014-07-10 00:00:00-04:00,28.085002175008555,28.61502915636619,28.040337630510887,28.342571258544922,27134293,0.0,0.0
2014-07-11 00:00:00-04:00,28.382772357032323,28.82644689652495,28.358454402040557,28.743568420410156,32434806,0.0,0.0
2014-07-14 00:00:00-04:00,28.913297175892822,29.042825882392048,28.686496647945884,29.025951385498047,37081529,0.0,0.0
2014-07-15 00:00:00-04:00,29.069131253471426,29.072356562497546,28.613544488798578,29.021486282348633,32460877,0.0,0.0
2014-07-16 00:00:00-04:00,29.181287568608383,29.201138689077894,28.893443474264785,28.91627311706543,27942506,0.0,0.0
2014-07-17 00:00:00-04:00,28.760937125954797,28.833393618178746,28.218997949495233,28.473094940185547,60331186,0.0,0.0
2014-07-18 00:00:00-04:00,29.429428746198447,29.618015347671534,28.883520063073345,29.532655715942383,80283816,0.0,0.0
2014-07-21 00:00:00-04:00,29.36739159809303,29.498904078409875,29.04396471331826,29.25423812866211,41242922,0.0,0.0
2014-07-22 00:00:00-04:00,29.316275453128988,29.75945261186238,29.310318408567106,29.515779495239258,33983045,0.0,0.0
2014-07-23 00:00:00-04:00,29.440841504900437,29.67012317371239,29.404611360179285,29.57731819152832,24663528,0.0,0.0
2014-07-24 00:00:00-04:00,29.600643069852485,29.7520085697951,29.368382880638478,29.446796417236328,20702684,0.0,0.0
2014-07-25 00:00:00-04:00,29.30039392004588,29.37285041392336,29.13314676098332,29.23190689086914,18649061,0.0,0.0
2014-07-28 00:00:00-04:00,29.18476255590524,29.40461320054289,29.020146512094605,29.310319900512695,19736037,0.0,0.0
2014-07-29 00:00:00-04:00,29.218507811347298,29.265653509214307,28.958704357633383,29.06267547607422,26997920,0.0,0.0
2014-07-30 00:00:00-04:00,29.10932582652212,29.25572902284432,28.982773750179447,29.152502059936523,20329662,0.0,0.0
2014-07-31 00:00:00-04:00,28.814036983874452,28.965402478787308,28.287979480566108,28.36738395690918,42055146,0.0,0.0
2014-08-01 00:00:00-04:00,28.30783341347934,28.583765306545004,27.933141392966373,28.09294319152832,39105069,0.0,0.0
2014-08-04 00:00:00-04:00,28.240338368648143,28.553489440625786,27.995175054184834,28.44430923461914,28546159,0.0,0.0
2014-08-05 00:00:00-04:00,28.290464903573532,28.386246513734402,27.921230640576617,28.043315887451172,31024946,0.0,0.0
2014-08-06 00:00:00-04:00,27.880039528052222,28.322723118784513,27.79170137806,28.108030319213867,26687069,0.0,0.0
2014-08-07 00:00:00-04:00,28.1887267482004,28.282524576798448,27.846293485423004,27.958452224731445,22218835,0.0,0.0
2014-08-08 00:00:00-04:00,27.968378215914225,28.30038949158063,27.809071880468903,28.226940155029297,29895854,0.0,0.0
2014-08-11 00:00:00-04:00,28.287486963819482,28.31230039067903,28.089471223455874,28.182771682739258,24294518,0.0,0.0
2014-08-12 00:00:00-04:00,28.01602058663454,28.084507615883624,27.8353748229537,27.927186965942383,30840441,0.0,0.0
2014-08-13 00:00:00-04:00,28.154483036687697,28.536123054928346,28.077062338687284,28.525203704833984,28784812,0.0,0.0
2014-08-14 00:00:00-04:00,28.594685451759265,28.68004508479427,28.331656666819917,28.518754959106445,19709966,0.0,0.0
2014-08-15 00:00:00-04:00,28.67806096057406,28.75349598608548,28.313790866195777,28.460691452026367,30383189,0.0,0.0
2014-08-18 00:00:00-04:00,28.59121055297552,29.008085991691413,28.58575087774284,28.891460418701172,25682318,0.0,0.0
2014-08-19 00:00:00-04:00,29.032402470113677,29.148532565973543,28.982773721036217,29.124710083007812,19573592,0.0,0.0
2014-08-20 00:00:00-04:00,29.076077831577443,29.11677101635219,28.91180728865371,29.00709342956543,20734771,0.0,0.0
2014-08-21 00:00:00-04:00,28.973843648033114,29.007588845419523,28.84083904832092,28.951509475708008,18296094,0.0,0.0
2014-08-22 00:00:00-04:00,28.962429167894697,29.04411737704542,28.816025961417676,28.911312103271484,15781209,0.0,0.0
2014-08-25 00:00:00-04:00,29.018506913062474,29.03240288706945,28.734634185042374,28.794187545776367,27228551,0.0,0.0
2014-08-26 00:00:00-04:00,28.846794102445223,28.873593210792343,28.614535796222572,28.678058624267578,32793789,0.0,0.0
2014-08-27 00:00:00-04:00,28.648777555209126,28.70932375748442,28.293093770073746,28.337610244750977,34067276,0.0,0.0
2014-08-28 00:00:00-04:00,28.266145000478442,28.44927190899149,28.144059762017402,28.24827766418457,25858801,0.0,0.0
2014-08-29 00:00:00-04:00,28.353985353245857,28.389220757410623,28.142521672618436,28.36738395690918,21675347,0.0,0.0
2014-09-02 00:00:00-04:00,28.379793845608418,28.676569712836535,28.347039591464036,28.651756286621094,31568434,0.0,0.0
2014-09-03 00:00:00-04:00,28.784261952538262,28.93265083706995,28.53612389076148,28.682029724121094,24302540,0.0,0.0
2014-09-04 00:00:00-04:00,28.784263637360098,29.08203236629292,28.74555423413887,28.88252830505371,29163850,0.0,0.0
2014-09-05 00:00:00-04:00,28.981782538171146,29.109325555722766,28.881036728903375,29.086000442504883,32647388,0.0,0.0
2014-09-08 00:00:00-04:00,29.11180783911048,29.368384094472674,29.096919024096785,29.266647338867188,28620362,0.0,0.0
2014-09-09 00:00:00-04:00,29.225953382543654,29.230915688286956,28.784262610816864,28.834388732910156,25744488,0.0,0.0
2014-09-10 00:00:00-04:00,28.858705868497776,28.95796147232868,28.632400813734723,28.9381103515625,19547521,0.0,0.0
2014-09-11 00:00:00-04:00,28.80212975632847,28.874090782554124,28.598654340284025,28.851261138916016,24420864,0.0,0.0
2014-09-12 00:00:00-04:00,28.833890838793238,28.865652250581572,28.50932303903906,28.566890716552734,32033708,0.0,0.0
2014-09-15 00:00:00-04:00,28.43389076044483,28.533643737900068,28.199149396956372,28.441831588745117,31951483,0.0,0.0
2014-09-16 00:00:00-04:00,28.42495554526733,28.858705470479723,28.419993239733515,28.781780242919922,29607064,0.0,0.0
2014-09-17 00:00:00-04:00,28.784758801349746,29.157465155206467,28.723468443023155,29.02098846435547,33856699,0.0,0.0
2014-09-18 00:00:00-04:00,29.13165809123511,29.25771279798849,29.032402491364618,29.244314193725586,28891103,0.0,0.0
2014-09-19 00:00:00-04:00,29.35498701331868,29.60213414161567,29.255731405337976,29.58228302001953,74732617,0.0,0.0
2014-09-22 00:00:00-04:00,29.470123495010363,29.47652475543342,28.955976232121937,29.150022506713867,33790518,0.0,0.0
2014-09-23 00:00:00-04:00,29.12421621491035,29.12421621491035,28.833892857637338,28.840343475341797,29428575,0.0,0.0
2014-09-24 00:00:00-04:00,28.856719506918775,29.262180110240333,28.810069279299682,29.180789947509766,34562632,0.0,0.0
2014-09-25 00:00:00-04:00,29.158957976912113,29.18029741133106,28.495430844615047,28.53910255432129,38519466,0.0,0.0
2014-09-26 00:00:00-04:00,28.588728272240807,28.747041762528145,28.51924840241028,28.64034080505371,28873054,0.0,0.0
2014-09-29 00:00:00-04:00,28.37483051657618,28.694434116920338,28.34604572825594,28.60361671447754,25648224,0.0,0.0
2014-09-30 00:00:00-04:00,28.63190649227098,28.77681948984757,28.429423913310668,28.65324592590332,32434806,0.0,0.0
2014-10-01 00:00:00-04:00,28.586246712729803,28.664162880400404,28.139593667358763,28.202125549316406,28909153,0.0,0.0
2014-10-02 00:00:00-04:00,28.154482605194595,28.38277143426672,27.95646687648514,28.29195213317871,23568530,0.0,0.0
2014-10-03 00:00:00-04:00,28.43934789055687,28.646544072069254,28.412051414364957,28.550018310546875,22834521,0.0,0.0
2014-10-06 00:00:00-04:00,28.724711041706257,28.833893157808816,28.50833249113419,28.65275001525879,24292512,0.0,0.0
2014-10-07 00:00:00-04:00,28.50634431027981,28.549520542691486,27.97730827331543,27.97730827331543,38226664,0.0,0.0
2014-10-08 00:00:00-04:00,28.06813247766608,28.48054109599078,27.66713678306054,28.41205406188965,39817018,0.0,0.0
2014-10-09 00:00:00-04:00,28.34654355141952,28.361927837397232,27.745051001104496,27.83537483215332,50496258,0.0,0.0
2014-10-10 00:00:00-04:00,27.67855178356534,28.04629585514819,27.00013585279229,27.02197265625,61638766,0.0,0.0
2014-10-13 00:00:00-04:00,27.046783883971898,27.27060777908308,26.45670805586696,26.46216583251953,51633371,0.0,0.0
2014-10-14 00:00:00-04:00,26.74455202201911,27.155967795996894,26.460181906800887,26.696908950805664,44451708,0.0,0.0
2014-10-15 00:00:00-04:00,26.352985820969792,26.441821346733782,25.722214861557596,26.304351806640625,74387672,0.0,0.0
2014-10-16 00:00:00-04:00,25.756950487376944,26.274571712894716,25.558439288584296,26.0304012298584,74171079,0.0,0.0
2014-10-17 00:00:00-04:00,26.166384356258174,26.35149696437211,25.237347321996964,25.368366241455078,110787334,0.0,0.0
2014-10-20 00:00:00-04:00,25.283006084815625,25.89392779554197,25.2160073652471,25.848268508911133,52150788,0.0,0.0
2014-10-21 00:00:00-04:00,26.064146765234778,26.14355313836157,25.76240862209523,26.131145477294922,46725935,0.0,0.0
2014-10-22 00:00:00-04:00,26.2974024484339,26.78921553003632,26.243306863122648,26.437353134155273,58385859,0.0,0.0
2014-10-23 00:00:00-04:00,26.76539478165147,27.157454887771745,26.593185313949096,26.996662139892578,46976621,0.0,0.0
2014-10-24 00:00:00-04:00,27.015521175418566,27.041327443063754,26.590207535428103,26.788225173950195,39462046,0.0,0.0
2014-10-27 00:00:00-04:00,26.651746591380633,27.01800233933028,26.651746591380633,26.837356567382812,23706909,0.0,0.0
2014-10-28 00:00:00-04:00,26.948026865021593,27.24480083998952,26.87953983296854,27.24083137512207,25419598,0.0,0.0
2014-10-29 00:00:00-04:00,27.295422416004715,27.503364664874226,27.14554521822407,27.262170791625977,35410955,0.0,0.0
2014-10-30 00:00:00-04:00,27.243310181631465,27.434377917181422,26.9733334398956,27.31080436706543,29113713,0.0,0.0
2014-10-31 00:00:00-04:00,27.759440855265005,27.770360204706257,27.531152036348537,27.746042251586914,40701440,0.0,0.0
2014-11-03 00:00:00-05:00,27.568377480798922,27.68748420607507,27.455721373171055,27.554481506347656,27645693,0.0,0.0
2014-11-04 00:00:00-05:00,27.444306934139085,27.568377865132632,27.260682639677228,27.499393463134766,24884132,0.0,0.0
2014-11-05 00:00:00-05:00,27.63289484256096,27.63289484256096,27.000136291743587,27.092941284179688,40645286,0.0,0.0
2014-11-06 00:00:00-05:00,27.072097012206097,27.140832731881467,26.847282155316034,26.9003849029541,26665008,0.0,0.0
2014-11-07 00:00:00-05:00,27.107330619393167,27.107330619393167,26.733135952933488,26.849266052246094,32675465,0.0,0.0
2014-11-10 00:00:00-05:00,26.871599444769277,27.27507628682499,26.849762641747883,27.170856475830078,22692131,0.0,0.0
2014-11-11 00:00:00-05:00,27.220485355691466,27.3917019902487,27.11179870966626,27.309814453125,19310873,0.0,0.0
2014-11-12 00:00:00-05:00,27.314776257563512,27.318248352617324,27.055716962036733,27.16192054748535,22593862,0.0,0.0
2014-11-13 00:00:00-05:00,27.285498202334654,27.285498202334654,26.971847827638683,27.06614112854004,26787343,0.0,0.0
2014-11-14 00:00:00-05:00,27.130657228958373,27.130657228958373,26.90584237462059,27.017505645751953,25790614,0.0,0.0
2014-11-17 00:00:00-05:00,26.97680988578061,26.98723186675939,26.50440180043434,26.625940322875977,34520517,0.0,0.0
2014-11-18 00:00:00-05:00,26.67507286760415,26.895420891440008,26.509811375137936,26.552492141723633,39253475,0.0,0.0
2014-11-19 00:00:00-05:00,26.551001071401238,26.711793814141277,26.306830587502468,26.649761199951172,27844237,0.0,0.0
2014-11-20 00:00:00-05:00,26.364895248554685,26.55645845833759,26.356458949830323,26.54256248474121,31267610,0.0,0.0
2014-11-21 00:00:00-05:00,26.87904260314044,26.90534624039024,26.62842148667691,26.675071716308594,44485801,0.0,0.0
2014-11-24 00:00:00-05:00,26.682513522443816,26.933136521743776,26.581769610870282,26.762910842895508,34127440,0.0,0.0
2014-11-25 00:00:00-05:00,26.749512370969224,26.996661378045708,26.729759965513924,26.852739334106445,35798014,0.0,0.0
2014-11-26 00:00:00-05:00,26.842813780352458,26.876065404213087,26.6523421155856,26.8175048828125,30459397,0.0,0.0
2014-11-28 00:00:00-05:00,26.82991051121495,26.898397541813136,26.630406464130786,26.88996124267578,22966883,0.0,0.0
2014-12-01 00:00:00-05:00,26.744551616657635,26.869118018996563,26.395170365292675,26.49144744873047,42307838,0.0,0.0
2014-12-02 00:00:00-05:00,26.477053788772977,26.57581391516164,26.2929340383057,26.488964080810547,30533600,0.0,0.0
2014-12-03 00:00:00-05:00,26.37432711017735,26.6004328481551,26.266137832449193,26.368371963500977,25559983,0.0,0.0
2014-12-04 00:00:00-05:00,26.360429619498458,26.667131995019314,26.232884698637616,26.66564178466797,27842232,0.0,0.0
2014-12-05 00:00:00-05:00,26.35248678275539,26.446284601668786,26.01898722333285,26.0676212310791,51312493,0.0,0.0
2014-12-08 00:00:00-05:00,26.16042616954145,26.352486742718714,25.994669230788176,26.152982711791992,46587556,0.0,0.0
2014-12-09 00:00:00-05:00,25.912782663031965,26.510801205133504,25.831394400877873,26.47010612487793,37426473,0.0,0.0
2014-12-10 00:00:00-05:00,26.455716828883666,26.617006952716093,26.082513089437224,26.107328414916992,34245764,0.0,0.0
2014-12-11 00:00:00-05:00,26.193680856475332,26.49740472158684,26.158940919530963,26.22047996520996,32216207,0.0,0.0
2014-12-12 00:00:00-05:00,25.980776387968024,26.228420883588065,25.740079879760742,25.740079879760742,39891221,0.0,0.0
2014-12-15 00:00:00-05:00,25.942562574633392,25.960428014479696,25.472584378034778,25.49888801574707,56268061,0.0,0.0
2014-12-16 00:00:00-05:00,25.387720491780616,25.461665297688576,24.26811123580441,24.585233688354492,79285081,0.0,0.0
2014-12-17 00:00:00-05:00,24.665137008801267,25.161416942600642,24.655707868504656,25.05670166015625,57663883,0.0,0.0
2014-12-18 00:00:00-05:00,25.456703195949974,25.502360583019325,25.04727122759289,25.364891052246094,58534266,0.0,0.0
2014-12-19 00:00:00-05:00,25.385235775886333,25.69342643805133,25.156996316262457,25.625436782836914,73804074,0.0,0.0
2014-12-22 00:00:00-05:00,25.612040070940278,26.127180195435496,25.612040070940278,26.04827117919922,54475152,0.0,0.0
2014-12-23 00:00:00-05:00,26.153977264532053,26.529164767461364,26.118739959816494,26.332141876220703,43952341,0.0,0.0
2014-12-24 00:00:00-05:00,26.32816994080512,26.39015699424035,26.154967638372778,26.241817474365234,14118657,0.0,0.0
2014-12-26 00:00:00-05:00,26.241817937526086,26.513780373013606,26.169361443566157,26.50286102294922,20810980,0.0,0.0
2014-12-29 00:00:00-05:00,26.411548182031485,26.574823990168795,26.30340826166801,26.319238662719727,45570772,0.0,0.0
2014-12-30 00:00:00-05:00,26.20807103707219,26.35993201311699,26.16042796847131,26.32370376586914,17525986,0.0,0.0
2014-12-31 00:00:00-05:00,26.36489540189109,26.431894117600027,26.094421284735343,26.12419891357422,27364925,0.0,0.0
2015-01-02 00:00:00-05:00,26.253731546014116,26.36589219297874,26.010058397318563,26.0452938079834,28951268,0.0,0.0
2015-01-05 00:00:00-05:00,25.96836811788302,26.021470863061097,25.46216358448599,25.502361297607422,41196796,0.0,0.0
2015-01-06 00:00:00-05:00,25.55843913633975,25.616752868463585,24.86612919902259,24.91128921508789,57998800,0.0,0.0
2015-01-07 00:00:00-05:00,25.161414873502064,25.173524493193202,24.796649360974577,24.868610382080078,41301082,0.0,0.0
2015-01-08 00:00:00-05:00,24.714267718056618,24.986725633476457,24.36736762476095,24.947023391723633,67071641,0.0,0.0
2015-01-09 00:00:00-05:00,25.050251743919507,25.058190674023155,24.555460108320517,24.623947143554688,41427428,0.0,0.0
2015-01-12 00:00:00-05:00,24.562901411316886,24.614316515108207,24.196645680266425,24.444290161132812,46535413,0.0,0.0
2015-01-13 00:00:00-05:00,24.75645100518798,24.96191020028506,24.436350021382474,24.624441146850586,47409807,0.0,0.0
2015-01-14 00:00:00-05:00,24.548510645785214,24.97431785096186,24.46662311150123,24.857196807861328,44714427,0.0,0.0
2015-01-15 00:00:00-05:00,25.090448680689676,25.095908356029163,24.70285349544494,24.902854919433594,54316718,0.0,0.0
2015-01-16 00:00:00-05:00,24.81451708697048,25.220475086787285,24.814019717374684,25.215015411376953,45965854,0.0,0.0
2015-01-20 00:00:00-05:00,25.35992950014999,25.434369780069325,25.112583051979996,25.15645408630371,44640224,0.0,0.0
2015-01-21 00:00:00-05:00,25.17382384244374,25.770849575653177,25.121713938417617,25.70931053161621,45374234,0.0,0.0
2015-01-22 00:00:00-05:00,25.88002971969518,26.617006137382024,25.791693466239074,26.520727157592773,53538588,0.0,0.0
2015-01-23 00:00:00-05:00,26.580282819545445,26.906834425425874,26.451745054694303,26.796659469604492,45634948,0.0,0.0
2015-01-26 00:00:00-05:00,26.726186440353914,26.749511553127483,26.28648329101294,26.561420440673828,30874534,0.0,0.0
2015-01-27 00:00:00-05:00,26.30137149682029,26.337601642430897,25.71675343854198,25.738590240478516,38080263,0.0,0.0
2015-01-28 00:00:00-05:00,25.944547656369686,25.954969637295015,25.310300827026367,25.310300827026367,33676205,0.0,0.0
2015-01-29 00:00:00-05:00,25.359928313891903,25.364393249759612,24.873573025016498,25.343053817749023,83727244,0.0,0.0
2015-01-30 00:00:00-05:00,25.60112123114955,26.792689645119577,25.58424673437764,26.527179718017578,112127002,0.0,0.0
2015-02-02 00:00:00-05:00,26.388718562893366,26.4517459217874,25.73462059052724,26.227428436279297,56996054,0.0,0.0
2015-02-03 00:00:00-05:00,26.20360339997358,26.471594466169915,25.968366586494902,26.2651424407959,40773638,0.0,0.0
2015-02-04 00:00:00-05:00,26.265143213456575,26.435467610627416,25.869609118174168,25.943553924560547,33273101,0.0,0.0
2015-02-05 00:00:00-05:00,25.994671015376117,26.22841952405443,25.910302329971913,26.18276023864746,36995292,0.0,0.0
2015-02-06 00:00:00-05:00,26.1857396747112,26.66018279731891,26.124696101088233,26.352489471435547,35270570,0.0,0.0
2015-02-09 00:00:00-05:00,26.203603840421486,26.402116939906257,26.105341080616853,26.195167541503906,25355423,0.0,0.0
2015-02-10 00:00:00-05:00,26.268118977642445,26.684996288336517,26.15000510010168,26.64727783203125,34997823,0.0,0.0
2015-02-11 00:00:00-05:00,26.56588854398723,26.72221825251447,26.47050369232166,26.599140167236328,27555446,0.0,0.0
2015-02-12 00:00:00-05:00,26.662664415733797,27.038347383989784,26.534772099090432,26.944549560546875,32404724,0.0,0.0
2015-02-13 00:00:00-05:00,26.96539788614884,27.290956663778637,26.954478535211923,27.246292114257812,38006060,0.0,0.0
2015-02-17 00:00:00-05:00,27.13810018507911,27.295420832237397,26.853234621415567,26.94008445739746,32336537,0.0,0.0
2015-02-18 00:00:00-05:00,26.868620850178992,27.07159888358103,26.675565529201712,26.784252166748047,29061570,0.0,0.0
2015-02-19 00:00:00-05:00,26.701870435917176,26.953484389527688,26.700382123900464,26.941574096679688,19782163,0.0,0.0
2015-02-20 00:00:00-05:00,26.954477041546266,26.985247512604786,26.59070245415286,26.747032165527344,28887092,0.0,0.0
2015-02-23 00:00:00-05:00,26.60310895044826,26.622415241826435,26.273578842143127,26.39764976501465,29157834,0.0,0.0
2015-02-24 00:00:00-05:00,26.30285937612676,26.639834844368924,26.216011437731463,26.60509490966797,20101036,0.0,0.0
2015-02-25 00:00:00-05:00,26.59566541831058,27.107826966884133,26.573084461053575,26.991201400756836,36519991,0.0,0.0
2015-02-26 00:00:00-05:00,26.95844681610573,27.600137055859456,26.873582663033904,27.567380905151367,46230579,0.0,0.0
2015-02-27 00:00:00-05:00,27.505845404196332,28.025450435410686,27.43934215643864,27.712297439575195,48203982,0.0,0.0
2015-03-02 00:00:00-05:00,27.81800504017511,28.394682270054343,27.72966689010055,28.35448455810547,42592618,0.0,0.0
2015-03-03 00:00:00-05:00,28.31031634048337,28.55547777940429,28.115277226036138,28.468629837036133,34095352,0.0,0.0
2015-03-04 00:00:00-05:00,28.38078662868988,28.640836878101833,28.189223409784727,28.455228805541992,37536775,0.0,0.0
2015-03-05 00:00:00-05:00,28.53711549328701,28.680542075506448,28.45721553671303,28.552501678466797,27792094,0.0,0.0
2015-03-06 00:00:00-05:00,28.53016525789613,28.619496246046193,28.1271858180143,28.173091888427734,33182854,0.0,0.0
2015-03-09 00:00:00-04:00,28.13214922499361,28.30138206840606,27.96713832784687,28.230911254882812,21242161,0.0,0.0
2015-03-10 00:00:00-04:00,28.002621178286898,28.03239690861184,27.530161872465346,27.544057846069336,35846146,0.0,0.0
2015-03-11 00:00:00-04:00,27.55050843141158,27.699392777934985,27.329167593098187,27.353981018066406,36415706,0.0,0.0
2015-03-12 00:00:00-04:00,27.46961684918643,27.611551316801997,27.318249444986787,27.568872451782227,27792094,0.0,0.0
2015-03-13 00:00:00-04:00,27.469120763609283,27.712298425103704,27.008573607023116,27.16242027282715,34071287,0.0,0.0
2015-03-16 00:00:00-04:00,27.342566941845277,27.635373337544763,27.096908143062276,27.519243240356445,32819860,0.0,0.0
2015-03-17 00:00:00-04:00,27.38028484505184,27.484007278140922,27.19616509207997,27.337108612060547,36110871,0.0,0.0
2015-03-18 00:00:00-04:00,27.419490214691873,27.780783638733325,27.146536838085353,27.766887664794922,42690887,0.0,0.0
2015-03-19 00:00:00-04:00,27.761429727392585,27.831405072666314,27.60038638983782,27.691951751708984,23945563,0.0,0.0
2015-03-20 00:00:00-04:00,27.873588590773604,27.877062584254304,27.744555360786265,27.809566497802734,52337299,0.0,0.0
2015-03-23 00:00:00-04:00,27.813040434054354,27.908822034461217,27.584749721139314,27.732641220092773,32876014,0.0,0.0
2015-03-24 00:00:00-04:00,27.918747578888095,28.515773269296506,27.851750762820817,28.297409057617188,51665459,0.0,0.0
2015-03-25 00:00:00-04:00,28.312796088549522,28.400141396163647,27.72917088290384,27.731403350830078,43045859,0.0,0.0
2015-03-26 00:00:00-04:00,27.6720977121514,27.737110749271178,27.32767877546668,27.552000045776367,31452115,0.0,0.0
2015-03-27 00:00:00-04:00,27.44430676164776,27.5574583413621,27.202617417275118,27.21303939819336,37949906,0.0,0.0
2015-03-30 00:00:00-04:00,27.375819264859945,27.467631409954976,27.204602636987747,27.396167755126953,25750504,0.0,0.0
2015-03-31 00:00:00-04:00,27.29542259804714,27.529171115991275,27.132642265423016,27.1961669921875,31760961,0.0,0.0
2015-04-01 00:00:00-04:00,27.22594191287188,27.35199662347245,26.774326546731487,26.926189422607422,39261497,0.0,0.0
2015-04-02 00:00:00-04:00,26.841324537819663,26.841324537819663,26.49377901769581,26.577302932739258,34327989,0.0,0.0
2015-04-06 00:00:00-04:00,26.413034678280564,26.720232521340865,26.281520294221863,26.638593673706055,26488525,0.0,0.0
2015-04-07 00:00:00-04:00,26.703856205792146,26.932640516902705,26.600629237934843,26.651248931884766,26057345,0.0,0.0
2015-04-08 00:00:00-04:00,26.71874439603047,26.990209465053585,26.71874439603047,26.87904167175293,23570536,0.0,0.0
2015-04-09 00:00:00-04:00,26.850256334243973,26.89591561890681,26.57531917565283,26.83785057067871,31157308,0.0,0.0
2015-04-10 00:00:00-04:00,26.912788415843877,26.912788415843877,26.66564130482437,26.799636840820312,28189181,0.0,0.0
2015-04-13 00:00:00-04:00,26.720233268929736,27.00063201247412,26.66564221191035,26.757949829101562,32906096,0.0,0.0
2015-04-14 00:00:00-04:00,26.61303675745703,26.678545266342898,26.208172227533595,26.322216033935547,52082601,0.0,0.0
2015-04-15 00:00:00-04:00,26.238344207815206,26.5376012247581,25.966383667950605,26.42841911315918,46376979,0.0,0.0
2015-04-16 00:00:00-04:00,26.29789854268536,26.580282971968796,26.283507096799607,26.49144744873047,25997180,0.0,0.0
2015-04-17 00:00:00-04:00,26.2363583856432,26.294918905873953,25.856704048199337,26.0075740814209,43037837,0.0,0.0
2015-04-20 00:00:00-04:00,26.084497992593413,26.605095865540754,26.02990693586728,26.569860458374023,33585958,0.0,0.0
2015-04-21 00:00:00-04:00,26.67556712664039,26.768869484047958,26.48524353009498,26.49988555908203,36895018,0.0,0.0
2015-04-22 00:00:00-04:00,26.52122286228383,26.852738646381102,26.389708483611468,26.76762580871582,31871263,0.0,0.0
2015-04-23 00:00:00-04:00,26.848770968220993,27.34306520588861,26.81055703856338,27.14653778076172,83697161,0.0,0.0
2015-04-24 00:00:00-04:00,28.094432510277013,28.344558146496034,27.655224809498282,28.04281997680664,98650102,0.0,0.0
2015-04-27 00:00:00-04:00,28.03670481678726,28.164101662472962,27.529606180184228,27.63759422302246,47960000,0.0,1.0027455
2015-04-28 00:00:00-04:00,27.60126946534526,27.669944436771715,27.38857562209031,27.553495407104492,29820000,0.0,0.0
2015-04-29 00:00:00-04:00,27.393751577731223,27.553494537517057,27.216340607692892,27.3245792388916,33976000,0.0,0.0
2015-04-30 00:00:00-04:00,27.264363736258296,27.300195228495312,26.626386627219386,26.740346908569336,41644000,0.0,0.0
2015-05-01 00:00:00-04:00,26.794589056468418,26.849827455206995,26.479581352451525,26.76821517944336,35364000,0.0,0.0
2015-05-04 00:00:00-04:00,26.79956445818732,27.07525906077529,26.626882304402837,26.91153335571289,26160000,0.0,0.0
2015-05-05 00:00:00-04:00,26.783642401038833,26.859781716230522,26.394536102174765,26.41489028930664,27662000,0.0,0.0
2015-05-06 00:00:00-04:00,26.436783759425584,26.493514264743474,25.93142779539267,26.087438583374023,31340000,0.0,0.0
2015-05-07 00:00:00-04:00,26.075991081470704,26.547260136991564,25.964519550881963,26.409910202026367,30926000,0.0,0.0
2015-05-08 00:00:00-04:00,26.70600893813694,26.929948641709224,26.126254455099023,26.784137725830078,30552000,0.0,0.0
2015-05-11 00:00:00-04:00,26.79160317003846,26.971252297147114,26.64380278022826,26.65873146057129,18106000,0.0,0.0
2015-05-12 00:00:00-04:00,26.454697872634792,26.53476867714554,26.139192819435763,26.327301025390625,32684000,0.0,0.0
2015-05-13 00:00:00-04:00,26.40294425942572,26.590158348376292,26.30814409744868,26.35616683959961,25046000,0.0,0.0
2015-05-14 00:00:00-04:00,26.562687233516808,26.822955802809812,26.495008900860356,26.7930965423584,28078000,0.0,0.0
2015-05-15 00:00:00-04:00,26.83191171497603,26.83658926703144,26.393985395574358,26.566667556762695,39426000,0.0,0.0
2015-05-18 00:00:00-04:00,26.475101160097523,26.61493794013303,26.317845055395217,26.489532470703125,40068000,0.0,0.0
2015-05-19 00:00:00-04:00,26.573136703448867,26.90556371605756,26.526359285337758,26.74134063720703,39338000,0.0,0.0
2015-05-20 00:00:00-04:00,26.797573833241714,27.01803004758439,26.522974574989046,26.836389541625977,28616000,0.0,0.0
2015-05-21 00:00:00-04:00,26.770701436503366,27.06381348173573,26.67266647448909,26.99762725830078,29254000,0.0,0.0
2015-05-22 00:00:00-04:00,26.880182379864276,27.081229788124524,26.8483336426031,26.878192901611328,23524000,0.0,0.0
2015-05-26 00:00:00-04:00,26.77916192200194,26.82295512321635,26.369103487968346,26.490528106689453,48130000,0.0,0.0
2015-05-27 00:00:00-04:00,26.514415377915665,26.900089417826802,26.460173618421365,26.862268447875977,30500000,0.0,0.0
2015-05-28 00:00:00-04:00,26.773686858541993,26.90307508455595,26.686102355129243,26.861770629882812,20596000,0.0,0.0
2015-05-29 00:00:00-04:00,26.741838415872202,26.804541152930206,26.44723426627201,26.480077743530273,51948000,0.0,0.0
2015-06-01 00:00:00-04:00,26.712974501270327,26.712974501270327,26.363131971897353,26.573633193969727,38086000,0.0,0.0
2015-06-02 00:00:00-04:00,26.52088614158434,27.02201259162953,26.441263343201722,26.831912994384766,38780000,0.0,0.0
2015-06-03 00:00:00-04:00,26.868239265520934,27.046891751280302,26.72889795802406,26.88814353942871,34340000,0.0,0.0
2015-06-04 00:00:00-04:00,26.76124764340085,26.902079170045372,26.59005758854212,26.70849609375,26966000,0.0,0.0
2015-06-05 00:00:00-04:00,26.691079714930993,26.733380809901547,26.50048274701202,26.54079246520996,27764000,0.0,0.0
2015-06-08 00:00:00-04:00,26.539797246262538,26.580105065374596,26.1879633102689,26.217323303222656,30412000,0.0,0.0
2015-06-09 00:00:00-04:00,26.25365159111523,26.3352638651005,26.027223138837602,26.210355758666992,29106000,0.0,0.0
2015-06-10 00:00:00-04:00,26.34322704908418,26.791104555512216,26.34272967950823,26.707998275756836,36300000,0.0,0.0
2015-06-11 00:00:00-04:00,26.794339275097165,26.821958473336124,26.525362948251356,26.604488372802734,24350000,0.0,0.0
2015-06-12 00:00:00-04:00,26.454697065791038,26.530339000858913,26.38303598545983,26.491025924682617,19116000,0.0,0.0
2015-06-15 00:00:00-04:00,26.275547295649783,26.290477874984564,26.07649125530561,26.235736846923828,32654000,0.0,0.0
2015-06-16 00:00:00-04:00,26.295454223546432,26.357162224281257,26.154123424718303,26.28301239013672,21436000,0.0,0.0
2015-06-17 00:00:00-04:00,26.343724068519965,26.42384423139759,26.131229564269994,26.33824920654297,25884000,0.0,0.0
2015-06-18 00:00:00-04:00,26.42483921818388,26.780653994380533,26.414388762058426,26.709989547729492,36662000,0.0,0.0
2015-06-19 00:00:00-04:00,26.733876680563483,26.785631591819612,26.524865658878007,26.707998275756836,37870000,0.0,0.0
2015-06-22 00:00:00-04:00,26.85231397649432,27.058836242657584,26.74979889774307,26.782644271850586,25006000,0.0,0.0
2015-06-23 00:00:00-04:00,26.85480271518919,26.947313452130857,26.636337884729052,26.896604537963867,23950000,0.0,0.0
2015-06-24 00:00:00-04:00,26.872718949854647,26.872718949854647,26.656742853953936,26.765228271484375,25732000,0.0,0.0
2015-06-25 00:00:00-04:00,26.81648477736786,26.91750585057913,26.63534164428711,26.63534164428711,26714000,0.0,0.0
2015-06-26 00:00:00-04:00,26.736363712827444,26.761245478529947,26.44225505357989,26.45917510986328,42182000,0.0,0.0
2015-06-29 00:00:00-04:00,26.12675231296062,26.305904079166613,25.904306612323925,25.953075408935547,38756000,0.0,0.0
2015-06-30 00:00:00-04:00,26.17701547298573,26.188460668734013,25.90231558816904,25.902812957763672,44344000,0.0,0.0
2015-07-01 00:00:00-04:00,26.112817492378298,26.1605915482066,25.78935072393072,25.968997955322266,39220000,0.0,0.0
2015-07-02 00:00:00-04:00,25.931180373804725,26.108838137116233,25.931180373804725,26.046632766723633,24718000,0.0,0.0
2015-07-06 00:00:00-04:00,25.852550926818502,26.13869599493285,25.827669159668808,26.019758224487305,25610000,0.0,0.0
2015-07-07 00:00:00-04:00,26.033196560076064,26.184977817836323,25.637571310028935,26.12725067138672,31944000,0.0,0.0
2015-07-08 00:00:00-04:00,25.929684635628867,26.013487610868722,25.683849286425428,25.71967887878418,25934000,0.0,0.0
2015-07-09 00:00:00-04:00,26.032698579988104,26.06504468887983,25.894851267876838,25.911273956298828,36846000,0.0,0.0
2015-07-10 00:00:00-04:00,26.190451689120525,26.50247327286172,26.1536254576891,26.381546020507812,39134000,0.0,0.0
2015-07-13 00:00:00-04:00,26.518395086520883,27.226541130380884,26.494509957607075,27.198673248291016,44130000,0.0,0.0
2015-07-14 00:00:00-04:00,27.209125700261417,28.159076946585245,27.206638852290297,27.922746658325195,64882000,0.0,0.0
2015-07-15 00:00:00-04:00,27.874473801891487,28.19162093788488,27.708261244793384,27.878952026367188,35692000,0.0,0.0
2015-07-16 00:00:00-04:00,28.122799464276977,28.89713178833296,28.11682723240542,28.85582733154297,95366000,0.0,0.0
2015-07-17 00:00:00-04:00,32.297026142360146,33.56442248218886,32.09796821578762,33.487884521484375,223298000,0.0,0.0
2015-07-20 00:00:00-04:00,32.8066122632667,33.286338468807436,32.496580190486114,32.994720458984375,117218000,0.0,0.0
2015-07-21 00:00:00-04:00,32.60606794209235,33.49137448017292,32.56078072943319,32.95889663696289,67544000,0.0,0.0
2015-07-22 00:00:00-04:00,32.88872438484418,33.77204140759974,32.794672172804354,32.94894027709961,78586000,0.0,0.0
2015-07-23 00:00:00-04:00,32.90763164933398,33.02507540463503,31.89890927388866,32.062137603759766,60582000,0.0,0.0
2015-07-24 00:00:00-04:00,32.19749707288733,32.25572348445036,30.979268113591633,31.031023025512695,72514000,0.0,0.0
2015-07-27 00:00:00-04:00,30.903624738543986,31.565490736908203,30.87874297208184,31.215150833129883,53508000,0.0,0.0
2015-07-28 00:00:00-04:00,31.49233647981005,31.49233647981005,31.018580600524672,31.25197410583496,34546000,0.0,0.0
2015-07-29 00:00:00-04:00,31.291787720778263,31.518711634542242,30.98573648598807,31.44754981994629,31502000,0.0,0.0
2015-07-30 00:00:00-04:00,31.351505403104284,31.61127470037743,30.955880174705126,31.48039436340332,29484000,0.0,0.0
2015-07-31 00:00:00-04:00,31.42017735052591,31.49631665272082,31.127562705576636,31.133037567138672,34122000,0.0,0.0
2015-08-03 00:00:00-04:00,31.119604862527055,31.503585578800198,31.119604862527055,31.411720275878906,26090000,0.0,0.0
2015-08-04 00:00:00-04:00,31.27287592064746,31.5908697162839,31.210173186065216,31.314180374145508,29818000,0.0,0.0
2015-08-05 00:00:00-04:00,31.56698569567802,32.24029884812486,31.508763078275546,32.03725814819336,46686000,0.0,0.0
2015-08-06 00:00:00-04:00,32.097969620957926,32.11683169771897,31.4634741132938,31.982515335083008,31452000,0.0,0.0
2015-08-07 00:00:00-04:00,31.860595238683427,31.982515329028836,31.337073894091137,31.61525535583496,28078000,0.0,0.0
2015-08-10 00:00:00-04:00,31.82326968627162,32.02033623276881,31.41365928828834,31.537124633789062,36184000,0.0,0.0
2015-08-11 00:00:00-04:00,33.30226417069158,33.58592049068022,32.5592851547692,32.88325119018555,100584000,0.0,0.0
2015-08-12 00:00:00-04:00,32.99770546706947,33.09325357418203,32.46074758164441,32.82253646850586,58734000,0.0,0.0
2015-08-13 00:00:00-04:00,32.81069390530321,33.068373119762015,32.429450618373004,32.66777038574219,36214000,0.0,0.0
2015-08-14 00:00:00-04:00,32.59611271423216,32.8372192812474,32.47916630964027,32.701114654541016,21442000,0.0,0.0
2015-08-17 00:00:00-04:00,32.68518632089925,32.91310686368628,32.40849698578659,32.887725830078125,21034000,0.0,0.0
2015-08-18 00:00:00-04:00,32.93898956579919,33.04349413442185,32.518978016157696,32.65184783935547,29122000,0.0,0.0
2015-08-19 00:00:00-04:00,32.67523836483517,33.19278369878141,32.555303951979354,32.88922119140625,42682000,0.0,0.0
2015-08-20 00:00:00-04:00,32.618502659905,32.99323076689383,31.99346477320877,32.18903732299805,57106000,0.0,0.0
2015-08-21 00:00:00-04:00,31.838200232712147,31.851634906308142,30.472170898308413,30.47963523864746,85304000,0.0,0.0
2015-08-24 00:00:00-04:00,28.51493956509663,29.825233113798948,28.119314346184304,29.341524124145508,115406000,0.0,0.0
2015-08-25 00:00:00-04:00,30.60056200464862,30.72696221555579,28.918528367833964,28.965805053710938,70760000,0.0,0.0
2015-08-26 00:00:00-04:00,30.373637680351084,31.436603821872808,29.811300609700677,31.2828311920166,84718000,0.0,0.0
2015-08-27 00:00:00-04:00,31.819287868180346,32.02780151378667,30.95339024374445,31.73021125793457,69826000,0.0,0.0
2015-08-28 00:00:00-04:00,31.49183933661142,31.693881476988896,31.080786187141573,31.370412826538086,39574000,0.0,0.0
2015-08-31 00:00:00-04:00,31.229085847508035,31.640139022069718,30.738409878516734,30.766775131225586,43534000,0.0,0.0
2015-09-01 00:00:00-04:00,29.976019373471594,30.4985440670164,29.564966209566826,29.74859619140625,74042000,0.0,0.0
2015-09-02 00:00:00-04:00,30.136755605848645,30.572193145751953,29.844142854729537,30.572193145751953,51512000,0.0,0.0
2015-09-03 00:00:00-04:00,30.704569889905205,30.83943108157759,29.99896192017681,30.16960334777832,35192000,0.0,0.0
2015-09-04 00:00:00-04:00,29.858576781975476,30.031258945111997,29.622197141794377,29.89341163635254,41780000,0.0,0.0
2015-09-08 00:00:00-04:00,30.480133364661533,30.670232956666236,30.063605318848094,30.58812141418457,45590000,0.0,0.0
2015-09-09 00:00:00-04:00,30.91457477601518,31.178324920233383,30.33631241830663,30.4915771484375,34042000,0.0,0.0
2015-09-10 00:00:00-04:00,30.510489487132133,31.06088208035368,30.42738320685837,30.921043395996094,38106000,0.0,0.0
2015-09-11 00:00:00-04:00,30.841421007419687,31.1415000246149,30.72547124818651,31.141002655029297,27470000,0.0,0.0
2015-09-14 00:00:00-04:00,31.137519842331397,31.145481552587473,30.825498253268552,31.015100479125977,34046000,0.0,0.0
2015-09-15 00:00:00-04:00,31.18728067283513,31.784452552440417,31.041969032305694,31.60729217529297,41688000,0.0,0.0
2015-09-16 00:00:00-04:00,31.623714492514125,31.747128582760304,31.46695576066615,31.649093627929688,25730000,0.0,0.0
2015-09-17 00:00:00-04:00,31.739170980891018,32.391579433060365,31.601323664145813,31.993467330932617,45494000,0.0,0.0
2015-09-18 00:00:00-04:00,31.689403940882492,31.849146893035886,31.20320621555608,31.314180374145508,102668000,0.0,0.0
2015-09-21 00:00:00-04:00,31.570467988155357,31.674475182211253,31.149463617720993,31.622222900390625,35770000,0.0,0.0
2015-09-22 00:00:00-04:00,31.202212100297803,31.229582613324816,30.626438485954175,30.987728118896484,51258000,0.0,0.0
2015-09-23 00:00:00-04:00,30.955879796963835,31.29825800082384,30.853862083701454,30.97130584716797,29418000,0.0,0.0
2015-09-24 00:00:00-04:00,30.68665499354211,31.218136150178225,30.47565449320476,31.14249610900879,44802000,0.0,0.0
2015-09-25 00:00:00-04:00,31.340061832931497,31.340061832931497,30.405984629026655,30.454256057739258,43480000,0.0,0.0
2015-09-28 00:00:00-04:00,30.373137854851368,30.585381768265716,29.330077971473607,29.604278564453125,62554000,0.0,0.0
2015-09-29 00:00:00-04:00,29.723218034475842,30.10739806775526,29.37188147868014,29.60826301574707,46190000,0.0,0.0
2015-09-30 00:00:00-04:00,30.021803260982413,30.294511762946478,29.89490567633663,30.277591705322266,48268000,0.0,0.0
2015-10-01 00:00:00-04:00,30.275104231920427,30.46022632608076,29.851111857622325,30.4204158782959,37352000,0.0,0.0
2015-10-02 00:00:00-04:00,30.216880253234603,31.219133114932053,30.0143388302936,31.197734832763672,53696000,0.0,0.0
2015-10-05 00:00:00-04:00,31.45103507618695,31.99894083425657,31.202213599157556,31.922304153442383,36072000,0.0,0.0
2015-10-06 00:00:00-04:00,31.791421151624398,32.30946953495683,31.676466133164066,32.11986541748047,43326000,0.0,0.0
2015-10-07 00:00:00-04:00,32.30897483012823,32.377099281167915,31.458501255808585,31.966594696044922,41854000,0.0,0.0
2015-10-08 00:00:00-04:00,31.91682839829842,32.07059912521539,31.130551641671627,31.80734634399414,43642000,0.0,0.0
2015-10-09 00:00:00-04:00,31.849148018741275,32.14723565249975,31.616151255081068,32.0287971496582,32974000,0.0,0.0
2015-10-12 00:00:00-04:00,31.953151703492487,32.27214021450666,31.799878363696468,32.18107223510742,25504000,0.0,0.0
2015-10-13 00:00:00-04:00,32.00590656426149,32.735547725409866,32.00590656426149,32.46125030517578,36154000,0.0,0.0
2015-10-14 00:00:00-04:00,32.5065358469657,32.814081114350365,32.28956500150032,32.404518127441406,28310000,0.0,0.0
2015-10-15 00:00:00-04:00,32.578691384136334,33.000194975902566,32.568736400101216,32.93102264404297,37714000,0.0,0.0
2015-10-16 00:00:00-04:00,33.04896538127123,33.09176194325647,32.70509318329699,32.953914642333984,32222000,0.0,0.0
2015-10-19 00:00:00-04:00,32.90315249311963,33.18382458653499,32.82353160071498,33.14799499511719,29546000,0.0,0.0
2015-10-20 00:00:00-04:00,33.04548182255289,33.079321937708954,32.057910855036425,32.36072540283203,49964000,0.0,0.0
2015-10-21 00:00:00-04:00,32.55331211285034,32.638905237271594,31.935237418440146,31.979032516479492,35822000,0.0,0.0
2015-10-22 00:00:00-04:00,32.182565734643276,32.73494966257862,32.048701190474304,32.43586730957031,81420000,0.0,0.0
2015-10-23 00:00:00-04:00,36.203523155648135,36.32793388814177,34.909652297057164,34.934532165527344,133078000,0.0,0.0
2015-10-26 00:00:00-04:00,34.91213947954692,35.78799210777777,34.89770816855018,35.47099304199219,54332000,0.0,0.0
2015-10-27 00:00:00-04:00,35.20226511384268,35.512794575948256,35.06143359202578,35.257503509521484,44916000,0.0,0.0
2015-10-28 00:00:00-04:00,35.19977667312127,35.48094233446431,34.98827691846898,35.47945022583008,43578000,0.0,0.0
2015-10-29 00:00:00-04:00,35.35753130484512,35.743698903527076,35.33314500949521,35.67701721191406,29120000,0.0,0.0
2015-10-30 00:00:00-04:00,35.617797858349476,35.73076529854884,35.33513626812959,35.37295913696289,38176000,0.0,0.0
2015-11-02 00:00:00-05:00,35.38539879764637,35.91090959864584,35.1261249840359,35.885528564453125,37726000,0.0,0.0
2015-11-03 00:00:00-05:00,35.77356301244642,36.06169567736996,35.5675380957326,35.93778610229492,31308000,0.0,0.0
2015-11-04 00:00:00-05:00,35.9298154359839,36.482199352182,35.92484174067687,36.2338752746582,34134000,0.0,0.0
2015-11-05 00:00:00-05:00,36.30155939020288,36.799699707252856,36.30155939020288,36.390140533447266,37232000,0.0,0.0
2015-11-06 00:00:00-05:00,36.402578903294184,36.5971567001415,36.179134689747414,36.515045166015625,30232000,0.0,0.0
2015-11-09 00:00:00-05:00,36.33788644091867,36.56232541543151,35.80192705061977,36.073638916015625,41396000,0.0,0.0
2015-11-10 00:00:00-05:00,36.049256175752,36.35729500238689,35.755644863706884,36.24433135986328,32160000,0.0,0.0
2015-11-11 00:00:00-05:00,36.45035423409483,36.875339432906706,36.33938007609177,36.59666061401367,27328000,0.0,0.0
2015-11-12 00:00:00-05:00,36.37770161737885,36.7160990006588,36.260508425155194,36.3891487121582,36744000,0.0,0.0
2015-11-13 00:00:00-05:00,36.286628803993516,36.385161130459366,35.66755936967002,35.68099594116211,41510000,0.0,0.0
2015-11-16 00:00:00-05:00,35.61132625630229,36.30255224406116,35.39883555352517,36.276180267333984,38118000,0.0,0.0
2015-11-17 00:00:00-05:00,36.29260430791333,36.41975248063813,35.980928215848735,36.09404373168945,30218000,0.0,0.0
2015-11-18 00:00:00-05:00,36.20750587360738,36.89574385818403,36.178639455204454,36.82557678222656,33686000,0.0,0.0
2015-11-19 00:00:00-05:00,36.76287693663978,36.92510675235817,36.697683551217686,36.746456146240234,26542000,0.0,0.0
2015-11-20 00:00:00-05:00,37.15053643580976,37.71735168505748,36.974870066422504,37.65166473388672,44246000,0.0,0.0
2015-11-23 00:00:00-05:00,37.69396655537065,37.95562472135034,37.413791813285165,37.620811462402344,28290000,0.0,0.0
2015-11-24 00:00:00-05:00,37.42274914160123,37.585928133429135,36.70763796845185,37.23762893676758,46662000,0.0,0.0
2015-11-25 00:00:00-05:00,37.23066184060929,37.4227490158766,37.127152013967006,37.23115921020508,22442000,0.0,0.0
2015-11-27 00:00:00-05:00,37.246582873651995,37.49291748950144,37.19831144895278,37.336158752441406,16770000,0.0,0.0
2015-11-30 00:00:00-05:00,37.26400107556933,37.568558325962954,36.888779374887406,36.9549674987793,41952000,0.0,0.0
2015-12-01 00:00:00-05:00,37.17939936295681,38.26625055560582,37.158995821051704,38.17120361328125,42692000,0.0,0.0
2015-12-02 00:00:00-05:00,38.263767781900036,38.61485377453002,37.76911282467238,37.93930435180664,44608000,0.0,0.0
2015-12-03 00:00:00-05:00,38.11994436872153,38.268490811052345,37.10575088984159,37.44961929321289,51812000,0.0,0.0
2015-12-04 00:00:00-05:00,37.477489932959806,38.243363173901244,37.32322183100693,38.159759521484375,55146000,0.0,0.0
2015-12-07 00:00:00-05:00,38.20753369998665,38.25530775819182,37.576523551402005,37.98259735107422,36246000,0.0,0.0
2015-12-08 00:00:00-05:00,37.71586156099418,38.059733774596765,37.53222967569863,37.938804626464844,36590000,0.0,0.0
2015-12-09 00:00:00-05:00,37.7795596295631,38.03136532131955,36.67633693919269,37.403343200683594,54000000,0.0,0.0
2015-12-10 00:00:00-05:00,37.465051781591534,37.61434239042944,37.01617762246334,37.296348571777344,39768000,0.0,0.0
2015-12-11 00:00:00-05:00,36.88330271000513,37.10973115833587,36.66384502915713,36.769344329833984,44488000,0.0,0.0
2015-12-14 00:00:00-05:00,36.914655678823635,37.26001999700479,36.037808311517686,37.21224594116211,48250000,0.0,0.0
2015-12-15 00:00:00-05:00,37.47251442215385,37.72531484553809,36.97536885807907,36.994773864746094,53324000,0.0,0.0
2015-12-16 00:00:00-05:00,37.32321882582258,37.85022173405808,36.79745744311564,37.72581100463867,39866000,0.0,0.0
2015-12-17 00:00:00-05:00,37.94128934953945,37.95422855125222,37.273454929682444,37.29485321044922,31068000,0.0,0.0
2015-12-18 00:00:00-05:00,37.14954037056894,37.528744774238454,36.73351163786281,36.791236877441406,62974000,0.0,0.0
2015-12-21 00:00:00-05:00,37.130631770901104,37.32322010298565,36.825577168279175,37.21224594116211,30514000,0.0,0.0
2015-12-22 00:00:00-05:00,37.40533466047025,37.56458026055479,37.10077740284964,37.32322311401367,27308000,0.0,0.0
2015-12-23 00:00:00-05:00,37.49590204309258,37.53272637472351,37.024634885273265,37.338645935058594,31318000,0.0,0.0
2015-12-24 00:00:00-05:00,37.300826793974416,37.39040267339815,37.15501777971641,37.243595123291016,10544000,0.0,0.0
2015-12-28 00:00:00-05:00,37.46853464928422,37.969663006496894,37.299337860809146,37.94577407836914,30306000,0.0,0.0
2015-12-29 00:00:00-05:00,38.15378695568229,38.815155625313764,38.14084775291469,38.64695358276367,35300000,0.0,0.0
2015-12-30 00:00:00-05:00,38.64694966675261,38.69671319770639,38.164235443401466,38.36826705932617,25866000,0.0,0.0
2015-12-31 00:00:00-05:00,38.29362414977094,38.29362414977094,37.73825594435611,37.76512908935547,30018000,0.0,0.0
2016-01-04 00:00:00-05:00,36.97487381960385,37.0276215743723,36.390540472044776,36.917144775390625,65456000,0.0,0.0
2016-01-05 00:00:00-05:00,37.146556404456355,37.422748394112205,36.75789814058805,36.95397186279297,39014000,0.0,0.0
2016-01-06 00:00:00-05:00,36.32793264152167,37.18288432008076,36.27418635646477,37.00572204589844,38940000,0.0,0.0
2016-01-07 00:00:00-05:00,36.34336009101601,36.75092977387451,35.783511792439576,36.148284912109375,59274000,0.0,0.0
2016-01-08 00:00:00-05:00,36.40009244216744,36.48867358716477,35.48194437516353,35.55509567260742,49018000,0.0,0.0
2016-01-11 00:00:00-05:00,35.66159118009132,35.7733094956811,35.01116847557762,35.63272476196289,41812000,0.0,0.0
2016-01-12 00:00:00-05:00,35.913891833320484,36.26572572213504,35.69676915235578,36.13235855102539,40490000,0.0,0.0
2016-01-13 00:00:00-05:00,36.370233182350894,36.56381625227362,34.765832857647254,34.86287307739258,50034000,0.0,0.0
2016-01-14 00:00:00-05:00,35.10273784735931,35.92608570234551,34.29257598090186,35.567535400390625,44516000,0.0,0.0
2016-01-15 00:00:00-05:00,34.45131861995246,35.17041625840064,34.106952860158955,34.55881118774414,72162000,0.0,0.0
2016-01-19 00:00:00-05:00,34.99922445543624,35.331649532833445,34.50705643973201,34.92407989501953,45362000,0.0,0.0
2016-01-20 00:00:00-05:00,34.268192279970755,35.175891803781354,33.504308505453984,34.75787353515625,68900000,0.0,0.0
2016-01-21 00:00:00-05:00,34.94349473153323,35.789983619580845,34.559312784648625,35.1629524230957,48244000,0.0,0.0
2016-01-22 00:00:00-05:00,36.00944500480323,36.23487872434446,35.8363148240723,36.091556549072266,40236000,0.0,0.0
2016-01-25 00:00:00-05:00,36.0084460503519,36.31200852512652,35.33314350669193,35.41575241088867,34234000,0.0,0.0
2016-01-26 00:00:00-05:00,35.52424221096447,35.744698427473146,35.15747960845456,35.48393249511719,26634000,0.0,0.0
2016-01-27 00:00:00-05:00,35.515280619095954,35.74245701132594,34.555828168609274,34.83450698852539,43884000,0.0,0.0
2016-01-28 00:00:00-05:00,35.94077308960222,36.51157119452776,35.44959968772641,36.37571334838867,53528000,0.0,0.0
2016-01-29 00:00:00-05:00,36.40407420054294,37.073901936888795,36.16868930078364,36.972381591796875,69486000,0.0,0.0
2016-02-01 00:00:00-05:00,37.34610807809899,37.714366559599455,36.98830574706198,37.42274475097656,102784000,0.0,0.0
2016-02-02 00:00:00-05:00,39.04009060976215,39.3073261680966,38.052268981933594,38.052268981933594,126962000,0.0,0.0
2016-02-03 00:00:00-05:00,38.329453883569,38.54244195143105,35.85517326848432,36.176151275634766,123420000,0.0,0.0
2016-02-04 00:00:00-05:00,35.97013302300018,36.178644803432256,34.92757032412502,35.23362350463867,103374000,0.0,0.0
2016-02-05 00:00:00-05:00,35.027594327031174,35.03356655869722,33.84718444676033,34.01737976074219,102114000,0.0,0.0
2016-02-08 00:00:00-05:00,33.23508469042427,34.040269062856716,32.99671178455746,33.97607421875,84948000,0.0,0.0
2016-02-09 00:00:00-05:00,33.457530049563466,34.83002704127907,33.28086514173179,33.745662689208984,72178000,0.0,0.0
2016-02-10 00:00:00-05:00,34.181101615682245,34.90019551478871,33.945716716802615,34.04475021362305,52760000,0.0,0.0
2016-02-11 00:00:00-05:00,33.59090079820999,34.30501725208252,33.28574745643859,33.99448776245117,60480000,0.0,0.0
2016-02-12 00:00:00-05:00,34.35029725210655,34.52397412786593,33.770045483080985,33.95914840698242,42828000,0.0,0.0
2016-02-16 00:00:00-05:00,34.48565925428134,34.73547926398432,34.09102876128709,34.38712692260742,50400000,0.0,0.0
2016-02-17 00:00:00-05:00,34.73995604996261,35.32020791683216,34.40603881225201,35.25302505493164,49852000,0.0,0.0
2016-02-18 00:00:00-05:00,35.33264679541363,35.44959318361445,34.63743806706235,34.703128814697266,37664000,0.0,0.0
2016-02-19 00:00:00-05:00,34.58767443234342,34.98832648495691,34.538905639668435,34.88029098510742,31786000,0.0,0.0
2016-02-22 00:00:00-05:00,35.20575267843994,35.49388534101137,34.95991541527615,35.15648651123047,38996000,0.0,0.0
2016-02-23 00:00:00-05:00,34.90715779897904,35.25301944526183,34.515515377342204,34.62847900390625,40186000,0.0,0.0
2016-02-24 00:00:00-05:00,34.28361301532457,34.835002186105704,33.87853401259107,34.813106536865234,39272000,0.0,0.0
2016-02-25 00:00:00-05:00,34.83549758462252,35.132590432918946,34.3664705556858,35.12114334106445,32844000,0.0,0.0
2016-02-26 00:00:00-05:00,35.26198242097627,35.50333953780011,34.87780051225877,35.087310791015625,44870000,0.0,0.0
2016-02-29 00:00:00-05:00,34.85092711623879,35.37693527721007,34.719549418382606,34.724029541015625,49622000,0.0,0.0
2016-03-01 00:00:00-05:00,35.01515038568365,35.77106857299805,34.82355680118532,35.77106857299805,43028000,0.0,0.0
2016-03-02 00:00:00-05:00,35.7805280000005,35.8302915344555,35.43217566538693,35.77306365966797,32580000,0.0,0.0
2016-03-03 00:00:00-05:00,35.76459960447716,35.802919840739996,35.134584242865614,35.45307540893555,39160000,0.0,0.0
2016-03-04 00:00:00-05:00,35.58097329665,35.655620497950004,35.13458599431317,35.37693786621094,39442000,0.0,0.0
2016-03-07 00:00:00-05:00,35.178381343753635,35.23764805554579,34.18309544394305,34.594146728515625,59702000,0.0,0.0
2016-03-08 00:00:00-05:00,34.26719447433279,35.02361004370061,34.10545824697884,34.53492736816406,41526000,0.0,0.0
2016-03-09 00:00:00-05:00,34.758866546671605,35.11766744109789,34.536420850730295,35.09577178955078,28430000,0.0,0.0
2016-03-10 00:00:00-05:00,35.23908772578886,35.65312698839195,35.00221073505227,35.47298049926758,56670000,0.0,0.0
2016-03-11 00:00:00-05:00,35.83028947969233,36.17465904124661,35.687217902571106,36.169681549072266,39416000,0.0,0.0
2016-03-14 00:00:00-04:00,36.16919090120155,36.601644310052606,36.08658198064018,36.352325439453125,34366000,0.0,0.0
2016-03-15 00:00:00-04:00,36.17466400245143,36.44189576045237,36.06766878795652,36.24483108520508,34420000,0.0,0.0
2016-03-16 00:00:00-04:00,36.14728774586273,36.69967166710547,36.05472385831102,36.63099670410156,32488000,0.0,0.0
2016-03-17 00:00:00-04:00,36.6489112164712,36.97835210559931,36.626518196255944,36.7150993347168,37216000,0.0,0.0
2016-03-18 00:00:00-04:00,36.91813575565832,36.925102726085505,36.419000732655505,36.70614242553711,59614000,0.0,0.0
2016-03-21 00:00:00-04:00,36.651403043174966,36.94998804581852,36.5029059534989,36.92958450317383,36730000,0.0,0.0
2016-03-22 00:00:00-04:00,36.69917786285022,37.07439955143381,36.69917786285022,36.86289978027344,25394000,0.0,0.0
2016-03-23 00:00:00-04:00,36.94302487516227,37.11023219010502,36.633987486264,36.72903823852539,28642000,0.0,0.0
2016-03-24 00:00:00-04:00,36.427956732702235,36.71345444485017,36.377695831678054,36.59168243408203,31898000,0.0,0.0
2016-03-28 00:00:00-04:00,36.66583084600994,36.775312889070584,36.452341621384484,36.503597259521484,26026000,0.0,0.0
2016-03-29 00:00:00-04:00,36.556350769816085,37.186366124123616,36.26622485878112,37.062950134277344,38076000,0.0,0.0
2016-03-30 00:00:00-04:00,37.32819583551199,37.7153619597126,37.26051560986624,37.34959411621094,35648000,0.0,0.0
2016-03-31 00:00:00-04:00,37.285897466580685,37.36551835984571,36.872355560361655,37.0719108581543,34376000,0.0,0.0
2016-04-01 00:00:00-04:00,36.75590455554957,37.34013531004554,36.676279869868125,37.3187370300293,31534000,0.0,0.0
2016-04-04 00:00:00-04:00,37.32620340851343,37.462558601998055,36.946501615619,37.088829040527344,22684000,0.0,0.0
2016-04-05 00:00:00-04:00,36.726049955518086,36.96491643707733,36.59516962121554,36.716094970703125,22646000,0.0,0.0
2016-04-06 00:00:00-04:00,36.61507773984413,37.136108460180836,36.60462538490442,37.10873794555664,21074000,0.0,0.0
2016-04-07 00:00:00-04:00,37.09281346678377,37.17392647243617,36.640453933997044,36.83951187133789,29064000,0.0,0.0
2016-04-08 00:00:00-04:00,37.02314444672096,37.096793113305196,36.6041276516784,36.78327941894531,25816000,0.0,0.0
2016-04-11 00:00:00-04:00,36.97586600568013,37.07439833399149,36.6290095816072,36.63149642944336,24402000,0.0,0.0
2016-04-12 00:00:00-04:00,36.7260494400609,37.01617535690239,36.37819448355998,36.979347229003906,27060000,0.0,0.0
2016-04-13 00:00:00-04:00,37.281418524617926,37.54118971768128,37.0376239053694,37.4088134765625,34142000,0.0,0.0
2016-04-14 00:00:00-04:00,37.52277736903548,37.68700045729247,37.45783456780009,37.48246765136719,22706000,0.0,0.0
2016-04-15 00:00:00-04:00,37.52128288681186,37.87062615774352,37.45728547153098,37.77109909057617,36186000,0.0,0.0
2016-04-18 00:00:00-04:00,37.84375005045838,38.2214623406322,37.68649775225546,38.149803161621094,31176000,0.0,0.0
2016-04-19 00:00:00-04:00,38.2941181927393,38.313526995409944,37.28987591324115,37.51879119873047,40610000,0.0,0.0
2016-04-20 00:00:00-04:00,37.7213350667764,37.72790338233152,37.32371657941167,37.45608901977539,30584000,0.0,0.0
2016-04-21 00:00:00-04:00,37.59095506215052,37.84325813031533,37.30082912421222,37.77806854248047,61210000,0.0,0.0
2016-04-22 00:00:00-04:00,36.14380543012357,36.63249192190634,35.51229793532328,35.769081115722656,119038000,0.0,0.0
2016-04-25 00:00:00-04:00,35.636213709231214,36.02586673071697,35.610832672208225,35.98705291748047,39184000,0.0,0.0
2016-04-26 00:00:00-04:00,36.100014856303005,36.11723295614534,34.985591852990964,35.240089416503906,54892000,0.0,0.0
2016-04-27 00:00:00-04:00,35.1977859814731,35.281890797990364,34.455057531384035,35.12562942504883,61972000,0.0,0.0
2016-04-28 00:00:00-04:00,35.246054626852015,35.540163284879995,34.31496745408153,34.388118743896484,57346000,0.0,0.0
2016-04-29 00:00:00-04:00,34.37219899369563,34.71656858921911,34.28760060195726,34.48715591430664,49754000,0.0,0.0
2016-05-02 00:00:00-04:00,34.717063282172674,34.86685504646335,34.38712502377348,34.74592590332031,32906000,0.0,0.0
2016-05-03 00:00:00-04:00,34.679238620120614,34.727510041624484,34.43688677353931,34.454803466796875,30876000,0.0,0.0
2016-05-04 00:00:00-04:00,34.361751227301895,34.822566066125994,34.288098761672686,34.62102127075195,33870000,0.0,0.0
2016-05-05 00:00:00-04:00,34.72055231032575,34.950466183096495,34.62201996297542,34.90617370605469,33670000,0.0,0.0
2016-05-06 00:00:00-04:00,34.75438386539509,35.42520628759383,34.74079922251863,35.38838195800781,36586000,0.0,0.0
2016-05-09 00:00:00-04:00,35.43217701749145,35.76609805375705,35.332649944783476,35.476966857910156,30206000,0.0,0.0
2016-05-10 00:00:00-04:00,35.668561160320124,36.004467884846036,35.61730171746383,35.98854446411133,31392000,0.0,0.0
2016-05-11 00:00:00-04:00,35.99998959121466,36.05323471286007,35.4719881239454,35.59590148925781,33842000,0.0,0.0
2016-05-12 00:00:00-04:00,35.68398778913544,35.79297248145528,35.28288767293838,35.497371673583984,27214000,0.0,0.0
2016-05-13 00:00:00-04:00,35.42869580252801,35.66417942560789,35.295825982085546,35.37395477294922,26290000,0.0,0.0
2016-05-16 00:00:00-04:00,35.28935533525015,35.75465027617252,35.116175802151616,35.65562057495117,26342000,0.0,0.0
2016-05-17 00:00:00-04:00,35.63073322381648,35.905930443892835,35.03953549842225,35.14503479003906,40024000,0.0,0.0
2016-05-18 00:00:00-04:00,35.017634975548376,35.4122692121631,34.866354911301215,35.164939880371094,35336000,0.0,0.0
2016-05-19 00:00:00-04:00,34.95244960470639,35.13359084535966,34.675760251240696,34.850929260253906,33404000,0.0,0.0
2016-05-20 00:00:00-04:00,34.91562546947882,35.56056953953098,34.86088444196931,35.31970977783203,36568000,0.0,0.0
2016-05-23 00:00:00-04:00,35.15996744699718,35.40619956390581,35.04302104947321,35.0460090637207,26614000,0.0,0.0
2016-05-24 00:00:00-04:00,35.17638579766261,35.87856150370512,35.17638579766261,35.83477020263672,38590000,0.0,0.0
2016-05-25 00:00:00-04:00,35.86810561718537,36.204016072288454,35.815604659014994,36.09254455566406,32584000,0.0,0.0
2016-05-26 00:00:00-04:00,35.973118725296175,36.24483060292442,35.84422785934601,36.03532409667969,31526000,0.0,0.0
2016-05-27 00:00:00-04:00,36.02984421334678,36.52380430245401,36.02934684380847,36.460304260253906,39500000,0.0,0.0
2016-05-31 00:00:00-04:00,36.41452756863298,36.812142287059146,36.390638641257375,36.612586975097656,42590000,0.0,0.0
2016-06-01 00:00:00-04:00,36.55336959510762,36.68673678381688,36.36078125430774,36.53445816040039,25072000,0.0,0.0
2016-06-02 00:00:00-04:00,36.45234391312936,36.47822231694461,36.03780726938519,36.34783935546875,26836000,0.0,0.0
2016-06-03 00:00:00-04:00,36.29160998588024,36.302555913981394,35.85816186387563,35.94674301147461,24526000,0.0,0.0
2016-06-06 00:00:00-04:00,36.07463243020006,36.07463243020006,35.56206081795545,35.65860366821289,31306000,0.0,0.0
2016-06-07 00:00:00-04:00,35.822330067933116,35.92882410832463,35.65860435565092,35.66358184814453,26724000,0.0,0.0
2016-06-08 00:00:00-04:00,36.027362533068654,36.2567752146968,35.85915668714366,36.24234390258789,31674000,0.0,0.0
2016-06-09 00:00:00-04:00,35.97311332966357,36.30504105045877,35.946536331716,36.257266998291016,19778000,0.0,0.0
2016-06-10 00:00:00-04:00,35.80391805552923,36.12340399172963,35.65263416745297,35.800933837890625,24328000,0.0,0.0
2016-06-13 00:00:00-04:00,35.65661357421046,36.101007580776084,35.65661357421046,35.74867630004883,25178000,0.0,0.0
2016-06-14 00:00:00-04:00,35.65511934228371,35.953206949533616,35.487908262310036,35.744197845458984,26122000,0.0,0.0
2016-06-15 00:00:00-04:00,35.780529231719285,35.97858863720821,35.6964282101538,35.776546478271484,24290000,0.0,0.0
2016-06-16 00:00:00-04:00,35.576991525364434,35.66358319247423,34.99723702122103,35.35056686401367,39650000,0.0,0.0
2016-06-17 00:00:00-04:00,35.26546441664366,35.2739272925228,34.26032610467964,34.42295455932617,68048000,0.0,0.0
2016-06-20 00:00:00-04:00,34.77379359105296,34.958420206854704,34.50705923499192,34.52198791503906,41650000,0.0,0.0
2016-06-21 00:00:00-04:00,34.755378724781345,34.972850709693056,34.43738493829275,34.63296127319336,29312000,0.0,0.0
2016-06-22 00:00:00-04:00,34.78823144212708,34.87780733596537,34.49073984878586,34.70861053466797,23686000,0.0,0.0
2016-06-23 00:00:00-04:00,34.70810739319885,34.93204519219717,34.18806764774093,34.928062438964844,43428000,0.0,0.0
2016-06-24 00:00:00-04:00,33.599357957666015,34.307505935722396,33.51376482883362,33.60184860229492,88980000,0.0,0.0
2016-06-27 00:00:00-04:00,33.391840733829255,33.45653674635106,33.007860028055006,33.25548553466797,52580000,0.0,0.0
2016-06-28 00:00:00-04:00,33.788460206985576,33.85613663167659,33.491367346841294,33.841705322265625,43476000,0.0,0.0
2016-06-29 00:00:00-04:00,33.98901590369213,34.20941897723493,33.90988857676054,34.044254302978516,38652000,0.0,0.0
2016-06-30 00:00:00-04:00,34.111929552921744,34.452817552611556,34.02135893163088,34.44186782836914,31954000,0.0,0.0
2016-07-01 00:00:00-04:00,34.44685029516142,34.86735925262274,34.44336491086666,34.79569625854492,26894000,0.0,0.0
2016-07-05 00:00:00-04:00,34.63893667068155,34.68272797470661,34.28162787739227,34.58369827270508,29252000,0.0,0.0
2016-07-06 00:00:00-04:00,34.33636604826628,34.918607341710114,34.29207358162494,34.724029541015625,28238000,0.0,0.0
2016-07-07 00:00:00-04:00,34.73945975884921,34.74543199083848,34.24853697393012,34.604103088378906,26084000,0.0,0.0
2016-07-08 00:00:00-04:00,34.810122562901185,35.11915992589982,34.65759715644701,35.11518096923828,31504000,0.0,0.0
2016-07-11 00:00:00-04:00,35.235607143429704,35.65661338834997,35.195297429014865,35.5859489440918,22236000,0.0,0.0
2016-07-12 00:00:00-04:00,35.78649871952493,35.97659640025654,35.62675576841543,35.86214065551758,26738000,0.0,0.0
2016-07-13 00:00:00-04:00,36.01043977563205,36.029351210521924,35.67353451837689,35.68000411987305,18718000,0.0,0.0
2016-07-14 00:00:00-04:00,35.908916760501114,35.94027002645667,35.73225564825697,35.877567291259766,19004000,0.0,0.0
2016-07-15 00:00:00-04:00,36.11543915072831,36.11593652029163,35.78326462328578,35.82282638549805,25586000,0.0,0.0
2016-07-18 00:00:00-04:00,35.96515652807017,36.632991017054515,35.88951458487561,36.51604461669922,25910000,0.0,0.0
2016-07-19 00:00:00-04:00,36.32245581846394,36.675781811937014,36.278167150666874,36.67428970336914,24550000,0.0,0.0
2016-07-20 00:00:00-04:00,36.692705191392534,36.93157165980559,36.68125809849961,36.884796142578125,25794000,0.0,0.0
2016-07-21 00:00:00-04:00,36.84349480802042,36.90967913312657,36.61811045216471,36.75740051269531,20526000,0.0,0.0
2016-07-22 00:00:00-04:00,36.91813422562312,36.98680918794697,36.654384099422735,36.96192932128906,25196000,0.0,0.0
2016-07-25 00:00:00-04:00,36.8589187126887,36.955461560372356,36.70116523930282,36.81412887573242,20648000,0.0,0.0
2016-07-26 00:00:00-04:00,36.777800340138256,36.90967540415763,36.54042598424618,36.7469482421875,23734000,0.0,0.0
2016-07-27 00:00:00-04:00,36.73998505376855,37.04752651272075,36.67628377974692,36.91366195678711,30250000,0.0,0.0
2016-07-28 00:00:00-04:00,37.17591926240653,37.25603752785043,36.79074259529991,37.119686126708984,70604000,0.0,0.0
2016-07-29 00:00:00-04:00,38.45336831000607,38.74399159596027,38.15776753172195,38.2582893371582,76830000,0.0,0.0
2016-08-01 00:00:00-04:00,37.87510490690621,38.83754535561456,37.87510490690621,38.46182632446289,54010000,0.0,0.0
2016-08-02 00:00:00-04:00,38.25331519421651,38.60912805900359,38.211513371248124,38.37175369262695,35690000,0.0,0.0
2016-08-03 00:00:00-04:00,38.178172046301924,38.47824915828326,38.1602553514864,38.47675704956055,25748000,0.0,0.0
2016-08-04 00:00:00-04:00,38.42897914801436,38.52104186732226,38.258537066392364,38.398624420166016,22806000,0.0,0.0
2016-08-05 00:00:00-04:00,38.506616569022434,38.967435200453494,38.43495737917272,38.92662811279297,36024000,0.0,0.0
2016-08-08 00:00:00-04:00,38.91567296530606,38.947026229442876,38.72114452726851,38.90373229980469,22158000,0.0,0.0
2016-08-09 00:00:00-04:00,38.870888732333476,39.261039080157545,38.84451295901376,39.02814483642578,26378000,0.0,0.0
2016-08-10 00:00:00-04:00,39.00276361726514,39.155140942929975,38.95439347900406,39.04904556274414,15728000,0.0,0.0
2016-08-11 00:00:00-04:00,39.06497471708979,39.30135437800949,38.963951732175936,39.05751037597656,19502000,0.0,0.0
2016-08-12 00:00:00-04:00,38.890797708266895,38.98510050155053,38.83605667945768,38.97639083862305,14810000,0.0,0.0
2016-08-15 00:00:00-04:00,39.00276205858498,39.18888077545602,38.82162083376465,38.93757247924805,18764000,0.0,0.0
2016-08-16 00:00:00-04:00,38.8310766005603,38.86491671411839,38.489892473479586,38.67382049560547,20560000,0.0,0.0
2016-08-17 00:00:00-04:00,38.6827813374673,38.856458233963046,38.494171963839726,38.811668395996094,18484000,0.0,0.0
2016-08-18 00:00:00-04:00,38.81664623176549,38.95847629041559,38.666854463269864,38.69173812866211,14388000,0.0,0.0
2016-08-19 00:00:00-04:00,38.56732921995536,38.671833785461764,38.4742717485453,38.58823013305664,17230000,0.0,0.0
2016-08-22 00:00:00-04:00,38.481234706877274,38.54443480918505,38.320990593096084,38.42549514770508,19028000,0.0,0.0
2016-08-23 00:00:00-04:00,38.59120908922101,38.6389831407555,38.40733043628714,38.42201232910156,18564000,0.0,0.0
2016-08-24 00:00:00-04:00,38.34736601399179,38.5424411808061,38.17269438836977,38.30058670043945,21440000,0.0,0.0
2016-08-25 00:00:00-04:00,38.169212014418655,38.41256241930021,37.97936111113919,38.289146423339844,18538000,0.0,0.0
2016-08-26 00:00:00-04:00,38.26874300579767,38.621074299916074,38.11198426409182,38.295616149902344,23334000,0.0,0.0
2016-08-29 00:00:00-04:00,38.255801012618825,38.566827828733956,38.15005113579687,38.42549514770508,16952000,0.0,0.0
2016-08-30 00:00:00-04:00,38.28516834168791,38.5407593847524,38.16125496103021,38.273223876953125,22600000,0.0,0.0
2016-08-31 00:00:00-04:00,38.16971006356513,38.27321988814435,38.08859705720814,38.17170333862305,24972000,0.0,0.0
2016-09-01 00:00:00-04:00,38.2811811666267,38.36926113417161,38.03484656710599,38.257789611816406,18502000,0.0,0.0
2016-09-02 00:00:00-04:00,38.46829691806945,38.513580328372655,38.239381628607646,38.39116287231445,21454000,0.0,0.0
2016-09-06 00:00:00-04:00,38.49019114574617,38.915673703925584,38.368267267042405,38.82012939453125,28856000,0.0,0.0
2016-09-07 00:00:00-04:00,38.816145434721484,38.952003249812606,38.627042503266786,38.83356475830078,17874000,0.0,0.0
2016-09-08 00:00:00-04:00,38.74598292868843,38.83356933300174,38.49666408469683,38.583251953125,25406000,0.0,0.0
2016-09-09 00:00:00-04:00,38.323486070033965,38.47999423691163,37.80394744873047,37.80394744873047,37710000,0.0,0.0
2016-09-12 00:00:00-04:00,37.57851498231876,38.3329411707396,37.522281841347464,38.26974105834961,26220000,0.0,0.0
2016-09-13 00:00:00-04:00,38.043804282199176,38.13039594074864,37.61185211868915,37.80543518066406,27900000,0.0,0.0
2016-09-14 00:00:00-04:00,37.80145626714723,38.203053742194086,37.776576397102495,37.94477844238281,21748000,0.0,0.0
2016-09-15 00:00:00-04:00,37.96468378391601,38.50761014718597,37.81887476388776,38.40609359741211,26102000,0.0,0.0
2016-09-16 00:00:00-04:00,38.306065541016004,38.306065541016004,38.05276773825502,38.26277160644531,40986000,0.0,0.0
2016-09-19 00:00:00-04:00,38.438933480456065,38.5175634323232,38.04186551202685,38.10451889038086,23456000,0.0,0.0
2016-09-20 00:00:00-04:00,38.26874126784716,38.48421998376308,38.245349711855376,38.388671875,19572000,0.0,0.0
2016-09-21 00:00:00-04:00,38.45087803353622,38.67481962995561,38.23395656175918,38.6280403137207,23356000,0.0,0.0
2016-09-22 00:00:00-04:00,38.81614875734618,39.30632734987801,38.7385173406692,39.174949645996094,29724000,0.0,0.0
2016-09-23 00:00:00-04:00,39.14409316369173,39.26054218532275,39.02267044644151,39.159523010253906,28238000,0.0,0.0
2016-09-26 00:00:00-04:00,38.95250680675916,38.95250680675916,38.47128462794236,38.52801513671875,30664000,0.0,0.0
2016-09-27 00:00:00-04:00,38.59221279583884,39.11423825254993,38.53289292925809,38.9659423828125,23064000,0.0,0.0
2016-09-28 00:00:00-04:00,38.70915693182619,38.906221587167025,38.565834766396534,38.89377975463867,22196000,0.0,0.0
2016-09-29 00:00:00-04:00,38.887808604786834,39.10478323557938,38.529110221313104,38.56782531738281,26294000,0.0,0.0
2016-09-30 00:00:00-04:00,38.63351559897755,38.86292826314029,38.52204027075562,38.6812858581543,31706000,0.0,0.0
2016-10-03 00:00:00-04:00,38.530004776110204,38.620324809970114,38.293621350656494,38.445899963378906,25576000,0.0,0.0
2016-10-04 00:00:00-04:00,38.61858640951966,38.751957400397536,38.46232882296278,38.638492584228516,24028000,0.0,0.0
2016-10-05 00:00:00-04:00,38.78181275357829,38.91916269424868,38.59967676967073,38.64048385620117,29224000,0.0,0.0
2016-10-06 00:00:00-04:00,38.76638323630639,38.84003189593911,38.594198456277326,38.65988540649414,21414000,0.0,0.0
2016-10-07 00:00:00-04:00,38.79923251628637,38.79923251628637,38.35582942164385,38.571311950683594,18664000,0.0,0.0
2016-10-10 00:00:00-04:00,38.702184824056815,39.28293395214929,38.61061568243684,39.11174392700195,23498000,0.0,0.0
2016-10-11 00:00:00-04:00,39.14757986940661,39.427253441219406,38.84501211011546,38.96892547607422,27450000,0.0,0.0
2016-10-12 00:00:00-04:00,39.00326178655179,39.22073378076412,38.91866340014422,39.121700286865234,18748000,0.0,0.0
2016-10-13 00:00:00-04:00,38.87686072095979,38.87686072095979,38.46779894242308,38.72607421875,27306000,0.0,0.0
2016-10-14 00:00:00-04:00,38.89825902611897,39.012714770760795,38.61708956333139,38.74299240112305,17050000,0.0,0.0
2016-10-17 00:00:00-04:00,38.8061976834631,39.10726953252508,38.691738138031035,38.81415939331055,21860000,0.0,0.0
2016-10-18 00:00:00-04:00,39.20680180298631,39.89155823170139,39.093090206191015,39.57555389404297,41138000,0.0,0.0
2016-10-19 00:00:00-04:00,39.72384809531814,40.04034978928214,39.7133995376805,39.88608169555664,35336000,0.0,0.0
2016-10-20 00:00:00-04:00,39.97565793403682,40.0090006789488,39.61386902915604,39.660648345947266,35150000,0.0,0.0
2016-10-21 00:00:00-04:00,39.56261449532532,39.78655230397159,39.512850959705524,39.78008270263672,25324000,0.0,0.0
2016-10-24 00:00:00-04:00,40.05527986380826,40.566856754145945,40.05130090712753,40.463844299316406,33950000,0.0,0.0
2016-10-25 00:00:00-04:00,40.64150345554986,40.64150345554986,40.06722383412955,40.1931266784668,31528000,0.0,0.0
2016-10-26 00:00:00-04:00,40.12694087396499,40.158787712701695,39.62830321079779,39.76515197753906,32954000,0.0,0.0
2016-10-27 00:00:00-04:00,39.86119802294694,39.98511138615793,39.38843875707365,39.58003234863281,54984000,0.0,0.0
2016-10-28 00:00:00-04:00,40.22696291558958,40.582282189866795,39.49244303611808,39.581024169921875,85398000,0.0,0.0
2016-10-31 00:00:00-04:00,39.58599714200081,39.655169472689,39.01520296979966,39.042076110839844,48546000,0.0,0.0
2016-11-01 00:00:00-04:00,38.959966612594286,39.2884089597682,38.59419876904359,38.99579620361328,48128000,0.0,0.0
2016-11-02 00:00:00-04:00,38.726570116321476,38.89825752336556,37.99254760214101,38.25381088256836,37448000,0.0,0.0
2016-11-03 00:00:00-04:00,38.18165067532939,38.316016384250545,37.77258891085144,37.926856994628906,38864000,0.0,0.0
2016-11-04 00:00:00-04:00,37.35606734170397,38.33642457945343,37.35113920631677,37.921390533447266,42696000,0.0,0.0
2016-11-07 00:00:00-05:00,38.5424406354065,39.07442101077771,38.44540042291033,38.941551208496094,31702000,0.0,0.0
2016-11-08 00:00:00-05:00,38.985341393191725,39.59411029131444,38.82559845395837,39.339168548583984,27338000,0.0,0.0
2016-11-09 00:00:00-05:00,38.81316681005227,39.37485654871035,38.40161434926507,39.08039855957031,52142000,0.0,0.0
2016-11-10 00:00:00-05:00,39.37201785032247,39.37201785032247,37.431710644601765,37.94826126098633,94904000,0.0,0.0
2016-11-11 00:00:00-05:00,37.64867894315169,37.85968134341139,37.3421322261572,37.52327346801758,48636000,0.0,0.0
2016-11-14 00:00:00-05:00,37.60189770490468,37.713870398932535,36.20551179716306,36.63050079345703,73088000,0.0,0.0
2016-11-15 00:00:00-05:00,37.17243125762328,38.04061826505108,37.17243125762328,37.7457160949707,47680000,0.0,0.0
2016-11-16 00:00:00-05:00,37.581990850148,38.13736279735072,37.34859924149835,38.04380416870117,29452000,0.0,0.0
2016-11-17 00:00:00-05:00,38.16523478496871,38.45287007879415,38.03136642840393,38.37971878051758,26080000,0.0,0.0
2016-11-18 00:00:00-05:00,38.38668761959289,38.567331507591376,37.820867026799284,37.847740173339844,30942000,0.0,0.0
2016-11-21 00:00:00-05:00,37.95074915527845,38.30357781859528,37.85072091936169,38.27869415283203,26612000,0.0,0.0
2016-11-22 00:00:00-05:00,38.44938890618882,38.66486764326022,38.16921415333534,38.232418060302734,31862000,0.0,0.0
2016-11-23 00:00:00-05:00,38.20554175657883,38.23306034129869,37.5844828366969,37.8701286315918,29568000,0.0,0.0
2016-11-25 00:00:00-05:00,38.03286202960504,38.06968636324845,37.84674328957683,37.90446853637695,11748000,0.0,0.0
2016-11-28 00:00:00-05:00,37.82085858498085,38.79275657997775,37.810907398012574,38.23091506958008,43764000,0.0,0.0
2016-11-29 00:00:00-05:00,38.39464708643464,38.74150352964294,38.23092136864102,38.36030960083008,32332000,0.0,0.0
2016-11-30 00:00:00-05:00,38.32198970461194,38.46730134416283,37.563580872096885,37.723323822021484,47858000,0.0,0.0
2016-12-01 00:00:00-05:00,37.69346525861198,37.813395860434944,36.677525339712524,37.21970748901367,60358000,0.0,0.0
2016-12-02 00:00:00-05:00,37.05399768833837,37.52228066428096,36.97984785316735,37.348106384277344,29050000,0.0,0.0
2016-12-05 00:00:00-05:00,37.706902336982665,38.014941138067584,37.46753470293487,37.946266174316406,27884000,0.0,0.0
2016-12-06 00:00:00-05:00,38.056246740013336,38.26028215926872,37.68848941251213,37.776573181152344,33814000,0.0,0.0
2016-12-07 00:00:00-05:00,37.8706269534455,38.38618658805618,37.61185429534474,38.37772750854492,35220000,0.0,0.0
2016-12-08 00:00:00-05:00,38.441922934866355,38.72557926292269,38.18065962822422,38.63799285888672,29762000,0.0,0.0
2016-12-09 00:00:00-05:00,38.816154492893546,39.28543224271084,38.767435048183096,39.278465270996094,36438000,0.0,0.0
2016-12-12 00:00:00-05:00,39.06696078847706,39.37599815178557,39.03287388681379,39.2774658203125,42082000,0.0,0.0
2016-12-13 00:00:00-05:00,39.507869486620805,40.02940131069673,39.48000160574432,39.61735153198242,42904000,0.0,0.0
2016-12-14 00:00:00-05:00,39.68204731547624,40.01049348113774,39.51334790641768,39.665626525878906,34084000,0.0,0.0
2016-12-15 00:00:00-05:00,39.679060037032954,39.96072686336384,39.45910120439848,39.70444107055664,32530000,0.0,0.0
2016-12-16 00:00:00-05:00,39.83134011473733,39.854033075540585,39.32822232857672,39.35360336303711,48876000,0.0,0.0
2016-12-19 00:00:00-05:00,39.32474484636276,39.69498906413723,39.128173744595315,39.522804260253906,24642000,0.0,0.0
2016-12-20 00:00:00-05:00,39.65019984869148,39.74425205527534,39.47652294985521,39.633277893066406,19020000,0.0,0.0
2016-12-21 00:00:00-05:00,39.6044117340007,39.64601612555985,39.169471573036816,39.540714263916016,24226000,0.0,0.0
2016-12-22 00:00:00-05:00,39.43123256897121,39.479006621135774,39.24312437422487,39.37649154663086,19444000,0.0,0.0
2016-12-23 00:00:00-05:00,39.358573257154255,39.450142401506,39.178426778955334,39.30930709838867,12468000,0.0,0.0
2016-12-27 00:00:00-05:00,39.34763242757847,39.7049412131791,39.19719521567906,39.390926361083984,15782000,0.0,0.0
2016-12-28 00:00:00-05:00,39.497926856090366,39.524298837357875,38.97540017974112,39.06746292114258,23076000,0.0,0.0
2016-12-29 00:00:00-05:00,38.981859712950566,39.111247924507786,38.76239826183281,38.954986572265625,14886000,0.0,0.0
2016-12-30 00:00:00-05:00,38.953001573911365,38.95449368262904,38.3389096137999,38.40907669067383,35400000,0.0,0.0
2017-01-03 00:00:00-05:00,38.75692717078527,39.295377182468314,38.60713920109891,39.121700286865234,33146000,0.0,0.0
2017-01-04 00:00:00-05:00,39.23217693343643,39.38047659060142,38.97340428281189,39.159523010253906,21460000,0.0,0.0
2017-01-05 00:00:00-05:00,39.11871569384578,39.53673392623215,39.06596414688141,39.51384353637695,26704000,0.0,0.0
2017-01-06 00:00:00-05:00,39.5755496638474,40.20457025768244,39.423468487407646,40.11748123168945,32804000,0.0,0.0
2017-01-09 00:00:00-05:00,40.12992648377469,40.30738491179126,39.95226682989836,40.14236831665039,25492000,0.0,0.0
2017-01-10 00:00:00-05:00,40.20258447335526,40.265784580595486,39.98610721067858,40.0498046875,23536000,0.0,0.0
2017-01-11 00:00:00-05:00,40.06025621945187,40.21701495873743,39.879612350616675,40.20507049560547,21318000,0.0,0.0
2017-01-12 00:00:00-05:00,40.166751127842176,40.17919296081444,39.77013115847556,40.12793731689453,27062000,0.0,0.0
2017-01-13 00:00:00-05:00,40.18367277571446,40.3699889382922,40.1443577987721,40.20357894897461,21984000,0.0,0.0
2017-01-17 00:00:00-05:00,40.163766404320306,40.166750621773154,39.82984917688946,40.04084777832031,27242000,0.0,0.0
2017-01-18 00:00:00-05:00,40.10056711448418,40.12022270490153,39.860702089219174,40.11350631713867,25888000,0.0,0.0
2017-01-19 00:00:00-05:00,40.06623089663262,40.28320174096414,39.90101306784143,39.919673919677734,18386000,0.0,0.0
2017-01-20 00:00:00-05:00,40.15530860074794,40.15530860074794,39.89553739895185,40.06125259399414,33400000,0.0,0.0
2017-01-23 00:00:00-05:00,40.17222284609575,40.85001224139168,39.99755121871515,40.77238082885742,39272000,0.0,0.0
2017-01-24 00:00:00-05:00,40.92117694474868,41.10032489405213,40.69827946021532,40.999305725097656,29480000,0.0,0.0
2017-01-25 00:00:00-05:00,41.285453124891596,41.59150627062116,41.05852730344128,41.58652877807617,29890000,0.0,0.0
2017-01-26 00:00:00-05:00,41.69302090128406,41.70247851635583,41.15556563258478,41.411354064941406,59478000,0.0,0.0
2017-01-27 00:00:00-05:00,41.53875584691384,41.89904886396261,40.828618371058134,40.97144317626953,59316000,0.0,0.0
2017-01-30 00:00:00-05:00,40.54097944691129,40.59969942775828,39.80148204425304,39.92688751220703,64932000,0.0,0.0
2017-01-31 00:00:00-05:00,39.6551730237329,39.87363975827117,39.33966986644686,39.65169143676758,43212000,0.0,0.0
2017-02-01 00:00:00-05:00,39.79550845236602,39.87065301600177,39.37301011761535,39.597198486328125,40594000,0.0,0.0
2017-02-02 00:00:00-05:00,39.502892553132426,39.9457944362025,39.41331667808937,39.738277435302734,30642000,0.0,0.0
2017-02-03 00:00:00-05:00,39.960229164829784,40.11001712688404,39.829846208201346,39.885581970214844,29268000,0.0,0.0
2017-02-06 00:00:00-05:00,39.796506251782695,39.89454121170832,39.57505529683975,39.87812042236328,23690000,0.0,0.0
2017-02-07 00:00:00-05:00,40.00999500105323,40.333961034780685,39.90001557930441,40.15829086303711,24824000,0.0,0.0
2017-02-08 00:00:00-05:00,40.15978343634938,40.40064319459292,39.97018311782031,40.228458404541016,23106000,0.0,0.0
2017-02-09 00:00:00-05:00,40.284695024151524,40.34192670040397,40.03736944007052,40.28718566894531,19794000,0.0,0.0
2017-02-10 00:00:00-05:00,40.39367189879642,40.57033679280196,40.29812379704611,40.49170684814453,22700000,0.0,0.0
2017-02-13 00:00:00-05:00,40.6076629617255,40.85444559502128,40.58228572329185,40.76890182495117,24266000,0.0,0.0
2017-02-14 00:00:00-05:00,40.756956452780386,40.95601438278715,40.60766205609676,40.8291130065918,21094000,0.0,0.0
2017-02-15 00:00:00-05:00,40.77487000896292,40.95601504419008,40.730581336834376,40.75596237182617,26272000,0.0,0.0
2017-02-16 00:00:00-05:00,40.80323551147146,41.025685002762984,40.75596262162557,41.01374053955078,25752000,0.0,0.0
2017-02-17 00:00:00-05:00,40.95701228710837,41.20832061767578,40.889081470977594,41.20832061767578,32220000,0.0,0.0
2017-02-21 00:00:00-05:00,41.23767612802829,41.47604902632385,41.222250078624384,41.38697052001953,25246000,0.0,0.0
2017-02-22 00:00:00-05:00,41.237681405039865,41.46609934818483,41.236686665817366,41.342185974121094,19658000,0.0,0.0
2017-02-23 00:00:00-05:00,41.31033617390785,41.42678519874933,40.950043172005174,41.37055206298828,29456000,0.0,0.0
2017-02-24 00:00:00-05:00,41.19139948107879,41.25459958635472,41.01572930980569,41.2366828918457,27844000,0.0,0.0
2017-02-27 00:00:00-05:00,41.033150709238775,41.3292488745304,41.00578019488289,41.26853561401367,22030000,0.0,0.0
2017-02-28 00:00:00-05:00,41.08589441583173,41.23170342259891,40.816669421824315,40.966461181640625,45216000,0.0,0.0
2017-03-01 00:00:00-05:00,41.24713453057594,41.61563981181816,41.16800721042666,41.565128326416016,29930000,0.0,0.0
2017-03-02 00:00:00-05:00,41.49596040109927,41.52880198221514,41.28645009715289,41.33572006225586,18850000,0.0,0.0
2017-03-03 00:00:00-05:00,41.3322355365119,41.372047886423104,41.09292101814431,41.258583068847656,17928000,0.0,0.0
2017-03-06 00:00:00-05:00,41.15258134950868,41.24862682846837,40.9261529084209,41.193885803222656,22180000,0.0,0.0
2017-03-07 00:00:00-05:00,41.174978889709756,41.47406508315511,41.13118758339178,41.399417877197266,20752000,0.0,0.0
2017-03-08 00:00:00-05:00,41.47903796728287,41.709946551946366,41.39344483477845,41.57160186767578,19796000,0.0,0.0
2017-03-09 00:00:00-05:00,41.60294949530687,41.90153450334187,41.513870982807134,41.7363166809082,25230000,0.0,0.0
2017-03-10 00:00:00-05:00,41.965233393168944,42.0463463943172,41.77712139378254,41.96373748779297,34080000,0.0,0.0
2017-03-13 00:00:00-04:00,42.00106488996419,42.23420972648661,41.96373939144038,42.077701568603516,24472000,0.0,0.0
2017-03-14 00:00:00-04:00,41.98314796823541,42.16229972938167,41.84181907498511,42.08168029785156,15598000,0.0,0.0
2017-03-15 00:00:00-04:00,42.17971764076185,42.23147065170428,41.84032556379359,42.160308837890625,27630000,0.0,0.0
2017-03-16 00:00:00-04:00,42.25137539516864,42.341946008790366,42.10705849747945,42.23893356323242,19552000,0.0,0.0
2017-03-17 00:00:00-04:00,42.37977412734315,42.46884884667115,42.15583251487464,42.4051513671875,34246000,0.0,0.0
2017-03-20 00:00:00-04:00,42.300149991138426,42.310602346347515,42.058295476363966,42.220027923583984,24630000,0.0,0.0
2017-03-21 00:00:00-04:00,42.36932046736033,42.47382503127458,41.25559606140064,41.32725524902344,49270000,0.0,0.0
2017-03-22 00:00:00-04:00,41.399412715254954,41.58055394673801,41.16402782889454,41.283958435058594,28030000,0.0,0.0
2017-03-23 00:00:00-04:00,40.856482247436176,40.93461482700235,40.42139399786305,40.6862907409668,69742000,0.0,0.0
2017-03-24 00:00:00-04:00,40.81070285554251,40.9027655822882,40.253838778843836,40.52953338623047,39620000,0.0,0.0
2017-03-27 00:00:00-04:00,40.15729550317192,40.88783646803788,39.9791384863469,40.78233337402344,37886000,0.0,0.0
2017-03-28 00:00:00-04:00,40.82712369553875,41.10480778153042,40.50947919218453,40.85250473022461,32410000,0.0,0.0
2017-03-29 00:00:00-04:00,41.05554224714995,41.44196043815006,40.925159281478585,41.37453079223633,35726000,0.0,0.0
2017-03-30 00:00:00-04:00,41.478540135266215,41.487496584757295,41.254602320987715,41.37901306152344,21106000,0.0,0.0
2017-03-31 00:00:00-04:00,41.253106897605505,41.38597670735784,41.17447694675481,41.282466888427734,28038000,0.0,0.0
2017-04-03 00:00:00-04:00,41.26554677347157,41.844306520083485,41.26554677347157,41.72985076904297,33430000,0.0,0.0
2017-04-04 00:00:00-04:00,41.3720411112267,41.56213878634257,41.25638940494727,41.53178405761719,20908000,0.0,0.0
2017-04-05 00:00:00-04:00,41.578566218554116,41.92393053786137,41.340193308134765,41.37453079223633,31106000,0.0,0.0
2017-04-06 00:00:00-04:00,41.423796522603936,41.62235708482352,41.12819953740052,41.1988639831543,25088000,0.0,0.0
2017-04-07 00:00:00-04:00,41.20284162744079,41.22897061412621,40.832248157319114,41.039119720458984,21146000,0.0,0.0
2017-04-10 00:00:00-04:00,41.074952004563634,41.27201666800888,40.99433257131001,41.04210662841797,19578000,0.0,0.0
2017-04-11 00:00:00-04:00,41.041110862480835,41.176319451781055,40.65842484232115,40.97343063354492,21594000,0.0,0.0
2017-04-12 00:00:00-04:00,40.902765941605495,41.13815083603768,40.857478733824685,41.02170181274414,18010000,0.0,0.0
2017-04-13 00:00:00-04:00,40.91321466111521,41.12421705735724,40.87837980757458,40.983882904052734,22448000,0.0,0.0
2017-04-17 00:00:00-04:00,41.05603926780848,41.690037396010005,41.02916612424309,41.66117477416992,17900000,0.0,0.0
2017-04-18 00:00:00-04:00,41.514368636625434,41.74875879973272,41.439227862055795,41.64375686645508,16734000,0.0,0.0
2017-04-19 00:00:00-04:00,41.79155492953778,41.912484078439554,41.61738065853,41.712928771972656,19084000,0.0,0.0
2017-04-20 00:00:00-04:00,41.8736647722712,42.06077823820847,41.76816547478527,41.884117126464844,19180000,0.0,0.0
2017-04-21 00:00:00-04:00,41.9453283445175,41.99509187824387,41.83186353903855,41.96075439453125,26472000,0.0,0.0
2017-04-24 00:00:00-04:00,42.35936467016903,42.96897645836625,42.29267918566827,42.93463897705078,27450000,0.0,0.0
2017-04-25 00:00:00-04:00,43.04611609343878,43.54375905405657,42.937131404225724,43.40939712524414,33440000,0.0,0.0
2017-04-26 00:00:00-04:00,43.5054341337507,43.59600854469381,43.18286530604584,43.38102340698242,24744000,0.0,0.0
2017-04-27 00:00:00-04:00,43.474091200213905,43.563667088819734,43.313850858646106,43.506439208984375,40536000,0.0,0.0
2017-04-28 00:00:00-04:00,45.31835017257808,45.626388977259246,45.07500357936404,45.08445739746094,65526000,0.0,0.0
2017-05-01 00:00:00-04:00,44.88440636330695,45.56816801964762,44.860020067789215,45.41340255737305,42320000,0.0,0.0
2017-05-02 00:00:00-04:00,45.26659167711488,45.821466234560894,45.25828067027071,45.60598373413086,31744000,0.0,0.0
2017-05-03 00:00:00-04:00,45.52736127121688,46.18623926734003,45.41205885582746,46.13349151611328,29990000,0.0,0.0
2017-05-04 00:00:00-04:00,46.085218060688454,46.575894000007985,46.011565603985964,46.363399505615234,28442000,0.0,0.0
2017-05-05 00:00:00-04:00,46.45695852747741,46.524638759014586,46.04192448561417,46.137969970703125,38226000,0.0,0.0
2017-05-08 00:00:00-04:00,46.087709161596585,46.62541125130143,46.04491259638364,46.494781494140625,26596000,0.0,0.0
2017-05-09 00:00:00-04:00,46.62665424267548,46.65402475573408,46.25740479788227,46.3887825012207,31636000,0.0,0.0
2017-05-10 00:00:00-04:00,46.3793230944614,46.38031783355757,46.03993102367342,46.22007751464844,23478000,0.0,0.0
2017-05-11 00:00:00-04:00,46.04789446541459,46.40669535221796,45.93393608718954,46.31064987182617,16700000,0.0,0.0
2017-05-12 00:00:00-04:00,46.35693219987502,46.4519829419151,46.17380148321589,46.39126968383789,21012000,0.0,0.0
2017-05-15 00:00:00-04:00,46.42759776601171,46.6913479200887,46.247948632015316,46.63312530517578,22162000,0.0,0.0
2017-05-16 00:00:00-04:00,46.7784399628158,46.93320544076363,46.65801197186747,46.927734375,19390000,0.0,0.0
2017-05-17 00:00:00-04:00,46.56295887542101,46.74524293173143,45.69059159845552,45.76424026489258,47242000,0.0,0.0
2017-05-18 00:00:00-04:00,45.832912203032954,46.43854506463887,45.72094330530158,46.2927360534668,31938000,0.0,0.0
2017-05-19 00:00:00-04:00,46.3539464719431,46.66671219084159,46.330554916016354,46.4803466796875,27860000,0.0,0.0
2017-05-22 00:00:00-04:00,46.529613013113575,46.87214117555098,46.529613013113575,46.870994567871094,22408000,0.0,0.0
2017-05-23 00:00:00-04:00,47.172567798200944,47.349080837599075,46.90657759549172,47.21735763549805,25416000,0.0,0.0
2017-05-24 00:00:00-04:00,47.42437494535787,47.529380672957124,47.251195415655275,47.522911071777344,20496000,0.0,0.0
2017-05-25 00:00:00-04:00,47.64084799900199,48.40219166170231,47.54828411236013,48.248470306396484,33210000,0.0,0.0
2017-05-26 00:00:00-04:00,48.25643298822034,48.51918838067529,48.02403232458482,48.34451675415039,25040000,0.0,0.0
2017-05-30 00:00:00-04:00,48.28679336754865,48.5799073198372,48.24598628017789,48.56398010253906,29334000,0.0,0.0
2017-05-31 00:00:00-04:00,48.5211838997332,48.732683678862344,47.78268116146106,48.01557922363281,48962000,0.0,0.0
2017-06-01 00:00:00-04:00,48.21911402012653,48.34601540767,47.774222601099225,48.11958694458008,28210000,0.0,0.0
2017-06-02 00:00:00-04:00,48.24448924098904,48.56397513949578,48.07230445961361,48.55004119873047,35020000,0.0,0.0
2017-06-05 00:00:00-04:00,48.59731886625974,49.11287848172421,48.52516231323412,48.9521369934082,25042000,0.0,0.0
2017-06-06 00:00:00-04:00,48.926264990969784,49.17956279109531,48.52715437492849,48.59831619262695,36292000,0.0,0.0
2017-06-07 00:00:00-04:00,48.7690089510481,48.96707215061292,48.56696679480293,48.81578826904297,29078000,0.0,0.0
2017-06-08 00:00:00-04:00,48.88595008558707,48.99642686900534,48.62966429844362,48.93870162963867,29638000,0.0,0.0
2017-06-09 00:00:00-04:00,48.99294578561581,48.99294578561581,46.560968025081884,47.26762008666992,66188000,0.0,0.0
2017-06-12 00:00:00-04:00,46.75653982379832,47.24398098318421,45.54592331376503,46.922752380371094,75270000,0.0,0.0
2017-06-13 00:00:00-04:00,47.37113213040559,47.772729605822605,46.98197269166517,47.44527816772461,40266000,0.0,0.0
2017-06-14 00:00:00-04:00,47.76973727336105,47.83094789887184,46.89040308958719,47.31389617919922,29794000,0.0,0.0
2017-06-15 00:00:00-04:00,46.478360429930554,46.94460075761915,46.00410523809794,46.893394470214844,42662000,0.0,0.0
2017-06-16 00:00:00-04:00,46.77843629636389,46.87995664056066,46.36016746661032,46.767486572265625,61894000,0.0,0.0
2017-06-19 00:00:00-04:00,47.27408547621356,47.77322047906228,47.22879827190838,47.64283752441406,30666000,0.0,0.0
2017-06-20 00:00:00-04:00,47.650303927924966,47.854339345829914,47.276574371514975,47.307430267333984,22520000,0.0,0.0
2017-06-21 00:00:00-04:00,47.45721816321198,47.778697339145,47.3138960013387,47.7463493347168,24044000,0.0,0.0
2017-06-22 00:00:00-04:00,47.70902830951913,47.80955011437286,47.5025060412377,47.62890625,18828000,0.0,0.0
2017-06-23 00:00:00-04:00,47.615967837364614,48.072306313383116,47.48508750369036,48.051902770996094,30558000,0.0,0.0
2017-06-26 00:00:00-04:00,48.266386627577766,48.43608456731917,47.3153932377767,47.389041900634766,31968000,0.0,0.0
2017-06-27 00:00:00-04:00,46.900856509301065,47.19098242759195,46.1240335899006,46.14792251586914,51598000,0.0,0.0
2017-06-28 00:00:00-04:00,46.23102934890555,46.91528838346582,45.5840920157265,46.80282211303711,54428000,0.0,0.0
2017-06-29 00:00:00-04:00,46.276807754915765,46.343493241123326,45.3163567892792,45.67316818237305,65984000,0.0,0.0
2017-06-30 00:00:00-04:00,46.084227840461175,46.084227840461175,45.201408199413876,45.22230911254883,41804000,0.0,0.0
2017-07-03 00:00:00-04:00,45.393993687378206,45.48157629117315,44.52858962998265,44.72317123413086,34196000,0.0,0.0
2017-07-05 00:00:00-04:00,44.875453149658476,45.50994489114188,44.71321953879186,45.37060546875,36278000,0.0,0.0
2017-07-06 00:00:00-04:00,44.99289244408831,45.53153987098856,44.7729336077426,45.120784759521484,28490000,0.0,0.0
2017-07-07 00:00:00-04:00,45.22827845314088,45.859785929889505,45.22827845314088,45.712982177734375,32756000,0.0,0.0
2017-07-10 00:00:00-04:00,45.87123251583438,46.299703101327886,45.76274520482013,46.221073150634766,23856000,0.0,0.0
2017-07-11 00:00:00-04:00,46.25790399147736,46.3519562006913,45.88267850365225,46.285274505615234,22264000,0.0,0.0
2017-07-12 00:00:00-04:00,46.71274269649855,47.09194710949065,46.50323621639486,46.969032287597656,30642000,0.0,0.0
2017-07-13 00:00:00-04:00,47.09145644727882,47.49753406042602,46.928231888662474,47.1347541809082,25894000,0.0,0.0
2017-07-14 00:00:00-04:00,47.375608583887534,47.619953739120334,47.17680122239686,47.57416915893555,21076000,0.0,0.0
2017-07-17 00:00:00-04:00,47.6244270269417,47.81054575669034,47.238308780109186,47.44627380371094,23310000,0.0,0.0
2017-07-18 00:00:00-04:00,47.42537753347869,48.17383148227302,47.305940484591794,48.04245376586914,23080000,0.0,0.0
2017-07-19 00:00:00-04:00,48.16386970052281,48.42264613988276,47.97426939199325,48.315650939941406,24490000,0.0,0.0
2017-07-20 00:00:00-04:00,48.52018641286154,48.56497245481978,47.848866576061994,48.17930221557617,32490000,0.0,0.0
2017-07-21 00:00:00-04:00,47.88568989624071,48.43210161752787,47.78118533716549,48.41667556762695,34220000,0.0,0.0
2017-07-24 00:00:00-04:00,48.38184250877192,49.07754865265962,48.30968595222781,48.785926818847656,64966000,0.0,0.0
2017-07-25 00:00:00-04:00,47.465678548471814,47.758792481169955,47.04716294116567,47.3109130859375,93220000,0.0,0.0
2017-07-26 00:00:00-04:00,47.50897555040995,47.524898969685594,46.891846237267195,47.166595458984375,41766000,0.0,0.0
2017-07-27 00:00:00-04:00,47.364658126279956,47.364658126279956,45.783148241683776,46.48432540893555,64260000,0.0,0.0
2017-07-28 00:00:00-04:00,46.25093272907292,46.96903183465726,46.15637936233097,46.85457229614258,36928000,0.0,0.0
2017-07-31 00:00:00-04:00,46.87249076554882,46.95708915125245,46.08372339143838,46.3056755065918,39402000,0.0,0.0
2017-08-01 00:00:00-04:00,46.3992318263848,46.65138681103506,46.24396899110477,46.32209777832031,25554000,0.0,0.0
2017-08-02 00:00:00-04:00,46.21162027564531,46.41018083794812,45.61793186372272,46.300201416015625,36488000,0.0,0.0
2017-08-03 00:00:00-04:00,46.29771284233456,46.39226621846318,45.894623264884245,45.96479034423828,24050000,0.0,0.0
2017-08-04 00:00:00-04:00,46.119063417038326,46.296073841637615,45.933939413498436,46.17927551269531,21646000,0.0,0.0
2017-08-07 00:00:00-04:00,46.234010834489766,46.365388530988874,46.106615891035986,46.248939514160156,20644000,0.0,0.0
2017-08-08 00:00:00-04:00,46.13598046948526,46.57012337489014,46.06232800617666,46.12105178833008,21232000,0.0,0.0
2017-08-09 00:00:00-04:00,45.81350136388626,46.080736875921446,45.646294079056474,45.92746353149414,23842000,0.0,0.0
2017-08-10 00:00:00-04:00,45.66122417554235,45.74632372591657,45.09291681861299,45.148155212402344,36480000,0.0,0.0
2017-08-11 00:00:00-04:00,45.18448519635798,45.67267432450765,45.065549321753316,45.50397491455078,24136000,0.0,0.0
2017-08-14 00:00:00-04:00,45.90904865492224,46.01544396963027,45.69307258251148,45.916015625,21290000,0.0,0.0
2017-08-15 00:00:00-04:00,45.993651605406384,46.10910589104545,45.77419392450568,45.89362716674805,17668000,0.0,0.0
2017-08-16 00:00:00-04:00,46.04640269333393,46.41515477088327,45.95458675194585,46.12950897216797,20134000,0.0,0.0
2017-08-17 00:00:00-04:00,46.07079135721893,46.1245338505883,45.33427810668945,45.33427810668945,25544000,0.0,0.0
2017-08-18 00:00:00-04:00,45.300930962389906,45.54800972618168,45.14387608673474,45.31884765625,26854000,0.0,0.0
2017-08-21 00:00:00-04:00,45.285505766097536,45.434800160935175,44.9570596161404,45.119293212890625,18868000,0.0,0.0
2017-08-22 00:00:00-04:00,45.42086646162011,46.07476695424331,45.35890788264852,46.016544342041016,23334000,0.0,0.0
2017-08-23 00:00:00-04:00,45.87919338657194,46.27730543819291,45.75129727500185,46.13149642944336,21804000,0.0,0.0
2017-08-24 00:00:00-04:00,46.21410750416567,46.32259481828813,45.55921225628358,45.84684753417969,25406000,0.0,0.0
2017-08-25 00:00:00-04:00,45.95682678855925,46.0595886571557,45.559212089282205,45.578617095947266,21068000,0.0,0.0
2017-08-28 00:00:00-04:00,45.5840937880122,45.745579442800036,45.378566245853634,45.4751091003418,21730000,0.0,0.0
2017-08-29 00:00:00-04:00,45.04166171455271,45.948863784994,45.03668422227691,45.84734344482422,23712000,0.0,0.0
2017-08-30 00:00:00-04:00,45.78563778445917,46.32155161019883,45.765731611054946,46.259395599365234,26024000,0.0,0.0
2017-08-31 00:00:00-04:00,46.36837671780895,46.87696555115128,46.36837671780895,46.74509048461914,31652000,0.0,0.0
2017-09-01 00:00:00-04:00,46.83467034251656,46.90185320371106,46.5370800716329,46.64606475830078,18948000,0.0,0.0
2017-09-05 00:00:00-04:00,46.43406646157454,46.62914164226414,45.8806877590469,46.20365905761719,26528000,0.0,0.0
2017-09-06 00:00:00-04:00,46.28825535445717,46.32632500701473,45.74682113957509,46.17180633544922,30554000,0.0,0.0
2017-09-07 00:00:00-04:00,46.36688139007645,46.59977942750342,45.9632944760461,46.57688903808594,24254000,0.0,0.0
2017-09-08 00:00:00-04:00,46.60376637666191,46.628646246517334,46.02600135373368,46.10662078857422,20230000,0.0,0.0
2017-09-11 00:00:00-04:00,46.49229258262529,46.69781631978661,46.12751946189244,46.235008239746094,25340000,0.0,0.0
2017-09-12 00:00:00-04:00,46.409682725262165,46.453971396381036,45.97528926373421,46.38380432128906,22688000,0.0,0.0
2017-09-13 00:00:00-04:00,46.31363574669771,46.641580721640366,46.27382340290721,46.53409194946289,22052000,0.0,0.0
2017-09-14 00:00:00-04:00,46.342997032229825,46.41863896886084,45.98220667373785,46.037445068359375,27952000,0.0,0.0
2017-09-15 00:00:00-04:00,46.015052713721836,46.10612070138815,45.602008171980074,45.79758071899414,50108000,0.0,0.0
2017-09-18 00:00:00-04:00,45.78364729726225,45.886659749084124,45.31536435478626,45.53432846069336,26138000,0.0,0.0
2017-09-19 00:00:00-04:00,45.654755618672276,45.90357708118933,45.412403757170374,45.87322235107422,18734000,0.0,0.0
2017-09-20 00:00:00-04:00,45.931443753676135,46.47387650196719,45.882674960923346,46.35941696166992,33396000,0.0,0.0
2017-09-21 00:00:00-04:00,46.4300842871203,46.60575065213804,45.97374583699112,46.402713775634766,25812000,0.0,0.0
2017-09-22 00:00:00-04:00,46.16882397677613,46.51617777286651,46.10562387086365,46.207637786865234,21054000,0.0,0.0
2017-09-25 00:00:00-04:00,46.05436779195132,46.10164448162134,45.27058163212959,45.831424713134766,37136000,0.0,0.0
2017-09-26 00:00:00-04:00,45.968274834687335,46.32160086925573,45.83988134535239,46.02500534057617,33338000,0.0,0.0
2017-09-27 00:00:00-04:00,46.16832718393922,47.27110184404499,46.16832718393922,47.00187683105469,44788000,0.0,0.0
2017-09-28 00:00:00-04:00,46.84611875148945,47.31041896771503,46.80580903364116,47.251197814941406,20406000,0.0,0.0
2017-09-29 00:00:00-04:00,47.375603972161834,47.76307003956072,47.351221474000724,47.72943115234375,31620000,0.0,0.0
2017-10-02 00:00:00-04:00,47.77272565643535,47.90012060397629,47.16858490294516,47.43880844116211,25668000,0.0,0.0
2017-10-03 00:00:00-04:00,47.47513648759401,47.67419441980165,47.23328199218958,47.66374206542969,17766000,0.0,0.0
2017-10-04 00:00:00-04:00,47.62442888617689,47.79313209420013,47.310417824314996,47.359683990478516,19048000,0.0,0.0
2017-10-05 00:00:00-04:00,47.54928622457183,48.31665153334969,47.53385637782831,48.26937484741211,24276000,0.0,0.0
2017-10-06 00:00:00-04:00,48.10714040206639,48.74213325709249,47.94092784821025,48.713768005371094,23478000,0.0,0.0
2017-10-09 00:00:00-04:00,48.76900340113265,49.03897634051449,48.575420346577374,48.61970901489258,17828000,0.0,0.0
2017-10-10 00:00:00-04:00,48.76901157454274,48.84714036745582,48.0762934034582,48.4007568359375,19368000,0.0,0.0
2017-10-11 00:00:00-04:00,48.45648798998256,49.30198207906491,48.383332900156574,49.22932815551758,33866000,0.0,0.0
2017-10-12 00:00:00-04:00,49.13975325142046,49.47168099975479,49.01782936486329,49.158660888671875,25248000,0.0,0.0
2017-10-13 00:00:00-04:00,49.366179098637765,49.6254529282653,49.216888491734984,49.250728607177734,23396000,0.0,0.0
2017-10-16 00:00:00-04:00,49.37115409755095,49.46107927356115,48.96806454354418,49.36617660522461,18210000,0.0,0.0
2017-10-17 00:00:00-04:00,49.28108513455268,49.58713449673419,49.196486741220326,49.37514114379883,25804000,0.0,0.0
2017-10-18 00:00:00-04:00,49.3547334996645,49.601064318415915,49.116113807498834,49.40648651123047,21152000,0.0,0.0
2017-10-19 00:00:00-04:00,49.067593490940176,49.210915661062636,48.6888864210566,48.99045944213867,26272000,0.0,0.0
2017-10-20 00:00:00-04:00,49.23878242935969,49.31641384598344,48.996927933817574,49.17707443237305,23664000,0.0,0.0
2017-10-23 00:00:00-04:00,49.242759983053496,49.242759983053496,48.07827366979895,48.1942253112793,29568000,0.0,0.0
2017-10-24 00:00:00-04:00,48.271359891178896,48.382334042024084,47.82348053490765,48.29823303222656,24244000,0.0,0.0
2017-10-25 00:00:00-04:00,48.190248391539996,48.57443032075753,47.79960065782531,48.43708038330078,24226000,0.0,0.0
2017-10-26 00:00:00-04:00,48.76900590529716,49.147215585601884,48.380845037198654,48.39875793457031,40842000,0.0,0.0
2017-10-27 00:00:00-04:00,50.221625665018166,52.17238501805071,50.172359501466936,50.72325134277344,103354000,0.0,0.0
2017-10-30 00:00:00-04:00,50.46099533578249,51.006909706691204,50.137526662488085,50.615760803222656,41702000,0.0,0.0
2017-10-31 00:00:00-04:00,50.52170844683372,50.958638130767945,50.28283816360085,50.59237289428711,26614000,0.0,0.0
2017-11-01 00:00:00-04:00,50.62073606621354,51.240800241255094,50.607796864245934,51.03328323364258,27468000,0.0,0.0
2017-11-02 00:00:00-04:00,50.84716428083905,51.162170062549386,50.41172672548283,51.037261962890625,20980000,0.0,0.0
2017-11-03 00:00:00-04:00,50.86458112504583,51.389097201960446,50.77500524518592,51.380638122558594,21528000,0.0,0.0
2017-11-06 00:00:00-05:00,51.20695902418309,51.49957178068366,51.00839846962923,51.053184509277344,22504000,0.0,0.0
2017-11-07 00:00:00-05:00,51.12136627413863,51.45478993780838,51.014872231365736,51.42293930053711,22246000,0.0,0.0
2017-11-08 00:00:00-05:00,51.28310198944138,51.9301380543465,51.18008953484094,51.74740219116211,21774000,0.0,0.0
2017-11-09 00:00:00-05:00,51.45578887345221,51.45578887345221,50.74296327634945,51.31993103027344,24904000,0.0,0.0
2017-11-10 00:00:00-05:00,51.081056512499316,51.29503932113145,51.02233273497779,51.16117477416992,14400000,0.0,0.0
2017-11-13 00:00:00-05:00,50.92977510286141,51.33584888605319,50.88747590864203,51.04572296142578,17716000,0.0,0.0
2017-11-14 00:00:00-05:00,50.88847235177091,51.09847622117263,50.468460816253014,51.05816650390625,19184000,0.0,0.0
2017-11-15 00:00:00-05:00,50.72026460596433,50.96311384290818,50.53165902626321,50.804866790771484,17080000,0.0,0.0
2017-11-16 00:00:00-05:00,50.88498177790572,51.55182524493075,50.88498177790572,51.381629943847656,22594000,0.0,0.0
2017-11-17 00:00:00-05:00,51.456779912778764,51.47718345626997,50.647612737587785,50.71429443359375,27942000,0.0,0.0
2017-11-20 00:00:00-05:00,50.77251752434665,50.88946391539502,50.635167591142114,50.678958892822266,19070000,0.0,0.0
2017-11-21 00:00:00-05:00,50.924300375326446,51.51151919690629,50.89170558281836,51.48066329956055,21940000,0.0,0.0
2017-11-22 00:00:00-05:00,51.50604750438836,51.74023645199526,51.32838783989354,51.5538215637207,14926000,0.0,0.0
2017-11-24 00:00:00-05:00,51.54933882949974,51.91301850553385,51.506044895543326,51.785221099853516,10740000,0.0,0.0
2017-11-27 00:00:00-05:00,51.754867601006566,52.52422242903892,51.67723618044281,52.46201705932617,26158000,0.0,0.0
2017-11-28 00:00:00-05:00,52.50581153947055,52.86834461210992,51.754866988738556,52.123619079589844,28488000,0.0,0.0
2017-11-29 00:00:00-05:00,51.888230069990726,51.95789977399456,50.543103616453635,50.842185974121094,49188000,0.0,0.0
2017-11-30 00:00:00-05:00,50.87752030202039,51.18207753404997,50.51075770336107,50.82974624633789,34480000,0.0,0.0
2017-12-01 00:00:00-05:00,50.550571929677524,50.88349442641657,49.86482076253171,50.2703971862793,38192000,0.0,0.0
2017-12-04 00:00:00-05:00,50.39430687052051,50.56549691417673,49.543835310736995,49.69860076904297,38128000,0.0,0.0
2017-12-05 00:00:00-05:00,49.562252324172086,50.78993509981725,49.18105840556415,50.02058029174805,41346000,0.0,0.0
2017-12-06 00:00:00-05:00,49.83893967091909,51.0069076760047,49.82102297656946,50.678958892822266,25440000,0.0,0.0
2017-12-07 00:00:00-05:00,50.78097456052251,51.468221568456336,50.66358016192069,51.30350112915039,29164000,0.0,0.0
2017-12-08 00:00:00-05:00,51.629958395966675,51.85688421770954,51.38272774572273,51.608062744140625,25816000,0.0,0.0
2017-12-11 00:00:00-05:00,51.53092582484753,51.94396656246513,51.35923841017263,51.80960464477539,23856000,0.0,0.0
2017-12-12 00:00:00-05:00,51.73645217860178,52.26793523834267,51.44085518535831,51.778751373291016,25590000,0.0,0.0
2017-12-13 00:00:00-05:00,52.05942360833954,52.08654353908151,51.67424693554482,51.785221099853516,25654000,0.0,0.0
2017-12-14 00:00:00-05:00,52.00368661954086,52.67550382131169,51.90963061667295,52.210208892822266,31174000,0.0,0.0
2017-12-15 00:00:00-05:00,52.48191812751283,53.129352797819486,52.22762181114984,52.95866012573242,65518000,0.0,0.0
2017-12-18 00:00:00-05:00,53.052720562888105,53.670294128545024,52.8496798697601,53.603111267089844,31092000,0.0,0.0
2017-12-19 00:00:00-05:00,53.50656783038047,53.58818200241281,52.92681713997322,53.28163528442383,26774000,0.0,0.0
2017-12-20 00:00:00-05:00,53.336376126192924,53.41599702290498,52.825793979903395,52.99648666381836,25372000,0.0,0.0
2017-12-21 00:00:00-05:00,52.9964883307187,53.214453911907626,52.839429643108,52.9307975769043,19914000,0.0,0.0
2017-12-22 00:00:00-05:00,52.805392571253826,52.95916330550932,52.72228628740605,52.756126403808594,15102000,0.0,0.0
2017-12-26 00:00:00-05:00,52.654105465820976,52.75612317839185,52.26245920149139,52.587921142578125,15212000,0.0,0.0
2017-12-27 00:00:00-05:00,52.620271540206005,52.6690403408049,52.15547392727355,52.221160888671875,25438000,0.0,0.0
2017-12-28 00:00:00-05:00,52.33213505316141,52.48889000246903,51.99224178586503,52.159950256347656,16742000,0.0,0.0
2017-12-29 00:00:00-05:00,52.08928386406594,52.237583535581145,51.99871323774759,52.073360443115234,17750000,0.0,0.0
2018-01-02 00:00:00-05:00,52.16989675960985,53.09551287798578,52.01513130257088,52.99897003173828,24752000,0.0,0.0
2018-01-03 00:00:00-05:00,52.964632864937194,54.05845101808457,52.909891840653344,53.86885070800781,28604000,0.0,0.0
2018-01-04 00:00:00-05:00,54.14355520696855,54.42074193898868,53.94459597952391,54.06393051147461,20092000,0.0,0.0
2018-01-05 00:00:00-05:00,54.442136858306036,54.95222161674794,54.342605995087446,54.8516960144043,25582000,0.0,0.0
2018-01-08 00:00:00-05:00,54.851696120506524,55.30156499232495,54.82134139027681,55.08608627319336,20952000,0.0,0.0
2018-01-09 00:00:00-05:00,55.20851128645154,55.266733903058565,54.80198567654189,55.052249908447266,18050000,0.0,0.0
2018-01-10 00:00:00-05:00,54.5964067767538,54.96963898370184,54.5471406114161,54.870609283447266,20856000,0.0,0.0
2018-01-11 00:00:00-05:00,55.05423663126874,55.06543314172067,54.72031940585792,55.01542282104492,19566000,0.0,0.0
2018-01-12 00:00:00-05:00,54.86065485509591,55.949499386222755,54.79795211705584,55.84847640991211,34410000,0.0,0.0
2018-01-16 00:00:00-05:00,56.35855390583773,56.72680857641678,55.628115510193794,55.82358932495117,31506000,0.0,0.0
2018-01-17 00:00:00-05:00,56.04554709541067,56.36304355160612,55.587215310289146,56.33218765258789,24052000,0.0,0.0
2018-01-18 00:00:00-05:00,56.30382118638972,56.358562215363385,55.611600410726815,56.223201751708984,23964000,0.0,0.0
2018-01-19 00:00:00-05:00,56.32471833794555,56.624799238074054,56.149051965396666,56.60737991333008,35564000,0.0,0.0
2018-01-22 00:00:00-05:00,56.60638797556325,57.7206097466184,56.487949470271175,57.518070220947266,32360000,0.0,0.0
2018-01-23 00:00:00-05:00,57.719117366493656,58.30518958660726,57.66437633872406,58.22273254394531,26662000,0.0,0.0
2018-01-24 00:00:00-05:00,58.58899373807738,58.71489657457081,57.77883189841178,57.93758010864258,28332000,0.0,0.0
2018-01-25 00:00:00-05:00,58.350126412774,58.51982435504685,57.86393056988797,58.242637634277344,29610000,0.0,0.0
2018-01-26 00:00:00-05:00,58.47702773067266,58.51484680175781,57.632524570199664,58.51484680175781,40376000,0.0,0.0
2018-01-29 00:00:00-05:00,58.54669336935237,59.06473981194652,58.32275178569634,58.50190353393555,27578000,0.0,0.0
2018-01-30 00:00:00-05:00,58.11623458181419,58.54868794092777,57.901750594148965,57.910213470458984,31126000,0.0,0.0
2018-01-31 00:00:00-05:00,58.25258665140914,58.373515794014494,57.68328455046716,58.22123718261719,30774000,0.0,0.0
2018-02-01 00:00:00-05:00,57.856470102457585,58.423285414694135,57.60316849438226,58.10976791381836,48242000,0.0,0.0
2018-02-02 00:00:00-05:00,55.83553671350694,55.8887856322617,55.10290752572842,55.33292007446289,97158000,0.0,0.0
2018-02-05 00:00:00-05:00,54.272936781877995,55.238365281934236,52.35353067195023,52.541141510009766,75966000,0.0,0.0
2018-02-06 00:00:00-05:00,51.116885396528616,53.83052983605267,50.91568612717187,53.775291442871094,68960000,0.0,0.0
2018-02-07 00:00:00-05:00,53.82206876946844,53.83401323152986,52.165911774271265,52.18183898925781,47384000,0.0,0.0
2018-02-08 00:00:00-05:00,52.521733041757656,52.681475998224755,49.7971387394103,49.839935302734375,57182000,0.0,0.0
2018-02-09 00:00:00-05:00,50.622728429240894,51.95243273303929,49.39404710243005,51.64439010620117,70118000,0.0,0.0
2018-02-12 00:00:00-05:00,52.15297490392492,52.82479202693018,51.8010385149668,52.34904479980469,41154000,0.0,0.0
2018-02-13 00:00:00-05:00,52.003687667624966,52.66903528167146,51.95825238691592,52.35701370239258,25302000,0.0,0.0
2018-02-14 00:00:00-05:00,52.200253030827376,53.33338618548109,52.09077477639218,53.23286437988281,31116000,0.0,0.0
2018-02-15 00:00:00-05:00,53.69915655228744,54.316684555080826,52.96612870090706,54.21919631958008,36868000,0.0,0.0
2018-02-16 00:00:00-05:00,54.16395505527953,54.97312217429743,54.15912563482566,54.48194885253906,33590000,0.0,0.0
2018-02-20 00:00:00-05:00,54.27144498486197,55.43493288728188,54.16942727231874,54.86314392089844,28462000,0.0,0.0
2018-02-21 00:00:00-05:00,55.062694237944726,56.43121218068974,55.055727267882645,55.30504608154297,30258000,0.0,0.0
2018-02-22 00:00:00-05:00,55.546406908366876,55.876341371018604,54.86961223122796,55.07065963745117,26344000,0.0,0.0
2018-02-23 00:00:00-05:00,55.36974453756161,56.09829225913288,54.97531147626786,56.073909759521484,25220000,0.0,0.0
2018-02-26 00:00:00-05:00,56.124174190542654,56.928367699524436,56.06918637303106,56.91791534423828,31182000,0.0,0.0
2018-02-27 00:00:00-05:00,56.79300286879977,56.93234228381612,55.63648192744972,55.65091323852539,35482000,0.0,0.0
2018-02-28 00:00:00-05:00,55.88679604662816,56.11073385197309,54.90195871991783,54.97610855102539,37652000,0.0,0.0
2018-03-01 00:00:00-05:00,55.13237157050047,55.24434047651842,53.098555164211064,53.22391128540039,50318000,0.0,0.0
2018-03-02 00:00:00-05:00,52.40577942741092,53.84491252992044,52.158700661685266,53.691688537597656,45432000,0.0,0.0
2018-03-05 00:00:00-05:00,53.50358445321182,54.59640795347745,53.19803246958801,54.289363861083984,24044000,0.0,0.0
2018-03-06 00:00:00-05:00,54.70190412995626,54.83278446218758,54.231882300957636,54.4948844909668,30656000,0.0,0.0
2018-03-07 00:00:00-05:00,54.20277242237987,55.348844847283,54.0182483037592,55.22045135498047,25850000,0.0,0.0
2018-03-08 00:00:00-05:00,55.50310864478062,56.114216363918985,55.37770317646833,56.03459167480469,27102000,0.0,0.0
2018-03-09 00:00:00-05:00,56.53223576793959,57.76639189789227,56.356121381800506,57.72856903076172,42560000,0.0,0.0
2018-03-12 00:00:00-04:00,57.91817535203288,58.57506388909688,57.59818826476442,57.95051956176758,43446000,0.0,0.0
2018-03-13 00:00:00-04:00,58.224229033459885,58.56063693542006,56.3993723052161,56.64023208618164,38144000,0.0,0.0
2018-03-14 00:00:00-04:00,56.99056418383407,57.65640910576941,56.80294956127066,57.20355224609375,25828000,0.0,0.0
2018-03-15 00:00:00-04:00,57.22694976450836,57.780328481849544,56.45958442682532,57.208038330078125,27908000,0.0,0.0
2018-03-16 00:00:00-04:00,57.434965028550536,57.521552898494335,56.331191794562905,56.518802642822266,61840000,0.0,0.0
2018-03-19 00:00:00-04:00,55.736505423639976,55.83503775163387,54.193813102914696,54.73176574707031,56118000,0.0,0.0
2018-03-20 00:00:00-04:00,54.69096105203317,54.99949725163065,53.9176234812612,54.626766204833984,36638000,0.0,0.0
2018-03-21 00:00:00-04:00,54.37943293968705,55.05423433306839,54.0017206306665,54.286869049072266,37578000,0.0,0.0
2018-03-22 00:00:00-04:00,53.83899816769737,53.889756443405744,52.04897638483232,52.20672607421875,53340000,0.0,0.0
2018-03-23 00:00:00-04:00,52.1047090283035,52.91735774406753,50.82029199131592,50.83770751953125,43134000,0.0,0.0
2018-03-26 00:00:00-04:00,52.053453421332954,52.53268611803008,50.18231480835478,52.412254333496094,53302000,0.0,0.0
2018-03-27 00:00:00-04:00,52.899446195784584,52.990962198141524,49.61102078815905,50.01809310913086,61906000,0.0,0.0
2018-03-28 00:00:00-04:00,49.664765687265415,50.970079836217764,48.80085753468074,49.99121856689453,67386000,0.0,0.0
2018-03-29 00:00:00-04:00,50.34305442883496,51.904160869280304,49.9086115895571,51.3463020324707,54536000,0.0,0.0
2018-04-02 00:00:00-04:00,50.899912832710946,51.496091885505685,49.28506396044805,50.08626937866211,53608000,0.0,0.0
2018-04-03 00:00:00-04:00,50.45651286364552,50.80884414309746,49.46918873054453,50.43163299560547,45502000,0.0,0.0
2018-04-04 00:00:00-04:00,49.436350064088245,51.19342772751487,49.41594652086822,51.0153694152832,49694000,0.0,0.0
2018-04-05 00:00:00-04:00,51.8210548944268,51.89370882117015,50.766099831461354,51.14823913574219,27260000,0.0,0.0
2018-04-06 00:00:00-04:00,50.75957952873126,51.327886911814424,49.91508016399084,50.1146354675293,34928000,0.0,0.0
2018-04-09 00:00:00-04:00,50.60033257694242,51.7349578342318,50.4649721224147,50.53314971923828,35032000,0.0,0.0
2018-04-10 00:00:00-04:00,51.08006021658092,51.569741443577755,50.328622115516694,51.338836669921875,39490000,0.0,0.0
2018-04-11 00:00:00-04:00,51.15719776322145,51.325099858785805,50.554051732844634,50.758087158203125,29678000,0.0,0.0
2018-04-12 00:00:00-04:00,51.01038958200165,51.789201979022,50.83099103781652,51.38212966918945,27140000,0.0,0.0
2018-04-13 00:00:00-04:00,51.798655043017284,52.07434964625795,50.90787375954962,51.22089385986328,24460000,0.0,0.0
2018-04-16 00:00:00-04:00,51.605570042410434,51.91609950240958,51.09499170973459,51.65433883666992,24224000,0.0,0.0
2018-04-17 00:00:00-04:00,52.320683236430845,53.639935079125074,52.165913982748286,53.454811096191406,46406000,0.0,0.0
2018-04-18 00:00:00-04:00,53.61754009269689,53.61754009269689,53.059931860257215,53.35130310058594,26882000,0.0,0.0
2018-04-19 00:00:00-04:00,53.21793646588776,54.45034612162262,53.15722320797613,54.12862014770508,34954000,0.0,0.0
2018-04-20 00:00:00-04:00,53.84496086301435,54.360023092692735,53.226392614572205,53.39509201049805,37794000,0.0,0.0
2018-04-23 00:00:00-04:00,53.63894185281,53.88079634468727,52.784984892746,53.12089538574219,46826000,0.0,0.0
2018-04-24 00:00:00-04:00,52.35203363226935,52.60085509211229,50.29129487895066,50.758583068847656,95206000,0.0,0.0
2018-04-25 00:00:00-04:00,51.03428205536615,51.38113850158633,50.52618673792559,50.818302154541016,47822000,0.0,0.0
2018-04-26 00:00:00-04:00,51.23283629887242,52.15198286576289,50.669506406810626,51.75685501098633,41590000,0.0,0.0
2018-04-27 00:00:00-04:00,52.05345335551954,52.22762763384587,51.03776388218323,51.25971221923828,32396000,0.0,0.0
2018-04-30 00:00:00-04:00,51.25771909499264,51.60557025730215,50.60282005835254,50.626708984375,33426000,0.0,0.0
2018-05-01 00:00:00-04:00,50.444073887938586,51.6787274429703,50.1728593916437,51.621002197265625,28558000,0.0,0.0
2018-05-02 00:00:00-04:00,51.162670708213156,51.77422648318671,50.902405934819164,50.9775505065918,32062000,0.0,0.0
2018-05-03 00:00:00-04:00,50.70981842507403,51.241050918494,50.077312369596854,50.944705963134766,36302000,0.0,0.0
2018-05-04 00:00:00-04:00,50.60531458377388,52.17836175650295,50.60531458377388,52.16343307495117,38774000,0.0,0.0
2018-05-07 00:00:00-04:00,52.214189699138686,52.833756540931795,52.10819302610391,52.49087905883789,29322000,0.0,0.0
2018-05-08 00:00:00-04:00,52.6774937389696,52.77752197423487,52.11043167617902,52.447086334228516,24354000,0.0,0.0
2018-05-09 00:00:00-04:00,52.655596643964735,54.01615297710224,52.56925556616146,53.88278579711914,40656000,0.0,0.0
2018-05-10 00:00:00-04:00,54.04551712577952,54.76262157697506,54.0261121179698,54.61980056762695,28860000,0.0,0.0
2018-05-11 00:00:00-04:00,54.422229525557064,54.806908805186225,54.288364978520825,54.65412902832031,25074000,0.0,0.0
2018-05-14 00:00:00-04:00,54.74072401305887,55.27568866086438,54.69643533996231,54.750675201416016,30362000,0.0,0.0
2018-05-15 00:00:00-04:00,54.243082182740835,54.24556903070266,53.42047843754267,53.70711898803711,29898000,0.0,0.0
2018-05-16 00:00:00-04:00,53.61157066545109,54.20675117091537,53.55931648843941,53.833518981933594,21946000,0.0,0.0
2018-05-17 00:00:00-04:00,53.73996229551295,54.08731609333148,53.42196848937127,53.675270080566406,20876000,0.0,0.0
2018-05-18 00:00:00-04:00,52.842712600640134,53.24481123121285,52.78399261593244,53.066654205322266,31304000,0.0,0.0
2018-05-21 00:00:00-04:00,53.44983701943994,54.14355368104361,53.42943347654823,53.72453689575195,20464000,0.0,0.0
2018-05-22 00:00:00-04:00,53.92259769542994,54.07338040223537,53.08307205343694,53.23435592651367,21800000,0.0,0.0
2018-05-23 00:00:00-04:00,53.00544223435853,53.784254643400715,52.83524692284507,53.730010986328125,21214000,0.0,0.0
2018-05-24 00:00:00-04:00,53.69567806390261,53.7688293643578,53.056205015007315,53.70762252807617,15336000,0.0,0.0
2018-05-25 00:00:00-04:00,53.69666820423322,53.87283195048979,53.43565548706473,53.52946090698242,17988000,0.0,0.0
2018-05-29 00:00:00-04:00,52.99350215380129,53.415503185408646,52.51228376450308,52.76607894897461,37302000,0.0,0.0
2018-05-30 00:00:00-04:00,52.900938913717226,53.20848037191021,52.59239891964234,53.13831329345703,22770000,0.0,0.0
2018-05-31 00:00:00-04:00,53.12636939032661,54.60088797941978,53.12636939032661,53.9937629699707,61766000,0.0,0.0
2018-06-01 00:00:00-04:00,54.70837422129676,55.736008085318375,54.666075027909145,55.711124420166016,48432000,0.0,0.0
2018-06-04 00:00:00-04:00,55.85195902637647,56.825349221592475,55.83578502390503,56.695960998535156,37792000,0.0,0.0
2018-06-05 00:00:00-04:00,56.7805588634796,57.01683977582082,56.39239799458178,56.71437454223633,33560000,0.0,0.0
2018-06-06 00:00:00-04:00,56.83928733738441,56.880591794147406,56.02180915055159,56.57603454589844,33964000,0.0,0.0
2018-06-07 00:00:00-04:00,56.299339474878586,56.523277265285586,55.56282629886414,55.928096771240234,30400000,0.0,0.0
2018-06-08 00:00:00-04:00,55.64543994762727,56.06793832748607,55.34535903058107,55.77930450439453,25816000,0.0,0.0
2018-06-11 00:00:00-04:00,55.66633902416834,56.59493940462393,55.66633902416834,56.233154296875,21586000,0.0,0.0
2018-06-12 00:00:00-04:00,56.28690244352951,56.72084412064727,56.270231070542096,56.69745635986328,18240000,0.0,0.0
2018-06-13 00:00:00-04:00,56.78703261042302,57.05476552241575,56.40185593073354,56.472023010253906,30128000,0.0,0.0
2018-06-14 00:00:00-04:00,56.92288588406645,57.50114443016359,56.763142933615114,57.334434509277344,26868000,0.0,0.0
2018-06-15 00:00:00-04:00,57.17220718521593,57.399133002079196,56.90472486622391,57.34140396118164,42450000,0.0,0.0
2018-06-18 00:00:00-04:00,56.912933097259774,58.43870727484895,56.90994887983564,58.39640808105469,28274000,0.0,0.0
2018-06-19 00:00:00-04:00,57.65193065527021,58.28742086716511,57.42849023287418,58.12767791748047,32420000,0.0,0.0
2018-06-20 00:00:00-04:00,58.488472050183695,59.03468636167805,58.182422702286374,58.21626281738281,32970000,0.0,0.0
2018-06-21 00:00:00-04:00,58.465579379440655,58.587252679811634,57.34000928068942,57.610130310058594,24762000,0.0,0.0
2018-06-22 00:00:00-04:00,57.68378390904176,57.85084313441158,57.09258234045839,57.501644134521484,26220000,0.0,0.0
2018-06-25 00:00:00-04:00,56.910446106556215,56.925872156637425,55.37671022297154,55.97537612915039,43146000,0.0,0.0
2018-06-26 00:00:00-04:00,56.13412295311225,56.39339297078445,55.56974518751719,55.65937042236328,31264000,0.0,0.0
2018-06-27 00:00:00-04:00,55.802693710787814,56.32501908069609,54.92086885841928,54.938785552978516,25878000,0.0,0.0
2018-06-28 00:00:00-04:00,54.84473225834508,55.85096789302666,54.54216449116937,55.44837188720703,21448000,0.0,0.0
2018-06-29 00:00:00-04:00,55.736004696148164,56.14541575827975,55.487183246611785,55.51953125,26302000,0.0,0.0
2018-07-02 00:00:00-04:00,54.69096183593837,56.134127173280596,54.43218537165425,56.10725402832031,24346000,0.0,0.0
2018-07-03 00:00:00-04:00,56.52328225230816,56.52328225230816,54.7417195693511,54.884544372558594,13580000,0.0,0.0
2018-07-05 00:00:00-04:00,55.26473994088261,56.10923927825346,55.162722230983476,55.94850158691406,21334000,0.0,0.0
2018-07-06 00:00:00-04:00,55.91416579412598,56.77757659090548,55.772685032808575,56.73975372314453,19922000,0.0,0.0
2018-07-09 00:00:00-04:00,57.15329424360627,57.46133685331524,56.90148856459231,57.43048095703125,18180000,0.0,0.0
2018-07-10 00:00:00-04:00,57.576290863111645,57.706176457828754,57.20853352679217,57.37026596069336,15968000,0.0,0.0
2018-07-11 00:00:00-04:00,56.95971394654485,57.94007116060938,56.78105955128899,57.42301940917969,22400000,0.0,0.0
2018-07-12 00:00:00-04:00,57.721109704543046,58.941331999276976,57.52429181862688,58.895050048828125,25038000,0.0,0.0
2018-07-13 00:00:00-04:00,58.97068800473774,59.489083781851186,58.72186653636332,59.160789489746094,24438000,0.0,0.0
2018-07-16 00:00:00-04:00,59.18915292263373,59.26927118533236,58.686035139331395,58.91395568847656,21114000,0.0,0.0
2018-07-17 00:00:00-04:00,58.33469535730959,59.8684311204736,58.254075932818736,59.65742874145508,32208000,0.0,0.0
2018-07-18 00:00:00-04:00,59.54596322295848,59.94109108262346,59.2364284917182,59.512123107910156,27872000,0.0,0.0
2018-07-19 00:00:00-04:00,59.269273273835,59.717152678264846,58.88708462052154,59.0682258605957,25534000,0.0,0.0
2018-07-20 00:00:00-04:00,59.06822330621559,59.56088873142616,58.93186811412388,58.96620559692383,24948000,0.0,0.0
2018-07-23 00:00:00-04:00,58.772129832260035,60.04012615211537,58.771632462666474,59.99085998535156,52384000,0.0,0.0
2018-07-24 00:00:00-04:00,62.83189939360322,63.00159353521385,61.486769109612936,62.10981750488281,66364000,0.0,0.0
2018-07-25 00:00:00-04:00,61.66442932445324,62.99462714368319,61.66442932445324,62.88713836669922,42556000,0.0,0.0
2018-07-26 00:00:00-04:00,62.255130029976726,63.18925462384108,62.15659770140572,63.11754608154297,48112000,0.0,0.0
2018-07-27 00:00:00-04:00,63.25041522592986,63.394234760719165,61.25984351907628,61.63307571411133,42612000,0.0,0.0
2018-07-30 00:00:00-04:00,61.11104965029502,61.454720624795314,60.28794859221994,60.69949722290039,36998000,0.0,0.0
2018-07-31 00:00:00-04:00,60.71293288297067,61.09004531034171,59.99582850224755,60.576080322265625,32894000,0.0,0.0
2018-08-01 00:00:00-04:00,61.11055106509996,61.382760279815564,60.22524465944638,60.71293258666992,31344000,0.0,0.0
2018-08-02 00:00:00-04:00,60.01076209486787,61.20411120650745,59.95552369651323,61.018489837646484,30626000,0.0,0.0
2018-08-03 00:00:00-04:00,61.19116908544871,61.21008051916118,60.466600339991786,60.897064208984375,21792000,0.0,0.0
2018-08-06 00:00:00-04:00,60.961257121197164,61.01540206149515,60.50327468179003,60.94981002807617,21634000,0.0,0.0
2018-08-07 00:00:00-04:00,61.558431771495684,62.26359174482229,61.5171273152728,61.81820297241211,29880000,0.0,0.0
2018-08-08 00:00:00-04:00,61.73111189058389,62.52883573513277,61.60859192017047,61.986900329589844,27406000,0.0,0.0
2018-08-09 00:00:00-04:00,62.2003920470962,62.48116287734725,62.00680896746224,62.16058349609375,16972000,0.0,0.0
2018-08-10 00:00:00-04:00,61.857017345482575,61.99113247879515,61.30960708840503,61.58878707885742,22174000,0.0,0.0
2018-08-13 00:00:00-04:00,61.557435137135776,62.1691883233595,61.39127193546826,61.45940017700195,19946000,0.0,0.0
2018-08-14 00:00:00-04:00,61.46835694317595,61.9998399982526,60.9667350462818,61.81222915649414,26962000,0.0,0.0
2018-08-15 00:00:00-04:00,61.173258149491296,61.47084841918736,60.19041029177476,60.43276596069336,36576000,0.0,0.0
2018-08-16 00:00:00-04:00,60.94782244622185,61.01102255170137,59.84404927159741,60.040122985839844,26864000,0.0,0.0
2018-08-17 00:00:00-04:00,59.81817201075993,60.16602315860945,59.13191973642107,59.764923095703125,27792000,0.0,0.0
2018-08-20 00:00:00-04:00,59.96696823470578,60.264558496366526,59.44971906861178,60.10382080078125,17416000,0.0,0.0
2018-08-21 00:00:00-04:00,60.1152640534843,60.57607882913903,59.734764966490886,59.797767639160156,24112000,0.0,0.0
2018-08-22 00:00:00-04:00,59.71714753048333,60.3063557778657,59.66738400021739,60.0819206237793,17748000,0.0,0.0
2018-08-23 00:00:00-04:00,60.072461135627016,60.7761288977169,59.92814804137098,59.98487854003906,19852000,0.0,0.0
2018-08-24 00:00:00-04:00,60.15607817011386,60.79455266018913,60.033607551219575,60.744789123535156,18932000,0.0,0.0
2018-08-27 00:00:00-04:00,61.09064727738413,61.861494172897864,60.99689121553211,61.79829406738281,23126000,0.0,0.0
2018-08-28 00:00:00-04:00,61.77191717404938,61.83437312243836,61.144889825937554,61.26730728149414,26080000,0.0,0.0
2018-08-29 00:00:00-04:00,61.58082656159022,62.2382124556624,61.52653354710977,62.1705322265625,25978000,0.0,0.0
2018-08-30 00:00:00-04:00,61.918225333751934,62.38626149197969,61.33897202362706,61.66393280029297,26628000,0.0,0.0
2018-08-31 00:00:00-04:00,61.45791081386435,61.641041539953285,60.27874621513586,60.62236785888672,36328000,0.0,0.0
2018-09-04 00:00:00-04:00,59.92964472741078,60.36359017250003,59.34391804028703,59.56785583496094,36620000,0.0,0.0
2018-09-05 00:00:00-04:00,59.40861016931743,59.66788398232776,57.82610553860058,59.04433822631836,41226000,0.0,0.0
2018-09-06 00:00:00-04:00,59.03537675499612,59.03537675499612,57.328461430255444,58.29587936401367,37770000,0.0,0.0
2018-09-07 00:00:00-04:00,57.660395125154416,58.48598688998636,57.58798798349311,57.96694564819336,28026000,0.0,0.0
2018-09-10 00:00:00-04:00,58.33320420515067,58.450150590847315,57.73205148846738,57.957481384277344,22308000,0.0,0.0
2018-09-11 00:00:00-04:00,57.80770083533433,58.65617920647298,57.5394705478139,58.590492248535156,24186000,0.0,0.0
2018-09-12 00:00:00-04:00,58.359578218822485,58.65268833018172,57.64496072474811,57.86690902709961,25910000,0.0,0.0
2018-09-13 00:00:00-04:00,58.261049688237165,58.65269596696301,57.8684124670491,58.48946762084961,28624000,0.0,0.0
2018-09-14 00:00:00-04:00,58.677082235486324,58.7430197746934,58.141119045403535,58.350128173828125,18880000,0.0,0.0
2018-09-17 00:00:00-04:00,58.23119124313821,58.58451727670638,57.429488432399516,57.53001403808594,26130000,0.0,0.0
2018-09-18 00:00:00-04:00,57.58176495038318,58.52678989641387,57.58176495038318,57.78729248046875,24072000,0.0,0.0
2018-09-19 00:00:00-04:00,57.9744054166296,58.383964567659405,57.45685632444045,58.278465270996094,23828000,0.0,0.0
2018-09-20 00:00:00-04:00,58.72136729676747,59.214032725379546,58.39142903787752,59.063743591308594,24508000,0.0,0.0
2018-09-21 00:00:00-04:00,59.319038625777374,59.32949098061289,58.02715718248004,58.02964782714844,88112000,0.0,0.0
2018-09-24 00:00:00-04:00,57.58574671802893,58.622337002812515,57.07516460041357,58.39192581176758,25420000,0.0,0.0
2018-09-25 00:00:00-04:00,58.530270425099296,59.064244098018676,58.12469403085959,58.95326614379883,19554000,0.0,0.0
2018-09-26 00:00:00-04:00,58.97814965474841,59.430007993140144,58.46134852121504,58.74625015258789,29246000,0.0,0.0
2018-09-27 00:00:00-04:00,59.05677701494195,59.82165546516774,58.90250892338155,59.45041275024414,25216000,0.0,0.0
2018-09-28 00:00:00-04:00,59.31256814665442,59.48873569376338,58.94580553780259,59.39219284057617,27612000,0.0,0.0
2018-10-01 00:00:00-04:00,59.71167374598607,60.209814020591544,59.23443438227214,59.4837532043457,27152000,0.0,0.0
2018-10-02 00:00:00-04:00,59.267285787041125,60.2128081622281,59.05180705544156,59.72262954711914,33758000,0.0,0.0
2018-10-03 00:00:00-04:00,59.96597416514908,60.03614124246581,59.410108611947884,59.863956451416016,25124000,0.0,0.0
2018-10-04 00:00:00-04:00,59.48474896246403,59.593236271827514,57.50642171115634,58.13414764404297,44190000,0.0,0.0
2018-10-05 00:00:00-04:00,58.09981093459308,58.39839592737663,56.98608659551478,57.594703674316406,23686000,0.0,0.0
2018-10-08 00:00:00-04:00,57.23441147320596,58.12469539867597,56.10247048395341,57.17768096923828,38648000,0.0,0.0
2018-10-09 00:00:00-04:00,57.03734624418902,57.44541331556313,56.61047024947558,56.672576904296875,26174000,0.0,0.0
2018-10-10 00:00:00-04:00,56.28740014513209,56.34164380427037,53.801672220716256,53.80615234375,53514000,0.0,0.0
2018-10-11 00:00:00-04:00,53.39410100369613,55.05921461620659,53.16170411970402,53.71159744262695,58980000,0.0,0.0
2018-10-12 00:00:00-04:00,55.13883789722236,55.487186427859555,54.06402606574461,55.242347717285156,42026000,0.0,0.0
2018-10-15 00:00:00-04:00,55.184122450092346,55.40985230261758,54.19331669716747,54.35504913330078,27448000,0.0,0.0
2018-10-16 00:00:00-04:00,54.96914009497784,55.946011888603344,54.86513290509165,55.799705505371094,38570000,0.0,0.0
2018-10-17 00:00:00-04:00,56.057493375934875,56.18339623067854,54.84971288293961,55.52153015136719,29344000,0.0,0.0
2018-10-18 00:00:00-04:00,55.82757653761573,55.82757653761573,53.600625064738125,54.142059326171875,41890000,0.0,0.0
2018-10-19 00:00:00-04:00,54.41078541213252,55.25628332299278,54.13111184006981,54.56455993652344,25352000,0.0,0.0
2018-10-22 00:00:00-04:00,54.8930000253895,55.349338493682104,54.29284202368875,54.79844665527344,30284000,0.0,0.0
2018-10-23 00:00:00-04:00,53.78972547590054,55.13336367402636,53.247793870520745,54.924354553222656,36974000,0.0,0.0
2018-10-24 00:00:00-04:00,54.952228095135276,55.04528557158325,52.18981064219801,52.287845611572266,39648000,0.0,0.0
2018-10-25 00:00:00-04:00,53.33686965685026,55.28713157527463,53.22539813144793,54.520263671875,50916000,0.0,0.0
2018-10-26 00:00:00-04:00,51.60706345927229,55.06568011854943,51.46075328683483,53.320945739746094,83752000,0.0,0.0
2018-10-29 00:00:00-04:00,53.86835872505244,54.59342488782733,49.55677935751967,50.76356506347656,77614000,0.0,0.0
2018-10-30 00:00:00-04:00,50.185301343873036,51.629958769107596,49.80161677606018,51.566261291503906,64254000,0.0,0.0
2018-10-31 00:00:00-04:00,52.740699510053545,54.339625051774085,52.60085892355934,53.58470153808594,50596000,0.0,0.0
2018-11-01 00:00:00-04:00,53.53642508886248,53.94324680036135,52.87256963015861,53.2477912902832,29640000,0.0,0.0
2018-11-02 00:00:00-04:00,53.43341476066566,53.89348540552287,52.481920204749784,52.64017105102539,36780000,0.0,0.0
2018-11-05 00:00:00-05:00,52.501326427812955,52.67400857643196,50.821284255486354,51.759342193603516,48828000,0.0,0.0
2018-11-06 00:00:00-05:00,51.728988683654315,52.96637967779189,51.65882160441287,52.54164123535156,24666000,0.0,0.0
2018-11-07 00:00:00-05:00,53.19803245657916,54.51479376683245,53.0437605593209,54.411781311035156,41168000,0.0,0.0
2018-11-08 00:00:00-05:00,54.31175665503991,54.405812661135656,53.35752462548956,53.864871978759766,29764000,0.0,0.0
2018-11-09 00:00:00-05:00,53.44635225979614,53.524481042956225,52.407271336165614,53.05619812011719,26864000,0.0,0.0
2018-11-12 00:00:00-05:00,52.81932327175121,52.85565023392641,51.306985668351764,51.68668746948242,29436000,0.0,0.0
2018-11-13 00:00:00-05:00,51.91858919036139,52.58119933866325,51.31444844009444,51.55829620361328,30274000,0.0,0.0
2018-11-14 00:00:00-05:00,52.252507226162436,52.479630467389086,51.30698490748903,51.9370002746582,31318000,0.0,0.0
2018-11-15 00:00:00-05:00,51.989253203956544,53.339854523528295,51.34580128062237,52.98453903198242,36722000,0.0,0.0
2018-11-16 00:00:00-05:00,52.72078904111992,53.098497553631624,52.201747844850715,52.82429885864258,33162000,0.0,0.0
2018-11-19 00:00:00-05:00,52.61081100624927,52.789465394673705,50.5734599762195,50.759578704833984,37172000,0.0,0.0
2018-11-20 00:00:00-05:00,49.76428877068907,51.343809088319716,49.56622559531213,51.04621505737305,48982000,0.0,0.0
2018-11-21 00:00:00-05:00,51.5936299140102,52.180848726215316,51.4299042046466,51.635929107666016,30686000,0.0,0.0
2018-11-23 00:00:00-05:00,51.25721680749915,51.63492909109672,50.878957797102906,50.952659606933594,13830000,0.0,0.0
2018-11-26 00:00:00-05:00,51.67275456055641,52.21817156050937,51.45180097224231,52.183834075927734,38856000,0.0,0.0
2018-11-27 00:00:00-05:00,51.80462914442644,52.629723505703446,51.6797210402121,51.974327087402344,36064000,0.0,0.0
2018-11-28 00:00:00-05:00,52.190804283412724,54.08582806074765,51.54386689833411,54.05547332763672,49508000,0.0,0.0
2018-11-29 00:00:00-05:00,53.55036186978979,54.45432916894262,53.54637911649774,54.15848159790039,29378000,0.0,0.0
2018-11-30 00:00:00-05:00,54.19679715064046,54.52026581285591,53.63993687130576,54.46353530883789,51604000,0.0,0.0
2018-12-03 00:00:00-05:00,55.89227106329165,55.967411837050406,54.923110367420776,55.060707092285156,39824000,0.0,0.0
2018-12-04 00:00:00-05:00,54.89598634256211,54.96068235478533,52.251514062652014,52.29331588745117,46904000,0.0,0.0
2018-12-06 00:00:00-05:00,51.46921872614652,53.30751182401255,51.2955418302219,53.184593200683594,55384000,0.0,0.0
2018-12-07 00:00:00-05:00,52.75064959609309,53.509555847373974,51.18257618873878,51.58467102050781,42024000,0.0,0.0
2018-12-10 00:00:00-05:00,51.50852607236176,52.17536952067359,50.923300583866826,51.73246765136719,36154000,0.0,0.0
2018-12-11 00:00:00-05:00,52.5754780535219,52.78000704663186,51.74690213350425,52.339595794677734,27894000,0.0,0.0
2018-12-12 00:00:00-05:00,53.148269921208104,53.827551502036684,52.88899608491223,52.933284759521484,30476000,0.0,0.0
2018-12-13 00:00:00-05:00,53.15174391384634,53.733487816121006,52.44807613634572,52.84469985961914,26596000,0.0,0.0
2018-12-14 00:00:00-05:00,52.25151483088489,52.87954074797527,51.794181599257854,51.859371185302734,33732000,0.0,0.0
2018-12-17 00:00:00-05:00,51.63095350160061,52.40926856476055,50.15743345363588,50.58689880371094,47708000,0.0,0.0
2018-12-18 00:00:00-05:00,51.06264453092179,52.22662980765725,50.83123859169037,51.19302749633789,43850000,0.0,0.0
2018-12-19 00:00:00-05:00,51.455778289047686,52.849673474529695,50.164891749712865,50.909366607666016,49586000,0.0,0.0
2018-12-20 00:00:00-05:00,50.66652375284305,51.467228044880855,49.58315407183156,50.23257827758789,53470000,0.0,0.0
2018-12-21 00:00:00-05:00,50.52568991369991,50.95963540171563,48.45499977232107,48.74612045288086,91920000,0.0,0.0
2018-12-24 00:00:00-05:00,48.46544780849533,49.940460000114086,48.27684221918356,48.580902099609375,31806000,0.0,0.0
2018-12-26 00:00:00-05:00,49.21738527119216,51.75486615567206,48.91830289467193,51.72799301147461,47466000,0.0,0.0
2018-12-27 00:00:00-05:00,50.617750605816,51.94844964009211,49.61500036987954,51.94795227050781,42196000,0.0,0.0
2018-12-28 00:00:00-05:00,52.23359744623164,52.52919823444963,51.41149109389814,51.609554290771484,28296000,0.0,0.0
2018-12-31 00:00:00-05:00,52.300283588789846,52.38687145706286,50.93823508332048,51.536399841308594,29866000,0.0,0.0
2019-01-02 00:00:00-05:00,50.58888695558598,52.367962735611364,50.54609039191968,52.04598617553711,30652000,0.0,0.0
2019-01-03 00:00:00-05:00,51.80463025357511,52.5998634737991,50.464477396490224,50.56351089477539,36822000,0.0,0.0
2019-01-04 00:00:00-05:00,51.3861137044694,53.28959643226775,51.12873064353357,53.28312683105469,41878000,0.0,0.0
2019-01-07 00:00:00-05:00,53.32244046253062,53.44685119445593,52.489384409509626,53.16767120361328,39638000,0.0,0.0
2019-01-08 00:00:00-05:00,53.551855098847795,53.97236399574288,52.77652805710788,53.5603141784668,35298000,0.0,0.0
2019-01-09 00:00:00-05:00,53.82754935277751,53.876318148546126,53.06864310581677,53.479698181152344,23986000,0.0,0.0
2019-01-10 00:00:00-05:00,53.13134375200447,53.305020646191565,52.63619147340391,53.26421356201172,29128000,0.0,0.0
2019-01-11 00:00:00-05:00,52.90839720614247,52.93800777820574,52.17686154992214,52.61030960083008,30416000,0.0,0.0
2019-01-14 00:00:00-05:00,52.09923251880535,52.32864517274152,51.817318902029434,51.988258361816406,22886000,0.0,0.0
2019-01-15 00:00:00-05:00,52.26097122378362,53.74792791014859,52.120139690046685,53.60361099243164,29272000,0.0,0.0
2019-01-16 00:00:00-05:00,53.74543737547191,54.361272030751586,53.712591999935086,53.79370880126953,26636000,0.0,0.0
2019-01-17 00:00:00-05:00,53.71906452513396,54.33265915236678,53.42197161383425,54.23810577392578,24854000,0.0,0.0
2019-01-18 00:00:00-05:00,54.74072068763893,55.156350780911495,54.28786381225476,54.65412902832031,39112000,0.0,0.0
2019-01-22 00:00:00-05:00,54.14355055685115,54.31822218694267,52.92283103098444,53.2736701965332,32270000,0.0,0.0
2019-01-23 00:00:00-05:00,53.613559775200265,53.990770918031345,52.73770718132924,53.52497863769531,19340000,0.0,0.0
2019-01-24 00:00:00-05:00,53.57026512327336,53.719308931387744,52.78498315567823,53.441871643066406,27226000,0.0,0.0
2019-01-25 00:00:00-05:00,53.994259317457335,54.44213872551644,53.836008466719306,54.2923469543457,22382000,0.0,0.0
2019-01-28 00:00:00-05:00,53.75091270061363,53.89473224009513,52.93925490412957,53.25177764892578,25686000,0.0,0.0
2019-01-29 00:00:00-05:00,53.38115619080871,53.50407480424563,52.544371831097294,52.78099822998047,20436000,0.0,0.0
2019-01-30 00:00:00-05:00,53.16966516846235,54.29284335731334,53.09103521571565,54.1963005065918,25596000,0.0,0.0
2019-01-31 00:00:00-05:00,54.890018894408335,55.60314057341608,54.51230655897871,55.55536651611328,30766000,0.0,0.0
2019-02-01 00:00:00-05:00,55.357799712284915,55.98483088123476,54.98407013683228,55.27568817138672,29244000,0.0,0.0
2019-02-04 00:00:00-05:00,55.370736838978125,56.372989654541016,55.189595604900774,56.372989654541016,51530000,0.0,0.0
2019-02-05 00:00:00-05:00,55.976863335876395,57.07217354315235,55.5990523319004,57.02937698364258,71044000,0.0,0.0
2019-02-06 00:00:00-05:00,56.7098963004158,57.079643117899245,55.37621308293217,55.498634338378906,42112000,0.0,0.0
2019-02-07 00:00:00-05:00,54.94774342362005,54.98158353863134,54.04402289677241,54.67652893066406,40896000,0.0,0.0
2019-02-08 00:00:00-05:00,54.09378441501398,54.686478080122896,54.0713913946061,54.4948844909668,21516000,0.0,0.0
2019-02-11 00:00:00-05:00,54.588943978132335,55.03657281530868,54.38540970978951,54.492401123046875,21304000,0.0,0.0
2019-02-12 00:00:00-05:00,55.07911786982529,55.99950971490469,55.03184118552409,55.80418395996094,32182000,0.0,0.0
2019-02-13 00:00:00-05:00,55.98433134536978,56.46903506533117,55.66136005634363,55.74396896362305,20996000,0.0,0.0
2019-02-14 00:00:00-05:00,55.638971988977566,56.14557140475185,55.26051548513378,55.81911849975586,18952000,0.0,0.0
2019-02-15 00:00:00-05:00,56.237635834162276,56.31675936190541,55.27071519208323,55.420005798339844,28996000,0.0,0.0
2019-02-19 00:00:00-05:00,55.23836485987836,55.8300637879957,55.23836485987836,55.66434860229492,20928000,0.0,0.0
2019-02-20 00:00:00-05:00,55.73551379132475,55.9057091101129,55.003480667770035,55.42747116088867,21756000,0.0,0.0
2019-02-21 00:00:00-05:00,55.28017041972089,55.334911449091045,54.36848815196673,54.58993911743164,28302000,0.0,0.0
2019-02-22 00:00:00-05:00,54.785511551296516,55.30007646685242,54.52176139041702,55.25678253173828,20990000,0.0,0.0
2019-02-25 00:00:00-05:00,55.5369498953794,55.66335010538717,55.102507073369644,55.2085075378418,28262000,0.0,0.0
2019-02-26 00:00:00-05:00,55.02686532958957,55.711621726207845,54.73673941099798,55.493656158447266,29426000,0.0,0.0
2019-02-27 00:00:00-05:00,55.0865832721623,55.63548183742142,54.79048512516684,55.5394401550293,19368000,0.0,0.0
2019-02-28 00:00:00-05:00,55.30306097115301,56.116708276675084,55.28862965937348,55.73202896118164,30850000,0.0,0.0
2019-03-01 00:00:00-05:00,55.97985525831326,56.87909568817499,55.97239091768361,56.78056335449219,29006000,0.0,0.0
2019-03-04 00:00:00-05:00,57.07914371603359,57.640985272826974,56.26798712779432,57.11945343017578,28920000,0.0,0.0
2019-03-05 00:00:00-05:00,57.23192070594866,58.20481353746582,57.03958296037671,57.82760238647461,28864000,0.0,0.0
2019-03-06 00:00:00-05:00,57.850494074126374,58.10309707014742,57.50214553680702,57.620086669921875,21986000,0.0,0.0
2019-03-07 00:00:00-05:00,57.51358633315577,57.56509255715372,56.47799078812375,56.89551544189453,23332000,0.0,0.0
2019-03-08 00:00:00-05:00,56.07092016839025,57.08362535422645,55.90023128576785,56.84674835205078,24248000,0.0,0.0
2019-03-11 00:00:00-04:00,56.95274585987207,58.53226633636584,56.95274585987207,58.5108642578125,34384000,0.0,0.0
2019-03-12 00:00:00-04:00,58.63527725887507,59.717154839432,58.63527725887507,59.37875747680664,40262000,0.0,0.0
2019-03-13 00:00:00-04:00,59.74925001912267,59.76343454379231,59.31605250955185,59.384727478027344,28718000,0.0,0.0
2019-03-14 00:00:00-04:00,59.443944444996795,59.6116529084971,58.94480940121188,58.9980583190918,23456000,0.0,0.0
2019-03-15 00:00:00-04:00,59.387709961516066,59.54645817569448,58.85175059802516,58.94381332397461,49236000,0.0,0.0
2019-03-18 00:00:00-04:00,58.88608672511578,59.21950656515357,58.59352332565562,58.933860778808594,25852000,0.0,0.0
2019-03-19 00:00:00-04:00,59.16029113268244,59.717155245527636,59.01398474017893,59.65992736816406,30414000,0.0,0.0
2019-03-20 00:00:00-04:00,59.58527316676868,61.06774951883273,59.52654939079663,60.90999984741211,44548000,0.0,0.0
2019-03-21 00:00:00-04:00,60.51338269693751,61.299162109123166,60.37155642875337,61.286720275878906,24080000,0.0,0.0
2019-03-22 00:00:00-04:00,61.02695298631561,61.2100837113222,59.85773958314189,59.99085998535156,34284000,0.0,0.0
2019-03-25 00:00:00-04:00,59.564377485443444,60.035545941780455,59.0722094019378,59.368804931640625,29936000,0.0,0.0
2019-03-26 00:00:00-04:00,59.64399918140026,59.85798580275361,58.55864002395027,58.951778411865234,38024000,0.0,0.0
2019-03-27 00:00:00-04:00,58.99557449497303,59.09803642869697,57.69523015862657,58.374515533447266,28004000,0.0,0.0
2019-03-28 00:00:00-04:00,58.30085961499213,58.30210493726842,57.6982641116947,58.149078369140625,19234000,0.0,0.0
2019-03-29 00:00:00-04:00,58.46806624271724,58.671604294994005,57.86990151179333,58.38894271850586,25398000,0.0,0.0
2019-04-01 00:00:00-04:00,58.92590436210306,59.550942275928314,58.82139600002202,59.43996810913086,25050000,0.0,0.0
2019-04-02 00:00:00-04:00,59.484250857373326,59.784331747837925,59.00601675229696,59.74153518676758,16558000,0.0,0.0
2019-04-03 00:00:00-04:00,60.08938449261905,60.52830360998485,59.74203072583074,60.01175308227539,20286000,0.0,0.0
2019-04-04 00:00:00-04:00,60.01274802179268,60.49695434489281,59.92267477950067,60.4636116027832,19000000,0.0,0.0
2019-04-05 00:00:00-04:00,60.46311786258338,60.52432848892795,59.96746441710323,60.07296371459961,18144000,0.0,0.0
2019-04-08 00:00:00-04:00,60.109789856644845,60.14960220043878,59.710181903502075,59.90824508666992,17204000,0.0,0.0
2019-04-09 00:00:00-04:00,59.51809401083378,59.83111032214964,59.37278236555951,59.580299377441406,17528000,0.0,0.0
2019-04-10 00:00:00-04:00,59.750989724139714,59.90550839548545,59.53974055037991,59.824642181396484,14492000,0.0,0.0
2019-04-11 00:00:00-04:00,59.91422567940727,60.11327983272833,59.72362680951196,59.94706726074219,14204000,0.0,0.0
2019-04-12 00:00:00-04:00,60.21479523163322,60.63032662741935,60.12073922845527,60.606441497802734,18668000,0.0,0.0
2019-04-15 00:00:00-04:00,60.61291329574426,60.92144949722449,60.170508740158986,60.767181396484375,23748000,0.0,0.0
2019-04-16 00:00:00-04:00,60.961256448704624,61.25088498668425,60.718407225082494,61.06725311279297,17126000,0.0,0.0
2019-04-17 00:00:00-04:00,61.359372624043786,61.735589025677164,61.1015909225068,61.52558517456055,24438000,0.0,0.0
2019-04-18 00:00:00-04:00,61.66691732084266,61.80725147537198,61.439494133344525,61.52708053588867,26636000,0.0,0.0
2019-04-22 00:00:00-04:00,61.50816724880694,62.16007826399432,61.12597860718061,62.147640228271484,16146000,0.0,0.0
2019-04-23 00:00:00-04:00,62.239701860047134,63.1508866752955,62.02521788516866,62.92943572998047,26398000,0.0,0.0
2019-04-24 00:00:00-04:00,62.90803628623463,63.101619346224965,62.454184680430714,62.50394821166992,20376000,0.0,0.0
2019-04-25 00:00:00-04:00,62.94038177558131,63.07166076045289,62.3063874646584,62.87469482421875,22146000,0.0,0.0
2019-04-26 00:00:00-04:00,63.15088840553872,63.35342792329978,62.71893242992305,63.309139251708984,24828000,0.0,0.0
2019-04-29 00:00:00-04:00,63.399704395769334,64.1596052948282,63.01627046122695,64.07550048828125,49988000,0.0,0.0
2019-04-30 00:00:00-04:00,58.97068796342451,59.35934621591536,58.473045027024305,59.14386749267578,124140000,0.0,0.0
2019-05-01 00:00:00-04:00,59.1224672851788,59.1224672851788,58.0838875130724,58.1286735534668,52784000,0.0,0.0
2019-05-02 00:00:00-04:00,58.11275401797282,58.43273731321324,57.47785983796721,57.856468200683594,38896000,0.0,0.0
2019-05-03 00:00:00-04:00,58.40586099928294,59.0602626625083,58.174458860908274,58.99059295654297,39614000,0.0,0.0
2019-05-06 00:00:00-04:00,58.038105687973676,59.26180950448748,58.038105687973676,59.18915557861328,31278000,0.0,0.0
2019-05-07 00:00:00-04:00,58.74525224781861,59.241403058545146,57.77833166057692,58.42825698852539,31028000,0.0,0.0
2019-05-08 00:00:00-04:00,58.32424671552625,58.742963545910506,58.01222514798573,58.03860092163086,26186000,0.0,0.0
2019-05-09 00:00:00-04:00,57.678310362731295,58.20730657649306,57.27123803766924,57.84502029418945,23714000,0.0,0.0
2019-05-10 00:00:00-04:00,57.9052353552376,58.3536121295583,56.8557058190785,57.9390754699707,26290000,0.0,0.0
2019-05-13 00:00:00-04:00,56.82883238830084,57.12642265190548,55.84101085496842,56.33467483520508,37212000,0.0,0.0
2019-05-14 00:00:00-04:00,56.59245222192027,56.75219517791062,55.71361538083183,55.757904052734375,36732000,0.0,0.0
2019-05-15 00:00:00-04:00,55.63000993451271,58.29040929793854,55.570093988631704,57.93608474731445,45786000,0.0,0.0
2019-05-16 00:00:00-04:00,57.95101581846424,59.127944097167834,57.86790953917246,58.67110824584961,30628000,0.0,0.0
2019-05-17 00:00:00-04:00,58.1480818193599,58.72932838029114,57.72707557865508,57.84103775024414,24172000,0.0,0.0
2019-05-20 00:00:00-04:00,56.95523413604637,57.06954561329372,56.30546443310661,56.674068450927734,27066000,0.0,0.0
2019-05-21 00:00:00-04:00,57.15379119487254,57.363696334465416,56.628777762755135,57.21052169799805,23196000,0.0,0.0
2019-05-22 00:00:00-04:00,57.067205624870695,57.65292854010198,57.024405264314254,57.29960250854492,18290000,0.0,0.0
2019-05-23 00:00:00-04:00,56.75617860139694,57.02853590242101,56.19503561652966,56.769615173339844,23978000,0.0,0.0
2019-05-24 00:00:00-04:00,57.09755606957456,57.217239886175,56.3162568648197,56.40633010864258,22240000,0.0,0.0
2019-05-28 00:00:00-04:00,56.432709762472314,57.307913155709805,56.38891466303889,56.4401741027832,27300000,0.0,0.0
2019-05-29 00:00:00-04:00,56.110231804772276,56.188861752248926,55.1497808543512,55.55984115600586,30764000,0.0,0.0
2019-05-30 00:00:00-04:00,55.51406063005833,55.89177295575776,55.34386531800686,55.63399124145508,19038000,0.0,0.0
2019-05-31 00:00:00-04:00,54.80491861940927,55.21846054321637,54.74968022231899,54.92136764526367,30156000,0.0,0.0
2019-06-03 00:00:00-04:00,53.023854919131,53.023854919131,51.008399564013565,51.56725311279297,102612000,0.0,0.0
2019-06-04 00:00:00-04:00,51.89918197201824,52.55358364428853,51.44085401500122,52.40428924560547,56670000,0.0,0.0
2019-06-05 00:00:00-04:00,52.32914399952168,52.42917223249062,51.28160776458938,51.86534118652344,43368000,0.0,0.0
2019-06-06 00:00:00-04:00,52.003188459278576,52.127599190926524,51.44135068861015,51.97084045410156,34064000,0.0,0.0
2019-06-07 00:00:00-04:00,52.283859903734104,53.29357705503902,52.17288194839505,53.050724029541016,36048000,0.0,0.0
2019-06-10 00:00:00-04:00,53.39609236861108,54.375454864017414,53.36334950309302,53.76435089111328,29284000,0.0,0.0
2019-06-11 00:00:00-04:00,54.44114341620072,54.83975285799153,53.62615211294234,53.681739807128906,28734000,0.0,0.0
2019-06-12 00:00:00-04:00,53.645912418909404,53.79172144119444,53.125375272431874,53.59764099121094,21220000,0.0,0.0
2019-06-13 00:00:00-04:00,53.92657843715668,54.450597148430646,53.75290153811729,54.18186950683594,21154000,0.0,0.0
2019-06-14 00:00:00-04:00,54.064925726975694,54.376947316844735,53.753997590878555,54.011680603027344,22230000,0.0,0.0
2019-06-17 00:00:00-04:00,54.057954145601556,54.69991396624889,54.057954145601556,54.367488861083984,18832000,0.0,0.0
2019-06-18 00:00:00-04:00,55.22293739561331,55.55635723672824,54.69045962958759,54.91987228393555,27734000,0.0,0.0
2019-06-19 00:00:00-04:00,55.01940136774883,55.089071074517996,54.41625913626962,54.85667419433594,26776000,0.0,0.0
2019-06-20 00:00:00-04:00,55.735509732228444,55.74197933318533,54.97660351904433,55.30902862548828,25240000,0.0,0.0
2019-06-21 00:00:00-04:00,55.20054632058306,55.940541116664505,55.14281728026362,55.829566955566406,38952000,0.0,0.0
2019-06-24 00:00:00-04:00,55.716599596452376,55.835535467517474,55.28862637107411,55.513065338134766,27912000,0.0,0.0
2019-06-25 00:00:00-04:00,55.3707402996333,55.45484132094592,53.9345419457888,54.06144332885742,30938000,0.0,0.0
2019-06-26 00:00:00-04:00,54.06890492770672,54.390877685086735,53.359264866516185,53.7354850769043,36218000,0.0,0.0
2019-06-27 00:00:00-04:00,53.94449732962151,54.09876543143291,53.511049220367816,53.546878814697266,20086000,0.0,0.0
2019-06-28 00:00:00-04:00,53.56578936372995,53.79520203427845,53.41550022115428,53.79072570800781,33864000,0.0,0.0
2019-07-01 00:00:00-04:00,54.64119303702516,55.117935035929264,54.42735450570501,54.638702392578125,28726000,0.0,0.0
2019-07-02 00:00:00-04:00,54.85219466888646,55.32644984636485,54.6496551474813,55.30057144165039,19832000,0.0,0.0
2019-07-03 00:00:00-04:00,55.60711921265963,56.0724179499405,55.43045809260808,55.81463623046875,15340000,0.0,0.0
2019-07-05 00:00:00-04:00,55.62652615065963,56.376973299482984,55.54391724197389,56.312774658203125,25286000,0.0,0.0
2019-07-08 00:00:00-04:00,55.99329004132325,56.03359975746373,55.298582438373096,55.55437088012695,24728000,0.0,0.0
2019-07-09 00:00:00-04:00,55.32794231462483,56.13536677119155,55.09753490871124,55.97637176513672,26608000,0.0,0.0
2019-07-10 00:00:00-04:00,56.294361763553525,56.83330912312616,56.281919931531775,56.75517654418945,24190000,0.0,0.0
2019-07-11 00:00:00-04:00,56.8930294699083,57.38171597690481,56.71039611472232,56.94080352783203,23910000,0.0,0.0
2019-07-12 00:00:00-04:00,56.92985239411904,57.096562313657124,56.67057858475566,56.975135803222656,17280000,0.0,0.0
2019-07-15 00:00:00-04:00,57.07267770530164,57.26974616571097,56.70143876896865,57.24585723876953,18076000,0.0,0.0
2019-07-16 00:00:00-04:00,57.029878103402666,57.65591450910245,56.98011457054416,57.4070930480957,24776000,0.0,0.0
2019-07-17 00:00:00-04:00,57.277208463077635,57.64496579919686,57.018435809633786,57.047298431396484,23400000,0.0,0.0
2019-07-18 00:00:00-04:00,56.81788487602209,57.1097496863196,56.369508116471984,57.046302795410156,25814000,0.0,0.0
2019-07-19 00:00:00-04:00,57.138859627355025,57.28566337002699,56.214735648404556,56.238624572753906,32944000,0.0,0.0
2019-07-22 00:00:00-04:00,56.40533625471382,56.69397005379321,55.94700831907063,56.63524627685547,26030000,0.0,0.0
2019-07-23 00:00:00-04:00,56.93035336980837,57.07467027870986,56.32322837260709,57.04033279418945,21874000,0.0,0.0
2019-07-24 00:00:00-04:00,56.328205755826744,56.930353259355776,56.08386061131192,56.622310638427734,31796000,0.0,0.0
2019-07-25 00:00:00-04:00,56.62280578872864,56.81589148542682,55.781791832434216,56.339149475097656,44196000,0.0,0.0
2019-07-26 00:00:00-04:00,60.91348413600985,62.979200399541234,60.91149465776751,62.22576904296875,96116000,0.0,0.0
2019-07-29 00:00:00-04:00,61.75997797016164,62.07448639078107,61.121997086513204,61.67836380004883,44474000,0.0,0.0
2019-07-30 00:00:00-04:00,60.98166395852916,61.45243375658869,60.876662026700735,60.96822738647461,29066000,0.0,0.0
2019-07-31 00:00:00-04:00,60.86173053082744,61.40913698255047,60.103519118472,60.547218322753906,34510000,0.0,0.0
2019-08-01 00:00:00-04:00,60.41534354363899,61.41461213990913,60.00180163798671,60.16552734375,33970000,0.0,0.0
2019-08-02 00:00:00-04:00,59.75397846076589,60.06052897889241,59.16675962664151,59.41807174682617,32902000,0.0,0.0
2019-08-05 00:00:00-04:00,58.22621191821517,58.484988366330526,56.7382606300517,57.344390869140625,51950000,0.0,0.0
2019-08-06 00:00:00-04:00,57.89130126810204,58.71987721561768,57.72658081774822,58.221736907958984,34188000,0.0,0.0
2019-08-07 00:00:00-04:00,57.527525238332395,58.64448446373172,57.210230013713534,58.422786712646484,28886000,0.0,0.0
2019-08-08 00:00:00-04:00,58.8626957676452,59.96646891257173,58.37451046522912,59.95602035522461,29360000,0.0,0.0
2019-08-09 00:00:00-04:00,59.61712777974396,59.91023791948621,58.901166179612424,59.120479583740234,21314000,0.0,0.0
2019-08-12 00:00:00-04:00,58.682548325175674,58.968695276062284,58.10836745649929,58.45861053466797,20060000,0.0,0.0
2019-08-13 00:00:00-04:00,58.29688174324611,59.955024588268486,58.29688174324611,59.581295013427734,25888000,0.0,0.0
2019-08-14 00:00:00-04:00,58.53823586288448,58.83632729889537,57.75345500081766,57.94007110595703,31574000,0.0,0.0
2019-08-15 00:00:00-04:00,57.900754268105736,58.51484622211969,57.831581931063766,58.087867736816406,24374000,0.0,0.0
2019-08-16 00:00:00-04:00,58.69947247004583,58.85722594640751,58.314295811155525,58.60243225097656,26266000,0.0,0.0
2019-08-19 00:00:00-04:00,59.22398969627737,60.065003679041375,59.22398969627737,59.640018463134766,24632000,0.0,0.0
2019-08-20 00:00:00-04:00,59.48076980328456,59.52107951699582,58.826865528745984,58.85572814941406,18310000,0.0,0.0
2019-08-21 00:00:00-04:00,59.37626876687907,59.667389431986415,59.091613906285176,59.281715393066406,14814000,0.0,0.0
2019-08-22 00:00:00-04:00,59.42205232432363,59.61822476649189,58.65120537676469,59.19612503051758,18950000,0.0,0.0
2019-08-23 00:00:00-04:00,58.820896451545366,59.42254658204272,57.11696903452274,57.29313278198242,33740000,0.0,0.0
2019-08-26 00:00:00-04:00,57.590223739051225,58.19784608071713,57.37623713079554,58.168983459472656,24522000,0.0,0.0
2019-08-27 00:00:00-04:00,58.74824486473862,58.84130233628098,57.798739730991535,58.11673355102539,21544000,0.0,0.0
2019-08-28 00:00:00-04:00,57.81167699516864,58.54371009651403,57.59221931300997,58.27498245239258,16040000,0.0,0.0
2019-08-29 00:00:00-04:00,58.777602338513084,59.521082526654624,58.777602338513084,59.3613395690918,21768000,0.0,0.0
2019-08-30 00:00:00-04:00,59.64250331703099,59.64250331703099,58.91111948432108,59.12495422363281,22596000,0.0,0.0
2019-09-03 00:00:00-04:00,58.57406668358554,59.064742638213424,57.885824908217344,58.144100189208984,29598000,0.0,0.0
2019-09-04 00:00:00-04:00,58.558141359292,58.89504660250036,58.27398766505066,58.79203414916992,21378000,0.0,0.0
2019-09-05 00:00:00-04:00,59.29564487107562,60.366075243405774,59.29564487107562,60.28346633911133,28162000,0.0,0.0
2019-09-06 00:00:00-04:00,60.12173564577959,60.31506812747567,59.84265437479999,59.962486267089844,21442000,0.0,0.0
2019-09-09 00:00:00-04:00,59.916211447209676,60.712439401326826,59.349893531771514,59.936614990234375,29438000,0.0,0.0
2019-09-10 00:00:00-04:00,59.475793511525104,60.21479355433821,59.44742825983299,60.0157356262207,25202000,0.0,0.0
2019-09-11 00:00:00-04:00,59.886854421979045,60.841830644649825,59.826638529086594,60.72090148925781,26140000,0.0,0.0
2019-09-12 00:00:00-04:00,60.92642517715978,61.8002845379137,60.86272770105439,61.42158126831055,34518000,0.0,0.0
2019-09-13 00:00:00-04:00,61.277264732406614,61.75151611740423,61.06128484042773,61.685829162597656,26028000,0.0,0.0
2019-09-16 00:00:00-04:00,61.186191491381194,61.68582386886842,60.99160989812441,61.2747688293457,21066000,0.0,0.0
2019-09-17 00:00:00-04:00,61.22998337815133,61.45889865843943,60.89606617406367,61.16777801513672,19102000,0.0,0.0
2019-09-18 00:00:00-04:00,61.0861692934794,61.48925886678623,60.53975754868249,61.330013275146484,22702000,0.0,0.0
2019-09-19 00:00:00-04:00,61.312594983198636,61.92867640927967,61.31060550494818,61.64352798461914,19920000,0.0,0.0
2019-09-20 00:00:00-04:00,61.36534841881642,61.872946376559085,60.86571596824194,61.206600189208984,45400000,0.0,0.0
2019-09-23 00:00:00-04:00,61.01102888835701,61.66244261079167,60.91996089079144,61.41063690185547,21248000,0.0,0.0
2019-09-24 00:00:00-04:00,61.707727882590106,62.04314103425925,60.24863909880524,60.650733947753906,31664000,0.0,0.0
2019-09-25 00:00:00-04:00,60.50442100986405,62.12076573793511,60.21927259268794,62.03218460083008,29060000,0.0,0.0
2019-09-26 00:00:00-04:00,61.80525886693716,61.95654273789057,61.3229432882952,61.776893615722656,30760000,0.0,0.0
2019-09-27 00:00:00-04:00,61.85752013070304,61.9077810380247,60.43625040955131,60.96574401855469,27078000,0.0,0.0
2019-09-30 00:00:00-04:00,60.760708908848436,61.01102248264658,60.32925409817563,60.66267395019531,28082000,0.0,0.0
2019-10-01 00:00:00-04:00,60.662674455316896,61.271291551398,59.895309141686674,59.970951080322266,25470000,0.0,0.0
2019-10-02 00:00:00-04:00,59.566862459981536,59.566862459981536,58.28841765138535,58.554161071777344,32302000,0.0,0.0
2019-10-03 00:00:00-04:00,58.72186587235956,59.172729487118104,57.847505359208476,59.11151885986328,32424000,0.0,0.0
2019-10-04 00:00:00-04:00,59.31356510266346,60.28645415237323,59.1782046452877,60.16503143310547,23248000,0.0,0.0
2019-10-07 00:00:00-04:00,59.93611399388769,60.623057280009746,59.903765989412165,60.09933853149414,16858000,0.0,0.0
2019-10-08 00:00:00-04:00,59.597222388254465,60.019720759755366,59.17024389383506,59.17621612548828,20786000,0.0,0.0
2019-10-09 00:00:00-04:00,59.684802626914205,60.13268201599546,59.599209502280225,59.83210754394531,17354000,0.0,0.0
2019-10-10 00:00:00-04:00,59.6464860994613,60.463614925605086,59.584778103869276,60.14860534667969,16932000,0.0,0.0
2019-10-11 00:00:00-04:00,60.82241938497513,61.12996084520268,60.40091574516942,60.48601150512695,25454000,0.0,0.0
2019-10-14 00:00:00-04:00,60.331247639322285,61.027451178256655,60.30238501564895,60.57011413574219,17350000,0.0,0.0
2019-10-15 00:00:00-04:00,60.732342003473995,62.07249477286856,60.732342003473995,61.857513427734375,27634000,0.0,0.0
2019-10-16 00:00:00-04:00,61.76594398992986,62.44124654852317,61.630587334509116,61.88886260986328,21892000,0.0,0.0
2019-10-17 00:00:00-04:00,62.25165262194958,62.868478252777216,62.20238645435684,62.35814666748047,19048000,0.0,0.0
2019-10-18 00:00:00-04:00,62.377554119934935,62.64777387979179,61.76147265850779,61.980934143066406,27056000,0.0,0.0
2019-10-21 00:00:00-04:00,62.31783090987912,62.43572268096917,61.73757908624405,62.013771057128906,20544000,0.0,0.0
2019-10-22 00:00:00-04:00,62.098377090568995,62.23522586390182,61.77640052376962,61.84706497192383,20476000,0.0,0.0
2019-10-23 00:00:00-04:00,61.82516936344747,62.697536631841004,61.82516936344747,62.65971755981445,18230000,0.0,0.0
2019-10-24 00:00:00-04:00,62.74779725130922,62.90206914636595,62.390241675374206,62.75227737426758,20562000,0.0,0.0
2019-10-25 00:00:00-04:00,62.25661940381704,63.1807434117151,62.20586113305566,62.95829772949219,24262000,0.0,0.0
2019-10-28 00:00:00-04:00,63.47186673440711,64.65924355769964,63.327052459218216,64.19593811035156,52264000,0.0,0.0
2019-10-29 00:00:00-04:00,63.51068902111569,63.77742340417985,62.564270598398785,62.833396911621094,37728000,0.0,0.0
2019-10-30 00:00:00-04:00,62.353161211173436,63.16879789687971,62.304889788949644,62.7672004699707,28178000,0.0,0.0
2019-10-31 00:00:00-04:00,62.766707263225605,63.084701068203586,62.24731674897585,62.7084846496582,29114000,0.0,0.0
2019-11-01 00:00:00-04:00,62.951831952544346,63.43056345881531,62.72789414807873,63.38677215576172,33402000,0.0,0.0
2019-11-04 00:00:00-05:00,63.52163270798824,64.40146432011802,63.51690579855676,64.26411437988281,30020000,0.0,0.0
2019-11-05 00:00:00-05:00,64.33975548500658,64.64033374920395,64.25709342498101,64.29695892333984,25654000,0.0,0.0
2019-11-06 00:00:00-05:00,64.16906198130528,64.38155647495216,63.82270294261476,64.28550720214844,23060000,0.0,0.0
2019-11-07 00:00:00-05:00,64.4089312577052,65.8749870228822,64.40719236243862,65.1344985961914,40600000,0.0,0.0
2019-11-08 00:00:00-05:00,64.95633048706195,65.58933381674632,64.91079270044314,65.25939178466797,25028000,0.0,0.0
2019-11-11 00:00:00-05:00,64.85182750311274,65.01331694585261,64.56468959989341,64.65327453613281,20238000,0.0,0.0
2019-11-12 00:00:00-05:00,64.69358007738889,65.19122300106112,64.48307505526301,64.63386535644531,21718000,0.0,0.0
2019-11-13 00:00:00-05:00,64.39847882733783,64.90756506466865,64.37061094417324,64.59405517578125,16534000,0.0,0.0
2019-11-14 00:00:00-05:00,64.56916273288543,65.53956481596582,64.47710001638427,65.26387023925781,23870000,0.0,0.0
2019-11-15 00:00:00-05:00,65.63611716017243,66.42936469168632,65.40421384698203,66.42886352539062,35652000,0.0,0.0
2019-11-18 00:00:00-05:00,66.29699020995012,66.46166130960448,65.56445971504297,65.72370910644531,29748000,0.0,0.0
2019-11-19 00:00:00-05:00,66.072058533428,66.072058533428,65.33056778256957,65.46294403076172,25384000,0.0,0.0
2019-11-20 00:00:00-05:00,65.27781315828965,65.44004676177107,64.25317108075274,64.8453598022461,26172000,0.0,0.0
2019-11-21 00:00:00-05:00,64.76722704711746,65.32011214795864,64.34522986820015,64.76075744628906,19910000,0.0,0.0
2019-11-22 00:00:00-05:00,64.9732621121679,65.1280313900161,64.26611640669779,64.46168518066406,27714000,0.0,0.0
2019-11-25 00:00:00-05:00,64.65277116812281,65.2564107418015,64.60052078877213,65.02650451660156,20724000,0.0,0.0
2019-11-26 00:00:00-05:00,65.18424990245441,65.43008713813659,64.94687933913627,65.36788177490234,21394000,0.0,0.0
2019-11-27 00:00:00-05:00,65.44003982190893,65.60724710343538,65.17280431515324,65.34001159667969,19912000,0.0,0.0
2019-11-29 00:00:00-05:00,65.04790700507128,65.20142335264666,64.89114826345056,64.94041442871094,11740000,0.0,0.0
2019-12-02 00:00:00-05:00,64.74334475370104,64.98369953301966,63.748058947147165,64.19195556640625,30218000,0.0,0.0
2019-12-03 00:00:00-05:00,63.676897827090066,64.61699466454785,63.64853257446234,64.45869445800781,22876000,0.0,0.0
2019-12-04 00:00:00-05:00,65.04242712030997,65.97749704232136,64.93592929133032,65.71573638916016,30750000,0.0,0.0
2019-12-05 00:00:00-05:00,66.08698285251107,66.15456436637218,65.51170470755393,66.09345245361328,24254000,0.0,0.0
2019-12-06 00:00:00-05:00,66.35769519337529,66.88320600003146,66.35769519337529,66.71500396728516,26296000,0.0,0.0
2019-12-09 00:00:00-05:00,66.58661300524903,67.65206970557931,66.5766580207919,66.86131286621094,27086000,0.0,0.0
2019-12-10 00:00:00-05:00,66.75879387285619,67.18054806487582,66.48708582311282,66.91605377197266,21882000,0.0,0.0
2019-12-11 00:00:00-05:00,67.22358847233032,67.24150136778351,66.81701358413605,66.9339599609375,17008000,0.0,0.0
2019-12-12 00:00:00-05:00,66.97974225045597,67.46917663051258,66.70902896082136,67.19522094726562,25620000,0.0,0.0
2019-12-13 00:00:00-05:00,67.07978282733265,67.33571935387043,66.87674212764139,67.07381439208984,30992000,0.0,0.0
2019-12-16 00:00:00-05:00,67.50525880201461,67.91233490058754,67.31466375129214,67.73766326904297,27946000,0.0,0.0
2019-12-17 00:00:00-05:00,67.82325703299368,67.92825896073309,67.247629600667,67.43658447265625,37080000,0.0,0.0
2019-12-18 00:00:00-05:00,67.51024656861934,67.70283111603904,67.23156772269617,67.31217956542969,30452000,0.0,0.0
2019-12-19 00:00:00-05:00,67.27236462737935,67.58487974581826,67.13127873709372,67.48236846923828,29398000,0.0,0.0
2019-12-20 00:00:00-05:00,67.84614470184587,67.86057221439572,67.13202079776676,67.16138458251953,66300000,0.0,0.0
2019-12-23 00:00:00-05:00,67.47391364590042,67.66948239366515,67.00811756260075,67.12406921386719,17662000,0.0,0.0
2019-12-24 00:00:00-05:00,67.10715010633261,67.19473270795619,66.82249526091358,66.86131286621094,6950000,0.0,0.0
2019-12-26 00:00:00-05:00,66.9912004593127,67.7454784918378,66.90660207246883,67.6993408203125,13350000,0.0,0.0
2019-12-27 00:00:00-05:00,67.82822465787146,67.90486512372493,67.14745108359614,67.27584075927734,20768000,0.0,0.0
2019-12-30 00:00:00-05:00,67.18179935949493,67.33109376564626,66.38656232816334,66.4920654296875,21018000,0.0,0.0
2019-12-31 00:00:00-05:00,66.19198971795848,66.58463074934163,66.1409770613322,66.53585815429688,19236000,0.0,0.0
2020-01-02 00:00:00-05:00,66.76128167030431,68.08451242121659,66.76128167030431,68.04619598388672,28132000,0.0,0.0
2020-01-03 00:00:00-05:00,67.07529792848747,68.3014923595591,66.96004487038897,67.7122802734375,23728000,0.0,0.0
2020-01-06 00:00:00-05:00,67.18179957634237,69.49583630215592,67.18179957634237,69.38188171386719,34646000,0.0,0.0
2020-01-07 00:00:00-05:00,69.56749635097823,69.81880085783358,69.19127235651817,69.33857727050781,30054000,0.0,0.0
2020-01-08 00:00:00-05:00,69.27588002329139,70.24628990579961,69.21417581732828,69.88500213623047,30560000,0.0,0.0
2020-01-09 00:00:00-05:00,70.69366559184249,71.03006966342882,70.18108638448635,70.6568374633789,30018000,0.0,0.0
2020-01-10 00:00:00-05:00,71.0415118760559,71.40822890881397,70.58318772267843,71.14950561523438,36414000,0.0,0.0
2020-01-13 00:00:00-05:00,71.46799296355893,71.68645588790679,70.96487520274847,71.62226104736328,33046000,0.0,0.0
2020-01-14 00:00:00-05:00,71.61131151401857,71.7501497524394,71.08182177626512,71.20672607421875,31178000,0.0,0.0
2020-01-15 00:00:00-05:00,71.17339126528485,71.73000479006916,71.17339126528485,71.62077331542969,25654000,0.0,0.0
2020-01-16 00:00:00-05:00,72.03083501729223,72.25726347773951,71.70636779455128,72.24282836914062,23474000,0.0,0.0
2020-01-17 00:00:00-05:00,72.80068235222082,73.71559936874215,72.56729073297409,73.67056274414062,47924000,0.0,0.0
2020-01-21 00:00:00-05:00,73.60736178318743,74.24085873765915,73.21322488000433,73.8701171875,40734000,0.0,0.0
2020-01-22 00:00:00-05:00,74.19856247091646,74.80637844327426,73.89648829768433,73.94725036621094,32216000,0.0,0.0
2020-01-23 00:00:00-05:00,74.03135230690454,74.42349211859683,73.75565771445824,73.9820785522461,27024000,0.0,0.0
2020-01-24 00:00:00-05:00,74.32744252128684,74.4222464701563,72.9171227279688,72.98978424072266,35692000,0.0,0.0
2020-01-27 00:00:00-05:00,71.21270441236497,71.56453831893283,70.7250088867633,71.35701751708984,35104000,0.0,0.0
2020-01-28 00:00:00-05:00,71.80987056953984,72.45680784544032,71.28584811088646,72.28561401367188,31548000,0.0,0.0
2020-01-29 00:00:00-05:00,72.59615133988797,72.92608580028646,71.99598954595203,72.58769226074219,21554000,0.0,0.0
2020-01-30 00:00:00-05:00,71.65859679392226,72.52051172814387,71.48143450289146,72.4488525390625,26788000,0.0,0.0
2020-01-31 00:00:00-05:00,73.09876926273381,73.15997988949793,71.08978349020452,71.37344360351562,48344000,0.0,0.0
2020-02-03 00:00:00-05:00,72.75539861661565,74.14880041149051,72.60561063831744,73.9467544555664,60736000,0.0,0.0
2020-02-04 00:00:00-05:00,72.51005593547625,73.12862419014942,70.97881076505283,72.01241302490234,78660000,0.0,0.0
2020-02-05 00:00:00-05:00,72.77630316487429,72.84696761397448,71.19081040286896,72.07014465332031,39724000,0.0,0.0
2020-02-06 00:00:00-05:00,72.17465331733683,73.7506846735692,72.13683044795762,73.46354675292969,33588000,0.0,0.0
2020-02-07 00:00:00-05:00,73.0191465255916,73.9417784810976,72.97186983877486,73.61283874511719,23446000,0.0,0.0
2020-02-10 00:00:00-05:00,73.36849619841237,75.11919911374271,73.36849619841237,75.0783920288086,28398000,0.0,0.0
2020-02-11 00:00:00-05:00,75.23415143302483,76.12094993003758,74.92700486107067,75.0838623046875,26892000,0.0,0.0
2020-02-12 00:00:00-05:00,75.3670279617218,75.67631590798648,75.05003268527967,75.55563354492188,23352000,0.0,0.0
2020-02-13 00:00:00-05:00,75.27795305804572,75.9990402732199,74.8753646334748,75.37599182128906,18590000,0.0,0.0
2020-02-14 00:00:00-05:00,75.42275089360278,75.67854309082031,75.01169588523206,75.67854309082031,23956000,0.0,0.0
2020-02-18 00:00:00-05:00,75.39290067714538,76.22047804003175,75.27297007257756,75.62529754638672,22414000,0.0,0.0
2020-02-19 00:00:00-05:00,75.89402809598543,76.24416865845099,75.71139096366512,75.97464752197266,18986000,0.0,0.0
2020-02-20 00:00:00-05:00,75.74125716479779,76.12146015343936,74.98584007034944,75.54966735839844,21932000,0.0,0.0
2020-02-21 00:00:00-05:00,75.04604260504198,75.25430756546942,73.67305203772625,73.90544891357422,34634000,0.0,0.0
2020-02-24 00:00:00-05:00,70.96934780847315,71.50979486204967,70.23682499273656,70.74441528320312,57342000,0.0,0.0
2020-02-25 00:00:00-05:00,71.31223804095893,71.56802269658145,68.79416586579799,69.0952377319336,49566000,0.0,0.0
2020-02-26 00:00:00-05:00,69.47791709749559,70.45131107313085,68.62495489411518,69.33061218261719,44048000,0.0,0.0
2020-02-27 00:00:00-05:00,67.78194857537117,68.26187602826585,65.5480302915154,65.59381866455078,59566000,0.0,0.0
2020-02-28 00:00:00-05:00,63.57388465682393,66.7408834910293,63.250415991203695,66.65081024169922,75782000,0.0,0.0
2020-03-02 00:00:00-05:00,67.26192108612972,69.215672482577,66.02801919562621,69.12808227539062,48630000,0.0,0.0
2020-03-03 00:00:00-05:00,69.64114513956,70.17511501279238,66.28603443608321,66.75332641601562,48046000,0.0,0.0
2020-03-04 00:00:00-05:00,67.64112175406288,69.07732003369244,66.83892159728137,68.99918365478516,38266000,0.0,0.0
2020-03-05 00:00:00-05:00,67.1917442822063,67.62519232735532,64.94737001696318,65.6410903930664,51226000,0.0,0.0
2020-03-06 00:00:00-05:00,63.551987477831716,65.0031106203281,62.75526219438357,64.61445617675781,53212000,0.0,0.0
2020-03-09 00:00:00-04:00,59.98090344904182,62.44224502549843,59.7171532961249,60.491485595703125,67308000,0.0,0.0
2020-03-10 00:00:00-04:00,62.703006340955795,63.755523823884545,60.6512240867388,63.71770095825195,52228000,0.0,0.0
2020-03-11 00:00:00-04:00,62.19043436266598,62.750779999587806,59.521575983051314,60.48401641845703,52170000,0.0,0.0
2020-03-12 00:00:00-04:00,56.03459072510004,59.412094420022555,55.402585902001995,55.482704162597656,84534000,0.0,0.0
2020-03-13 00:00:00-04:00,58.672102616166846,60.700493420966005,55.59383298985285,60.69900131225586,74002000,0.0,0.0
2020-03-16 00:00:00-04:00,54.54166381410045,57.341751934157784,53.46874654876713,53.960914611816406,85048000,0.0,0.0
2020-03-17 00:00:00-04:00,54.39784304976598,56.27644580827855,52.55158829559161,55.72605514526367,77230000,0.0,0.0
2020-03-18 00:00:00-04:00,52.576471361871874,55.064188532459035,51.61950198432473,54.58147430419922,84668000,0.0,0.0
2020-03-19 00:00:00-04:00,54.39486379137895,57.62556027175729,52.75552980752347,55.50162124633789,73022000,0.0,0.0
2020-03-20 00:00:00-04:00,56.518301219717166,56.92985364737396,53.023357470335,53.36324691772461,72036000,0.0,0.0
2020-03-23 00:00:00-04:00,52.81584393747912,53.31348689204805,50.43790473543113,52.58195114135742,80882000,0.0,0.0
2020-03-24 00:00:00-04:00,54.92833442896245,56.482473882609035,54.273932745682316,56.45560073852539,66890000,0.0,0.0
2020-03-25 00:00:00-04:00,56.057984515488805,57.174195720333074,54.04451861574049,54.8646354675293,81630000,0.0,0.0
2020-03-26 00:00:00-04:00,55.32793956459401,58.22272907580746,54.4187442255657,57.81366729736328,71434000,0.0,0.0
2020-03-27 00:00:00-04:00,56.0181718086943,57.26227912123866,55.0348304215655,55.27369689941406,64170000,0.0,0.0
2020-03-30 00:00:00-04:00,55.98681933569691,57.310053987846615,54.5655535212399,57.07068634033203,51482000,0.0,0.0
2020-03-31 00:00:00-04:00,57.0945790583464,58.48847445224497,56.63873792005758,57.86642074584961,49728000,0.0,0.0
2020-04-01 00:00:00-04:00,55.83553656818428,56.21822639006784,54.61382603119818,55.0203971862793,46884000,0.0,0.0
2020-04-02 00:00:00-04:00,54.65412981425825,56.077388876340756,54.56156971898551,55.777809143066406,39298000,0.0,0.0
2020-04-03 00:00:00-04:00,55.68698917729453,55.9121723009795,53.735983002642314,54.635223388671875,46268000,0.0,0.0
2020-04-06 00:00:00-04:00,56.63176991296861,59.45141508398073,56.28043334817538,59.06623840332031,53294000,0.0,0.0
2020-04-07 00:00:00-04:00,60.76220678621572,60.961264736535085,58.83284550940347,59.04583740234375,47746000,0.0,0.0
2020-04-08 00:00:00-04:00,60.040621038171174,60.66615629570455,59.127944075022896,60.228729248046875,39502000,0.0,0.0
2020-04-09 00:00:00-04:00,60.91547240120894,60.989622228115614,59.55466931054919,60.286949157714844,43508000,0.0,0.0
2020-04-13 00:00:00-04:00,60.17398375857181,60.73781477352438,59.09997309442739,60.591007232666016,34796000,0.0,0.0
2020-04-14 00:00:00-04:00,61.961023685857924,63.80130623274621,61.554946121401194,63.162330627441406,49408000,0.0,0.0
2020-04-15 00:00:00-04:00,61.9868994469199,63.72118915650483,61.7276294245941,62.825927734375,33434000,0.0,0.0
2020-04-16 00:00:00-04:00,63.40469049588155,63.64853447989354,61.838109172983856,62.875694274902344,50362000,0.0,0.0
2020-04-17 00:00:00-04:00,63.93965582370902,64.41639407233707,63.261866357252494,63.86003112792969,38980000,0.0,0.0
2020-04-20 00:00:00-04:00,63.250414839386714,63.77791892024484,62.77118597958641,63.031951904296875,33910000,0.0,0.0
2020-04-21 00:00:00-04:00,62.05607438561519,62.41786330113896,60.200365676686566,60.530303955078125,43060000,0.0,0.0
2020-04-22 00:00:00-04:00,61.98341681601576,63.977618159046905,61.807249278039805,62.86275100708008,41848000,0.0,0.0
2020-04-23 00:00:00-04:00,63.277786692310215,64.36065516576451,62.98517392268929,63.51466369628906,31324000,0.0,0.0
2020-04-24 00:00:00-04:00,62.76123371223657,63.7181993645888,62.17799763837952,63.66395950317383,32792000,0.0,0.0
2020-04-27 00:00:00-04:00,64.49452898196564,64.50199332243506,63.15089074675797,63.49326705932617,32012000,0.0,0.0
2020-04-28 00:00:00-04:00,64.09292731319228,64.09889574815824,61.31956415862492,61.39271545410156,59026000,0.0,0.0
2020-04-29 00:00:00-04:00,66.75681013141886,67.67894095083167,65.95460992813778,66.75780487060547,75872000,0.0,0.0
2020-04-30 00:00:00-04:00,65.9317144995185,67.322124299803,65.81277104508118,67.11510467529297,53378000,0.0,0.0
2020-05-01 00:00:00-04:00,66.11186400966974,67.28480568237357,65.24098891217992,65.71922302246094,41450000,0.0,0.0
2020-05-04 00:00:00-04:00,65.1031395852676,66.07006398278777,64.64381309881045,66.02725982666016,30080000,0.0,0.0
2020-05-05 00:00:00-04:00,66.58064647772801,68.37315120561578,66.55775229084932,67.23703002929688,33030000,0.0,0.0
2020-05-06 00:00:00-04:00,67.76353771878418,68.23281156130867,67.04693074359453,67.04742431640625,24308000,0.0,0.0
2020-05-07 00:00:00-04:00,67.97504058616973,68.55529246851148,67.44405487163053,68.30448150634766,27952000,0.0,0.0
2020-05-08 00:00:00-04:00,68.8304892564852,69.6083069281213,68.4497927136965,69.09125518798828,27738000,0.0,0.0
2020-05-11 00:00:00-04:00,68.58913976165604,70.49262268743514,68.53300153777937,69.8322525024414,28242000,0.0,0.0
2020-05-12 00:00:00-04:00,70.02433415146153,70.41647398250896,68.41445898317728,68.46273040771484,27812000,0.0,0.0
2020-05-13 00:00:00-04:00,68.52791275309383,68.9475255638874,66.1068774417702,67.14844512939453,36252000,0.0,0.0
2020-05-14 00:00:00-04:00,66.43633400209168,67.55105703496788,65.88345640572847,67.48686218261719,32062000,0.0,0.0
2020-05-15 00:00:00-04:00,67.18179659437172,68.4000255339908,66.63438632549058,68.33583068847656,34154000,0.0,0.0
2020-05-18 00:00:00-04:00,67.76652942661171,69.28807029819045,67.39329721856366,68.87079620361328,36448000,0.0,0.0
2020-05-19 00:00:00-04:00,69.02293053616704,69.27189628330244,68.35050964355469,68.35050964355469,25612000,0.0,0.0
2020-05-20 00:00:00-04:00,69.15146281601207,70.18855809713762,69.03551875585958,70.00442504882812,33108000,0.0,0.0
2020-05-21 00:00:00-04:00,70.06812550776915,70.44085653603642,69.34405413914214,69.8093490600586,27700000,0.0,0.0
2020-05-22 00:00:00-04:00,69.50628335439127,70.30499807418597,69.26343034142864,70.18855285644531,26188000,0.0,0.0
2020-05-26 00:00:00-04:00,71.52472206890252,71.71034341341047,70.27364407837518,70.5169906616211,41212000,0.0,0.0
2020-05-27 00:00:00-04:00,70.5284440997267,70.75188072314815,69.23655898108824,70.55780029296875,33716000,0.0,0.0
2020-05-28 00:00:00-04:00,69.51375481591955,71.70238600028932,69.47095825156192,70.50257110595703,33844000,0.0,0.0
2020-05-29 00:00:00-04:00,70.51301664312906,71.2908342955501,70.33436605290413,71.10919189453125,36418000,0.0,0.0
2020-06-01 00:00:00-04:00,70.5851739487205,71.55906147413388,70.56576514653922,71.25350952148438,24342000,0.0,0.0
2020-06-02 00:00:00-04:00,71.1903065245423,71.64117394018096,70.60707046181705,71.62176513671875,25562000,0.0,0.0
2020-06-03 00:00:00-04:00,71.57598634695985,71.9866389762385,71.1518477881398,71.48043823242188,25124000,0.0,0.0
2020-06-04 00:00:00-04:00,71.1828392012393,71.60882293355489,69.90539676398639,70.27613830566406,29686000,0.0,0.0
2020-06-05 00:00:00-04:00,70.32541011266495,71.91189761426476,69.96860248321823,71.5804672241211,34698000,0.0,0.0
2020-06-08 00:00:00-04:00,70.78174442468311,72.05819981168356,70.78174442468311,71.9895248413086,28084000,0.0,0.0
2020-06-09 00:00:00-04:00,71.92731978367873,73.05398719837653,71.82032837094407,72.46477508544922,28184000,0.0,0.0
2020-06-10 00:00:00-04:00,72.63297233017892,73.36545721057932,72.47024516031088,72.94699096679688,30504000,0.0,0.0
2020-06-11 00:00:00-04:00,71.78399053738569,72.38090989022466,69.7695300983239,69.86109924316406,39826000,0.0,0.0
2020-06-12 00:00:00-04:00,71.08779913845162,71.51129226727522,68.97431245113023,70.3259048461914,38928000,0.0,0.0
2020-06-15 00:00:00-04:00,69.21217723031454,70.90416009663141,69.06885886579549,70.65782928466797,30078000,0.0,0.0
2020-06-16 00:00:00-04:00,71.92035494955124,72.40804290727266,70.95890538232888,71.79594421386719,34184000,0.0,0.0
2020-06-17 00:00:00-04:00,72.01689408898858,72.65586589359057,71.23161210789908,72.21395874023438,30992000,0.0,0.0
2020-06-18 00:00:00-04:00,72.11642603122473,72.22839873251205,71.01414871776551,71.45953369140625,31638000,0.0,0.0
2020-06-19 00:00:00-04:00,71.85963912093314,72.04874587229958,70.73247814012348,71.24853515625,63158000,0.0,0.0
2020-06-22 00:00:00-04:00,71.11317629905933,72.29507833491674,70.82504363593092,72.25079345703125,30848000,0.0,0.0
2020-06-23 00:00:00-04:00,72.43888816176526,73.4491557865647,71.92134289134205,72.87532043457031,28596000,0.0,0.0
2020-06-24 00:00:00-04:00,72.73101332147868,73.42323786598364,71.15050190604497,71.26097869873047,35120000,0.0,0.0
2020-06-25 00:00:00-04:00,71.15796752735437,71.80489728191299,70.66529827755959,71.72676849365234,24610000,0.0,0.0
2020-06-26 00:00:00-04:00,71.23211955472665,71.33463084581729,67.28083322978155,67.67446899414062,85354000,0.0,0.0
2020-06-29 00:00:00-04:00,67.58885679596601,69.45103862666302,67.03299510945786,69.41968536376953,36204000,0.0,0.0
2020-06-30 00:00:00-04:00,69.1942734421949,70.5981238589213,68.87179568943205,70.34730529785156,40848000,0.0,0.0
2020-07-01 00:00:00-04:00,70.22239904809472,71.80988132033555,70.15869777199299,71.56304931640625,35504000,0.0,0.0
2020-07-02 00:00:00-04:00,72.00594852070236,73.79795973581246,71.98007011556203,72.88976287841797,37182000,0.0,0.0
2020-07-06 00:00:00-04:00,73.65413059006949,74.97437709234555,73.29582710834842,74.43244934082031,31280000,0.0,0.0
2020-07-07 00:00:00-04:00,74.14879676688507,75.48247617798066,73.8278149500228,73.908935546875,29164000,0.0,0.0
2020-07-08 00:00:00-04:00,74.36378404494057,74.93905461247256,73.93133068505574,74.4473876953125,24994000,0.0,0.0
2020-07-09 00:00:00-04:00,74.96742445805577,75.7770889923737,74.05350214610006,75.19335174560547,28466000,0.0,0.0
2020-07-10 00:00:00-04:00,74.9524883179805,76.82760184966378,74.4742542187681,76.72359466552734,37126000,0.0,0.0
2020-07-13 00:00:00-04:00,77.13464810406515,78.48485070619863,74.90735142524039,75.21076202392578,36928000,0.0,0.0
2020-07-14 00:00:00-04:00,74.16423159159893,75.78853440136852,73.82533685411703,75.67059326171875,31700000,0.0,0.0
2020-07-15 00:00:00-04:00,75.7974838583747,76.40460879639178,74.5469070230455,75.3252182006836,32214000,0.0,0.0
2020-07-16 00:00:00-04:00,74.64643938978918,75.5765356647665,73.96516457944448,75.54219818115234,30386000,0.0,0.0
2020-07-17 00:00:00-04:00,75.72234701507503,75.81291383942335,74.56781173870915,75.42027282714844,29134000,0.0,0.0
2020-07-20 00:00:00-04:00,75.405837752207,78.14436957850707,74.8255859547144,77.91694641113281,31146000,0.0,0.0
2020-07-21 00:00:00-04:00,78.97543589662807,78.97543589662807,77.34764026436851,77.55366516113281,24324000,0.0,0.0
2020-07-22 00:00:00-04:00,77.65717962087517,78.12993887884492,76.94057259710156,78.05479431152344,18640000,0.0,0.0
2020-07-23 00:00:00-04:00,77.97915972088549,78.22299990436031,75.01429787864808,75.42674255371094,32552000,0.0,0.0
2020-07-24 00:00:00-04:00,74.59319891420894,75.52408496371568,74.06917638175176,75.23714447021484,30880000,0.0,0.0
2020-07-27 00:00:00-04:00,75.42276049815611,76.68528187457883,75.40335169511195,76.14932250976562,24920000,0.0,0.0
2020-07-28 00:00:00-04:00,75.89951005626399,75.96419847617724,74.52999720575872,74.66336059570312,34044000,0.0,0.0
2020-07-29 00:00:00-04:00,74.96095306952058,76.20167374783136,74.71262517288547,75.74224853515625,22130000,0.0,0.0
2020-07-30 00:00:00-04:00,74.49715642295335,76.53102618131328,74.25928464569932,76.21154022216797,33428000,0.0,0.0
2020-07-31 00:00:00-04:00,74.89576553580385,75.09183546194572,72.35877817924222,73.7984619140625,68798000,0.0,0.0
2020-08-03 00:00:00-04:00,73.98158563901112,74.17218068492781,72.93653249999396,73.37496185302734,46604000,0.0,0.0
2020-08-04 00:00:00-04:00,73.48045821242431,73.92784022246718,72.58868600305459,72.90319061279297,38070000,0.0,0.0
2020-08-05 00:00:00-04:00,73.11867640630632,73.77108863471867,72.82805310015365,73.33316040039062,39590000,0.0,0.0
2020-08-06 00:00:00-04:00,73.24059951401783,74.76537513840101,72.95445634884203,74.65141296386719,39908000,0.0,0.0
2020-08-07 00:00:00-04:00,74.64643685249263,75.48471336172226,73.73276519438723,74.37223815917969,31556000,0.0,0.0
2020-08-10 00:00:00-04:00,74.00846539956731,74.84923261694799,73.30678701757552,74.45236206054688,25786000,0.0,0.0
2020-08-11 00:00:00-04:00,74.2702298204738,75.14408924462128,73.5516332428913,73.66708374023438,29088000,0.0,0.0
2020-08-12 00:00:00-04:00,73.92884077211751,75.26282397176337,73.91241618560123,74.97588348388672,28740000,0.0,0.0
2020-08-13 00:00:00-04:00,75.16099973405841,76.50016158176058,75.04480509251373,75.56459045410156,29104000,0.0,0.0
2020-08-14 00:00:00-04:00,75.4257431376841,75.73627638646607,74.78975555358495,75.03111267089844,27096000,0.0,0.0
2020-08-17 00:00:00-04:00,75.37648210935163,75.92090817254869,75.0430622450767,75.54120635986328,27566000,0.0,0.0
2020-08-18 00:00:00-04:00,75.94926161465612,77.75520659069372,75.8263467959742,77.5626220703125,40542000,0.0,0.0
2020-08-19 00:00:00-04:00,77.29936546699109,78.31306532114763,76.83357700167863,77.01173400878906,33212000,0.0,0.0
2020-08-20 00:00:00-04:00,76.80870247500343,78.91970607641778,76.54744296107462,78.71467590332031,34138000,0.0,0.0
2020-08-21 00:00:00-04:00,78.4797876978503,79.50941108415545,78.03066675734847,78.64849090576172,28930000,0.0,0.0
2020-08-24 00:00:00-04:00,79.32328363277395,80.32803088400075,78.65595036988027,79.03565216064453,28198000,0.0,0.0
2020-08-25 00:00:00-04:00,78.73059010785411,80.20112577853665,78.73059010785411,80.03192901611328,44942000,0.0,0.0
2020-08-26 00:00:00-04:00,80.02098170178223,82.56990571830403,79.8020176057357,82.22952270507812,79868000,0.0,0.0
2020-08-27 00:00:00-04:00,82.29421379015592,82.35990453978691,80.90429745748263,81.3312759399414,37232000,0.0,0.0
2020-08-28 00:00:00-04:00,81.28947727194603,81.97025094034224,81.15312207174759,81.83290100097656,29980000,0.0,0.0
2020-08-31 00:00:00-04:00,82.00607626948997,82.0098046426434,81.13122224147855,81.32380676269531,36468000,0.0,0.0
2020-09-01 00:00:00-04:00,81.44573920716002,82.89388208299452,81.2262815108961,82.6440658569336,36506000,0.0,0.0
2020-09-02 00:00:00-04:00,83.29422703136893,86.25047010892284,82.92372848458429,86.00662994384766,50224000,0.0,0.0
2020-09-03 00:00:00-04:00,85.0827107223576,85.0827107223576,80.37231720208685,81.70500946044922,62156000,0.0,0.0
2020-09-04 00:00:00-04:00,80.8301520963315,81.86774099911447,77.01587405410744,79.17698669433594,52172000,0.0,0.0
2020-09-08 00:00:00-04:00,76.31404417892114,77.82464296122433,76.04033903348108,76.25830841064453,52218000,0.0,0.0
2020-09-09 00:00:00-04:00,77.50937948486455,78.08016989119487,76.44049056061272,77.48101043701172,35494000,0.0,0.0
2020-09-10 00:00:00-04:00,77.66414489277186,78.83067017343922,75.93061070567312,76.2398910522461,32372000,0.0,0.0
2020-09-11 00:00:00-04:00,76.4379649427777,78.38872451769373,74.5150656598822,75.67756652832031,31942000,0.0,0.0
2020-09-14 00:00:00-04:00,76.58749082175291,77.83134750431638,75.42972842738777,75.60588836669922,33932000,0.0,0.0
2020-09-15 00:00:00-04:00,76.43795824635471,77.61089997729319,76.23068801894388,76.70867156982422,26622000,0.0,0.0
2020-09-16 00:00:00-04:00,77.41034546248855,77.73182083766314,75.63276189409535,75.68650817871094,26234000,0.0,0.0
2020-09-17 00:00:00-04:00,74.44738369496045,75.05938364439827,73.15350906862032,74.42398834228516,37596000,0.0,0.0
2020-09-18 00:00:00-04:00,74.54740433977558,74.7958765015126,71.51775552532911,72.65536499023438,62078000,0.0,0.0
2020-09-21 00:00:00-04:00,71.6635668866206,72.07661143405028,69.99596644346262,71.22066497802734,57776000,0.0,0.0
2020-09-22 00:00:00-04:00,72.16270334525447,73.12962013458065,71.38837108513363,72.92758178710938,31664000,0.0,0.0
2020-09-23 00:00:00-04:00,72.59516876718196,72.70364850230717,70.05320746443465,70.42693328857422,33148000,0.0,0.0
2020-09-24 00:00:00-04:00,70.21891200834541,71.84515869741718,70.16019202306961,71.07784271240234,29004000,0.0,0.0
2020-09-25 00:00:00-04:00,71.29382268527664,72.158228252456,70.33386900281023,71.90741729736328,26460000,0.0,0.0
2020-09-28 00:00:00-04:00,73.36301900347084,73.49190226185588,72.1234373955165,72.88079833984375,40158000,0.0,0.0
2020-09-29 00:00:00-04:00,73.17291450802969,73.48508792562936,72.59639108223523,73.12016296386719,19564000,0.0,0.0
2020-09-30 00:00:00-04:00,72.99425895520588,74.13635612465426,72.6498969840446,73.13360595703125,34032000,0.0,0.0
2020-10-01 00:00:00-04:00,73.8636535944074,74.59867474690851,73.61184789342401,74.15328216552734,35590000,0.0,0.0
2020-10-02 00:00:00-04:00,72.75690056868464,73.81041298053609,72.20401537177449,72.5772476196289,25682000,0.0,0.0
2020-10-05 00:00:00-04:00,72.9649049603237,74.05971788504729,72.86836211063729,73.95073699951172,22266000,0.0,0.0
2020-10-06 00:00:00-04:00,73.43119811209553,73.98756104978473,72.0880572319915,72.32941436767578,24908000,0.0,0.0
2020-10-07 00:00:00-04:00,72.86936513089988,73.10176203592066,71.46153573740999,72.6703109741211,34924000,0.0,0.0
2020-10-08 00:00:00-04:00,72.90917084010178,74.14879806732073,72.90917084010178,73.94625854492188,23756000,0.0,0.0
2020-10-09 00:00:00-04:00,74.38269009562481,75.46854278813028,74.12143059214337,75.40385437011719,28706000,0.0,0.0
2020-10-12 00:00:00-04:00,76.78631492449267,79.31732644427221,76.26727365007737,78.087646484375,49652000,0.0,0.0
2020-10-13 00:00:00-04:00,78.81320741852171,79.1252290012526,77.79154954092009,78.21354675292969,32020000,0.0,0.0
2020-10-14 00:00:00-04:00,78.55742116857427,79.0099819660174,77.16103506670996,78.0344009399414,38586000,0.0,0.0
2020-10-15 00:00:00-04:00,76.99282164795483,78.38398326506353,76.8873261491912,77.58899688720703,30800000,0.0,0.0
2020-10-16 00:00:00-04:00,77.92342528794909,78.68382366086243,77.78159522364571,78.27973175048828,28694000,0.0,0.0
2020-10-19 00:00:00-04:00,78.650470393892,79.03315637711056,76.03983471314686,76.3687744140625,32142000,0.0,0.0
2020-10-20 00:00:00-04:00,75.99256316565373,78.50317079099099,75.9238881995632,77.42975616455078,44834000,0.0,0.0
2020-10-21 00:00:00-04:00,78.29564879261711,80.55495187189551,78.21105040854592,79.2899398803711,51366000,0.0,0.0
2020-10-22 00:00:00-04:00,79.27700298886812,80.717187818532,78.87640407673102,80.38575744628906,28672000,0.0,0.0
2020-10-23 00:00:00-04:00,80.92022896161276,81.7308882784279,80.64353958764445,81.66321563720703,27516000,0.0,0.0
2020-10-26 00:00:00-04:00,80.86747180944734,81.52585238924827,78.45339955893994,79.14761352539062,37066000,0.0,0.0
2020-10-27 00:00:00-04:00,79.40738970015705,79.9635020269295,78.76592723748256,79.8348617553711,24580000,0.0,0.0
2020-10-28 00:00:00-04:00,77.61936062953338,77.69947889644882,75.37399893013391,75.47352600097656,36680000,0.0,0.0
2020-10-29 00:00:00-04:00,75.75916705666272,79.30985430316014,75.75319862172742,77.99259185791016,40062000,0.0,0.0
2020-10-30 00:00:00-04:00,83.21137466500592,83.9523642285653,79.84482040869474,80.66841888427734,86582000,0.0,0.0
2020-11-02 00:00:00-05:00,81.02422481306886,82.6470391249576,80.42058524166423,80.91822814941406,50708000,0.0,0.0
2020-11-03 00:00:00-05:00,81.20437913325694,82.69332904373184,80.44995678617353,82.12153625488281,33234000,0.0,0.0
2020-11-04 00:00:00-05:00,85.11087235140504,88.15072670787647,84.89937259397972,87.0442123413086,71418000,0.0,0.0
2020-11-05 00:00:00-05:00,88.63020572034705,89.25922253442306,87.112886891941,87.75286102294922,41316000,0.0,0.0
2020-11-06 00:00:00-05:00,87.28408034850992,88.20372043710111,86.60728568699523,87.6722412109375,33218000,0.0,0.0
2020-11-09 00:00:00-05:00,89.1228717467844,90.47447166432956,87.58615163333688,87.73445129394531,45366000,0.0,0.0
2020-11-10 00:00:00-05:00,86.14646395937925,87.73444723587214,85.46021547459128,86.6092758178711,52722000,0.0,0.0
2020-11-11 00:00:00-05:00,87.08750705171957,87.7951537939388,86.95637614357956,87.22236633300781,25280000,0.0,0.0
2020-11-12 00:00:00-05:00,86.96957606622655,87.99670881787213,86.86855308833194,87.07955169677734,24950000,0.0,0.0
2020-11-13 00:00:00-05:00,87.46721680725392,88.63220063739539,86.81630050622695,88.43214416503906,29998000,0.0,0.0
2020-11-16 00:00:00-05:00,88.16739700562442,89.52944546217967,87.96784170469522,88.64911651611328,24936000,0.0,0.0
2020-11-17 00:00:00-05:00,88.42817100165844,88.82927111837877,87.93351224387735,88.09027099609375,22942000,0.0,0.0
2020-11-18 00:00:00-05:00,87.84542079899178,88.25548112637136,86.89542214268634,86.9272689819336,23470000,0.0,0.0
2020-11-19 00:00:00-05:00,86.50924723897003,88.06239186038808,86.44082285727275,87.78022766113281,24998000,0.0,0.0
2020-11-20 00:00:00-05:00,87.84443529030857,88.28186238006742,86.68244317425402,86.69886016845703,46270000,0.0,0.0
2020-11-23 00:00:00-05:00,87.06760869990015,87.28159151084033,85.48112130788739,86.33407592773438,43232000,0.0,0.0
2020-11-24 00:00:00-05:00,86.11710920275331,88.1624219166697,85.97726862574291,88.02706146240234,31560000,0.0,0.0
2020-11-25 00:00:00-05:00,88.22661510299726,88.50778456369889,87.41297167414228,88.15396118164062,20916000,0.0,0.0
2020-11-27 00:00:00-05:00,88.23657212081916,89.77478050734713,88.20422411579075,89.23683166503906,17698000,0.0,0.0
2020-11-30 00:00:00-05:00,88.63936928060524,88.98180257202291,87.33634439205677,87.62199401855469,36476000,0.0,0.0
2020-12-01 00:00:00-05:00,88.30026347920833,90.81137222144169,88.05144202359061,89.48117065429688,34738000,0.0,0.0
2020-12-02 00:00:00-05:00,89.48117974246307,91.34983149383902,89.05186245466645,90.96664428710938,24440000,0.0,0.0
2020-12-03 00:00:00-05:00,90.77057089920471,91.92460500509807,90.70289066926468,90.90792083740234,24546000,0.0,0.0
2020-12-04 00:00:00-05:00,90.79594577228079,91.22590847395794,90.42122526290538,90.9686279296875,27564000,0.0,0.0
2020-12-07 00:00:00-05:00,90.52124657182485,91.18659796833681,89.86336710900723,90.54513549804688,26418000,0.0,0.0
2020-12-08 00:00:00-05:00,90.07833910109068,90.66556167497009,89.38686635307099,90.49884796142578,21926000,0.0,0.0
2020-12-09 00:00:00-05:00,90.17339824886459,91.28115037447195,87.97381741715317,88.78596496582031,30152000,0.0,0.0
2020-12-10 00:00:00-05:00,88.07283670574822,88.64562415915627,86.60578643532669,88.34803771972656,27256000,0.0,0.0
2020-12-11 00:00:00-05:00,87.73743467627183,88.80189667450706,87.5851560605251,88.66852569580078,24414000,0.0,0.0
2020-12-14 00:00:00-05:00,88.33163028797642,89.44585214735712,87.44657053371209,87.58815002441406,32004000,0.0,0.0
2020-12-15 00:00:00-05:00,87.80511089426155,88.15345941217846,87.08501850619443,87.97181701660156,29646000,0.0,0.0
2020-12-16 00:00:00-05:00,88.22611820253388,88.23209423084411,87.39008171338962,87.73445129394531,30270000,0.0,0.0
2020-12-17 00:00:00-05:00,88.00864606446157,88.17157825469978,86.52318166052119,86.98300170898438,32494000,0.0,0.0
2020-12-18 00:00:00-05:00,87.29553362447044,87.34181557460464,85.60554005238369,86.14249420166016,80328000,0.0,0.0
2020-12-21 00:00:00-05:00,85.2716060386637,86.63216607735976,84.54952419868667,86.55850982666016,36568000,0.0,0.0
2020-12-22 00:00:00-05:00,86.31267795590624,86.46072702900238,85.22508639610656,85.76876068115234,18734000,0.0,0.0
2020-12-23 00:00:00-05:00,85.9981683543696,86.98747811331984,85.84538858424963,86.21066284179688,20676000,0.0,0.0
2020-12-24 00:00:00-05:00,86.34104875450245,86.88845901740673,86.04793481972138,86.53263854980469,6936000,0.0,0.0
2020-12-28 00:00:00-05:00,87.16888059988081,89.11431707604635,86.90513044155476,88.3858642578125,27860000,0.0,0.0
2020-12-29 00:00:00-05:00,88.96811604055497,89.19951819929726,87.39058114265147,87.5214614868164,25988000,0.0,0.0
2020-12-30 00:00:00-05:00,87.68518199911776,87.8387059331245,85.87326091093472,86.56597900390625,26122000,0.0,0.0
2020-12-31 00:00:00-05:00,86.36195768709041,87.53191524544849,86.36195768709041,87.18107604980469,20238000,0.0,0.0
2021-01-04 00:00:00-05:00,87.46273647549485,87.6175057387542,84.98995161425057,86.00464630126953,38038000,0.0,0.0
2021-01-05 00:00:00-05:00,85.84340545904115,86.97156113133452,85.49580108258175,86.63565063476562,22906000,0.0,0.0
2021-01-06 00:00:00-05:00,84.73017896951501,86.98798623290207,84.54953130442127,86.35548400878906,52042000,0.0,0.0
2021-01-07 00:00:00-05:00,86.59285666776339,88.99846248221432,86.44306869267537,88.94123840332031,45300000,0.0,0.0
2021-01-08 00:00:00-05:00,88.97756270926709,90.06540486977977,88.2587156133425,89.93452453613281,41012000,0.0,0.0
2021-01-11 00:00:00-05:00,88.8825010716368,89.29281194792566,87.61102713124052,87.91956329345703,24194000,0.0,0.0
2021-01-12 00:00:00-05:00,87.28258748469382,88.48290350145211,85.85883483553712,86.91582489013672,27140000,0.0,0.0
2021-01-13 00:00:00-05:00,86.51920889592658,87.83571961523337,86.49083984590594,87.30648040771484,21882000,0.0,0.0
2021-01-14 00:00:00-05:00,87.2676526790642,88.33211459255305,86.26141717091008,86.59882354736328,23590000,0.0,0.0
2021-01-15 00:00:00-05:00,86.49979562090843,87.38610058537833,85.67171706551628,86.4002685546875,26844000,0.0,0.0
2021-01-19 00:00:00-05:00,87.19948456009776,90.03729303583471,86.66252286279774,89.12088012695312,34692000,0.0,0.0
2021-01-20 00:00:00-05:00,91.14131750924675,94.73679100761188,90.84621407361034,93.90025329589844,49806000,0.0,0.0
2021-01-21 00:00:00-05:00,94.45263261397191,96.2869392268234,93.91069719844153,94.1167221069336,41278000,0.0,0.0
2021-01-22 00:00:00-05:00,94.3371727317134,95.09707750465338,93.64445461495757,94.60440826416016,25442000,0.0,0.0
2021-01-25 00:00:00-05:00,95.58078670106354,96.02418218435719,92.9363144408074,94.52230072021484,38546000,0.0,0.0
2021-01-26 00:00:00-05:00,93.99678356132767,95.79625896470972,93.7681150676386,95.41008758544922,26262000,0.0,0.0
2021-01-27 00:00:00-05:00,93.68278140800562,94.05451771568639,90.02360677621402,91.10797119140625,54966000,0.0,0.0
2021-01-28 00:00:00-05:00,91.76236916637149,94.4939304232692,91.69768074891182,92.71635437011719,35462000,0.0,0.0
2021-01-29 00:00:00-05:00,91.87335031227934,92.42622786113331,90.08332856768394,91.35430908203125,32252000,0.0,0.0
2021-02-01 00:00:00-05:00,92.24160104936371,95.6664804081826,92.11022713845067,94.61933898925781,32044000,0.0,0.0
2021-02-02 00:00:00-05:00,95.67483468908463,97.32701281281857,95.2732410479875,95.92117309570312,45474000,0.0,0.0
2021-02-03 00:00:00-05:00,103.16138060781988,105.32612279097039,100.44325213767915,103.01557159423828,82364000,0.0,0.0
2021-02-04 00:00:00-05:00,102.95686010882602,103.43757732498156,101.64805666881828,102.63239288330078,37046000,0.0,0.0
2021-02-05 00:00:00-05:00,103.0120853535046,104.62992602412227,102.48109968493416,104.40548706054688,30702000,0.0,0.0
2021-02-08 00:00:00-05:00,104.79912851785372,105.67682258221122,103.11161804942017,104.15219116210938,24838000,0.0,0.0
2021-02-09 00:00:00-05:00,103.43707690291839,104.76030777060096,103.43707690291839,103.68440246582031,17798000,0.0,0.0
2021-02-10 00:00:00-05:00,104.21688189214544,104.92154445810515,102.66821734832112,104.27510070800781,22710000,0.0,0.0
2021-02-11 00:00:00-05:00,104.48063783936513,104.60604331704559,103.37636344689281,104.30049133300781,18914000,0.0,0.0
2021-02-12 00:00:00-05:00,104.01981502884482,104.94394291146762,103.66549804598466,104.70954895019531,17114000,0.0,0.0
2021-02-16 00:00:00-05:00,104.72199164213565,107.12660268378858,104.72199164213565,105.59485626220703,22676000,0.0,0.0
2021-02-17 00:00:00-05:00,104.50501724536947,106.18008204248753,104.45127095746498,105.9138412475586,21418000,0.0,0.0
2021-02-18 00:00:00-05:00,105.02205959483574,106.13404118522408,104.689634505625,105.36095428466797,22432000,0.0,0.0
2021-02-19 00:00:00-05:00,105.46398076931739,106.02432267333349,104.37613094815339,104.56175231933594,29148000,0.0,0.0
2021-02-22 00:00:00-05:00,102.86278920029851,104.07803386917699,102.62093850950578,102.75729370117188,27350000,0.0,0.0
2021-02-23 00:00:00-05:00,100.77319722072812,103.60976047987089,99.62911050490709,103.05488586425781,33348000,0.0,0.0
2021-02-24 00:00:00-05:00,101.6102213450963,104.54382841764502,101.42609589879928,104.2646484375,24966000,0.0,0.0
2021-02-25 00:00:00-05:00,102.88518537036549,104.25022564076362,100.5880669366282,101.08919525146484,36568000,0.0,0.0
2021-02-26 00:00:00-05:00,102.04267868374134,103.0623470389432,100.32780157842107,101.36289978027344,41670000,0.0,0.0
2021-03-01 00:00:00-05:00,102.34127076372415,103.8341997070044,101.82273066526061,103.58488464355469,28090000,0.0,0.0
2021-03-02 00:00:00-05:00,103.32013081207387,104.722485209872,103.07479472674541,103.3027114868164,22692000,0.0,0.0
2021-03-03 00:00:00-05:00,102.87324356378443,103.93362791612087,100.02623174377045,100.85779571533203,29684000,0.0,0.0
2021-03-04 00:00:00-05:00,100.69158627390469,103.96955564853624,100.53731057800516,101.97151947021484,42360000,0.0,0.0
2021-03-05 00:00:00-05:00,103.16735290996539,105.40625259953322,101.83839656898168,104.93000793457031,43904000,0.0,0.0
2021-03-08 00:00:00-05:00,104.56125144186541,105.93872214116189,100.60398936437241,100.73139190673828,32948000,0.0,0.0
2021-03-09 00:00:00-05:00,103.012088986681,103.41219433725257,101.90881695349513,102.15116882324219,33946000,0.0,0.0
2021-03-10 00:00:00-05:00,103.09966378275442,103.26090263512835,101.18921801905186,102.2671127319336,25372000,0.0,0.0
2021-03-11 00:00:00-05:00,103.21413207540392,105.78396088543049,103.13052842795634,105.24003601074219,24782000,0.0,0.0
2021-03-12 00:00:00-05:00,103.75855220961682,104.02031288006752,101.89488184323093,102.60999298095703,34516000,0.0,0.0
2021-03-15 00:00:00-04:00,102.62890205047091,102.86577905872895,101.69383205364734,102.83741760253906,25962000,0.0,0.0
2021-03-16 00:00:00-04:00,103.4594726507912,105.67746764248324,103.01209060622499,104.13278198242188,29832000,0.0,0.0
2021-03-17 00:00:00-04:00,103.31215646251675,104.9917012349506,102.21584770571289,104.06111145019531,25980000,0.0,0.0
2021-03-18 00:00:00-04:00,102.56420454673409,103.28578523177762,101.19816962510889,101.33103942871094,27228000,0.0,0.0
2021-03-19 00:00:00-04:00,101.62116646678896,102.17105972976711,100.40841251504416,101.67839813232422,46298000,0.0,0.0
2021-03-22 00:00:00-04:00,101.6107298999731,102.41441839606077,100.82594144797802,101.44898986816406,39096000,0.0,0.0
2021-03-23 00:00:00-04:00,102.10140936688663,103.12665140603627,101.48035038068481,102.16411590576172,27340000,0.0,0.0
2021-03-24 00:00:00-04:00,102.78168130446676,103.42065313930686,101.59654451986303,101.77096557617188,23080000,0.0,0.0
2021-03-25 00:00:00-04:00,101.75853041188559,102.45821172860504,100.06256085320678,101.73613739013672,28378000,0.0,0.0
2021-03-26 00:00:00-04:00,101.46242321250244,102.06606278707989,100.22627384933982,101.29769897460938,29870000,0.0,0.0
2021-03-29 00:00:00-04:00,100.91600965044307,102.43631271938274,100.30590046332688,102.31289672851562,24596000,0.0,0.0
2021-03-30 00:00:00-04:00,102.39651055529555,103.05091227500299,101.71971581317668,102.2925033569336,20732000,0.0,0.0
2021-03-31 00:00:00-04:00,102.47064827878084,104.17293541944592,102.35245656883275,102.94390869140625,29198000,0.0,0.0
2021-04-01 00:00:00-04:00,104.40300435225898,106.64190410946175,104.35025280107044,106.38362121582031,33980000,0.0,0.0
2021-04-05 00:00:00-04:00,107.13954343561227,111.33815520387682,107.0738526836554,110.75292205810547,43298000,0.0,0.0
2021-04-06 00:00:00-04:00,110.60114680453292,111.35557674430726,110.21795960282957,110.71311950683594,27060000,0.0,0.0
2021-04-07 00:00:00-04:00,110.78179593211443,112.21848788242524,110.74198358396019,111.95374298095703,25798000,0.0,0.0
2021-04-08 00:00:00-04:00,113.36107791691255,113.66189919730525,112.35185805844243,112.73802947998047,27166000,0.0,0.0
2021-04-09 00:00:00-04:00,112.3030890426713,113.91247079456447,112.15449322725402,113.75521087646484,20888000,0.0,0.0
2021-04-12 00:00:00-04:00,112.7783352153131,113.22969622345185,111.39563255731609,112.20803833007812,31318000,0.0,0.0
2021-04-13 00:00:00-04:00,112.5404601151973,113.32374506478244,112.27272341304203,112.82909393310547,23310000,0.0,0.0
2021-04-14 00:00:00-04:00,113.22172708224383,113.36255480093685,111.92934838935075,112.21051025390625,20220000,0.0,0.0
2021-04-15 00:00:00-04:00,113.31230165927303,114.78617097959365,112.765893718173,114.29166412353516,27472000,0.0,0.0
2021-04-16 00:00:00-04:00,114.60717096338843,114.77835721941359,113.684045432927,114.34640502929688,22596000,0.0,0.0
2021-04-19 00:00:00-04:00,114.05876862132585,115.37603109794588,113.8529942928736,114.57731628417969,24688000,0.0,0.0
2021-04-20 00:00:00-04:00,114.85051302521912,114.93561257699884,113.05004281705125,114.14087677001953,21774000,0.0,0.0
2021-04-21 00:00:00-04:00,113.72384942536718,114.22497774735152,112.39613843061059,114.12395477294922,23930000,0.0,0.0
2021-04-22 00:00:00-04:00,114.12096446849176,114.64508566439129,112.29063693736711,112.86143493652344,21096000,0.0,0.0
2021-04-23 00:00:00-04:00,113.63526447128417,115.74278247737178,113.37350381731508,115.2192611694336,28670000,0.0,0.0
2021-04-26 00:00:00-04:00,115.44967188283977,116.51114963612508,115.14661056462896,115.78856658935547,20834000,0.0,0.0
2021-04-27 00:00:00-04:00,116.2493878035298,116.32154055882606,114.67036477123794,114.81219482421875,31972000,0.0,0.0
2021-04-28 00:00:00-04:00,119.78986037991787,122.04084863422052,118.18272649386832,118.43453216552734,59728000,0.0,0.0
2021-04-29 00:00:00-04:00,119.94836655126943,121.2516873864406,119.54776005794554,120.9217529296875,39554000,0.0,0.0
2021-04-30 00:00:00-04:00,119.65774485548863,120.78490576397853,119.54179320482646,119.93791198730469,39142000,0.0,0.0
2021-05-03 00:00:00-04:00,119.56966204597107,120.4146587577714,118.66295354160424,119.19393920898438,33788000,0.0,0.0
2021-05-04 00:00:00-04:00,117.92843201709131,118.40218600822055,115.0401121042876,117.15758514404297,35120000,0.0,0.0
2021-05-05 00:00:00-04:00,117.86274836705311,118.54850332396146,117.0162633038112,117.28150177001953,21806000,0.0,0.0
2021-05-06 00:00:00-04:00,116.97793407275897,118.57387529579434,116.56479081972621,118.50619506835938,20618000,0.0,0.0
2021-05-07 00:00:00-04:00,119.43429968915504,120.25093493289322,118.93665677378355,119.36911010742188,23272000,0.0,0.0
2021-05-10 00:00:00-04:00,118.1847258167827,118.33949508270571,116.1861961024854,116.53105926513672,26006000,0.0,0.0
2021-05-11 00:00:00-04:00,114.05279630960118,115.55268829255223,113.61188387831373,114.89381408691406,32110000,0.0,0.0
2021-05-12 00:00:00-04:00,112.55239753586002,113.72981932788814,110.97685989599276,111.42623138427734,34934000,0.0,0.0
2021-05-13 00:00:00-04:00,112.5215392402828,113.293434008116,111.60737399966354,112.56533813476562,26670000,0.0,0.0
2021-05-14 00:00:00-04:00,114.05130505693374,115.50989644126798,113.62781193356345,115.26206970214844,26624000,0.0,0.0
2021-05-17 00:00:00-04:00,114.92168815771893,115.61938000789425,114.20906003269576,115.5233383178711,19842000,0.0,0.0
2021-05-18 00:00:00-04:00,116.29446996534088,116.60520064297992,114.61512255923404,114.6285629272461,17302000,0.0,0.0
2021-05-19 00:00:00-04:00,112.68627110855724,115.29192583525193,112.6424798045384,114.89132690429688,19350000,0.0,0.0
2021-05-20 00:00:00-04:00,115.85326832456231,117.46065290702771,115.50740283374294,117.24915313720703,23832000,0.0,0.0
2021-05-21 00:00:00-04:00,117.74181831161809,117.89160628114159,116.56638596190908,116.70223999023438,22832000,0.0,0.0
2021-05-24 00:00:00-04:00,117.79208811752764,120.35395920023262,117.44921442356693,119.76624298095703,21244000,0.0,0.0
2021-05-25 00:00:00-04:00,120.42959077800525,121.07105325289527,119.58309813733437,119.88566589355469,18838000,0.0,0.0
2021-05-26 00:00:00-04:00,120.0730237233676,121.57138180582483,120.05710030390351,121.10289764404297,21856000,0.0,0.0
2021-05-27 00:00:00-04:00,121.27260062755738,121.42487924807034,119.53383452798022,119.55921936035156,38962000,0.0,0.0
2021-05-28 00:00:00-04:00,120.52712783069673,120.8346692812816,119.8169903906657,120.00958251953125,24108000,0.0,0.0
2021-06-01 00:00:00-04:00,120.52911597143283,121.32390494436183,119.6771560754215,120.91777801513672,19166000,0.0,0.0
2021-06-02 00:00:00-04:00,121.19147907852502,121.5243977525315,119.64330815015646,120.4932861328125,17158000,0.0,0.0
2021-06-03 00:00:00-04:00,119.18647217742846,119.91925318785934,118.57984838350394,119.66371154785156,18346000,0.0,0.0
2021-06-04 00:00:00-04:00,120.5549953853995,122.11455652150818,120.31861195460402,122.01010131835938,25948000,0.0,0.0
2021-06-07 00:00:00-04:00,121.98819974433222,122.81826772682979,121.47826309061335,122.72321319580078,23850000,0.0,0.0
2021-06-08 00:00:00-04:00,123.4104777353029,124.13678160583868,122.83022587415444,123.55728149414062,25060000,0.0,0.0
2021-06-09 00:00:00-04:00,124.38584712115747,124.65955224757235,123.78021805284088,123.98275756835938,20126000,0.0,0.0
2021-06-10 00:00:00-04:00,124.11265086229352,125.56825802149685,124.11214969598849,125.48564910888672,31234000,0.0,0.0
2021-06-11 00:00:00-04:00,125.65086725175735,125.75387970798513,124.32563926279657,125.10395812988281,25240000,0.0,0.0
2021-06-14 00:00:00-04:00,125.07707755184909,125.81557643398416,124.45750694581292,125.75635528564453,22550000,0.0,0.0
2021-06-15 00:00:00-04:00,125.92556648336306,126.26396004635718,125.05617962818121,125.4388656616211,22182000,0.0,0.0
2021-06-16 00:00:00-04:00,125.65235556381843,125.92705544709253,123.56469416099482,125.10395812988281,26316000,0.0,0.0
2021-06-17 00:00:00-04:00,124.93126659108124,126.59687749819754,124.92330108478049,125.7752685546875,25756000,0.0,0.0
2021-06-18 00:00:00-04:00,125.1129053556012,125.79318543287002,124.01560177559175,124.97555541992188,53306000,0.0,0.0
2021-06-21 00:00:00-04:00,125.14723814290059,126.43787795887967,124.54434271864844,125.85887145996094,26256000,0.0,0.0
2021-06-22 00:00:00-04:00,125.8539011165078,126.6700352643814,125.4323974700809,126.40081024169922,20984000,0.0,0.0
2021-06-23 00:00:00-04:00,125.9534325892624,127.19355340337849,125.65683326281122,125.86534881591797,19694000,0.0,0.0
2021-06-24 00:00:00-04:00,126.45455312805328,126.93428317459647,126.36149565903153,126.68197631835938,18934000,0.0,0.0
2021-06-25 00:00:00-04:00,126.35850891938638,126.903922113512,125.84792678212594,126.39633178710938,33484000,0.0,0.0
2021-06-28 00:00:00-04:00,126.40130976798535,126.73671911286196,125.37994802969614,126.22166442871094,28110000,0.0,0.0
2021-06-29 00:00:00-04:00,126.17487418926538,126.40130263077995,124.84566732780785,125.42443084716797,20950000,0.0,0.0
2021-06-30 00:00:00-04:00,125.06120631604063,125.20696977593693,124.16938087978092,124.72525024414062,24006000,0.0,0.0
2021-07-01 00:00:00-04:00,124.26118792982844,125.86634000489491,124.26118792982844,125.77278137207031,17120000,0.0,0.0
2021-07-02 00:00:00-04:00,126.24156431390884,128.24060275496763,126.17139343947026,128.11219787597656,21160000,0.0,0.0
2021-07-06 00:00:00-04:00,128.8392384166861,129.27220048256584,127.80364673432832,129.1592254638672,21350000,0.0,0.0
2021-07-07 00:00:00-04:00,129.72655626417145,130.02403641573528,129.1482863166987,129.46429443359375,16680000,0.0,0.0
2021-07-08 00:00:00-04:00,127.64540703687709,129.41950523461884,127.43639033144197,128.5680389404297,19780000,0.0,0.0
2021-07-09 00:00:00-04:00,128.33664902098306,129.2373815632358,128.33564668836144,128.9636688232422,15106000,0.0,0.0
2021-07-12 00:00:00-04:00,129.22144597736863,130.153539348214,128.98905668595233,129.94850158691406,16944000,0.0,0.0
2021-07-13 00:00:00-04:00,130.26450977687122,131.41954621439987,130.021155574321,130.37698364257812,16618000,0.0,0.0
2021-07-14 00:00:00-04:00,131.2797076210842,132.36904573012336,131.27621464383543,131.45985412597656,17912000,0.0,0.0
2021-07-15 00:00:00-04:00,131.87536478453637,131.9699181478209,129.98233841446665,130.64767456054688,16586000,0.0,0.0
2021-07-16 00:00:00-04:00,131.0204190103283,131.5598561159152,130.2047785646708,131.2239532470703,14856000,0.0,0.0
2021-07-19 00:00:00-04:00,130.53720902271095,130.628269411742,127.9310533989515,128.64466857910156,25710000,0.0,0.0
2021-07-20 00:00:00-04:00,129.39114482093763,131.37907409026494,128.57939210221912,130.4834747314453,19084000,0.0,0.0
2021-07-21 00:00:00-04:00,130.17045998654882,131.99207800173684,129.98583335803255,131.97540283203125,14742000,0.0,0.0
2021-07-22 00:00:00-04:00,132.02466769674936,132.8751469039233,131.77584622337676,132.69998168945312,13608000,0.0,0.0
2021-07-23 00:00:00-04:00,134.6223701921847,138.15414998910532,134.0655136644227,137.16632080078125,26378000,0.0,0.0
2021-07-26 00:00:00-04:00,137.59826399717124,139.05436459390137,137.00208876562695,138.98619079589844,23052000,0.0,0.0
2021-07-27 00:00:00-04:00,139.3509812581762,139.3509812581762,134.46313650448218,136.15162658691406,42164000,0.0,0.0
2021-07-28 00:00:00-04:00,137.90880359975554,139.01755053099006,135.70724075117377,135.73858642578125,54688000,0.0,0.0
2021-07-29 00:00:00-04:00,135.73769224155478,136.5049626843797,135.4962363852848,135.89683532714844,19284000,0.0,0.0
2021-07-30 00:00:00-04:00,134.87219856464282,135.13131674713978,134.1786754769681,134.58355712890625,23954000,0.0,0.0
2021-08-02 00:00:00-04:00,134.84582540882099,135.37929421844245,134.03466487534243,135.34844970703125,20140000,0.0,0.0
2021-08-03 00:00:00-04:00,135.35887915303195,135.69279258318278,133.5509445459579,135.63755798339844,19064000,0.0,0.0
2021-08-04 00:00:00-04:00,135.6072040685157,135.89434198813237,134.77663481777068,135.3872528076172,16528000,0.0,0.0
2021-08-05 00:00:00-04:00,135.38724675808754,136.3043962439256,134.96076943760426,136.29444885253906,11866000,0.0,0.0
2021-08-06 00:00:00-04:00,135.65249518201682,136.43384384925537,135.40516200946445,136.38999938964844,13560000,0.0,0.0
2021-08-09 00:00:00-04:00,136.30341059801358,137.66943803355684,135.78561470021876,137.3514404296875,12374000,0.0,0.0
2021-08-10 00:00:00-04:00,137.42857744613153,137.89835251146243,136.57960173403993,137.44549560546875,16034000,0.0,0.0
2021-08-11 00:00:00-04:00,137.63111323700684,138.1931939764059,136.70251290708995,137.0404052734375,15204000,0.0,0.0
2021-08-12 00:00:00-04:00,137.0637818442979,137.7654601097503,136.13419444459785,137.73709106445312,14646000,0.0,0.0
2021-08-13 00:00:00-04:00,137.70526102086296,138.02026680742935,137.35442943878456,137.7535400390625,12580000,0.0,0.0
2021-08-16 00:00:00-04:00,137.3494414926891,138.33526588919457,135.52384469575276,138.26112365722656,18040000,0.0,0.0
2021-08-17 00:00:00-04:00,137.53953374906956,138.06455854856287,136.1426619191371,136.6532440185547,21272000,0.0,0.0
2021-08-18 00:00:00-04:00,136.46912349195387,137.64208048949936,135.7779088252058,135.92620849609375,14934000,0.0,0.0
2021-08-19 00:00:00-04:00,134.82888392555947,136.80402576810351,134.7179135632273,136.26806640625,18296000,0.0,0.0
2021-08-20 00:00:00-04:00,136.43675717819843,137.96104675016787,135.8236637925873,137.7843780517578,15564000,0.0,0.0
2021-08-23 00:00:00-04:00,138.34324787925766,141.50676135014,138.09387968442942,140.43434143066406,21090000,0.0,0.0
2021-08-24 00:00:00-04:00,140.87625343061788,142.33335649231512,140.6871466785802,141.7272186279297,15126000,0.0,0.0
2021-08-25 00:00:00-04:00,142.20943755200094,142.63741840625872,141.76803151499007,142.276123046875,12838000,0.0,0.0
2021-08-26 00:00:00-04:00,141.94618101244757,142.46004352320674,141.42167251457283,141.45301818847656,14922000,0.0,0.0
2021-08-27 00:00:00-04:00,141.44256906689753,144.32740376085707,141.35050633702966,143.86907958984375,24562000,0.0,0.0
2021-08-30 00:00:00-04:00,144.0223440909956,145.79893303373177,143.91834449208415,144.7837371826172,16916000,0.0,0.0
2021-08-31 00:00:00-04:00,145.19678451309028,145.42320536133116,144.31644798414936,144.77627563476562,26756000,0.0,0.0
2021-09-01 00:00:00-04:00,144.96339899191275,146.12838294914388,144.92807435777743,145.1544952392578,15824000,0.0,0.0
2021-09-02 00:00:00-04:00,145.2614649620018,145.63519832037622,143.42716602701142,143.53912353515625,21844000,0.0,0.0
2021-09-03 00:00:00-04:00,143.46646618427923,144.69166582532162,142.82849672012168,144.09249877929688,19104000,0.0,0.0
2021-09-07 00:00:00-04:00,144.06713457436024,145.1365779127811,143.85962134957455,144.8330078125,15170000,0.0,0.0
2021-09-08 00:00:00-04:00,144.70809081820667,144.8648495587593,143.52022040454614,144.20050048828125,15486000,0.0,0.0
2021-09-09 00:00:00-04:00,144.20050457627318,144.98279480234575,143.75313012266818,144.23036193847656,14798000,0.0,0.0
2021-09-10 00:00:00-04:00,144.75785428680825,145.3306417796316,141.0733101998466,141.25196838378906,32896000,0.0,0.0
2021-09-13 00:00:00-04:00,142.5259332196723,143.51125649299763,141.611760370754,142.78868103027344,20176000,0.0,0.0
2021-09-14 00:00:00-04:00,143.48141102178167,144.045238316429,142.2318363354815,142.72998046875,18916000,0.0,0.0
2021-09-15 00:00:00-04:00,143.08129949883238,144.89520247183754,141.58537893064292,144.52146911621094,20648000,0.0,0.0
2021-09-16 00:00:00-04:00,144.4368906679165,144.5155130315812,142.7402756439321,143.6929168701172,20292000,0.0,0.0
2021-09-17 00:00:00-04:00,143.12061498030312,143.5694929400111,140.39651790046625,140.796630859375,60040000,0.0,0.0
2021-09-20 00:00:00-04:00,138.34494308746451,138.70553984892493,136.40691773691327,138.36166381835938,34918000,0.0,0.0
2021-09-21 00:00:00-04:00,139.4564764435213,140.14779737675642,138.25068553084213,138.98818969726562,18130000,0.0,0.0
2021-09-22 00:00:00-04:00,139.39029452139525,140.91605735778592,138.81427219920204,140.27410888671875,22068000,0.0,0.0
2021-09-23 00:00:00-04:00,140.94192573448308,141.5818543079546,140.43134361805068,141.1579132080078,17272000,0.0,0.0
2021-09-24 00:00:00-04:00,140.28155810651276,142.229834403859,140.18650356984818,141.96060180664062,14950000,0.0,0.0
2021-09-27 00:00:00-04:00,140.9180282180954,141.8282220348286,139.8376504974977,140.8339385986328,18844000,0.0,0.0
2021-09-28 00:00:00-04:00,138.43281032152973,138.94837371302992,135.0602803702202,135.54200744628906,42190000,0.0,0.0
2021-09-29 00:00:00-04:00,136.46335213652688,136.7507938020376,133.6171374771324,133.88685607910156,26338000,0.0,0.0
2021-09-30 00:00:00-04:00,133.6917674609565,134.95080344146203,132.37301675993004,132.63726806640625,35294000,0.0,0.0
2021-10-01 00:00:00-04:00,132.9249176053229,136.42483531421783,132.74875005379187,135.81919860839844,28388000,0.0,0.0
2021-10-04 00:00:00-04:00,135.05978924784176,135.06029041413095,130.5481688178759,133.13441467285156,31530000,0.0,0.0
2021-10-05 00:00:00-04:00,133.36831009840782,136.71446079564365,133.36831009840782,135.53504943847656,24126000,0.0,0.0
2021-10-06 00:00:00-04:00,133.99084441731276,137.2021353274302,133.8524921662526,136.70648193359375,19764000,0.0,0.0
2021-10-07 00:00:00-04:00,138.20838369510582,139.49373849354484,137.90979490674025,138.52935791015625,18250000,0.0,0.0
2021-10-08 00:00:00-04:00,139.24648039582627,139.65553842139337,138.77207331943256,139.39576721191406,18924000,0.0,0.0
2021-10-11 00:00:00-04:00,139.14095649530464,140.10006719459753,138.15214030581612,138.1929473876953,16584000,0.0,0.0
2021-10-12 00:00:00-04:00,138.97922494744452,139.0364642109256,135.60769716538297,136.06851196289062,22536000,0.0,0.0
2021-10-13 00:00:00-04:00,137.10062164906907,137.89685334211552,136.33076952555135,137.24990844726562,16380000,0.0,0.0
2021-10-14 00:00:00-04:00,139.29225244583967,140.98374951124026,138.68215079644133,140.74537658691406,21426000,0.0,0.0
2021-10-15 00:00:00-04:00,141.52962953573518,141.52962953573518,140.39948451912687,141.00711059570312,21250000,0.0,0.0
2021-10-18 00:00:00-04:00,140.54780160401805,142.3246335093071,140.54780160401805,142.28656005859375,16564000,0.0,0.0
2021-10-19 00:00:00-04:00,142.61601098187455,143.4276573857957,142.42142177871906,143.14401245117188,15316000,0.0,0.0
2021-10-20 00:00:00-04:00,143.54261125325104,143.56774550029272,141.24300229778405,141.74362182617188,17940000,0.0,0.0
2021-10-21 00:00:00-04:00,141.52167995037135,142.17608157946873,140.96928843365848,142.10740661621094,14850000,0.0,0.0
2021-10-22 00:00:00-04:00,139.68935783925602,140.89116971734893,136.52385506002994,137.97149658203125,30182000,0.0,0.0
2021-10-25 00:00:00-04:00,138.1561342275559,138.5495649598508,136.10385822938275,138.11880493164062,21082000,0.0,0.0
2021-10-26 00:00:00-04:00,139.94315241511848,140.17554167758462,138.35018795757466,139.0135498046875,28258000,0.0,0.0
2021-10-27 00:00:00-04:00,139.24296434752,148.41502027601456,139.24296434752,145.73721313476562,51850000,0.0,0.0
2021-10-28 00:00:00-04:00,146.60460713959253,146.72951903774012,144.0810678730162,145.44012451171875,32418000,0.0,0.0
2021-10-29 00:00:00-04:00,144.83401095085182,147.91243260174016,144.48217701457,147.571533203125,28954000,0.0,0.0
2021-11-01 00:00:00-04:00,147.466528825876,147.69993564061997,142.90265030854982,143.0962371826172,32272000,0.0,0.0
2021-11-02 00:00:00-04:00,144.12674725768434,146.2278944337264,143.9591451078589,145.17538452148438,21150000,0.0,0.0
2021-11-03 00:00:00-04:00,145.58543558296935,146.21795300074038,144.36969728607374,146.09800720214844,17886000,0.0,0.0
2021-11-04 00:00:00-04:00,146.5060755503755,149.24311166529603,145.9437366095947,147.98208618164062,24700000,0.0,0.0
2021-11-05 00:00:00-04:00,148.64943302826856,149.86094940683304,147.95123243674595,148.53746032714844,20408000,0.0,0.0
2021-11-08 00:00:00-05:00,149.2928718111137,150.3224951051992,148.41701543669453,148.64743041992188,18388000,0.0,0.0
2021-11-09 00:00:00-05:00,149.0400741457261,149.66958453628757,146.81163075089745,148.544921875,16876000,0.0,0.0
2021-11-10 00:00:00-05:00,147.31200399019767,147.9989966173376,144.63990701522164,145.93478393554688,22708000,0.0,0.0
2021-11-11 00:00:00-05:00,146.41351457051854,147.80218561484364,146.0029682572251,146.05621337890625,12464000,0.0,0.0
2021-11-12 00:00:00-05:00,147.1345891444526,149.15302861433008,145.76358053254611,148.94003295898438,17048000,0.0,0.0
2021-11-15 00:00:00-05:00,149.29289136626363,149.76764774209786,147.9517399139774,148.68377685546875,16248000,0.0,0.0
2021-11-16 00:00:00-05:00,148.46729744865996,149.1261792676351,147.65066973931502,148.3732452392578,17254000,0.0,0.0
2021-11-17 00:00:00-05:00,148.52551885739143,148.92065050631604,147.86265810404328,148.3592987060547,15290000,0.0,0.0
2021-11-18 00:00:00-05:00,148.4429149462275,150.89530403118218,148.29611877271375,149.99855041503906,26658000,0.0,0.0
2021-11-19 00:00:00-05:00,150.28816803661073,151.13416711023524,149.18090945658543,149.24560546875,19766000,0.0,0.0
2021-11-22 00:00:00-05:00,149.43396955061166,150.0338807942777,146.31249324053547,146.38516235351562,24608000,0.0,0.0
2021-11-23 00:00:00-05:00,146.41951014337795,146.99776496899395,144.20648111751487,146.065185546875,18126000,0.0,0.0
2021-11-24 00:00:00-05:00,145.66008813373253,146.30701785221396,144.51451316484923,146.02584838867188,16464000,0.0,0.0
2021-11-26 00:00:00-05:00,144.33186908963074,144.6120362071691,141.81379726121764,142.13278198242188,16992000,0.0,0.0
2021-11-29 00:00:00-05:00,143.61823885451284,146.1696610206613,143.61823885451284,145.42518615722656,26276000,0.0,0.0
2021-11-30 00:00:00-05:00,144.76459838743543,145.93728204478003,141.39628984079266,141.7804718017578,41590000,0.0,0.0
2021-12-01 00:00:00-05:00,143.5326606149634,145.80853270347333,140.83295370785092,140.9503936767578,28476000,0.0,0.0
2021-12-02 00:00:00-05:00,141.15542929819978,143.99298726762706,140.31738814135184,143.09872436523438,21250000,0.0,0.0
2021-12-03 00:00:00-05:00,143.8143284858745,144.52844488460605,140.484594860374,141.8486328125,26688000,0.0,0.0
2021-12-06 00:00:00-05:00,142.89718225644546,143.6710133953138,139.98397849653898,143.11862182617188,22198000,0.0,0.0
2021-12-07 00:00:00-05:00,145.26195719236128,147.6008848603881,145.01562639062507,147.338623046875,23258000,0.0,0.0
2021-12-08 00:00:00-05:00,147.63223546394724,148.45334322612376,146.50606931830504,148.0194091796875,18964000,0.0,0.0
2021-12-09 00:00:00-05:00,147.47746850763832,148.89973281365036,146.8335306015912,147.40780639648438,18580000,0.0,0.0
2021-12-10 00:00:00-05:00,148.39713590350703,148.69570952832413,146.66284230059568,147.97413635253906,21634000,0.0,0.0
2021-12-13 00:00:00-05:00,147.74421058773623,147.8621517160775,145.6700352741304,146.01290893554688,24104000,0.0,0.0
2021-12-14 00:00:00-05:00,144.08753881445676,144.75636799933145,141.57194225064669,144.28709411621094,24778000,0.0,0.0
2021-12-15 00:00:00-05:00,143.68544910597015,146.82183910312324,142.03278480096245,146.67379760742188,27280000,0.0,0.0
2021-12-16 00:00:00-05:00,147.3789285852678,147.85119424013806,143.4132153034411,144.15570068359375,27400000,0.0,0.0
2021-12-17 00:00:00-05:00,142.0417227442369,143.77909925836724,141.11959193513306,142.1298065185547,43404000,0.0,0.0
2021-12-20 00:00:00-05:00,140.01640295898017,141.93820845767448,139.5888322167068,141.73019409179688,20264000,0.0,0.0
2021-12-21 00:00:00-05:00,142.47515464612763,144.00993830479396,141.06683193665697,143.54061889648438,19548000,0.0,0.0
2021-12-22 00:00:00-05:00,143.4207028334614,146.6085912683666,143.28434004038715,146.2562713623047,18438000,0.0,0.0
2021-12-23 00:00:00-05:00,146.3960933974807,147.87221034748785,146.25810561382727,146.4488525390625,13818000,0.0,0.0
2021-12-27 00:00:00-05:00,146.76833375906438,147.7267914671535,146.55583926124967,147.36599731445312,13256000,0.0,0.0
2021-12-28 00:00:00-05:00,147.67506158536938,147.67506158536938,145.247563607051,145.7576446533203,18624000,0.0,0.0
2021-12-29 00:00:00-05:00,145.73921463039517,146.48990096865066,144.8185721761895,145.81385803222656,17022000,0.0,0.0
2021-12-30 00:00:00-05:00,145.75962449779087,146.36924018019693,145.07138644952903,145.31423950195312,12978000,0.0,0.0
2021-12-31 00:00:00-05:00,144.85787827339902,145.67500703924085,143.99546230414228,143.99745178222656,17298000,0.0,0.0
2022-01-03 00:00:00-05:00,143.79441921372617,144.8638625152924,142.82601407352718,144.39059448242188,25214000,0.0,0.0
2022-01-04 00:00:00-05:00,144.864374717452,145.91887423180447,143.1381908289254,143.7357177734375,22928000,0.0,0.0
2022-01-05 00:00:00-05:00,143.501318051018,143.61777087671226,136.8752008669586,137.0045928955078,49642000,0.0,0.0
2022-01-06 00:00:00-05:00,136.84931225353333,139.0275023594518,136.1187788867449,136.90255737304688,29050000,0.0,0.0
2022-01-07 00:00:00-05:00,137.25487958218463,137.60297749147472,135.14885761661182,136.35862731933594,19408000,0.0,0.0
2022-01-10 00:00:00-05:00,134.462136338088,137.98644427120655,132.51287268196174,137.92076110839844,34096000,0.0,0.0
2022-01-11 00:00:00-05:00,137.52910651279794,139.6679780857741,136.16856143154644,139.35745239257812,23502000,0.0,0.0
2022-01-12 00:00:00-05:00,140.8871899997457,142.14100166724262,140.44677116766908,140.98023986816406,23642000,0.0,0.0
2022-01-13 00:00:00-05:00,141.1718430961465,142.51050378513614,138.2591406229541,138.47511291503906,26566000,0.0,0.0
2022-01-14 00:00:00-05:00,136.85182770573846,140.53488410753678,136.85182770573846,139.12754821777344,23826000,0.0,0.0
2022-01-18 00:00:00-05:00,135.9560451811666,136.74380258604572,134.977677547284,135.6479949951172,27382000,0.0,0.0
2022-01-19 00:00:00-05:00,136.29297710228914,137.74708847055524,134.8612511640772,135.0125274658203,20796000,0.0,0.0
2022-01-20 00:00:00-05:00,135.8704658414132,137.26187053763397,132.51684322341626,132.87713623046875,21930000,0.0,0.0
2022-01-21 00:00:00-05:00,132.3849622689666,134.12522429110854,129.38817001567028,129.47872924804688,41920000,0.0,0.0
2022-01-24 00:00:00-05:00,125.43338345811094,130.16199356466964,124.05437130021804,129.7574005126953,55148000,0.0,0.0
2022-01-25 00:00:00-05:00,127.83003676415723,128.72877976438997,125.78223339602185,126.13804626464844,36008000,0.0,0.0
2022-01-26 00:00:00-05:00,129.97685461512128,132.1814089323611,126.5540714975638,128.6307373046875,39630000,0.0,0.0
2022-01-27 00:00:00-05:00,130.7417290323743,131.98480356276679,128.33713338785543,128.51229858398438,30248000,0.0,0.0
2022-01-28 00:00:00-05:00,129.38716542070122,132.74177516926142,128.0878234604517,132.66116333007812,30518000,0.0,0.0
2022-01-31 00:00:00-05:00,133.56536224354517,135.2031128080087,131.6504363679538,135.0587921142578,34056000,0.0,0.0
2022-02-01 00:00:00-05:00,137.1852178286245,137.5484874072447,133.93386397884223,137.22850036621094,51204000,0.0,0.0
2022-02-02 00:00:00-05:00,151.1475776128586,151.38297387838952,144.87130569957085,147.338623046875,89750000,0.0,0.0
2022-02-03 00:00:00-05:00,144.61006160963422,148.41474907406587,141.53463185343347,141.97802734375,56930000,0.0,0.0
2022-02-04 00:00:00-05:00,142.3427992795155,143.85389158382364,139.15838866090303,142.34181213378906,49224000,0.0,0.0
2022-02-07 00:00:00-05:00,143.031540398121,143.16838917138665,138.0451635287187,138.2830352783203,44610000,0.0,0.0
2022-02-08 00:00:00-05:00,138.33603676503782,139.17788983495308,136.22776683788652,138.55673217773438,34256000,0.0,0.0
2022-02-09 00:00:00-05:00,140.18576617660892,141.50527629268478,139.7152469567636,140.7861785888672,28628000,0.0,0.0
2022-02-10 00:00:00-05:00,138.84238774615775,140.76428464107363,137.39922617971627,137.94911193847656,33018000,0.0,0.0
2022-02-11 00:00:00-05:00,138.09591169014544,138.62664677621441,132.6601559548538,133.49769592285156,38808000,0.0,0.0
2022-02-14 00:00:00-05:00,132.73679585661614,135.52460175407498,132.67360334195214,134.6621856689453,26792000,0.0,0.0
2022-02-15 00:00:00-05:00,136.8234228330643,137.24990010796085,134.9005391295879,135.78236389160156,26578000,0.0,0.0
2022-02-16 00:00:00-05:00,135.7873467466399,137.2957054165629,134.18807954874515,136.83937072753906,25610000,0.0,0.0
2022-02-17 00:00:00-05:00,135.508166378858,136.19441489911532,131.57877967167903,131.68478393554688,30968000,0.0,0.0
2022-02-18 00:00:00-05:00,132.41035483750255,133.19314623086856,129.69277295982343,129.8524627685547,31858000,0.0,0.0
2022-02-22 00:00:00-05:00,129.3722234323192,131.27894837207833,127.13879884935457,128.79246520996094,38906000,0.0,0.0
2022-02-23 00:00:00-05:00,130.46058183972337,131.12790751167353,126.90243039415532,126.9835433959961,26432000,0.0,0.0
2022-02-24 00:00:00-05:00,124.41073147561384,132.40984641796186,124.17634512011715,132.0480499267578,43166000,0.0,0.0
2022-02-25 00:00:00-05:00,132.8960432649029,134.75076860095928,131.1438444032847,133.88536071777344,26236000,0.0,0.0
2022-02-28 00:00:00-05:00,132.65616356171356,135.0010595812273,132.19908477762706,134.25509643554688,29676000,0.0,0.0
2022-03-01 00:00:00-05:00,133.84603285471533,135.46934074717987,132.74972406577325,133.53550720214844,24640000,0.0,0.0
2022-03-02 00:00:00-05:00,133.97369774428049,134.9761974661928,132.8034895430378,134.11627197265625,23966000,0.0,0.0
2022-03-03 00:00:00-05:00,135.3374926240358,136.0693321511607,132.8020010269476,133.67486572265625,19780000,0.0,0.0
2022-03-04 00:00:00-05:00,132.75373191549508,133.56638068472472,129.79373736556602,131.49916076660156,24446000,0.0,0.0
2022-03-07 00:00:00-05:00,131.28219596686398,131.28219596686398,125.81409204819869,125.86833190917969,39178000,0.0,0.0
2022-03-08 00:00:00-05:00,125.65534355102515,130.62779399578713,125.26742565490902,126.67849731445312,35250000,0.0,0.0
2022-03-09 00:00:00-05:00,130.78056114470036,133.5658763891628,129.47474956765626,133.2349395751953,32258000,0.0,0.0
2022-03-10 00:00:00-05:00,130.84276975032068,132.90898733852603,130.78156671267752,132.05653381347656,24266000,0.0,0.0
2022-03-11 00:00:00-05:00,133.36780197861034,133.56735727638488,129.68225558105098,129.86041259765625,26600000,0.0,0.0
2022-03-14 00:00:00-04:00,129.95745250454905,130.4083198936715,125.81706747144618,126.14351654052734,30254000,0.0,0.0
2022-03-15 00:00:00-04:00,127.13931072888491,129.901967097563,125.97134270046584,129.0492706298828,30292000,0.0,0.0
2022-03-16 00:00:00-04:00,130.38244961702512,133.140382888646,128.59193433733995,133.06027221679688,32058000,0.0,0.0
2022-03-17 00:00:00-04:00,132.69250934193886,134.10432517183582,132.0933422546361,133.96597290039062,23994000,0.0,0.0
2022-03-18 00:00:00-04:00,133.25284369020392,136.26805721444535,132.30533576097307,136.15658569335938,45900000,0.0,0.0
2022-03-21 00:00:00-04:00,136.20237726623708,136.93391293728004,133.9769105615314,135.83511352539062,26632000,0.0,0.0
2022-03-22 00:00:00-04:00,135.8565073348572,140.83293617496187,135.8565073348572,139.61619567871094,29776000,0.0,0.0
2022-03-23 00:00:00-04:00,138.48258692526088,139.3648977642606,137.51516893887396,137.85057067871094,25302000,0.0,0.0
2022-03-24 00:00:00-04:00,138.6159529942496,140.72993305890722,137.38865755203653,140.6458282470703,20544000,0.0,0.0
2022-03-25 00:00:00-04:00,141.08577229441804,141.29030891730582,139.04095279247997,140.8543701171875,19270000,0.0,0.0
2022-03-28 00:00:00-04:00,140.0213007231034,141.30721758576396,139.16899904193733,141.2808380126953,23774000,0.0,0.0
2022-03-29 00:00:00-04:00,142.48562086098073,143.48289614557947,141.81229640550126,142.57469177246094,28678000,0.0,0.0
2022-03-30 00:00:00-04:00,142.19647725737113,142.80410336854544,141.497790757229,141.9720458984375,21046000,0.0,0.0
2022-03-31 00:00:00-04:00,141.7769815753248,141.9720567564034,138.96082189232544,138.99118041992188,29516000,0.0,0.0
2022-04-01 00:00:00-04:00,139.34997818077468,140.28554938882468,138.14269889397616,140.03672790527344,23480000,0.0,0.0
2022-04-04 00:00:00-04:00,140.16062342555867,143.36470087129743,140.16062342555867,142.96534729003906,19076000,0.0,0.0
2022-04-05 00:00:00-04:00,142.72351320068876,142.91310594058695,140.27908203793703,140.3980255126953,19256000,0.0,0.0
2022-04-06 00:00:00-04:00,138.50548706887457,139.18924500457672,135.77502657051096,136.5293426513672,23574000,0.0,0.0
2022-04-07 00:00:00-04:00,135.97394913530644,137.05235257861952,134.22150747114017,135.82167053222656,19448000,0.0,0.0
2022-04-08 00:00:00-04:00,135.60769828723264,135.60769828723264,133.12197428430505,133.37875366210938,16434000,0.0,0.0
2022-04-11 00:00:00-04:00,132.27348615335092,132.31250118939312,129.00645906753164,129.1846160888672,24188000,0.0,0.0
2022-04-12 00:00:00-04:00,131.79923382489685,131.79923382489685,126.9745894106072,127.76932525634766,23004000,0.0,0.0
2022-04-13 00:00:00-04:00,128.0201368962124,130.03982189745568,127.83312593210778,129.67181396484375,19542000,0.0,0.0
2022-04-14 00:00:00-04:00,130.03360225613037,130.09406113229227,126.51227896811446,126.65310668945312,23484000,0.0,0.0
2022-04-18 00:00:00-04:00,126.80937541954968,128.10523955678553,125.98174486504385,127.35777282714844,14918000,0.0,0.0
2022-04-19 00:00:00-04:00,127.47322320514388,130.28664921622865,126.85067596859626,129.91566467285156,22720000,0.0,0.0
2022-04-20 00:00:00-04:00,130.66511197660427,131.30159318507793,127.29114650395485,127.64093780517578,22610000,0.0,0.0
2022-04-21 00:00:00-04:00,128.74023879180965,129.69321411801107,124.06239044935717,124.3485336303711,30158000,0.0,0.0
2022-04-22 00:00:00-04:00,124.41073651652763,124.8606092023749,118.57886174745552,119.05012512207031,46410000,0.0,0.0
2022-04-25 00:00:00-04:00,118.86649057408276,122.69685134233372,118.20935526541926,122.66898345947266,34522000,0.0,0.0
2022-04-26 00:00:00-04:00,122.17134535227201,122.17134535227201,118.60011019293634,118.94263458251953,49394000,0.0,0.0
2022-04-27 00:00:00-04:00,113.83383242122194,116.9460902574276,112.59097040034956,114.47827911376953,62238000,0.0,0.0
2022-04-28 00:00:00-04:00,116.56290421913432,119.87073843519462,114.60109635829187,118.84857940673828,36790000,0.0,0.0
2022-04-29 00:00:00-04:00,117.02372261120375,118.39920382909824,114.15331554632759,114.42453002929688,33694000,0.0,0.0
2022-05-02 00:00:00-04:00,113.36953312003291,116.7863482177108,112.8649194113388,116.60470581054688,30280000,0.0,0.0
2022-05-03 00:00:00-04:00,116.21454714377273,118.73760032015089,116.07719721584007,117.57261657714844,21216000,0.0,0.0
2022-05-04 00:00:00-04:00,117.44722479877245,122.56249269102042,115.19290278103787,121.9971694946289,33232000,0.0,0.0
2022-05-05 00:00:00-04:00,119.65375851194783,120.66174056447177,114.6395140371418,116.19613647460938,43090000,0.0,0.0
2022-05-06 00:00:00-04:00,114.97442723306982,116.94459545809681,113.60491440348825,115.1147689819336,35310000,0.0,0.0
2022-05-09 00:00:00-04:00,112.76936625331327,115.01811449212366,112.02091239672124,112.5509033203125,34520000,0.0,0.0
2022-05-10 00:00:00-04:00,115.49346428860967,116.14090277478489,112.84879466967709,114.0443344116211,31158000,0.0,0.0
2022-05-11 00:00:00-04:00,113.17445205934112,116.12099077971948,113.11423617313255,113.42376708984375,36502000,0.0,0.0
2022-05-12 00:00:00-04:00,111.41030646857692,114.31504330459299,109.59440647641487,112.6275405883789,41464000,0.0,0.0
2022-05-13 00:00:00-04:00,114.30409914599453,117.5283296267956,113.46258780821272,115.96623229980469,29738000,0.0,0.0
2022-05-16 00:00:00-04:00,114.84006896362847,116.05779674581578,113.79601048856615,114.25135803222656,23282000,0.0,0.0
2022-05-17 00:00:00-04:00,116.67487325941799,116.67487325941799,114.79378360446997,116.15135192871094,21576000,0.0,0.0
2022-05-18 00:00:00-04:00,114.694262429826,115.15024783136839,111.6133501748817,111.87113189697266,27982000,0.0,0.0
2022-05-19 00:00:00-04:00,111.31376719646522,113.05203203540303,109.9472386426884,110.22342681884766,29192000,0.0,0.0
2022-05-20 00:00:00-04:00,111.55712059771784,112.01943132449912,105.87154836299284,108.79769134521484,37586000,0.0,0.0
2022-05-23 00:00:00-04:00,109.58494917726688,111.477489710384,108.63968124325673,111.14008331298828,31558000,0.0,0.0
2022-05-24 00:00:00-04:00,105.87603016155659,105.89344189411389,101.72618327920769,105.4266586303711,60386000,0.0,0.0
2022-05-25 00:00:00-04:00,104.6463468817272,106.04243671399546,103.71998654837991,105.34056091308594,37900000,0.0,0.0
2022-05-26 00:00:00-04:00,105.55056359005481,108.4416248505147,104.99071528570639,107.78547668457031,30288000,0.0,0.0
2022-05-27 00:00:00-04:00,109.27093641660595,112.33591743295146,109.03356584864135,112.26725006103516,29924000,0.0,0.0
2022-05-31 00:00:00-04:00,112.54594544001486,115.88463206992348,112.04183284932667,113.50141906738281,51302000,0.0,0.0
2022-06-01 00:00:00-04:00,114.38970249768265,116.84556919378318,113.01520838313238,113.59894561767578,28630000,0.0,0.0
2022-06-02 00:00:00-04:00,113.6497074085584,117.34221710629116,112.77385097575305,117.19093322753906,27472000,0.0,0.0
2022-06-03 00:00:00-04:00,115.44568887881833,115.81593683794122,113.1321459956237,114.02392578125,25052000,0.0,0.0
2022-06-06 00:00:00-04:00,116.19215846254471,118.83563591426454,115.97896536653525,116.45889282226562,23786000,0.0,0.0
2022-06-07 00:00:00-04:00,115.10282281622644,117.19356706434064,114.58278686076801,116.67686462402344,26414000,0.0,0.0
2022-06-08 00:00:00-04:00,116.32552617837696,118.08668516675237,116.1466174166489,116.68531799316406,22544000,0.0,0.0
2022-06-09 00:00:00-04:00,115.79305604554987,117.79208696285237,114.32550440699232,114.37626647949219,23142000,0.0,0.0
2022-06-10 00:00:00-04:00,112.24959214379983,112.96196969377868,110.33839438297558,110.9022216796875,31324000,0.0,0.0
2022-06-13 00:00:00-04:00,106.93948450933533,108.70362779893402,106.08558068776968,106.37267303466797,36756000,0.0,0.0
2022-06-14 00:00:00-04:00,106.38609956083734,107.94620733346038,105.85063379070733,106.68866729736328,25480000,0.0,0.0
2022-06-15 00:00:00-04:00,108.38613338094682,111.53472581057754,107.60906744849383,109.87010955810547,33192000,0.0,0.0
2022-06-16 00:00:00-04:00,107.63967003050202,108.77529008390815,105.29378651884345,106.13330841064453,35314000,0.0,0.0
2022-06-17 00:00:00-04:00,106.03278427939424,108.7344806173926,105.13060143310136,107.35700988769531,43516000,0.0,0.0
2022-06-21 00:00:00-04:00,109.18484648717131,112.14183367899099,108.77827156893109,111.4869384765625,39010000,0.0,0.0
2022-06-22 00:00:00-04:00,110.63896317499959,113.23317447264614,110.20232585303906,111.50585174560547,23922000,0.0,0.0
2022-06-23 00:00:00-04:00,112.41753351005117,112.66287718187586,110.50559176492372,112.15328979492188,24710000,0.0,0.0
2022-06-24 00:00:00-04:00,113.0674538682342,118.07822053993404,113.0674538682342,117.97919464111328,39122000,0.0,0.0
2022-06-27 00:00:00-04:00,118.37432973270909,118.68784723076311,115.45391211217571,116.0727310180664,32840000,0.0,0.0
2022-06-28 00:00:00-04:00,115.8025109462013,117.30091470055925,111.9139311338108,112.04083251953125,28232000,0.0,0.0
2022-06-29 00:00:00-04:00,111.61980998211311,113.12866212637896,111.02811487234999,111.72730255126953,18628000,0.0,0.0
2022-06-30 00:00:00-04:00,109.97858917561709,110.80498202010878,106.80412593743712,108.85690307617188,38046000,0.0,0.0
2022-07-01 00:00:00-04:00,107.82628411703544,109.28871013062435,106.60009726160429,108.56678009033203,31028000,0.0,0.0
2022-07-05 00:00:00-04:00,107.00766390008619,113.51493590818501,105.74862031485087,113.3501205444336,36398000,0.0,0.0
2022-07-06 00:00:00-04:00,113.55416076535447,115.80350141242428,111.72134246474683,114.67037200927734,28852000,0.0,0.0
2022-07-07 00:00:00-04:00,115.46112670522629,119.29695475187049,114.989354580238,118.74357604980469,32184000,0.0,0.0
2022-07-08 00:00:00-04:00,116.99584936851812,119.86724344753114,116.96001598143374,119.60200500488281,29082000,0.0,0.0
2022-07-11 00:00:00-04:00,118.09067107470861,118.23449061320869,115.68655359916379,115.97319793701172,26718000,0.0,0.0
2022-07-12 00:00:00-04:00,116.2877045186761,117.29394007308944,114.07468337568238,114.3080825805664,24970000,0.0,0.0
2022-07-13 00:00:00-04:00,112.10801480483113,114.61414259589735,111.29585958107427,111.65814208984375,38958000,0.0,0.0
2022-07-14 00:00:00-04:00,110.30355365402245,111.45958487019118,108.81013120292482,110.91466522216797,32366000,0.0,0.0
2022-07-15 00:00:00-04:00,112.43048015695064,113.46309536751616,111.29536124953374,112.23540496826172,34330000,0.0,0.0
2022-07-18 00:00:00-04:00,112.90523421049274,114.25882363339025,108.78475121807577,109.39187622070312,33354000,0.0,20.0
2022-07-19 00:00:00-04:00,111.20329065689758,114.26876528446563,109.97908572804702,114.07966613769531,30992300,0.0,0.0
2022-07-20 00:00:00-04:00,113.52229656149304,115.78159959261738,112.72607247303723,114.1592788696289,26780100,0.0,0.0
2022-07-21 00:00:00-04:00,114.54745566400011,114.66689271092909,111.3824536513884,114.49769592285156,27267800,0.0,0.0
2022-07-22 00:00:00-04:00,111.28291549102657,112.64645992532877,107.09276270894505,107.84918212890625,44455300,0.0,0.0
2022-07-25 00:00:00-04:00,108.36672221424634,110.05871274028323,106.50554250706286,107.69988250732422,28289900,0.0,0.0
2022-07-26 00:00:00-04:00,106.92356419615227,107.23210039426073,104.26615267413928,104.94294738769531,36626600,0.0,0.0
2022-07-27 00:00:00-04:00,109.08333243811776,113.86070776556826,107.9088947797362,113.0644760131836,41474600,0.0,0.0
2022-07-28 00:00:00-04:00,112.26825716499474,114.15929437786211,111.32372570434588,114.04981231689453,23303800,0.0,0.0
2022-07-29 00:00:00-04:00,112.86541725855054,116.34891774434884,112.69622048594888,116.09014129638672,31336200,0.0,0.0
2022-08-01 00:00:00-04:00,114.9853752769637,116.56788375789434,114.14933879151246,114.93561553955078,22856200,0.0,0.0
2022-08-02 00:00:00-04:00,113.89055867008565,116.52806765771149,113.72136190016134,115.35363006591797,17911000,0.0,0.0
2022-08-03 00:00:00-04:00,115.79154719693148,118.85702930638081,115.60244805704211,118.22004699707031,25302800,0.0,0.0
2022-08-04 00:00:00-04:00,117.74231871869387,118.93665869753202,117.15509612047474,118.30963134765625,15757700,0.0,0.0
2022-08-05 00:00:00-04:00,116.37878470022508,118.29968685879182,116.15982057954456,117.66270446777344,15615700,0.0,0.0
2022-08-08 00:00:00-04:00,118.55846000728116,120.29025535976568,117.27454027569524,117.58307647705078,17061100,0.0,0.0
2022-08-09 00:00:00-04:00,117.4337786524408,117.64278777566878,116.01051954275908,116.94609069824219,15424300,0.0,0.0
2022-08-10 00:00:00-04:00,119.02623720422831,121.20591575637215,118.79732569941753,120.08124542236328,20497000,0.0,0.0
2022-08-11 00:00:00-04:00,121.50449798088704,121.76326683374639,118.98642600382284,119.2551498413086,16671600,0.0,0.0
2022-08-12 00:00:00-04:00,120.58884918279482,122.07182312011719,119.8324297356637,122.07182312011719,16121100,0.0,0.0
2022-08-15 00:00:00-04:00,121.63387294250906,122.67892603753836,120.99689065769638,122.30071258544922,15525000,0.0,0.0
2022-08-16 00:00:00-04:00,121.74336548664627,122.64708218790751,120.96207003901053,121.9324722290039,15626200,0.0,0.0
2022-08-17 00:00:00-04:00,120.35992499834103,121.57417501943715,119.63336294535719,119.75279998779297,17589200,0.0,0.0
2022-08-18 00:00:00-04:00,119.66322531154273,121.11634179263632,118.98643060591009,120.29025268554688,15652000,0.0,0.0
2022-08-19 00:00:00-04:00,119.30492168423736,119.43430611556155,117.1152881827282,117.56317138671875,20187000,0.0,0.0
2022-08-22 00:00:00-04:00,115.55268532175243,115.95080117925099,114.12942625675926,114.52754211425781,19316000,0.0,0.0
2022-08-23 00:00:00-04:00,113.7810825172417,115.38349340587219,113.761180140572,114.22895812988281,14390700,0.0,0.0
2022-08-24 00:00:00-04:00,113.9104574182187,115.1714904264658,113.2436177508621,114.1592788696289,16051200,0.0,0.0
2022-08-25 00:00:00-04:00,114.60716723808446,117.22476629204917,114.50764017169033,117.1451416015625,14874700,0.0,0.0
2022-08-26 00:00:00-04:00,115.26405583139334,116.05033259120523,110.69569726728199,110.77532196044922,31698700,0.0,0.0
2022-08-29 00:00:00-04:00,110.25776769113976,111.43220532390005,109.29233918029928,109.81983947753906,20386100,0.0,0.0
2022-08-30 00:00:00-04:00,110.5065915618455,110.84499271428425,108.287108271229,109.39187622070312,20548200,0.0,0.0
2022-08-31 00:00:00-04:00,111.10375693128472,111.24309634309817,108.53592520398799,108.63545227050781,25898000,0.0,0.0
2022-09-01 00:00:00-04:00,108.68521239036124,110.69569407092312,107.67997914350877,110.02885437011719,22784400,0.0,0.0
2022-09-02 00:00:00-04:00,110.81512773160073,111.14855518812294,107.62026092484564,108.16767120361328,20618100,0.0,0.0
2022-09-06 00:00:00-04:00,107.62524633634213,108.36672949556623,106.00790669754299,106.97333526611328,20565100,0.0,0.0
2022-09-07 00:00:00-04:00,107.25201148611757,110.46678071405597,107.1076907772533,109.95919036865234,22987200,0.0,0.0
2022-09-08 00:00:00-04:00,108.66531594187654,110.05871773436151,107.5505929892028,108.90418243408203,21660700,0.0,0.0
2022-09-09 00:00:00-04:00,109.53120396810544,111.47200821664914,109.48143664135183,111.25304412841797,21732900,0.0,0.0
2022-09-12 00:00:00-04:00,111.46206555632702,112.10900290851234,110.40706493467108,111.34263610839844,19732900,0.0,0.0
2022-09-13 00:00:00-04:00,108.3766781042324,108.85441866438423,104.50501666571037,104.81355285644531,33015000,0.0,0.0
2022-09-14 00:00:00-04:00,104.9429450441253,105.59982977275591,104.0073738921362,105.37091827392578,22115800,0.0,0.0
2022-09-15 00:00:00-04:00,104.51497764564368,105.70931772438844,102.8229870084214,103.41020965576172,26494900,0.0,0.0
2022-09-16 00:00:00-04:00,102.48458713788705,103.53958772904764,101.37484552019858,103.14147186279297,64540100,0.0,0.0
2022-09-19 00:00:00-04:00,102.05661343354218,103.52963226034304,101.88741665903899,103.36043548583984,19738600,0.0,0.0
2022-09-20 00:00:00-04:00,102.3950059177079,102.68363972655627,100.64330828207629,101.34996032714844,24001700,0.0,0.0
2022-09-21 00:00:00-04:00,101.75802697722172,103.00213433617348,99.51863373110857,99.53854370117188,26596800,0.0,0.0
2022-09-22 00:00:00-04:00,98.98117856065326,101.20066943281867,98.94137380733588,100.09590148925781,21272700,0.0,0.0
2022-09-23 00:00:00-04:00,99.58830321979381,99.63807055141359,97.54797171167087,98.70249938964844,25657000,0.0,0.0
2022-09-26 00:00:00-04:00,98.14514598601151,99.966521057017,97.9162268814197,98.34420013427734,22437900,0.0,0.0
2022-09-27 00:00:00-04:00,99.43901391967812,99.98641658663331,96.88112196972934,97.6275863647461,24225000,0.0,0.0
2022-09-28 00:00:00-04:00,97.55791230886734,100.92198322555709,97.33895580790409,100.26509094238281,24617000,0.0,0.0
2022-09-29 00:00:00-04:00,98.83188893759021,98.83188893759021,96.06498786824815,97.6275863647461,21921500,0.0,0.0
2022-09-30 00:00:00-04:00,97.26930046956035,99.02498484690345,95.57730977702097,95.69674682617188,26277800,0.0,0.0
2022-10-03 00:00:00-04:00,96.76169740524554,99.49873365831401,96.56263566714686,98.83189392089844,24840000,0.0,0.0
2022-10-04 00:00:00-04:00,100.56368644279272,102.23576702852765,100.56368644279272,101.92723083496094,22580900,0.0,0.0
2022-10-05 00:00:00-04:00,100.21533489370934,102.25566633478026,99.26980877800762,101.73812103271484,18475500,0.0,0.0
2022-10-06 00:00:00-04:00,101.02151669888987,103.24100754973763,101.02151669888987,101.75802612304688,17156200,0.0,0.0
2022-10-07 00:00:00-04:00,100.17551933405367,100.9418860745929,98.74230532289357,99.1006088256836,24249900,0.0,0.0
2022-10-10 00:00:00-04:00,99.37928461700169,99.51862402013333,97.40862300503832,98.24465942382812,16529900,0.0,0.0
2022-10-11 00:00:00-04:00,97.78683795259893,99.64802528645066,96.79155207012974,97.58778381347656,21617700,0.0,0.0
2022-10-12 00:00:00-04:00,97.80673630359924,99.17824614644113,97.20956631738184,97.83660125732422,17343400,0.0,0.0
2022-10-13 00:00:00-04:00,95.47776541525245,100.05607849588898,94.82087315398257,99.23994445800781,32812200,0.0,0.0
2022-10-14 00:00:00-04:00,100.15064536018114,100.81251140594685,96.57259127497312,96.72188568115234,22624800,0.0,0.0
2022-10-17 00:00:00-04:00,99.05083889621355,101.2902319331305,99.04089150553985,100.30490112304688,23311600,0.0,0.0
2022-10-18 00:00:00-04:00,103.45001507005593,103.72869389685495,100.17552366831033,100.91203308105469,21610500,0.0,0.0
2022-10-19 00:00:00-04:00,100.22528586061577,101.17976466249833,99.16531155367703,99.81722259521484,21573700,0.0,0.0
2022-10-20 00:00:00-04:00,100.34471748227675,102.51444090418003,99.49872604204442,100.05608367919922,25125100,0.0,0.0
2022-10-21 00:00:00-04:00,97.99584233044817,101.14094921156882,97.76693084088724,101.0016098022461,28988700,0.0,0.0
2022-10-24 00:00:00-04:00,101.60873218590838,102.61397305424748,99.82717713693695,102.48458862304688,24680800,0.0,0.0
2022-10-25 00:00:00-04:00,102.81304275813862,104.60455293100053,102.53435631071503,104.43535614013672,29910200,0.0,0.0
2022-10-26 00:00:00-04:00,96.30385801830623,98.07546556201854,94.12417964376472,94.37300109863281,71504300,0.0,0.0
2022-10-27 00:00:00-04:00,93.86540528503579,94.72135171622803,91.46677035552513,92.16346740722656,54036500,0.0,0.0
2022-10-28 00:00:00-04:00,92.09380662621712,96.40339656008771,91.88778170808634,96.12471771240234,35696900,0.0,0.0
2022-10-31 00:00:00-04:00,95.32847564653179,95.895788266276,93.93507396490948,94.21376037597656,29868700,0.0,0.0
2022-11-01 00:00:00-04:00,95.1393814158384,95.71167539976388,90.00370980303308,90.07337951660156,43220600,0.0,0.0
2022-11-02 00:00:00-04:00,90.48143986457043,90.86960073686399,86.59982354820654,86.65953826904297,43553600,0.0,0.0
2022-11-03 00:00:00-04:00,85.93796496339849,86.14200040176253,83.05660793961765,83.09642028808594,48510400,0.0,0.0
2022-11-04 00:00:00-04:00,85.10689009690097,86.32113997661736,83.48456939811388,86.29127502441406,40173300,0.0,0.0
2022-11-07 00:00:00-05:00,86.92826415903247,88.52072762427457,86.55005826242318,88.23209381103516,26899900,0.0,0.0
2022-11-08 00:00:00-05:00,88.73969672541183,89.97882284234792,87.23681285237359,88.49087524414062,30172000,0.0,0.0
2022-11-09 00:00:00-05:00,88.1275826462776,89.06812745884204,86.94817135890763,86.98798370361328,26743900,0.0,0.0
2022-11-10 00:00:00-05:00,91.90469914417298,94.10428773199733,91.21795701590894,93.72607421875,42371200,0.0,0.0
2022-11-11 00:00:00-05:00,94.26352043796018,96.9010294170545,93.7161177852531,96.27400207519531,30569100,0.0,0.0
2022-11-14 00:00:00-05:00,95.0498083157303,96.72188901706356,94.66463162000626,95.57730865478516,24170100,0.0,0.0
2022-11-15 00:00:00-05:00,98.2048560816514,99.94660637385905,96.56263285888416,98.25462341308594,31831000,0.0,0.0
2022-11-16 00:00:00-05:00,97.55792499499024,99.37930009689765,97.44048501981244,98.52335357666016,24660200,0.0,0.0
2022-11-17 00:00:00-05:00,96.72188272400106,99.01104329961711,96.64225803068271,98.03565979003906,21818700,0.0,0.0
2022-11-18 00:00:00-05:00,98.54325370223835,98.6925480977689,96.28395058033257,97.33895874023438,24969900,0.0,0.0
2022-11-21 00:00:00-05:00,97.10009048582435,98.25462578075462,95.21900073238524,95.37825012207031,18696900,0.0,0.0
2022-11-22 00:00:00-05:00,95.70668746465039,97.08813706624791,93.96493729114104,96.87117004394531,18868900,0.0,0.0
2022-11-23 00:00:00-05:00,96.88112244359954,98.6019755918307,96.88112244359954,98.3541488647461,17568900,0.0,0.0
2022-11-25 00:00:00-05:00,98.00082036612558,98.47358723308106,97.07023049977272,97.13990020751953,8567800,0.0,0.0
2022-11-28 00:00:00-05:00,96.74178318421949,97.36881813989444,95.4379611290314,95.7962646484375,19974500,0.0,0.0
2022-11-29 00:00:00-05:00,95.54743942049858,95.93560028567009,93.94502863107638,94.99008178710938,20220000,0.0,0.0
2022-11-30 00:00:00-05:00,94.67159457357357,100.97174835205078,94.22371137655793,100.97174835205078,39888100,0.0,0.0
2022-12-01 00:00:00-05:00,100.9219959454914,102.10638105185998,100.19543386738488,100.80255889892578,21771500,0.0,0.0
2022-12-02 00:00:00-05:00,98.9015663645089,100.67317411869534,98.70250462090816,100.35468292236328,18821500,0.0,0.0
2022-12-05 00:00:00-05:00,99.34446703923248,101.27034287431606,98.8866364249188,99.39920806884766,19955500,0.0,0.0
2022-12-06 00:00:00-05:00,99.20013238467534,99.73758761987418,96.3038546984364,96.85125732421875,20877600,0.0,0.0
2022-12-07 00:00:00-05:00,96.31380468889539,96.85125993860218,94.57703580669956,94.70144653320312,26647900,0.0,0.0
2022-12-08 00:00:00-05:00,95.23890581991452,95.4180575774107,93.35781616291882,93.5071029663086,25593200,0.0,0.0
2022-12-09 00:00:00-05:00,93.45733750494203,94.04455247811461,92.58148114708735,92.6312484741211,21885300,0.0,0.0
2022-12-12 00:00:00-05:00,92.65115669345715,93.43245973529034,91.4667716883068,93.11894226074219,27380900,0.0,0.0
2022-12-13 00:00:00-05:00,97.60768339373894,99.32953126219154,94.93036201669989,95.39814758300781,34788500,0.0,0.0
2022-12-14 00:00:00-05:00,95.08961397898538,96.76169456275036,93.49715808812078,94.8606948852539,26452900,0.0,0.0
2022-12-15 00:00:00-05:00,93.0990381150516,93.58672604907856,90.00369855414625,90.77006530761719,28298800,0.0,0.0
2022-12-16 00:00:00-05:00,90.77006468001228,91.31747492401254,89.58567970556449,90.43167114257812,48485500,0.0,0.0
2022-12-19 00:00:00-05:00,90.45157662118169,90.77006779404601,88.5057985273253,88.729736328125,23020500,0.0,0.0
2022-12-20 00:00:00-05:00,88.31171495407213,89.35676051853373,87.62496530212003,89.20746612548828,21976800,0.0,0.0
2022-12-21 00:00:00-05:00,89.30700910512688,90.48642049257455,88.49087495297978,89.82455444335938,20336400,0.0,0.0
2022-12-22 00:00:00-05:00,88.510765129342,88.75958657549518,86.53014854412261,87.84392547607422,23656100,0.0,0.0
2022-12-23 00:00:00-05:00,87.20694128119976,89.6752457209364,87.20694128119976,89.38661193847656,17815000,0.0,0.0
2022-12-27 00:00:00-05:00,88.88898719983534,89.07809396328607,87.12236068480412,87.51549530029297,15470900,0.0,0.0
2022-12-28 00:00:00-05:00,87.08751985994245,88.10270817891525,85.9628494799571,86.05242156982422,17879600,0.0,0.0
2022-12-29 00:00:00-05:00,86.61973068923339,88.94372235525123,86.57991834200945,88.53067779541016,18280700,0.0,0.0
2022-12-30 00:00:00-05:00,86.95315107247184,88.41124887369601,86.619731205093,88.31172180175781,19190300,0.0,0.0
2023-01-03 00:00:00-05:00,89.40652977671246,91.1184226545952,88.6003430742412,89.27713775634766,20738500,0.0,0.0
2023-01-04 00:00:00-05:00,90.58096963247291,90.8098811314599,87.38610288413852,88.29180908203125,27046500,0.0,0.0
2023-01-05 00:00:00-05:00,87.65482124958022,87.7941606559298,86.15193754574908,86.36094665527344,23136100,0.0,0.0
2023-01-06 00:00:00-05:00,86.94816834476,88.05293619340168,85.16660584644079,87.74440002441406,26612600,0.0,0.0
2023-01-09 00:00:00-05:00,88.7745203696875,90.40181484744842,88.1624217030434,88.38138580322266,22996700,0.0,0.0
2023-01-10 00:00:00-05:00,86.31118846725929,89.05319819764858,86.29127849832223,88.81930541992188,22855600,0.0,0.0
2023-01-11 00:00:00-05:00,89.63544729709926,92.01418003236891,89.31695610724726,91.82508087158203,25998800,0.0,0.0
2023-01-12 00:00:00-05:00,91.96441830956216,92.1833824216319,90.14304329744982,91.47673034667969,22754200,0.0,0.0
2023-01-13 00:00:00-05:00,91.0965267592125,92.54168533315664,90.50134622261136,92.36253356933594,18630700,0.0,0.0
2023-01-17 00:00:00-05:00,92.34262015914376,92.53172690097314,90.41176317583279,91.72554779052734,22935800,0.0,0.0
2023-01-18 00:00:00-05:00,92.5018710679812,93.14681132961738,90.96912991895344,91.34733581542969,19641600,0.0,0.0
2023-01-19 00:00:00-05:00,90.95917575103884,93.95498836892797,90.94922076610231,93.46730041503906,28707700,0.0,0.0
2023-01-20 00:00:00-05:00,95.49767738997299,98.95132061724973,95.45787263688962,98.81198120117188,53704800,0.0,0.0
2023-01-23 00:00:00-05:00,98.66269072760277,100.92199402316932,98.28448481082592,100.7328872680664,31791800,0.0,0.0
2023-01-24 00:00:00-05:00,99.08071071236088,100.61344425937016,98.23471165395418,98.7423095703125,27391400,0.0,0.0
2023-01-25 00:00:00-05:00,96.74178003875029,97.2593329248107,94.81292016231012,96.27400207519531,31000900,0.0,0.0
2023-01-26 00:00:00-05:00,97.8166942324974,98.74231039669573,96.36357777137192,98.69255065917969,24542100,0.0,0.0
2023-01-27 00:00:00-05:00,98.58305905421808,101.10113085009873,98.5034343697929,100.2352294921875,29020400,0.0,0.0
2023-01-30 00:00:00-05:00,98.27950110151227,98.94036475098629,97.06026989637677,97.48824310302734,24365100,0.0,0.0
2023-01-31 00:00:00-05:00,97.39868123332758,99.43902041706131,97.3290115223109,99.39920806884766,22306800,0.0,0.0
2023-02-01 00:00:00-05:00,99.26980775877634,101.70826262782808,97.95603075102244,100.95184326171875,26392600,0.0,0.0
2023-02-02 00:00:00-05:00,106.28657509367761,108.30700412117132,106.03775363524876,108.28710174560547,46622600,0.0,0.0
2023-02-03 00:00:00-05:00,103.02204578439452,107.51077973262802,102.81303665630321,104.72398376464844,36823400,0.0,0.0
2023-02-06 00:00:00-05:00,102.20092808008586,104.20642851928456,101.72816880613156,102.98223114013672,25573000,0.0,0.0
2023-02-07 00:00:00-05:00,103.1414711292283,108.15771278413196,103.05985695958798,107.53068542480469,33738800,0.0,0.0
2023-02-08 00:00:00-05:00,102.20590093606152,103.09170468802331,97.99086497778772,99.52857971191406,73546000,0.0,0.0
2023-02-09 00:00:00-05:00,100.06604084700814,100.13571055317259,93.41753102694793,95.0099868774414,97798600,0.0,0.0
2023-02-10 00:00:00-05:00,95.28866004672967,96.56262465151482,94.08436514397408,94.41281127929688,49325300,0.0,0.0
2023-02-13 00:00:00-05:00,94.5621171557461,94.90051072287851,93.60664358607762,94.55216217041016,43116600,0.0,0.0
2023-02-14 00:00:00-05:00,94.21376939358002,94.72634103796074,92.21324255629635,94.50239562988281,42513100,0.0,0.0
2023-02-15 00:00:00-05:00,94.29337495584576,96.88111652786327,93.91516908391556,96.64225006103516,36964500,0.0,0.0
2023-02-16 00:00:00-05:00,95.08961708845939,97.41858248123923,94.52230442149285,95.32848358154297,35642100,0.0,0.0
2023-02-17 00:00:00-05:00,94.62182164559383,95.29861630007824,93.00945589988527,94.14408111572266,31095100,0.0,0.0
2023-02-21 00:00:00-05:00,92.80045871080388,92.97463678728393,91.56630627413868,91.61607360839844,28367200,0.0,0.0
2023-02-22 00:00:00-05:00,91.500611925036,91.9246062085135,90.44163234565723,91.36724853515625,29891100,0.0,0.0
2023-02-23 00:00:00-05:00,91.6956866525768,91.6956866525768,89.5856854177357,90.64068603515625,32423700,0.0,0.0
2023-02-24 00:00:00-05:00,89.20746604839424,89.70510896249682,88.4410993017847,88.92878723144531,31295600,0.0,0.0
2023-02-27 00:00:00-05:00,89.66529220843043,90.02359569643723,89.18755928670662,89.67524719238281,22724300,0.0,0.0
2023-02-28 00:00:00-05:00,89.11789399864223,91.01888598257007,89.09798402975161,89.87431335449219,30546900,0.0,0.0
2023-03-01 00:00:00-05:00,89.73497210352491,90.7700626617366,89.42642833948149,90.08332061767578,26323900,0.0,0.0
2023-03-02 00:00:00-05:00,89.43638491738555,92.04403651471844,89.34680524447734,91.87483215332031,23328600,0.0,0.0
2023-03-03 00:00:00-05:00,92.3028023669873,93.66634663777482,92.22318527450915,93.57676696777344,30242500,0.0,0.0
2023-03-06 00:00:00-05:00,93.91516754338078,95.8460244015912,93.85545282601029,95.1294174194336,28288200,0.0,0.0
2023-03-07 00:00:00-05:00,94.97018163142353,95.63702138219357,93.40161458962325,93.72607421875,24101500,0.0,0.0
2023-03-08 00:00:00-05:00,93.95996386717117,95.786312576485,93.95996386717117,94.20381164550781,25395200,0.0,0.0
2023-03-09 00:00:00-05:00,94.04455763819666,95.46781670437458,91.91962782028254,92.22319030761719,24438900,0.0,0.0
2023-03-10 00:00:00-05:00,92.06394461064731,92.74073931800866,90.37196163895824,90.58097076416016,32850100,0.0,0.0
2023-03-13 00:00:00-04:00,90.13807358361221,92.64121711517166,89.51601987112868,91.22791290283203,31508600,0.0,0.0
2023-03-14 00:00:00-04:00,92.63125693305724,94.38296221530149,92.34262311544556,93.80569458007812,32303900,0.0,0.0
2023-03-15 00:00:00-04:00,93.0990361986021,96.7915456670809,92.60139329028804,96.0948486328125,38367300,0.0,0.0
2023-03-16 00:00:00-04:00,96.11475752771521,101.48930282075987,95.41806044618829,100.59354400634766,54499500,0.0,0.0
2023-03-17 00:00:00-04:00,100.36462389646458,103.00213298143821,100.27505181264394,101.97698974609375,76140300,0.0,0.0
2023-03-20 00:00:00-04:00,100.5835843660484,102.09642309224357,100.31486053087639,101.4494857788086,26033900,0.0,0.0
2023-03-21 00:00:00-04:00,101.49925285490033,105.46048622824132,101.37981582099496,105.34104919433594,33122800,0.0,0.0
2023-03-22 00:00:00-04:00,104.64435994502796,107.00319028480114,103.71874374521104,103.72869873046875,32336900,0.0,0.0
2023-03-23 00:00:00-04:00,105.39082047288845,106.59611020702042,104.91308750622107,105.75907897949219,31385800,0.0,0.0
2023-03-24 00:00:00-04:00,105.24152926154093,105.65955511182464,104.24624335849856,105.56002044677734,25236200,0.0,0.0
2023-03-27 00:00:00-04:00,104.8235058717345,104.90313056250179,102.14618449375519,102.57415771484375,25393400,0.0,0.0
2023-03-28 00:00:00-04:00,102.51444752600926,102.51444752600926,99.80726866765536,100.8821792602539,24913500,0.0,0.0
2023-03-29 00:00:00-04:00,102.23576606997473,102.33529313857,100.55373051502896,101.41963195800781,26148300,0.0,0.0
2023-03-30 00:00:00-04:00,100.96180612358746,101.13100290751238,99.81722579725437,100.84236907958984,25009800,0.0,0.0
2023-03-31 00:00:00-04:00,101.23052945201815,103.69884186107308,100.96180559621337,103.50973510742188,28108000,0.0,0.0
2023-04-03 00:00:00-04:00,102.18600508890209,104.45525580497342,101.89737125663981,104.41545104980469,20719900,0.0,0.0
2023-04-04 00:00:00-04:00,104.34575665964528,105.59981885814061,104.1068902005983,104.62444305419922,20377200,0.0,0.0
2023-04-05 00:00:00-04:00,105.61974389106048,106.03776215237406,103.61125157152395,104.45525360107422,21864200,0.0,0.0
2023-04-06 00:00:00-04:00,105.27137772430396,109.11318159274532,104.32088553825663,108.38662719726562,34684200,0.0,0.0
2023-04-10 00:00:00-04:00,106.88375189410401,107.46101953690977,105.10218922688338,106.4458236694336,19741500,0.0,0.0
2023-04-11 00:00:00-04:00,106.4159598310277,106.71454861939075,104.78369166641389,105.61973571777344,18721300,0.0,0.0
2023-04-12 00:00:00-04:00,106.8837523483541,107.07982227374721,104.475162289288,104.72398376464844,22761600,0.0,0.0
2023-04-13 00:00:00-04:00,105.9680845579194,107.75462081759139,105.93822719767972,107.67997741699219,21650700,0.0,0.0
2023-04-14 00:00:00-04:00,107.18233993044869,109.06342965518762,107.08280526669972,108.9439926147461,20758700,0.0,0.0
2023-04-17 00:00:00-04:00,104.93298882408622,106.20695351358656,104.82350677169838,105.91831970214844,29043400,0.0,0.0
2023-04-18 00:00:00-04:00,106.49557757135156,106.54534489730743,104.28604194324049,104.62444305419922,17641400,0.0,0.0
2023-04-19 00:00:00-04:00,103.7237046111521,105.2265882751573,103.31066769190787,104.52490997314453,16732000,0.0,0.0
2023-04-20 00:00:00-04:00,104.15666479330964,106.38411347306022,104.14670980873836,105.40077209472656,22515300,0.0,0.0
2023-04-21 00:00:00-04:00,105.58988026100053,106.13729055775771,104.98773652799665,105.41073608398438,22379000,0.0,0.0
2023-04-24 00:00:00-04:00,105.550072136337,106.81408188109054,104.86332243931781,106.27662658691406,21410900,0.0,0.0
2023-04-25 00:00:00-04:00,106.10742347663711,106.93351254210845,104.06708447751939,104.11685180664062,31408100,0.0,0.0
2023-04-26 00:00:00-04:00,105.06237134981976,106.51548777205272,102.78316585395933,103.95760345458984,37068200,0.0,0.0
2023-04-27 00:00:00-04:00,104.73393388158743,108.63545261146601,103.92774717536115,107.859130859375,38235200,0.0,0.0
2023-04-28 00:00:00-04:00,107.29182822088744,107.7795162091978,105.54012282642498,107.70984649658203,23957900,0.0,0.0
2023-05-01 00:00:00-04:00,107.21219497507987,108.16766849767576,106.99323086905045,107.20223999023438,20926300,0.0,0.0
2023-05-02 00:00:00-04:00,107.15247290428236,107.22214260656568,104.00736613051419,105.48039245605469,20343100,0.0,0.0
2023-05-03 00:00:00-04:00,105.71926278275168,107.6202547821496,105.1220927994539,105.61973571777344,17116300,0.0,0.0
2023-05-04 00:00:00-04:00,105.6595535547992,105.79889297169748,104.20642947555356,104.71402740478516,19780600,0.0,0.0
2023-05-05 00:00:00-04:00,104.8235092767686,105.93823220343529,104.24524690093706,105.71428680419922,20705300,0.0,0.0
2023-05-08 00:00:00-04:00,105.29627022971015,107.90889572370182,105.29129653383215,107.72974395751953,17266000,0.0,0.0
2023-05-09 00:00:00-04:00,108.26719646482212,110.07364276113574,107.21716956104675,107.43115997314453,24782400,0.0,0.0
2023-05-10 00:00:00-04:00,108.03828967429801,112.97490692724274,107.96861996362168,111.75070190429688,47533500,0.0,0.0
2023-05-11 00:00:00-04:00,115.31381692520219,117.88165619022585,114.38820079913218,116.34891510009766,57115100,0.0,0.0
2023-05-12 00:00:00-04:00,116.44844406803567,117.70250636108216,116.00056847437612,117.36410522460938,31272500,0.0,0.0
2023-05-15 00:00:00-04:00,115.94084481361202,118.2349789674322,115.93089742252863,116.40863037109375,22107900,0.0,0.0
2023-05-16 00:00:00-04:00,116.27924601807277,120.62864026069234,116.27924601807277,119.52387237548828,32370100,0.0,0.0
2023-05-17 00:00:00-04:00,119.61345113066413,121.70354985109103,118.89684411944845,120.9073257446289,26659600,0.0,0.0
2023-05-18 00:00:00-04:00,120.98693911239828,123.3159118270961,120.91726941031143,122.93769836425781,27014500,0.0,0.0
2023-05-19 00:00:00-04:00,123.61450199846229,125.88275782763722,122.14148316339876,122.66898345947266,30251300,0.0,0.0
2023-05-22 00:00:00-04:00,122.92775897390055,126.4510718375126,122.86803665863356,125.2766342163086,29760200,0.0,0.0
2023-05-23 00:00:00-04:00,124.34106183041925,124.82874977188175,122.4699271617469,122.70879364013672,24477900,0.0,0.0
2023-05-24 00:00:00-04:00,121.30544058223454,122.17134203333526,120.18077026904467,121.06657409667969,23087900,0.0,0.0
2023-05-25 00:00:00-04:00,124.61974038390088,125.38611474082295,122.32063249999149,123.7637939453125,33812700,0.0,0.0
2023-05-26 00:00:00-04:00,123.48014388390779,125.40601961234306,122.70879581601918,124.83870697021484,25154700,0.0,0.0
2023-05-30 00:00:00-04:00,125.69465238976777,125.78422447247827,122.3106789411819,124.05242919921875,27230700,0.0,0.0
2023-05-31 00:00:00-04:00,123.11686019993697,124.31120781084275,122.5196901911984,122.78842163085938,41548800,0.0,0.0
2023-06-01 00:00:00-04:00,122.91779764652478,124.45053870652681,122.71874352171541,123.78369903564453,25017700,0.0,0.0
2023-06-02 00:00:00-04:00,123.90313145245369,126.14750586980081,123.76379204305104,124.6396484375,19362400,0.0,0.0
2023-06-05 00:00:00-04:00,124.02256885645558,127.386632254605,123.79364977265178,126.03304290771484,22672500,0.0,0.0
2023-06-06 00:00:00-04:00,126.0031924126324,128.2724506249467,125.37616503428626,127.30702209472656,19450100,0.0,0.0
2023-06-07 00:00:00-04:00,126.97359541514106,128.93929113866884,122.05190695268048,122.3604507446289,34179300,0.0,0.0
2023-06-08 00:00:00-04:00,122.00712219003826,123.14672880766358,121.43483582998583,122.09172058105469,24815000,0.0,0.0
2023-06-09 00:00:00-04:00,121.9822353266697,123.69910954868807,121.842895910597,122.29077911376953,20304500,0.0,0.0
2023-06-12 00:00:00-04:00,122.81329413601297,124.16190980405125,121.77322224504714,123.7637939453125,22255700,0.0,0.0
2023-06-13 00:00:00-04:00,125.05767192050398,125.26668104339029,123.26118060940287,123.84342193603516,19287700,0.0,0.0
2023-06-14 00:00:00-04:00,123.21639535436614,124.20172625238887,121.58412711369931,123.79365539550781,24659600,0.0,0.0
2023-06-15 00:00:00-04:00,123.2960141474699,125.56527237038758,122.55950471008445,125.19701385498047,24517100,0.0,0.0
2023-06-16 00:00:00-04:00,126.1027204892562,126.1027204892562,123.20644246891663,123.47516632080078,56686800,0.0,0.0
2023-06-20 00:00:00-04:00,122.95264154792456,124.58490974007022,122.25096319883583,123.26615142822266,22698000,0.0,0.0
2023-06-21 00:00:00-04:00,122.65405787486884,122.82823594386119,120.29025387430032,120.68836975097656,22612000,0.0,0.0
2023-06-22 00:00:00-04:00,120.09118996670323,123.35074493293604,119.03618184029152,123.28605651855469,20781900,0.0,0.0
2023-06-23 00:00:00-04:00,121.46469515214717,122.85809696530454,121.28554338197796,122.44007110595703,29542900,0.0,0.0
2023-06-26 00:00:00-04:00,120.89339354984655,122.14147980946397,118.42906027574189,118.5285873413086,23185000,0.0,0.0
2023-06-27 00:00:00-04:00,117.28448435970893,119.32979714519557,116.35887578174737,118.448974609375,27221700,0.0,0.0
2023-06-28 00:00:00-04:00,117.40392162586087,120.69831546247532,117.04561810118291,120.50921630859375,19753100,0.0,0.0
2023-06-29 00:00:00-04:00,119.5238767423214,120.34001844718046,118.64802790845876,119.44425964355469,18517500,0.0,0.0
2023-06-30 00:00:00-04:00,120.52911129064951,121.45472740704297,120.31014719528767,120.39972686767578,23865800,0.0,0.0
2023-07-03 00:00:00-04:00,119.75279459109923,120.44949165700562,119.14069591223657,119.99166107177734,13888300,0.0,0.0
2023-07-05 00:00:00-04:00,119.49402587370746,122.78842745307236,119.49402587370746,122.05191040039062,17830300,0.0,0.0
2023-07-06 00:00:00-04:00,120.07128288279486,120.57888078630921,118.68783617551885,120.35991668701172,17732500,0.0,0.0
2023-07-07 00:00:00-04:00,120.32011096495954,121.17605744018381,119.52387921340204,119.57364654541016,20982400,0.0,0.0
2023-07-10 00:00:00-04:00,118.5086871355719,118.5086871355719,116.0901421902162,116.31906127929688,32960100,0.0,0.0
2023-07-11 00:00:00-04:00,116.20957942944025,117.66766957312922,115.28396327359579,117.15509796142578,18286600,0.0,0.0
2023-07-12 00:00:00-04:00,118.73760776216187,120.38977836381497,118.43901896269959,119.05609893798828,22059600,0.0,0.0
2023-07-13 00:00:00-04:00,120.9670400962163,124.74414798012141,120.48929955905058,124.24153137207031,31535900,0.0,0.0
2023-07-14 00:00:00-04:00,124.5401168682048,126.49087624165418,124.31120537283498,125.10742950439453,20482800,0.0,0.0
2023-07-17 00:00:00-04:00,125.46573724803083,126.67998725250087,123.91309368476946,124.47045135498047,20675300,0.0,0.0
2023-07-18 00:00:00-04:00,124.31617920879273,124.40077759573606,122.71874965477905,123.49507141113281,21071200,0.0,0.0
2023-07-19 00:00:00-04:00,124.20171368233821,124.87850831802793,121.89265097117818,122.20118713378906,22313800,0.0,0.0
2023-07-20 00:00:00-04:00,121.54431664214903,124.11214848892867,118.12550441772859,118.96652221679688,27541700,0.0,0.0
2023-07-21 00:00:00-04:00,120.30020122789568,120.72817443932317,118.50868369321594,119.74283599853516,56498100,0.0,0.0
2023-07-24 00:00:00-04:00,121.35122355348278,122.76850657721761,120.80779226175079,121.30543518066406,22276100,0.0,0.0
2023-07-25 00:00:00-04:00,121.30544492243777,123.10691759710738,120.95709636990905,122.2111587524414,31820800,0.0,0.0
2023-07-26 00:00:00-04:00,129.7454641481958,130.75069739047112,128.10324856873333,129.04876708984375,46216900,0.0,0.0
2023-07-27 00:00:00-04:00,131.17869177075232,132.97020952527186,128.57103224428454,129.25778198242188,35931600,0.0,0.0
2023-07-28 00:00:00-04:00,130.35258864152686,133.43798084303444,130.30282131178834,132.38296508789062,26971000,0.0,0.0
2023-07-31 00:00:00-04:00,132.38297875797917,133.1991205267683,131.5071374489387,132.48251342773438,18381900,0.0,0.0
2023-08-01 00:00:00-04:00,130.23814015617043,132.29340809524615,130.1336393826004,131.2682647705078,22154300,0.0,0.0
2023-08-02 00:00:00-04:00,129.22790930176964,129.8051769090741,127.24729261428382,128.0335693359375,22705800,0.0,0.0
2023-08-03 00:00:00-04:00,127.76482520147734,129.15823434541855,127.17263656642952,128.16294860839844,15018100,0.0,0.0
2023-08-04 00:00:00-04:00,128.98906739563424,131.30807033426711,127.71012128321605,127.93405151367188,20509500,0.0,0.0
2023-08-07 00:00:00-04:00,128.89945607697592,131.4374378568212,128.81983139204422,131.31800842285156,17621000,0.0,0.0
2023-08-08 00:00:00-04:00,130.3625441113529,131.31802526623122,129.516560200799,131.21849060058594,16836000,0.0,0.0
2023-08-09 00:00:00-04:00,131.566844978883,131.8455238147228,128.8945047788988,129.5364532470703,17745200,0.0,0.0
2023-08-10 00:00:00-04:00,131.34787376182086,132.02168422066035,129.42199808776857,129.59617614746094,17855700,0.0,0.0
2023-08-11 00:00:00-04:00,128.59291174561892,129.82508212621227,128.14304669503673,129.5563507080078,15191500,0.0,0.0
2023-08-14 00:00:00-04:00,129.23789507229236,131.28818183249845,128.97911098890287,131.20855712890625,17526200,0.0,0.0
2023-08-15 00:00:00-04:00,130.9696685447909,131.3677920187556,129.20702109553514,129.65589904785156,14769200,0.0,0.0
2023-08-16 00:00:00-04:00,128.6705548060566,130.28092356169924,127.85442829776723,128.50135803222656,17548400,0.0,0.0
2023-08-17 00:00:00-04:00,129.83503864241928,131.86641746660837,129.2378762328174,129.84500122070312,23665600,0.0,0.0
2023-08-18 00:00:00-04:00,128.45159153409708,129.21796590382195,126.40130507846943,127.50607299804688,23619400,0.0,0.0
2023-08-21 00:00:00-04:00,127.24731671318328,128.65066605913978,126.56057451981297,128.3222198486328,21851100,0.0,0.0
2023-08-22 00:00:00-04:00,128.52125568279652,130.33266787777032,128.31722027856705,129.07861328125,15569400,0.0,0.0
2023-08-23 00:00:00-04:00,130.23315609872296,133.43797766580917,129.89474737667268,132.58203125,26497000,0.0,0.0
2023-08-24 00:00:00-04:00,134.09189440607807,134.33374512421491,129.6857615865114,129.80519104003906,18680400,0.0,0.0
2023-08-25 00:00:00-04:00,129.52650330500572,130.78055804159237,127.43639689050404,130.07391357421875,20678100,0.0,0.0
2023-08-28 00:00:00-04:00,131.45735783387545,132.61189307300702,130.23316048190944,131.16871643066406,16715500,0.0,0.0
2023-08-29 00:00:00-04:00,132.37103108273348,136.64777154543356,132.35311059131993,134.85128784179688,30803300,0.0,0.0
2023-08-30 00:00:00-04:00,134.9309257868267,136.60299892108665,134.38450261361442,136.2845001220703,21773400,0.0,0.0
2023-08-31 00:00:00-04:00,136.40394108791284,137.74756799453726,136.17502957407754,136.70252990722656,28147900,0.0,0.0
2023-09-01 00:00:00-04:00,137.77741117868558,137.92671316640642,135.2991591632001,136.1551055908203,16665700,0.0,0.0
2023-09-05 00:00:00-04:00,135.79680506470848,136.72241362411103,134.92094864878234,136.06553649902344,17730200,0.0,0.0
2023-09-06 00:00:00-04:00,136.36910697764438,136.8319113102247,134.05507012788405,134.7318572998047,15814300,0.0,0.0
2023-09-07 00:00:00-04:00,133.96547420196575,135.93613582551458,133.32849190006834,135.55792236328125,16976000,0.0,0.0
2023-09-08 00:00:00-04:00,135.22949058475626,136.8667401451377,135.22949058475626,136.55322265625,17810700,0.0,0.0
2023-09-11 00:00:00-04:00,136.73237945806582,137.6122148514715,135.9062903528029,137.09068298339844,17180800,0.0,0.0
2023-09-12 00:00:00-04:00,136.48357434082791,136.9911647346782,135.2892189887063,135.42857360839844,15212900,0.0,0.0
2023-09-13 00:00:00-04:00,135.2593431795185,137.05086077654903,134.293914674087,136.851806640625,16394900,0.0,0.0
2023-09-14 00:00:00-04:00,137.73761547442584,138.89215076646443,136.41388340134228,138.3347930908203,19064600,0.0,0.0
2023-09-15 00:00:00-04:00,138.14568371340093,138.70304137845025,136.53331025452835,137.64804077148438,48947600,0.0,0.0
2023-09-18 00:00:00-04:00,136.98118449392325,139.27032960054942,136.98118449392325,138.30491638183594,16233600,0.0,0.0
2023-09-19 00:00:00-04:00,137.59828468593747,138.51892724109936,136.85182021205352,138.17555236816406,15479100,0.0,0.0
2023-09-20 00:00:00-04:00,138.17555389492696,138.18550128741956,133.88587376750613,133.95553588867188,21473500,0.0,0.0
2023-09-21 00:00:00-04:00,131.76589641033618,132.56212814786812,130.47202173520392,130.74075317382812,22042700,0.0,0.0
2023-09-22 00:00:00-04:00,131.05923699974304,132.38296903863727,129.89475434602193,130.6312713623047,17348700,0.0,0.0
2023-09-25 00:00:00-04:00,130.15352674792194,131.59668810313792,129.41700979754037,131.5469207763672,14650000,0.0,0.0
2023-09-26 00:00:00-04:00,130.2968551990528,130.78553788592035,127.58569747453306,128.83975219726562,20378800,0.0,0.0
2023-09-27 00:00:00-04:00,128.82978953463055,131.09903982307208,128.77007481970136,130.84027099609375,18764200,0.0,0.0
2023-09-28 00:00:00-04:00,130.07391096977557,133.54744888814088,130.07391096977557,132.50241088867188,18201400,0.0,0.0
2023-09-29 00:00:00-04:00,133.44792242163658,134.2541014929729,130.70093906988754,131.2284393310547,23224200,0.0,0.0
2023-10-02 00:00:00-04:00,131.5320197229052,134.72191316581805,131.44244762801844,134.53280639648438,19210400,0.0,0.0
2023-10-03 00:00:00-04:00,134.29390587074533,134.60245722608684,132.1888861207244,132.67160034179688,19628700,0.0,0.0
2023-10-04 00:00:00-04:00,133.02991253441417,135.9261980501909,132.8009858506282,135.6276092529297,22848000,0.0,0.0
2023-10-05 00:00:00-04:00,135.48827740987483,135.85652834118827,133.82117045329818,135.34893798828125,15922900,0.0,0.0
2023-10-06 00:00:00-04:00,134.3038772759261,138.5298632526382,134.3038772759261,138.0760040283203,20819300,0.0,0.0
2023-10-09 00:00:00-04:00,137.33950053589038,139.31016227556893,136.05557327888786,138.84237670898438,16599100,0.0,0.0
2023-10-10 00:00:00-04:00,138.85231362756124,140.07652607085404,137.77740316330343,138.5437774658203,19554900,0.0,0.0
2023-10-11 00:00:00-04:00,139.1907280254641,141.54955055947207,139.1807654476743,141.03199768066406,20146300,0.0,0.0
2023-10-12 00:00:00-04:00,141.48982627677714,141.70879035736306,138.7925952042081,139.62863159179688,18173100,0.0,0.0
2023-10-13 00:00:00-04:00,139.98694580545884,140.67369545751967,137.31958707283258,137.9267120361328,19438700,0.0,0.0
2023-10-16 00:00:00-04:00,139.071270879092,140.24073464987322,138.66321527157146,139.82769775390625,17345600,0.0,0.0
2023-10-17 00:00:00-04:00,139.369866867257,140.5841167364959,137.87595104832158,140.32534790039062,17424000,0.0,0.0
2023-10-18 00:00:00-04:00,140.08648451213176,141.32064444330823,138.05112675496449,138.6234130859375,18304900,0.0,0.0
2023-10-19 00:00:00-04:00,139.14098617200676,140.34030762731425,137.9466460065062,138.32484436035156,21831200,0.0,0.0
2023-10-20 00:00:00-04:00,137.9366677320261,138.38454334477072,135.60272110702797,136.09539794921875,24953900,0.0,0.0
2023-10-23 00:00:00-04:00,135.58778295096647,138.3646388922732,134.47306769281525,137.24990844726562,20780700,0.0,0.0
2023-10-24 00:00:00-04:00,138.50399142474643,140.04668762868056,138.09592055519693,139.45945739746094,26535200,0.0,0.0
2023-10-25 00:00:00-04:00,129.15825302346772,129.4866991866048,125.49559308439838,126.07286071777344,58796100,0.0,0.0
2023-10-26 00:00:00-04:00,123.883228825173,124.86855967349787,121.74336276593957,122.85808563232422,33907400,0.0,0.0
2023-10-27 00:00:00-04:00,123.44530280374534,123.85337364723375,120.88741847208745,122.81827545166016,37367700,0.0,0.0
2023-10-30 00:00:00-04:00,123.87327638303094,125.95342776488519,123.29600876572896,125.15719604492188,24165600,0.0,0.0
2023-10-31 00:00:00-04:00,125.67474865303717,125.96338247846661,123.34080956999632,124.7093276977539,21123400,0.0,0.0
2023-11-01 00:00:00-04:00,124.74912943118413,127.13781707865934,124.33609247029821,126.96862030029297,26536600,0.0,0.0
2023-11-02 00:00:00-04:00,128.94924530279357,129.47674564155224,127.50608371209792,127.97386932373047,24091700,0.0,0.0
2023-11-03 00:00:00-04:00,128.48143703443003,130.1137050977592,128.4018123500169,129.75540161132812,19517900,0.0,0.0
2023-11-06 00:00:00-05:00,129.606124919446,130.93980431686748,129.31748351759907,130.830322265625,15360400,0.0,0.0
2023-11-07 00:00:00-05:00,131.3578301289601,132.65170484912954,130.52179360953656,131.77584838867188,19223800,0.0,0.0
2023-11-08 00:00:00-05:00,131.73603894887614,132.91046899102855,131.5369848113588,132.6317901611328,15093600,0.0,0.0
2023-11-09 00:00:00-05:00,132.73132418834552,133.32850178489792,130.89003925468984,131.06919860839844,17976500,0.0,0.0
2023-11-10 00:00:00-05:00,130.90993722859585,133.63702572890057,130.25304496995332,133.42800903320312,20872900,0.0,0.0
2023-11-13 00:00:00-05:00,132.73131569610345,133.47778005060607,132.14410071540684,133.00999450683594,16409900,0.0,0.0
2023-11-14 00:00:00-05:00,135.01051377531735,136.5930297519878,134.46311873042313,134.7915496826172,22317300,0.0,0.0
2023-11-15 00:00:00-05:00,135.99587520984088,136.19492936775208,134.6920530106349,135.7371063232422,15840900,0.0,0.0
2023-11-16 00:00:00-05:00,136.31435494103724,138.22530192598109,135.43849854453342,138.046142578125,17615100,0.0,0.0
2023-11-17 00:00:00-05:00,137.1703052739802,137.34944944008024,134.84132480668052,136.29444885253906,25565300,0.0,0.0
2023-11-20 00:00:00-05:00,134.86123125772718,137.77244537575424,134.85128386660017,137.2698211669922,19569400,0.0,0.0
2023-11-21 00:00:00-05:00,137.28973511598127,138.30989705634093,137.0558423294347,137.96652221679688,17648100,0.0,0.0
2023-11-22 00:00:00-05:00,138.4442480288694,140.43481944445713,138.34471338334814,139.3599090576172,17306400,0.0,0.0
2023-11-24 00:00:00-05:00,138.88217451650897,139.01853729789786,136.82194079778367,137.5684051513672,8828600,0.0,0.0
2023-11-27 00:00:00-05:00,136.92149794458211,138.97178460932074,136.89162539362408,137.39923095703125,17886400,0.0,0.0
2023-11-28 00:00:00-05:00,136.9811989266767,138.00634215617256,136.39396872231362,137.96652221679688,17046900,0.0,0.0
2023-11-29 00:00:00-05:00,138.3297936702064,139.01156199433314,135.65247251282995,135.75697326660156,21014700,0.0,0.0
2023-11-30 00:00:00-05:00,135.75698571967007,136.31435856024342,132.16400314461637,133.28868103027344,29913500,0.0,0.0
2023-12-01 00:00:00-05:00,132.6915283203125,132.87067249915876,131.52901988879793,132.6915283203125,24258400,0.0,0.0
2023-12-04 00:00:00-05:00,130.67507724826325,130.8303324982828,128.78999330383172,130.0142059326172,24117100,0.0,0.0
2023-12-05 00:00:00-05:00,129.75541788842193,132.91047236815325,129.118435520067,131.76589965820312,19235100,0.0,0.0
2023-12-06 00:00:00-05:00,132.27348093316925,132.68155176893464,130.69098010591114,130.81040954589844,16360600,0.0,0.0
2023-12-07 00:00:00-05:00,135.95604786652223,139.3400135494082,135.58778178936512,137.7973175048828,38419400,0.0,0.0
2023-12-08 00:00:00-05:00,135.02047378841806,137.3394914993453,134.9309017122483,135.995849609375,22990900,0.0,0.0
2023-12-11 00:00:00-05:00,133.18916121077544,134.15457452405195,132.26353746286546,134.06500244140625,24502900,0.0,0.0
2023-12-12 00:00:00-05:00,132.6417436184086,133.90574565749662,132.20381543387006,133.00999450683594,26584000,0.0,0.0
2023-12-13 00:00:00-05:00,133.91074156374572,134.14463436116208,132.32325931493529,133.3384552001953,25414500,0.0,0.0
2023-12-14 00:00:00-05:00,134.13467327691998,134.39842340990367,130.4421562282918,132.5720672607422,29619100,0.0,0.0
2023-12-15 00:00:00-05:00,132.2933994670953,134.19439917320338,132.00477323948746,133.2090606689453,58569400,0.0,0.0
2023-12-18 00:00:00-05:00,133.22895519525449,137.72765117577347,133.1393831198481,136.5432586669922,25699800,0.0,0.0
2023-12-19 00:00:00-05:00,137.34943995495507,138.11581427079156,136.8020297293576,137.448974609375,20661000,0.0,0.0
2023-12-20 00:00:00-05:00,139.6684570902229,142.4035035415894,138.75279598350446,139.00161743164062,33507300,0.0,0.0
2023-12-21 00:00:00-05:00,140.10640274129122,141.36045752902064,139.81080573991832,141.1315460205078,18101500,0.0,0.0
2023-12-22 00:00:00-05:00,141.4599956331026,142.5747110270623,141.3853370380521,142.04721069335938,18494700,0.0,0.0
2023-12-26 00:00:00-05:00,142.3059627052774,143.26642506638242,141.82822976260738,142.146728515625,11170100,0.0,0.0
2023-12-27 00:00:00-05:00,142.1567013282817,142.6443969359828,140.38608060750633,140.77325439453125,17288400,0.0,0.0
2023-12-28 00:00:00-05:00,141.18131869674727,141.59933697514373,140.16413329255334,140.61399841308594,12192500,0.0,0.0
2023-12-29 00:00:00-05:00,140.016818773746,140.7682645183707,139.24049695536024,140.26564025878906,14872700,0.0,0.0
2024-01-02 00:00:00-05:00,138.941904287378,139.95211877077642,137.09067208480704,138.90208435058594,20071900,0.0,0.0
2024-01-03 00:00:00-05:00,137.94662090327196,140.4248728786553,137.7774089492218,139.6983184814453,18974300,0.0,0.0
2024-01-04 00:00:00-05:00,139.19071639108338,139.97200415260104,137.3593790930344,137.3892364501953,18253300,0.0,0.0
2024-01-05 00:00:00-05:00,137.69979542310543,138.15562893957002,136.2048771424727,136.74232482910156,15433200,0.0,0.0
2024-01-08 00:00:00-05:00,137.34943615337357,139.97698997665955,137.2300067208601,139.8675079345703,17645300,0.0,0.0
2024-01-09 00:00:00-05:00,139.3997249840765,142.1268135094218,139.13099356909962,141.887939453125,19579700,0.0,0.0
2024-01-10 00:00:00-05:00,141.8481513461947,143.8436892574364,141.78843662182845,143.1221160888672,16641900,0.0,0.0
2024-01-11 00:00:00-05:00,144.21195284389037,145.9686318269066,141.54457876966245,142.9927215576172,17471100,0.0,0.0
2024-01-12 00:00:00-05:00,143.65956281260492,144.05768628375355,142.68418688529152,143.56004333496094,13995200,0.0,0.0
2024-01-16 00:00:00-05:00,142.75385762766444,145.1525004306422,142.3816277261754,143.4008026123047,19198900,0.0,0.0
2024-01-17 00:00:00-05:00,142.23631011659492,142.7339530613565,139.84761486962495,142.21640014648438,17884500,0.0,0.0
2024-01-18 00:00:00-05:00,142.76380716497314,144.89869960159834,142.67423508180605,144.30650329589844,18876800,0.0,0.0
2024-01-19 00:00:00-05:00,145.61528626488587,147.34210778973952,145.1126772471203,147.27244567871094,27170900,0.0,0.0
2024-01-22 00:00:00-05:00,148.00897303488966,149.3078138461343,146.88429510685154,147.01368713378906,21829200,0.0,0.0
2024-01-23 00:00:00-05:00,147.02362953102596,148.15825481226227,146.49612923631082,147.97909545898438,14113600,0.0,0.0
2024-01-24 00:00:00-05:00,149.58152069561095,150.85550070014855,149.13364504963698,149.64125061035156,19245000,0.0,0.0
2024-01-25 00:00:00-05:00,151.02468856484268,154.03044106087503,150.50713564235818,152.9157257080078,21495100,0.0,0.0
2024-01-26 00:00:00-05:00,152.14935645979352,153.3835164900002,152.07969434131007,153.0650177001953,19494500,0.0,0.0
2024-01-29 00:00:00-05:00,152.9157216297378,154.46836516892455,152.19911458290434,154.1100616455078,20909300,0.0,0.0
2024-01-30 00:00:00-05:00,153.2839877612383,154.30913110200262,152.05480897288476,152.32852172851562,26578900,0.0,0.0
2024-01-31 00:00:00-05:00,144.70461881649027,144.90367296245176,140.8827245413415,141.1315460205078,43908600,0.0,0.0
2024-02-01 00:00:00-05:00,143.01262255984318,143.9382310869859,141.5893559335678,142.03724670410156,25526900,0.0,0.0
2024-02-02 00:00:00-05:00,140.22582554692482,143.20173576400992,137.51864676692574,142.8633270263672,42116900,0.0,0.0
2024-02-05 00:00:00-05:00,143.36097653848321,145.97858335516779,143.2315996965748,144.2467803955078,29254400,0.0,0.0
2024-02-06 00:00:00-05:00,145.27194338883356,146.04826521191697,143.8387291964155,144.7245330810547,21517700,0.0,0.0
2024-02-07 00:00:00-05:00,145.4311677284784,146.30702416148435,144.52546912091884,145.988525390625,21436100,0.0,0.0
2024-02-08 00:00:00-05:00,146.27716425244463,146.91414659621208,145.72975399134987,146.52598571777344,18241300,0.0,0.0
2024-02-09 00:00:00-05:00,147.25255272851453,149.98462297837207,146.73499978408023,149.51185607910156,21877700,0.0,0.0
2024-02-12 00:00:00-05:00,148.83504878876087,149.88010203507002,147.85967284607264,148.02886962890625,17236100,0.0,0.0
2024-02-13 00:00:00-05:00,145.3814038270288,147.34210287749787,144.42592277857784,145.6799774169922,18138500,0.0,0.0
2024-02-14 00:00:00-05:00,146.6752768589961,147.13311505095515,144.86883053740044,146.4463653564453,16651800,0.0,0.0
2024-02-15 00:00:00-05:00,143.7789969731579,144.07757057119647,141.21115772203078,143.26144409179688,26724300,0.0,0.0
2024-02-16 00:00:00-05:00,143.53018313134746,143.79889938383792,140.85286168995205,141.0917205810547,21849700,0.0,0.0
2024-02-20 00:00:00-05:00,140.2755779732981,142.65330800872974,140.13623857384684,141.52963256835938,18625600,0.0,0.0
2024-02-21 00:00:00-05:00,141.9675710448689,143.30125042031312,141.24101663688162,143.1619110107422,16499600,0.0,0.0
2024-02-22 00:00:00-05:00,145.43116527044518,145.5107899618142,143.33111149451477,144.63494873046875,23024700,0.0,0.0
2024-02-23 00:00:00-05:00,144.28660367721258,145.2669609338235,144.10744431116856,144.60508728027344,14519400,0.0,0.0
2024-02-26 00:00:00-05:00,142.77377315275874,143.1619340838982,138.08598461414076,138.09593200683594,33513000,0.0,0.0
2024-02-27 00:00:00-05:00,138.7527950555743,139.8277055267567,137.84708134557027,139.43954467773438,22364000,0.0,0.0
2024-02-28 00:00:00-05:00,138.444275840111,138.62342001381086,135.9958658248756,136.78213500976562,30628700,0.0,0.0
2024-02-29 00:00:00-05:00,137.69779656866302,139.29024473728862,136.92147485925113,139.1210479736328,35485000,0.0,0.0
2024-03-01 00:00:00-05:00,138.95184791327802,139.34000875877467,137.32456113539897,137.42906188964844,28522000,0.0,0.0
2024-03-04 00:00:00-05:00,135.89633296388092,135.9859202387782,132.23368806448792,133.56736755371094,43571500,0.0,0.0
2024-03-05 00:00:00-05:00,132.1142471825488,133.38821183618217,130.92985460920454,133.1493377685547,28447600,0.0,0.0
2024-03-06 00:00:00-05:00,133.60717722718147,134.10482014941,131.32796413873504,131.93508911132812,23175200,0.0,0.0
2024-03-07 00:00:00-05:00,133.25882080682047,135.17973037946277,132.0346234732147,134.6024627685547,24107300,0.0,0.0
2024-03-08 00:00:00-05:00,134.39843325406335,138.32980946619315,134.16454046339086,135.6475067138672,26472400,0.0,0.0
2024-03-11 00:00:00-04:00,136.42385428799162,139.32012489936827,136.42385428799162,138.2850341796875,22536400,0.0,0.0
2024-03-12 00:00:00-04:00,137.59827047925845,139.61869956501798,137.55846572697882,138.96180725097656,19019700,0.0,0.0
2024-03-13 00:00:00-04:00,139.39975505107674,141.51971909575298,139.3499877135903,140.10641479492188,19637000,0.0,0.0
2024-03-14 00:00:00-04:00,141.62918463176592,144.04772204533774,140.8180242046837,143.65956115722656,36117900,0.0,0.0
2024-03-15 00:00:00-04:00,142.73394628866993,143.659554832315,140.46469578318113,141.49978637695312,41025900,0.0,0.0
2024-03-18 00:00:00-04:00,148.6658483894553,152.20906372462022,147.44165099822862,147.78004455566406,47676700,0.0,0.0
2024-03-19 00:00:00-04:00,148.2776873792264,148.91466974023234,146.31697296442448,147.22268676757812,17748400,0.0,0.0
2024-03-20 00:00:00-04:00,148.08857668370393,149.05400518452484,146.9688800892644,148.97438049316406,17730000,0.0,0.0
2024-03-21 00:00:00-04:00,149.6113871985433,150.5917292530754,147.31226396001364,148.03883361816406,19843900,0.0,0.0
2024-03-22 00:00:00-04:00,149.53176390969617,151.84081937505945,149.38246190776258,151.05455017089844,19226300,0.0,0.0
2024-03-25 00:00:00-04:00,150.2384000856177,150.74201145898448,148.09854152495535,150.4374542236328,15114700,0.0,0.0
2024-03-26 00:00:00-04:00,150.52704028617632,152.4777920846642,150.3180235714812,150.98486328125,19312700,0.0,0.0
2024-03-27 00:00:00-04:00,151.42775977326156,151.97018870281173,149.4222595271113,151.22372436523438,16622000,0.0,0.0
2024-03-28 00:00:00-04:00,151.28346744318867,151.9503072206797,150.61662766569765,151.542236328125,21105600,0.0,0.0
2024-04-01 00:00:00-04:00,151.11423958789635,156.25986517275484,150.93508025295378,155.76222229003906,24469800,0.0,0.0
2024-04-02 00:00:00-04:00,154.02049278342562,155.25465276475865,152.7365806566567,155.1352081298828,17598100,0.0,0.0
2024-04-03 00:00:00-04:00,154.18968157696656,155.8120023671829,153.40540191838465,155.63284301757812,17266200,0.0,0.0
2024-04-04 00:00:00-04:00,154.34892111775065,155.44372636741727,151.1640096481251,151.22372436523438,24184800,0.0,0.0
2024-04-05 00:00:00-04:00,150.96495390021258,154.1100609031813,150.36877863435,153.2143096923828,16289800,0.0,0.0
2024-04-08 00:00:00-04:00,153.2889482511509,155.91650226489386,153.26407217985934,155.4039306640625,16641500,0.0,0.0
2024-04-09 00:00:00-04:00,156.6082619731477,159.13628179224472,155.90160221379026,157.39453125,21538100,0.0,0.0
2024-04-10 00:00:00-04:00,157.1357273972165,157.41440620703668,155.46363935143927,156.91676330566406,16339200,0.0,0.0
2024-04-11 00:00:00-04:00,157.59356552547138,160.36045910838484,157.18549466223584,160.03201293945312,17841700,0.0,0.0
2024-04-12 00:00:00-04:00,158.65354275354042,160.93772200076836,157.8523449185831,158.43955993652344,16968200,0.0,0.0
2024-04-15 00:00:00-04:00,159.52440875756264,160.0718189916202,155.41387349356054,155.59303283691406,21140900,0.0,0.0
2024-04-16 00:00:00-04:00,154.9062991244405,156.4888000836408,154.31908407973467,155.2646026611328,15413200,0.0,0.0
2024-04-17 00:00:00-04:00,156.44897806407823,157.93294652593653,155.39894364299892,156.14044189453125,16237800,0.0,0.0
2024-04-18 00:00:00-04:00,156.18523084208942,157.73787429637503,155.47360512335126,156.71771240234375,14016100,0.0,0.0
2024-04-19 00:00:00-04:00,157.0063297713161,157.2452038227053,153.18443607022257,154.98590087890625,20063900,0.0,0.0
2024-04-22 00:00:00-04:00,155.27455663252584,158.43459258231886,154.92621565980707,157.20541381835938,17243900,0.0,0.0
2024-04-23 00:00:00-04:00,157.84237520917472,159.72346480936866,157.2203215690728,159.16610717773438,16115400,0.0,0.0
2024-04-24 00:00:00-04:00,158.340026580058,160.6291871352953,158.0713103277153,160.34056091308594,19485700,0.0,0.0
2024-04-25 00:00:00-04:00,152.63705492209868,157.53386000648288,152.047850374051,157.20541381835938,36197800,0.0,0.0
2024-04-26 00:00:00-04:00,175.16036103860196,175.58832666155163,170.59198747560998,172.87120056152344,56500800,0.0,0.0
2024-04-29 00:00:00-04:00,169.964986258036,170.57211129616846,166.27246869427466,167.10850524902344,35914600,0.0,0.0
2024-04-30 00:00:00-04:00,166.59094976939298,169.06920180643567,163.72452167301353,163.86386108398438,29420800,0.0,0.0
2024-05-01 00:00:00-04:00,165.39659955094953,168.01420626410095,164.12263484487258,164.78948974609375,25223200,0.0,0.0
2024-05-02 00:00:00-04:00,165.88430793569268,167.73554041543014,164.90893195424,167.66587829589844,17041100,0.0,0.0
2024-05-03 00:00:00-04:00,168.7407544368837,169.04930580388765,164.20225344161207,168.193359375,22767100,0.0,0.0
2024-05-06 00:00:00-04:00,168.42227868914688,169.0990658013136,167.09854663956006,169.02940368652344,15147900,0.0,0.0
2024-05-07 00:00:00-04:00,169.31803249892306,172.65224633966483,169.1986030506817,172.16455078125,21102400,0.0,0.0
2024-05-08 00:00:00-04:00,169.94507852356688,171.09861155514432,169.71815648241372,170.3531494140625,14569900,0.0,0.0
2024-05-09 00:00:00-04:00,170.3431830877281,171.62711045897458,169.128933022191,170.7711639404297,11937700,0.0,0.0
2024-05-10 00:00:00-04:00,168.890050763585,170.53226626790192,167.11844324476036,169.48721313476562,18740500,0.0,0.0
2024-05-13 00:00:00-04:00,165.06517190662683,170.14411242247,164.97857644921768,170.09434509277344,19648600,0.0,0.0
2024-05-14 00:00:00-04:00,170.78111325631593,171.96550597184986,169.61663051218866,171.1195068359375,18729500,0.0,0.0
2024-05-15 00:00:00-04:00,171.48776444109586,173.2255358178519,171.21903299446922,173.06031799316406,20958200,0.0,0.0
2024-05-16 00:00:00-04:00,173.77692289985708,175.5087106331646,173.22951262162755,174.60299682617188,17247300,0.0,0.0
2024-05-17 00:00:00-04:00,174.7224208450474,176.65824378032863,174.15510066358578,176.45420837402344,16546400,0.0,0.0
2024-05-20 00:00:00-04:00,176.47414073902465,179.1016949111226,176.3895499420499,177.6187286376953,17495100,0.0,0.0
2024-05-21 00:00:00-04:00,177.55897832592012,178.9722975078922,176.47412046293638,178.693603515625,14706000,0.0,0.0
2024-05-22 00:00:00-04:00,177.55898166062008,178.00886190082392,175.94662351519383,177.16087341308594,16189400,0.0,0.0
2024-05-23 00:00:00-04:00,177.93720584610716,179.06188373408688,173.71718830847908,174.2347412109375,14928400,0.0,0.0
2024-05-24 00:00:00-04:00,175.6878860636416,176.46818687286654,174.37410127570018,175.498779296875,11400600,0.0,0.0
2024-05-28 00:00:00-04:00,174.91155073890857,177.6684817663742,174.85182082753647,177.18080139160156,15655300,0.0,0.0
2024-05-29 00:00:00-04:00,175.976490431931,177.3897945303486,175.42908017169887,176.56370544433594,15023800,0.0,0.0
2024-05-30 00:00:00-04:00,175.85705553445754,175.85705553445754,172.41335988432073,172.74180603027344,18844000,0.0,0.0
2024-05-31 00:00:00-04:00,172.5825655047724,173.59776135461897,170.16402810623885,173.1399383544922,28085200,0.0,0.0
2024-06-03 00:00:00-04:00,173.06033057484387,175.03099255737388,171.63706373028532,173.5977783203125,20742800,0.0,0.0
2024-06-04 00:00:00-04:00,173.62762577754341,174.36414282591306,172.40342834776362,174.30442810058594,14066600,0.0,0.0
2024-06-05 00:00:00-04:00,175.70279368634698,177.13102647161713,174.46365245832024,176.2352752685547,15233900,0.0,0.0
2024-06-06 00:00:00-04:00,176.59355525115092,177.867535069039,176.37460634328087,177.5092315673828,14255800,0.0,0.0
2024-06-07 00:00:00-04:00,177.61872166754497,178.5741875907091,174.9612950507807,175.12054443359375,14716300,0.0,0.0
2024-06-10 00:00:00-04:00,175.81802752495432,177.83079699459753,173.7554492975208,175.9973907470703,17122200,0.2,0.0
2024-06-11 00:00:00-04:00,177.08350092603828,177.75109951120558,174.81166791246778,177.55181884765625,14402400,0.0,0.0
2024-06-12 00:00:00-04:00,179.10622257947298,181.42787947273285,177.14327694877989,178.91690063476562,18600400,0.0,0.0
2024-06-13 00:00:00-04:00,177.2030457535148,177.87064426133762,176.0272793318939,176.10699462890625,15956900,0.0,0.0
2024-06-14 00:00:00-04:00,175.22218357185352,178.0898666483664,175.22218357185352,177.7311553955078,12361600,0.0,0.0
2024-06-17 00:00:00-04:00,176.3461379133103,179.27561067019667,175.85790258992213,178.1396942138672,15272900,0.0,0.0
2024-06-18 00:00:00-04:00,178.14965455035454,178.26923510757547,174.99100977195764,175.8180389404297,15640300,0.0,0.0
2024-06-20 00:00:00-04:00,176.07711363949488,178.09984190710827,175.82800902324556,177.0735321044922,16753200,0.0,0.0
2024-06-21 00:00:00-04:00,177.8507453258578,181.85832853145462,177.42227746039913,179.61439514160156,59728000,0.0,0.0
2024-06-24 00:00:00-04:00,180.6307370908269,181.4278748991179,179.58449466770367,180.14248657226562,18198300,0.0,0.0
2024-06-25 00:00:00-04:00,180.49621579661166,185.08471828343806,180.45635054619015,184.9153289794922,18917700,0.0,0.0
2024-06-26 00:00:00-04:00,183.5402622680096,185.26406180555398,183.33102292285417,184.70606994628906,13375700,0.0,0.0
2024-06-27 00:00:00-04:00,184.98010536766324,186.82845731487285,184.78579647406917,186.1907501220703,13025700,0.0,0.0
2024-06-28 00:00:00-04:00,185.05482688953091,185.9117473236654,182.66840055888895,182.7630615234375,23032400,0.0,0.0
2024-07-01 00:00:00-04:00,183.81928023476226,184.67620075111873,182.07554786344363,183.82925415039062,11815900,0.0,0.0
2024-07-02 00:00:00-04:00,182.8128970182058,186.2804290197841,182.4043617984991,185.941650390625,12555500,0.0,0.0
2024-07-03 00:00:00-04:00,185.63276432631835,186.94802880286505,184.72103291035663,186.71885681152344,7409100,0.0,0.0
2024-07-05 00:00:00-04:00,186.6491104769195,191.5714048253656,186.6491104769195,191.27249145507812,14303400,0.0,0.0
2024-07-08 00:00:00-04:00,190.6796152957187,190.9924860557011,188.6419414632955,189.7977752685547,12097600,0.0,0.0
2024-07-09 00:00:00-04:00,191.06324032448242,192.16926542683404,189.54868000321284,189.7579345703125,10198500,0.0,0.0
2024-07-10 00:00:00-04:00,190.06682303638334,192.61765188536268,189.9372837700379,191.96998596191406,12052900,0.0,0.0
2024-07-11 00:00:00-04:00,190.65470480345505,191.7208798554092,186.15090430376924,186.62918090820312,16452000,0.0,0.0
2024-07-12 00:00:00-04:00,186.25053618384166,188.01420111013582,185.4733310036047,186.1110382080078,14449100,0.0,0.0
2024-07-15 00:00:00-04:00,185.82208288068784,189.21985825223288,185.82208288068784,187.5159912109375,12186000,0.0,0.0
2024-07-16 00:00:00-04:00,188.28323149134974,189.65827857329185,184.45697320018698,184.8356170654297,12760100,0.0,0.0
2024-07-17 00:00:00-04:00,184.0185620689277,184.5665952870992,180.96952387855154,181.9659423828125,17376600,0.0,0.0
2024-07-18 00:00:00-04:00,182.88262939240457,183.39081251523982,177.57173261448804,178.57810974121094,17877200,0.0,0.0
2024-07-19 00:00:00-04:00,179.7239986831795,181.31827435333457,178.2194122325236,178.7475128173828,14485900,0.0,0.0
2024-07-22 00:00:00-04:00,181.69691040759497,183.63992334392967,181.2485099418617,182.69332885742188,16303900,0.0,0.0
2024-07-23 00:00:00-04:00,183.18157455853097,184.55663696261976,182.6734065937824,182.94244384765625,23772600,0.0,0.0
2024-07-24 00:00:00-04:00,174.7618344929483,177.31266333834552,172.94836078735528,173.7454833984375,31250700,0.0,0.0
2024-07-25 00:00:00-04:00,173.62591984806159,174.57251436164208,168.44454680160155,168.5541534423828,28967900,0.0,0.0
2024-07-26 00:00:00-04:00,168.16554065318968,169.23170045423535,165.27094636539994,168.0758514404297,25150100,0.0,0.0
2024-07-29 00:00:00-04:00,169.88935657362845,171.54341495524503,169.11215134932957,170.51710510253906,13768900,0.0,0.0
2024-07-30 00:00:00-04:00,171.21460023716017,172.3305841410966,169.51071783712683,171.24449157714844,13681400,0.0,0.0
2024-07-31 00:00:00-04:00,174.29351108109944,175.27997080668484,171.10497512525495,172.52984619140625,15650200,0.0,0.0
2024-08-01 00:00:00-04:00,171.36404903295707,175.05079443481682,169.89931262453103,171.83236694335938,17177800,0.0,0.0
2024-08-02 00:00:00-04:00,167.58762038247167,169.60038989475044,165.7940641440123,167.79685974121094,18907800,0.0,0.0
2024-08-05 00:00:00-04:00,156.8063590575562,165.3456720606902,156.039127834995,160.0646514892578,34907800,0.0,0.0
2024-08-06 00:00:00-04:00,160.36857505755367,161.76854176630374,157.56365468246898,159.9650115966797,36146500,0.0,0.0
2024-08-07 00:00:00-04:00,162.65535811810648,164.19979459850455,159.66610267866855,160.1742706298828,19334200,0.0,0.0
2024-08-08 00:00:00-04:00,161.7625449521268,164.90724730098054,161.4496741925987,163.25318908691406,15733600,0.0,0.0
2024-08-09 00:00:00-04:00,161.06607082428397,164.92719246706665,160.35362004988897,164.7976531982422,13549200,0.0,0.0
2024-08-12 00:00:00-04:00,165.40048221300762,166.10295907223568,162.96424691360264,163.36280822753906,12435000,0.0,0.0
2024-08-13 00:00:00-04:00,164.59338172697963,165.9435244900484,164.1798747537791,165.33570861816406,12717600,0.0,0.0
2024-08-14 00:00:00-04:00,163.62189205481303,164.36920594570728,158.95864546948013,161.44969177246094,22515900,0.0,0.0
2024-08-15 00:00:00-04:00,161.62904857869057,162.93435435683165,160.9116260556583,162.58560180664062,18392500,0.0,0.0
2024-08-16 00:00:00-04:00,162.82474029317686,166.35205486717328,162.49592038476501,164.1499786376953,16853100,0.0,0.0
2024-08-19 00:00:00-04:00,166.40188000248637,167.8666163302166,165.49513557024594,167.79685974121094,13100800,0.0,0.0
2024-08-20 00:00:00-04:00,168.1356603745316,169.79967741743286,168.05594507135712,168.35487365722656,12622500,0.0,0.0
2024-08-21 00:00:00-04:00,166.39192535734017,168.03600974702022,165.97343142549687,167.02963256835938,15269600,0.0,0.0
2024-08-22 00:00:00-04:00,168.43456638911738,168.81321026159983,164.43893391865004,164.8972930908203,19123800,0.0,0.0
2024-08-23 00:00:00-04:00,165.9535147861683,167.34849469336507,165.06670287284877,166.83035278320312,14281600,0.0,0.0
2024-08-26 00:00:00-04:00,167.5527524913739,168.77337124165066,165.72433304902341,167.32855224609375,11990300,0.0,0.0
2024-08-27 00:00:00-04:00,167.0097091779591,167.6424294663076,165.56490536104474,165.78411865234375,13718200,0.0,0.0
2024-08-28 00:00:00-04:00,166.18266038398477,166.79047621925304,162.69519596618224,163.91082763671875,15208700,0.0,0.0
2024-08-29 00:00:00-04:00,165.46525036551398,167.02963467718953,161.40185288464895,162.8147735595703,17133800,0.0,0.0
2024-08-30 00:00:00-04:00,163.63183445295118,164.68803554745267,162.8247379639128,164.51864624023438,18498800,0.0,0.0
2024-09-03 00:00:00-04:00,162.7300975011423,162.79486713938573,157.28964554252158,158.0419464111328,26533100,0.0,0.0
2024-09-04 00:00:00-04:00,157.5088470400444,159.82551694837377,156.87612678333463,157.2447967529297,17410700,0.0,0.0
2024-09-05 00:00:00-04:00,157.2148967624086,160.43831095253145,156.95583344724037,158.03196716308594,14139500,0.0,0.0
2024-09-06 00:00:00-04:00,158.1216466586556,158.64974722214538,151.39083514674604,151.58514404296875,24999100,0.0,0.0
2024-09-09 00:00:00-04:00,153.28127377468468,154.28897565317735,147.86359163991898,149.20054626464844,28057700,0.2,0.0
2024-09-10 00:00:00-04:00,151.10621307846455,151.95428971091056,149.2035441865461,149.6694793701172,20401800,0.0,0.0
2024-09-11 00:00:00-04:00,150.74703500975997,152.13387922005617,148.36246071366355,151.80462646484375,18991500,0.0,0.0
2024-09-12 00:00:00-04:00,154.4585967034471,155.25678384046466,153.15157268835566,155.1869354248047,21024100,0.0,0.0
2024-09-13 00:00:00-04:00,156.0070756210139,158.91345784103444,155.755648728388,158.01051330566406,16733900,0.0,0.0
2024-09-16 00:00:00-04:00,157.9706143292006,158.8785524071565,157.25224741303262,158.62911987304688,14157600,0.0,0.0
2024-09-17 00:00:00-04:00,159.7266123117633,161.22320750164613,159.0481631332768,159.9161834716797,12064800,0.0,0.0
2024-09-18 00:00:00-04:00,160.48489453662953,161.26312280572637,159.29759326798978,160.44497680664062,16756500,0.0,0.0
2024-09-19 00:00:00-04:00,164.4458917934048,164.6155040932057,162.15310375152245,162.86947631835938,17548200,0.0,0.0
2024-09-20 00:00:00-04:00,164.14655838906322,164.37603204660826,162.8095885003916,164.2662811279297,46362700,0.0,0.0
2024-09-23 00:00:00-04:00,164.96469605302332,166.23181758098326,162.58012165110702,162.69985961914062,15648400,0.0,0.0
2024-09-24 00:00:00-04:00,163.87717066392423,164.176492741931,161.6622086004887,163.2685546875,18774100,0.0,0.0
2024-09-25 00:00:00-04:00,162.6000667710883,163.84423017025003,162.4055021045772,162.62002563476562,13607900,0.0,0.0
2024-09-26 00:00:00-04:00,164.65540300026643,165.12433738176023,163.1288771112858,163.4581298828125,18234500,0.0,0.0
2024-09-27 00:00:00-04:00,163.5379529228678,166.59100475314528,163.4581326837826,164.91481018066406,13604300,0.0,0.0
2024-09-30 00:00:00-04:00,164.40596785707794,166.9801133920327,164.26628624932783,166.8105010986328,14070100,0.0,0.0
2024-10-01 00:00:00-04:00,168.47670815509065,170.05312356675083,165.5234203103271,168.03770446777344,18629500,0.0,0.0
2024-10-02 00:00:00-04:00,167.37919706037525,168.49666513124245,165.87263008138385,166.9302215576172,12745000,0.0,0.0
2024-10-03 00:00:00-04:00,165.4436153407923,167.52886763193206,164.994624608732,166.83045959472656,11004300,0.0,0.0
2024-10-04 00:00:00-04:00,168.95561168385737,169.1651417037373,166.58102439541923,168.17738342285156,11422100,0.0,0.0
2024-10-07 00:00:00-04:00,168.7560635386529,169.51433291164238,163.7574413654542,164.016845703125,14034700,0.0,0.0
2024-10-08 00:00:00-04:00,165.0544764190507,165.72296895610333,163.9370236242508,165.32386779785156,11723900,0.0,0.0
2024-10-09 00:00:00-04:00,164.48078878674917,165.8825983372775,160.75426631287192,162.6898651123047,19666400,0.0,0.0
2024-10-10 00:00:00-04:00,161.7420223125794,163.93803021658485,161.27308796158508,162.80958557128906,12900500,0.0,0.0
2024-10-11 00:00:00-04:00,162.95925941151893,164.89485824555993,162.1311415998337,164.1465606689453,10946000,0.0,0.0
2024-10-14 00:00:00-04:00,164.53567829588263,167.23951840464235,164.40596850811767,165.972412109375,9981800,0.0,0.0
2024-10-15 00:00:00-04:00,166.7606093878907,168.70618005069358,165.67308722562564,166.52114868164062,14829300,0.0,0.0
2024-10-16 00:00:00-04:00,165.65313140202477,166.90029405802036,164.8409837085831,166.3615264892578,9968500,0.0,0.0
2024-10-17 00:00:00-04:00,167.0000773025163,167.54881670544276,163.99689980892833,164.13658142089844,15113400,0.0,0.0
2024-10-18 00:00:00-04:00,164.49575467157797,165.99234980298428,164.3760319327944,164.67535400390625,13091300,0.0,0.0
2024-10-21 00:00:00-04:00,164.20642828942988,165.8427051102763,163.93204336640198,165.4236602783203,11384000,0.0,0.0
2024-10-22 00:00:00-04:00,164.32614701705697,167.08986370041146,164.29621633151714,166.44134521484375,11958600,0.0,0.0
2024-10-23 00:00:00-04:00,166.05221433986773,167.2195719618869,163.26156615464373,164.1066436767578,12754300,0.0,0.0
2024-10-24 00:00:00-04:00,164.21640128996543,164.67536385635017,162.40054033844325,164.1565399169922,12764400,0.0,0.0
2024-10-25 00:00:00-04:00,164.98963532280627,167.0200044057247,164.85493202249762,166.61094665527344,14566400,0.0,0.0
2024-10-28 00:00:00-04:00,170.20277852548895,170.21874866254464,165.41367087628183,167.9578857421875,20858300,0.0,0.0
2024-10-29 00:00:00-04:00,169.0005047106586,171.46989275694872,168.27715953462263,170.75152587890625,28916100,0.0,0.0
2024-10-30 00:00:00-04:00,181.9959609227769,183.37281818194802,175.34608092530422,175.7401885986328,49698300,0.0,0.0
2024-10-31 00:00:00-04:00,174.32341036482913,178.0150088186449,172.1683096199305,172.2980194091797,32801900,0.0,0.0
2024-11-01 00:00:00-04:00,171.15062135368265,173.42546007693375,169.92341754541656,172.2581024169922,21752900,0.0,0.0
2024-11-04 00:00:00-05:00,170.8512983761494,171.52974749911522,169.1002772755517,170.2925567626953,16194000,0.0,0.0
2024-11-05 00:00:00-05:00,170.4422345159045,171.70635684531885,169.98327197206876,171.0209197998047,12518300,0.0,0.0
2024-11-06 00:00:00-05:00,174.95198513738399,178.23451058056995,174.64267600746507,177.9252166748047,27061500,0.0,0.0
2024-11-07 00:00:00-05:00,178.70343886419374,182.16556352998285,178.48393702420717,181.86624145507812,16730400,0.0,0.0
2024-11-08 00:00:00-05:00,181.58689369622658,181.9361053506888,179.16241665392053,179.45175170898438,15021500,0.0,0.0
2024-11-11 00:00:00-05:00,179.6612647183404,181.67169024189303,179.58144448419563,181.55694580078125,12503400,0.0,0.0
2024-11-12 00:00:00-05:00,180.9683012011966,183.6072865116738,180.57918704795912,182.90390014648438,14065800,0.0,0.0
2024-11-13 00:00:00-05:00,181.7365427627674,182.2004988580566,179.71115175357687,180.080322265625,13969700,0.0,0.0
2024-11-14 00:00:00-05:00,179.34199500809183,180.03542477204525,175.6304376208683,176.94744873046875,17925800,0.0,0.0
2024-11-15 00:00:00-05:00,175.24131269462887,175.4807733973284,172.35287981643725,173.4952850341797,21708900,0.0,0.0
2024-11-18 00:00:00-05:00,174.55788351993363,176.50844782695492,174.0240942257961,176.39869689941406,18725400,0.0,0.0
2024-11-19 00:00:00-05:00,174.83722501844,179.76102035391557,174.71849185468582,179.17236328125,15392900,0.0,0.0
2024-11-20 00:00:00-05:00,178.42407007919522,178.7034332806034,174.93201483744025,176.92747497558594,15729800,0.0,0.0
2024-11-21 00:00:00-05:00,175.05673923346154,175.18145549789298,164.93476294944196,168.85585021972656,38839400,0.0,0.0
2024-11-22 00:00:00-05:00,166.780582207106,167.88306980424588,165.33387647649843,166.19192504882812,24497000,0.0,0.0
2024-11-25 00:00:00-05:00,167.60869154426803,170.0730862057209,167.02001919185565,169.04541015625,21395700,0.0,0.0
2024-11-26 00:00:00-05:00,169.10528708504503,171.10572566539952,169.04541048829364,170.2327117919922,14937500,0.0,0.0
2024-11-27 00:00:00-05:00,170.29256940350413,170.75153195687213,169.2848674640083,170.43226623535156,12433400,0.0,0.0
2024-11-29 00:00:00-05:00,169.67398022072197,170.48213917467183,168.36695621133114,170.10301208496094,9250700,0.0,0.0
2024-12-02 00:00:00-05:00,169.93340594668766,173.2059596109549,169.88351639450627,172.5873565673828,16593400,0.0,0.0
2024-12-03 00:00:00-05:00,172.727037439352,173.92432578996255,172.11842144331467,172.6272735595703,15721500,0.0,0.0
2024-12-04 00:00:00-05:00,172.38780811245044,176.02951694382102,172.3578774269222,175.69029235839844,18239800,0.0,0.0
2024-12-05 00:00:00-05:00,176.91751460390543,177.30662874705726,173.61501507328163,173.91433715820312,16145500,0.0,0.0
2024-12-06 00:00:00-05:00,173.4853249211239,176.4376080962673,173.15607214175068,176.0894012451172,13319500,0.0,0.0
2024-12-09 00:00:00-05:00,175.51503437960727,177.83738550391604,175.20039040791823,176.89846801757812,19887800,0.2,0.0
2024-12-10 00:00:00-05:00,184.32500888640666,187.8160268138949,182.46212570826387,186.31773376464844,34317400,0.0,0.0
2024-12-11 00:00:00-05:00,186.4875414177299,196.66594813117683,186.04803967773574,196.4861602783203,41664500,0.0,0.0
2024-12-12 00:00:00-05:00,196.0766124040666,196.48115029218562,193.06004491560958,193.40965270996094,25197800,0.0,0.0
2024-12-13 00:00:00-05:00,192.490704487651,194.11883919838084,191.0423423812578,191.16221618652344,18883200,0.0,0.0
2024-12-16 00:00:00-05:00,194.14382959225733,200.41168291616427,193.88911488994594,197.93450927734375,32248600,0.0,0.0
2024-12-17 00:00:00-05:00,198.30407475927043,202.64913062417182,196.46617230830898,196.8956756591797,24129500,0.0,0.0
2024-12-18 00:00:00-05:00,196.60601529827326,198.46389928471683,189.0646039194836,189.93360900878906,27638400,0.0,0.0
2024-12-19 00:00:00-05:00,193.06005888438943,194.37856412730645,189.30434300339118,189.484130859375,26981200,0.0,0.0
2024-12-20 00:00:00-05:00,186.7971764103249,193.91406813278797,186.1579053424554,192.74041748046875,45319700,0.0,0.0
2024-12-23 00:00:00-05:00,193.80919155814604,196.26639877064787,191.411928868106,195.7669677734375,15235900,0.0,0.0
2024-12-24 00:00:00-05:00,195.94676829861982,197.44506138722352,194.97587425527323,197.34518432617188,6809800,0.0,0.0
2024-12-26 00:00:00-05:00,196.5161262135814,197.93450850289778,195.6471058614473,196.87571716308594,7907900,0.0,0.0
2024-12-27 00:00:00-05:00,196.24642603002408,196.5760523318792,191.75354348102763,193.81918334960938,14693000,0.0,0.0
2024-12-30 00:00:00-05:00,190.64781342319387,193.55948963491522,190.14338320337714,192.47073364257812,12209500,0.0,0.0
2024-12-31 00:00:00-05:00,192.2260050490995,193.03008164381478,189.36425993005457,190.22328186035156,14355200,0.0,0.0
2025-01-02 00:00:00-05:00,191.26709343340778,192.9801381301293,188.49525744007033,190.41307067871094,17545200,0.0,0.0
2025-01-03 00:00:00-05:00,192.5056946331138,194.27866867483587,191.13225931471843,192.9102325439453,12875000,0.0,0.0
2025-01-06 00:00:00-05:00,194.92792600382484,199.33291137103032,194.83803207586362,197.7347412109375,19483300,0.0,0.0
2025-01-07 00:00:00-05:00,198.04438263544472,201.909973886113,195.7170322333306,196.4861602783203,16966800,0.0,0.0
2025-01-08 00:00:00-05:00,193.72928457657076,197.41508784704052,193.52951522204586,195.1676483154297,14335300,0.0,0.0
2025-01-10 00:00:00-05:00,195.19761966253236,197.39511312065048,191.38197456331892,192.95018005371094,20753800,0.0,0.0
2025-01-13 00:00:00-05:00,191.13224951636064,192.27095158503425,188.4453083016719,192.0711669921875,13169100,0.0,0.0
2025-01-14 00:00:00-05:00,192.28094273517524,193.050070773715,189.42419669059564,190.8325958251953,13651200,0.0,0.0
2025-01-15 00:00:00-05:00,194.12884726518368,197.57491832048342,193.11000369739423,196.75584411621094,12894900,0.0,0.0
2025-01-16 00:00:00-05:00,195.60214951346643,196.75583391247915,194.0788910490422,194.1887664794922,13449600,0.0,0.0
2025-01-17 00:00:00-05:00,197.82462632303964,198.58375597214695,195.0877388983694,197.3251953125,22109100,0.0,0.0
2025-01-21 00:00:00-05:00,200.28182025394423,203.6080326445683,199.21304580682195,199.40283203125,19005200,0.0,0.0
2025-01-22 00:00:00-05:00,200.32178068082086,201.88998612293432,198.9733108604717,199.8023681640625,15477400,0.0,0.0
2025-01-23 00:00:00-05:00,199.75242873857272,201.71020506522237,196.59603624015026,199.35289001464844,15170800,0.0,0.0
2025-01-24 00:00:00-05:00,199.6225872950207,202.33949329722083,199.5566528889042,201.6702423095703,12732400,0.0,0.0
2025-01-27 00:00:00-05:00,193.96901973467803,198.44391735433535,192.48070982544095,193.54949951171875,24970200,0.0,0.0
2025-01-28 00:00:00-05:00,194.42848935993928,197.00555524376668,192.39081751116362,196.8457489013672,15939200,0.0,0.0
2025-01-29 00:00:00-05:00,197.14539841120728,198.2341696318412,194.96788645279017,196.9556121826172,12287800,0.0,0.0
2025-01-30 00:00:00-05:00,199.53266972822976,203.00672387191645,199.24500307805343,202.3994140625,14571500,0.0,0.0
2025-01-31 00:00:00-05:00,203.48317837651163,206.8443546537246,203.34833748699367,205.3660430908203,17087300,0.0,0.0
2025-02-03 00:00:00-05:00,201.98487391595285,204.9864590771122,201.43051282665638,202.40939331054688,16719500,0.0,0.0
2025-02-04 00:00:00-05:00,204.2672790849399,208.46249643839946,204.02754671792735,207.4736328125,28285400,0.0,0.0
2025-02-05 00:00:00-05:00,192.88026299205453,194.32860987902825,189.69389069585742,193.0800323486328,43666400,0.0,0.0
2025-02-06 00:00:00-05:00,190.77265967243562,193.60942410647172,190.2732286703268,193.0900115966797,20816600,0.0,0.0
2025-02-07 00:00:00-05:00,192.52066571940506,192.79534667048466,184.88936071436743,186.92703247070312,29565700,0.0,0.0
2025-02-10 00:00:00-05:00,188.84484651111416,189.77379609286592,187.39649966530655,187.98582458496094,16606000,0.0,0.0
2025-02-11 00:00:00-05:00,186.62239876540912,188.58515904568145,185.86825303657443,186.8571319580078,13028100,0.0,0.0
2025-02-12 00:00:00-05:00,185.0192095241481,186.61739486850084,183.42103942122037,185.21897888183594,17632300,0.0,0.0
2025-02-13 00:00:00-05:00,185.7184056239068,187.77607416088287,184.66961270981918,187.66619873046875,12729300,0.0,0.0
2025-02-14 00:00:00-05:00,186.6174008565631,187.93589085274974,185.89821895267022,186.6573486328125,12714200,0.0,0.0
2025-02-18 00:00:00-05:00,187.226695076443,187.56630449733623,183.3710871600107,185.58856201171875,19796000,0.0,0.0
2025-02-19 00:00:00-05:00,185.9731213052312,187.1467872178663,185.2889032654933,186.91705322265625,13120500,0.0,0.0
2025-02-20 00:00:00-05:00,186.28777222741775,186.90706182083724,184.38994042998203,186.4276123046875,12063800,0.0,0.0
2025-02-21 00:00:00-05:00,187.07686090508184,187.25666399411273,180.92388244913036,181.3733673095703,19520800,0.0,0.0
2025-02-24 00:00:00-05:00,183.59084088624112,184.87936617572134,180.67416563965807,180.9838104248047,18734000,0.0,0.0
2025-02-25 00:00:00-05:00,179.94998624296272,180.55429349830055,176.56884378749382,177.16815185546875,20832500,0.0,0.0
2025-02-26 00:00:00-05:00,176.74364576328153,177.87734865828276,173.3924527442382,174.50119018554688,23637200,0.0,0.0
2025-02-27 00:00:00-05:00,175.73978676984865,176.38904098824568,169.55882503535227,170.0163116455078,25930500,0.0,0.0
2025-02-28 00:00:00-05:00,170.1062040953664,172.30369747869378,168.19837398997922,172.02401733398438,30049800,0.0,0.0
2025-03-03 00:00:00-05:00,173.5323013294071,174.80086041257175,167.4492350449917,168.46807861328125,24122000,0.0,0.0
2025-03-04 00:00:00-05:00,167.74889040520628,174.9656593689528,167.34933645157065,172.41357421875,30711400,0.0,0.0
2025-03-05 00:00:00-05:00,172.12391841048589,175.55000797862252,170.73548550793336,174.79087829589844,18848000,0.0,0.0
2025-03-06 00:00:00-05:00,172.35364986457097,176.52888591983762,172.31169022063378,174.0117645263672,19082400,0.0,0.0
2025-03-07 00:00:00-05:00,173.0448614517929,176.69868829805844,172.05398592128185,175.5500030517578,16395300,0.0,0.0
2025-03-10 00:00:00-04:00,170.16000366210938,170.4499969482422,165.56500244140625,167.80999755859375,28990700,0.2,0.0
2025-03-11 00:00:00-04:00,166.67999267578125,168.65499877929688,163.24000549316406,165.97999572753906,23705900,0.0,0.0
2025-03-12 00:00:00-04:00,168.47000122070312,169.52999877929688,165.47999572753906,169.0,19880100,0.0,0.0
2025-03-13 00:00:00-04:00,167.97999572753906,168.1199951171875,164.07000732421875,164.72999572753906,15206200,0.0,0.0
2025-03-14 00:00:00-04:00,165.31500244140625,168.25,164.50999450683594,167.6199951171875,18611100,0.0,0.0
2025-03-17 00:00:00-04:00,167.3249969482422,168.4600067138672,165.80999755859375,166.57000732421875,17839100,0.0,0.0
2025-03-18 00:00:00-04:00,165.9600067138672,166.44000244140625,158.8000030517578,162.6699981689453,24616800,0.0,0.0
2025-03-19 00:00:00-04:00,163.9149932861328,168.13299560546875,163.0500030517578,166.27999877929688,24955700,0.0,0.0
2025-03-20 00:00:00-04:00,163.8249969482422,167.02999877929688,163.13999938964844,165.0500030517578,19981500,0.0,0.0
2025-03-21 00:00:00-04:00,163.3800048828125,166.47000122070312,163.02999877929688,166.25,29882100,0.0,0.0
2025-03-24 00:00:00-04:00,169.26499938964844,170.5,167.44000244140625,169.92999267578125,18742800,0.0,0.0
2025-03-25 00:00:00-04:00,171.17999267578125,172.91000366210938,170.5500030517578,172.7899932861328,13841600,0.0,0.0
2025-03-26 00:00:00-04:00,171.3000030517578,171.94000244140625,166.86099243164062,167.13999938964844,22498000,0.0,0.0
2025-03-27 00:00:00-04:00,166.7100067138672,167.44000244140625,163.85000610351562,164.0800018310547,21571200,0.0,0.0
2025-03-28 00:00:00-04:00,162.36000061035156,163.80999755859375,155.33900451660156,156.05999755859375,34823000,0.0,0.0
2025-03-31 00:00:00-04:00,154.89999389648438,157.1199951171875,152.2100067138672,156.22999572753906,33505456,0.0,0.0
