Date,Open,High,Low,Close,Volume,Dividends,Stock Splits
2012-05-18 00:00:00-04:00,41.85275150034609,44.788914427748004,37.82174996120943,38.0506706237793,573576400,0.0,0.0
2012-05-21 00:00:00-04:00,36.35864181767943,36.4880330695126,32.84520175411063,33.87036895751953,168192700,0.0,0.0
2012-05-22 00:00:00-04:00,32.45703007750149,33.432432531440895,30.79486381895514,30.854581832885742,101786600,0.0,0.0
2012-05-23 00:00:00-04:00,31.222847755786916,32.347546219825745,31.212894436834176,31.849891662597656,73600000,0.0,0.0
2012-05-24 00:00:00-04:00,32.79543446955165,33.05421315600395,31.620969468447022,32.875057220458984,50237200,0.0,0.0
2012-05-25 00:00:00-04:00,32.74567267412264,32.795437372445,30.96406837783918,31.76031494140625,37149800,0.0,0.0
2012-05-29 00:00:00-04:00,31.33232916702889,31.541345059558342,28.515604565960945,28.704713821411133,78063400,0.0,0.0
2012-05-30 00:00:00-04:00,28.56537386387799,29.411385137450797,27.729314011385846,28.05776596069336,57267900,0.0,0.0
2012-05-31 00:00:00-04:00,28.416075379933826,29.530822459574104,26.704144330973566,29.461151123046875,111639200,0.0,0.0
2012-06-01 00:00:00-04:00,28.754479457311845,29.013260052612164,27.261515798703314,27.589967727661133,41855500,0.0,0.0
2012-06-04 00:00:00-04:00,27.07240710375525,27.520295040265076,26.315971992794882,26.773813247680664,35230300,0.0,0.0
2012-06-05 00:00:00-04:00,26.574754180920536,27.62978131329522,25.6292097604932,25.748647689819336,42473400,0.0,0.0
2012-06-06 00:00:00-04:00,25.94770801789494,27.042548411146505,25.400288770469885,26.684236526489258,61489200,0.0,0.0
2012-06-07 00:00:00-04:00,26.87334639358499,27.221704967256205,26.027333257069603,26.186582565307617,26159500,0.0,0.0
2012-06-08 00:00:00-04:00,26.42545821663245,27.62978332285785,26.315975496722228,26.97287940979004,38034000,0.0,0.0
2012-06-11 00:00:00-04:00,27.052501495925387,27.93832598266214,26.71409625187735,26.883298873901367,28219600,0.0,0.0
2012-06-12 00:00:00-04:00,27.351093768730035,27.639734320612682,26.833532578155165,27.271469116210938,15816800,0.0,0.0
2012-06-13 00:00:00-04:00,27.53024832382273,27.9681848398041,26.972875784283676,27.142078399658203,17102800,0.0,0.0
2012-06-14 00:00:00-04:00,27.520297979123438,28.187155194314418,27.251564049478958,28.157297134399414,16855000,0.0,0.0
2012-06-15 00:00:00-04:00,28.376262798846742,29.958804426971096,28.21701349398907,29.869226455688477,43563800,0.0,0.0
2012-06-18 00:00:00-04:00,29.81946010033854,31.929518152612467,29.272040847804465,31.262659072875977,42978900,0.0,0.0
2012-06-19 00:00:00-04:00,31.392051617657064,32.02904886851072,30.55599177671086,31.76031494140625,30849000,0.0,0.0
2012-06-20 00:00:00-04:00,31.77026556618712,31.780218884687724,31.003877127253325,31.451766967773438,15553600,0.0,0.0
2012-06-21 00:00:00-04:00,31.521440680057587,32.34754719399904,31.362191368820792,31.690643310546875,21875300,0.0,0.0
2012-06-22 00:00:00-04:00,32.25796514627044,33.29308743701767,31.909608508424064,32.894962310791016,74834000,0.0,0.0
2012-06-25 00:00:00-04:00,32.70585530489049,32.86510459768011,31.401999109873657,31.909608840942383,24352900,0.0,0.0
2012-06-26 00:00:00-04:00,32.536656050040555,33.283137942443965,32.3475486708142,32.944732666015625,24858700,0.0,0.0
2012-06-27 00:00:00-04:00,32.3077322815222,32.74567071285658,31.75035972040847,32.07881164550781,28568000,0.0,0.0
2012-06-28 00:00:00-04:00,31.810078389704568,32.038999030434134,30.75505125983666,31.212894439697266,17713300,0.0,0.0
2012-06-29 00:00:00-04:00,31.770268112385676,31.83993944907224,30.61570965140437,30.95411491394043,19526900,0.0,0.0
2012-07-02 00:00:00-04:00,31.103409768401885,31.581157686828185,30.406692630229095,30.625661849975586,14122000,0.0,0.0
2012-07-03 00:00:00-04:00,30.765005524323907,31.292520054671268,30.655520910870305,31.053646087646484,8763600,0.0,0.0
2012-07-05 00:00:00-04:00,31.173084064524218,31.481629387191525,30.874492061736714,31.32238006591797,10032100,0.0,0.0
2012-07-06 00:00:00-04:00,31.292519028867037,31.75036030938893,31.113363084870997,31.581157684326172,10945600,0.0,0.0
2012-07-09 00:00:00-04:00,31.949417418779614,32.72576102151656,31.839934719563963,32.01908874511719,17785200,0.0,0.0
2012-07-10 00:00:00-04:00,32.27787789196096,32.32764259295833,31.013834743250662,31.32238006591797,14269500,0.0,0.0
2012-07-11 00:00:00-04:00,31.332330161259133,31.411954813701414,30.406692390116735,30.824722290039062,13030300,0.0,0.0
2012-07-12 00:00:00-04:00,30.55598932344026,31.25270453602339,30.45645803638513,30.66547203063965,11300700,0.0,0.0
2012-07-13 00:00:00-04:00,30.89439582069791,30.924253879151504,30.416646003024148,30.575895309448242,8108300,0.0,0.0
2012-07-16 00:00:00-04:00,30.356928698784483,30.356928698784483,28.07766986229875,28.117483139038086,24672100,0.0,0.0
2012-07-17 00:00:00-04:00,28.34640475649043,28.45588937287401,27.022643633967853,27.958234786987305,30438600,0.0,0.0
2012-07-18 00:00:00-04:00,28.17719940012115,29.152603737043982,28.017950099889138,28.973447799682617,16841800,0.0,0.0
2012-07-19 00:00:00-04:00,29.27203872818013,29.361616693694017,28.495696993193572,28.863962173461914,13685100,0.0,0.0
2012-07-20 00:00:00-04:00,28.86396359908726,29.33175818778588,28.585276370568106,28.625089645385742,11869100,0.0,0.0
2012-07-23 00:00:00-04:00,27.98809319210287,28.863964379352073,27.87860858179616,28.615137100219727,12390700,0.0,0.0
2012-07-24 00:00:00-04:00,28.684808801166902,29.31185461569763,27.96818691153329,28.316545486450195,11539800,0.0,0.0
2012-07-25 00:00:00-04:00,28.25682526796439,29.35166567804265,27.94827997276829,29.202369689941406,17230200,0.0,0.0
2012-07-26 00:00:00-04:00,27.619828359226272,28.09757628603977,26.60461259094646,26.724050521850586,64597400,0.0,0.0
2012-07-27 00:00:00-04:00,23.081218483508778,24.42488614370399,22.175487357404165,23.598777770996094,123102300,0.0,0.0
2012-07-30 00:00:00-04:00,23.887415840814906,23.927229111782196,22.921966800673086,23.04140281677246,29285900,0.0,0.0
2012-07-31 00:00:00-04:00,23.260374899676656,23.260374899676656,21.508630625941702,21.6081600189209,56179400,0.0,0.0
2012-08-01 00:00:00-04:00,21.39914546575802,21.478770117136413,20.742241617285938,20.782052993774414,44604400,0.0,0.0
2012-08-02 00:00:00-04:00,20.67257052021874,20.74224185366864,19.72702611322348,19.945995330810547,56374500,0.0,0.0
2012-08-03 00:00:00-04:00,20.264496422626394,22.056052267747457,19.806653192089964,20.991071701049805,80647000,0.0,0.0
2012-08-06 00:00:00-04:00,21.289658559231714,22.046093614842913,21.200080598803993,21.81717300415039,27778900,0.0,0.0
2012-08-07 00:00:00-04:00,22.095863607733662,22.344690892062186,20.40383731493908,20.622804641723633,36782900,0.0,0.0
2012-08-08 00:00:00-04:00,20.61285132254231,21.05078787451294,20.12515007306658,20.622804641723633,29537400,0.0,0.0
2012-08-09 00:00:00-04:00,20.652665009031537,21.070694930933538,20.513322334531388,20.91144561767578,15610700,0.0,0.0
2012-08-10 00:00:00-04:00,21.309567927663885,21.717644511551214,21.030880692989,21.707691192626953,25794700,0.0,0.0
2012-08-13 00:00:00-04:00,22.04609552940136,22.344689389558425,21.299613726610783,21.498676300048828,24973100,0.0,0.0
2012-08-14 00:00:00-04:00,21.309566105987404,21.49867535257916,20.155007787092714,20.28439712524414,39308800,0.0,0.0
2012-08-15 00:00:00-04:00,20.54318091109563,21.30956943693051,20.304306935199353,21.100555419921875,47861100,0.0,0.0
2012-08-16 00:00:00-04:00,20.344118405884917,20.383929782462413,19.597636585642775,19.776792526245117,157565300,0.0,0.0
2012-08-17 00:00:00-04:00,19.91613378867501,19.98580511657801,18.91087144709996,18.960636138916016,129293400,0.0,0.0
2012-08-20 00:00:00-04:00,18.96063804228687,20.03557181967256,18.66204606461365,19.916135787963867,101186600,0.0,0.0
2012-08-21 00:00:00-04:00,19.488151653449798,19.88627490460477,19.000450433484776,19.07012176513672,70640600,0.0,0.0
2012-08-22 00:00:00-04:00,19.269183641230345,19.43838625413624,18.871058506109648,19.34880828857422,49892200,0.0,0.0
2012-08-23 00:00:00-04:00,19.40852629948179,19.63744692329525,19.269183641230345,19.34880828857422,32813700,0.0,0.0
2012-08-24 00:00:00-04:00,19.42843526821765,19.587684582022586,19.159701339271237,19.318950653076172,29622200,0.0,0.0
2012-08-27 00:00:00-04:00,19.398572530571606,19.438385802519218,19.01040262108885,19.06016731262207,20704000,0.0,0.0
2012-08-28 00:00:00-04:00,19.010403171470585,19.289088489567085,18.861107194147266,19.249277114868164,25417000,0.0,0.0
2012-08-29 00:00:00-04:00,19.229369980623492,19.289087990326927,18.98054272539099,19.01040267944336,16124700,0.0,0.0
2012-08-30 00:00:00-04:00,19.179606069076197,19.35876200387505,18.970590179010408,19.000450134277344,30647500,0.0,0.0
2012-08-31 00:00:00-04:00,18.592373202875145,18.612279839325655,17.945422705444326,17.97528076171875,58764200,0.0,0.0
2012-09-04 00:00:00-04:00,17.99518816421044,18.184297421737828,17.467673666224112,17.64682960510254,46622400,0.0,0.0
2012-09-05 00:00:00-04:00,18.184296452514463,18.66204433179202,18.094718487849754,18.492841720581055,60781800,0.0,0.0
2012-09-06 00:00:00-04:00,18.652092101551517,19.169653283489474,18.632185464153576,18.87105941772461,46066500,0.0,0.0
2012-09-07 00:00:00-04:00,19.01040434366939,19.32890295450508,18.691905732833703,18.890966415405273,36371700,0.0,0.0
2012-09-10 00:00:00-04:00,18.97059088545962,19.109935450159686,18.4629830174271,18.721763610839844,24797800,0.0,0.0
2012-09-11 00:00:00-04:00,18.831246027114993,19.48814980377239,18.761574702075755,19.33885383605957,50508200,0.0,0.0
2012-09-12 00:00:00-04:00,20.66261691325367,21.0607401691311,20.184869006200756,20.831819534301758,121584000,0.0,0.0
2012-09-13 00:00:00-04:00,20.86167745985652,21.37923863841973,20.513320799671106,20.612850189208984,65041600,0.0,0.0
2012-09-14 00:00:00-04:00,21.030881211142763,21.976425649827434,20.80196056544909,21.896800994873047,72819800,0.0,0.0
2012-09-17 00:00:00-04:00,22.563657200600964,22.643281852056752,21.39914548655913,21.419052124023438,50667600,0.0,0.0
2012-09-18 00:00:00-04:00,21.498676372790104,21.876892985520417,21.26975574144277,21.767410278320312,36760500,0.0,0.0
2012-09-19 00:00:00-04:00,21.8868469217499,23.26037454539997,21.66787960276866,23.180749893188477,78782800,0.0,0.0
2012-09-20 00:00:00-04:00,22.91201487412492,23.13098218253674,22.43426698391657,22.484031677246094,57248900,0.0,0.0
2012-09-21 00:00:00-04:00,22.86224836089875,23.130982261964242,22.49398507283244,22.752765655517578,51218100,0.0,0.0
2012-09-24 00:00:00-04:00,21.677832014362952,21.87689268736013,20.26449307295708,20.692476272583008,79106500,0.0,0.0
2012-09-25 00:00:00-04:00,21.100554238433045,21.11050565910344,20.12514985180399,20.18486976623535,46291700,0.0,0.0
2012-09-26 00:00:00-04:00,20.055478862919166,20.68252468646262,19.7071202829952,20.52327537536621,38271900,0.0,0.0
2012-09-27 00:00:00-04:00,20.891535127790355,20.901488445334373,20.065428755648902,20.22467803955078,30215900,0.0,0.0
2012-09-28 00:00:00-04:00,20.473508293149866,21.84703594175367,20.403836958499227,21.558395385742188,65486000,0.0,0.0
2012-10-01 00:00:00-04:00,21.97642642699873,22.48403433218449,21.628067837353413,21.88684844970703,51262700,0.0,0.0
2012-10-02 00:00:00-04:00,21.97642570525037,22.384502300220934,21.71764510139561,22.16553497314453,29341400,0.0,0.0
2012-10-03 00:00:00-04:00,22.195390848672417,22.384500097961393,21.69773632831293,21.727596282958984,32000100,0.0,0.0
2012-10-04 00:00:00-04:00,22.21529968004112,22.294924335229737,21.30956851537002,21.847036361694336,46892100,0.0,0.0
2012-10-05 00:00:00-04:00,21.389193682504647,21.528536357819487,20.78205448565873,20.811914443969727,40529300,0.0,0.0
2012-10-08 00:00:00-04:00,20.304306030273438,20.652664608163732,20.06543206502334,20.304306030273438,32236700,0.0,0.0
2012-10-09 00:00:00-04:00,20.294350612055045,20.453599905750714,19.87632074150358,20.135101318359375,27161800,0.0,0.0
2012-10-10 00:00:00-04:00,19.8365111938895,19.84646451296218,19.35876326880994,19.547870635986328,39321800,0.0,0.0
2012-10-11 00:00:00-04:00,19.786743700125403,19.86636835069004,19.518011690970642,19.6573543548584,21817300,0.0,0.0
2012-10-12 00:00:00-04:00,19.65735308285964,19.707117774341803,19.388619192692843,19.42843246459961,18809400,0.0,0.0
2012-10-15 00:00:00-04:00,19.58768175542409,19.786742419754045,19.398572510669535,19.42843246459961,20189700,0.0,0.0
2012-10-16 00:00:00-04:00,19.587681024541837,19.597634342147135,19.20946254914533,19.38861846923828,21834700,0.0,0.0
2012-10-17 00:00:00-04:00,19.40853030050816,20.383932906148054,19.279140933801536,19.786746978759766,44074500,0.0,0.0
2012-10-18 00:00:00-04:00,19.607590188187036,19.697168159784756,18.801388443807554,18.890966415405273,52157400,0.0,0.0
2012-10-19 00:00:00-04:00,18.910871505737305,18.970589515782002,18.71180894105323,18.910871505737305,34835000,0.0,0.0
2012-10-22 00:00:00-04:00,19.109935992434263,19.3388566359641,18.960638104704675,19.229372024536133,32447300,0.0,0.0
2012-10-23 00:00:00-04:00,19.159700100238506,19.707119343741887,19.010404115501352,19.408527374267578,78381200,0.0,0.0
2012-10-24 00:00:00-04:00,24.016806670280523,24.136244592219033,22.742812294410374,23.121028900146484,228949900,0.0,0.0
2012-10-25 00:00:00-04:00,23.18075116886432,23.20065590921149,22.364596065780308,22.454174041748047,76142000,0.0,0.0
2012-10-26 00:00:00-04:00,22.294921230813955,22.77266909542253,21.777360094954037,21.837080001831055,73175800,0.0,0.0
2012-10-31 00:00:00-04:00,20.72233434512655,21.399144810313235,20.632756377769407,21.010974884033203,99378200,0.0,0.0
2012-11-01 00:00:00-04:00,20.98111480850613,21.339426675880677,20.911443478383607,21.110504150390625,37713900,0.0,0.0
2012-11-02 00:00:00-04:00,21.160273079519488,21.58825632429083,20.971163806582986,21.08064842224121,38344400,0.0,0.0
2012-11-05 00:00:00-05:00,21.00102594982052,21.379242636640008,20.821869977705372,21.15032196044922,31806700,0.0,0.0
2012-11-06 00:00:00-05:00,21.140365303798358,21.269756551418663,20.891538025883968,21.070693969726562,29062700,0.0,0.0
2012-11-07 00:00:00-05:00,20.75219425929927,20.851725544877,20.274446366607823,20.37397575378418,33396800,0.0,0.0
2012-11-08 00:00:00-05:00,20.423741341681374,20.63275532255761,19.886273565025995,19.89622688293457,34254600,0.0,0.0
2012-11-09 00:00:00-05:00,19.86636820373766,19.906181477926186,19.04026174833978,19.11988639831543,42295500,0.0,0.0
2012-11-12 00:00:00-05:00,19.060168535193235,20.07538425416054,18.781483207289483,19.975852966308594,67349200,0.0,0.0
2012-11-13 00:00:00-05:00,19.518012697927155,20.01566726423105,19.468246102255858,19.7668399810791,71775100,0.0,0.0
2012-11-14 00:00:00-05:00,20.005712939860715,22.39445435841093,19.83651031988333,22.255111694335938,229751000,0.0,0.0
2012-11-15 00:00:00-05:00,22.235204507888152,22.394453805298163,21.548440726306623,22.066001892089844,78857700,0.0,0.0
2012-11-16 00:00:00-05:00,22.145627569122162,23.81774716797315,22.07595623557028,23.449481964111328,107182200,0.0,0.0
2012-11-19 00:00:00-05:00,23.84760522227455,24.006856425455023,22.71295345112369,22.812484741210938,85021300,0.0,0.0
2012-11-20 00:00:00-05:00,22.623374896634207,23.787886594309512,22.59351683925882,22.991640090942383,46655300,0.0,0.0
2012-11-21 00:00:00-05:00,23.111075131802377,24.414931335772227,22.941872519751396,24.205915451049805,89862400,0.0,0.0
2012-11-23 00:00:00-05:00,24.464697957396766,24.56422924852268,23.76798081791685,23.887418746948242,29520900,0.0,0.0
2012-11-26 00:00:00-05:00,24.823010192339225,25.967615310249336,24.69361894255025,25.81831932067871,123865000,0.0,0.0
2012-11-27 00:00:00-05:00,25.917851496321983,26.375692799725986,25.340570359749268,26.027334213256836,85760600,0.0,0.0
2012-11-28 00:00:00-05:00,25.818319197982913,26.365738456607538,25.629209932944686,26.23634910583496,49205600,0.0,0.0
2012-11-29 00:00:00-05:00,26.37568991286237,27.39090560286057,26.03728468286297,27.191843032836914,88759700,0.0,0.0
2012-11-30 00:00:00-05:00,27.13212761635363,27.868656158447266,26.634473042095642,27.868656158447266,127049600,0.0,0.0
2012-12-03 00:00:00-05:00,27.86865422168751,28.744525376215357,26.85343850513827,26.913158416748047,123526100,0.0,0.0
2012-12-04 00:00:00-05:00,26.933063044144344,27.629780156165207,26.554846430853942,27.331186294555664,72869200,0.0,0.0
2012-12-05 00:00:00-05:00,27.61982654897226,27.76912252901616,27.13212533501479,27.580013275146484,58976300,0.0,0.0
2012-12-06 00:00:00-05:00,27.55015726149693,27.619828597457985,26.694190794771906,26.843486785888672,46001500,0.0,0.0
2012-12-07 00:00:00-05:00,26.943017834385127,27.649688303566172,26.714097190194703,27.361047744750977,51751900,0.0,0.0
2012-12-10 00:00:00-05:00,27.042546854962726,28.03785590093353,26.972875525488988,27.70940399169922,50608500,0.0,0.0
2012-12-11 00:00:00-05:00,27.938327134850105,28.107529763852106,27.530250541092595,27.8487491607666,77099100,0.0,0.0
2012-12-12 00:00:00-05:00,27.868654357236995,28.007997021534727,27.24161046949579,27.450624465942383,46704200,0.0,0.0
2012-12-13 00:00:00-05:00,27.460578152807283,28.615136554073434,27.30132884907412,28.107528686523438,81051600,0.0,0.0
2012-12-14 00:00:00-05:00,28.047810833233758,28.197106819040457,26.63447183068751,26.684236526489258,91631600,0.0,0.0
2012-12-17 00:00:00-05:00,26.644424077676376,26.873344706597727,26.196534239872527,26.6245174407959,57742500,0.0,0.0
2012-12-18 00:00:00-05:00,26.83353147652561,27.7790758474726,26.77381346418833,27.580013275146484,60512900,0.0,0.0
2012-12-19 00:00:00-05:00,27.69945348642199,28.08762344628239,26.823582272316045,27.281423568725586,61390300,0.0,0.0
2012-12-20 00:00:00-05:00,27.36104637326318,27.470530979519104,27.00273449708118,27.231657028198242,35574800,0.0,0.0
2012-12-21 00:00:00-05:00,26.534941203694924,26.88329977821575,25.997475261681178,26.136817932128906,54555200,0.0,0.0
2012-12-24 00:00:00-05:00,26.375693352737812,26.833534665741244,26.0771013571618,26.80367660522461,28230100,0.0,0.0
2012-12-26 00:00:00-05:00,26.903206109043513,27.052502096874974,26.256253664438038,26.385644912719727,33175400,0.0,0.0
2012-12-27 00:00:00-05:00,26.425453735107144,26.67428099023396,25.4002866589615,25.927799224853516,43481700,0.0,0.0
2012-12-28 00:00:00-05:00,25.36047466632957,25.987520443987957,25.03202274892802,25.7884578704834,56574800,0.0,0.0
2012-12-31 00:00:00-05:00,26.077098740687894,26.863391929292003,25.987520771322675,26.495128631591797,60374500,0.0,0.0
2013-01-02 00:00:00-05:00,27.311283566830753,28.047812108924386,27.291376928244063,27.868656158447266,69846400,0.0,0.0
2013-01-03 00:00:00-05:00,27.749218893597426,28.336451457235967,27.460580220745477,27.63973617553711,63140600,0.0,0.0
2013-01-04 00:00:00-05:00,27.87860782816797,28.79429226655783,27.699451888291474,28.625089645385742,72715400,0.0,0.0
2013-01-07 00:00:00-05:00,28.555420536916618,29.65026100045544,28.515607258998095,29.28199577331543,83781800,0.0,0.0
2013-01-08 00:00:00-05:00,29.371571103368503,29.46114907221115,28.724620582706045,28.923681259155273,45871300,0.0,0.0
2013-01-09 00:00:00-05:00,29.530822022853283,30.45645981937248,29.351666075346145,30.44650650024414,104787700,0.0,0.0
2013-01-10 00:00:00-05:00,30.456458229651037,31.302471327386066,30.137959627774656,31.153173446655273,95316400,0.0,0.0
2013-01-11 00:00:00-05:00,31.133272366662798,31.810081025988865,30.954116407452332,31.57120704650879,89598000,0.0,0.0
2013-01-14 00:00:00-05:00,31.929515561352883,32.05890300178389,30.476363387813375,30.8048152923584,98892800,0.0,0.0
2013-01-15 00:00:00-05:00,30.496271025314087,31.561251486814584,29.739835861444227,29.958805084228516,173242600,0.0,0.0
2013-01-16 00:00:00-05:00,30.068286171506067,30.207630732580665,29.39147759680666,29.709976196289062,75332700,0.0,0.0
2013-01-17 00:00:00-05:00,29.938897251244484,30.27730249258606,29.88913255627131,29.998615264892578,40256700,0.0,0.0
2013-01-18 00:00:00-05:00,30.167816899556385,30.297208139699887,29.132696470415194,29.52086639404297,49631500,0.0,0.0
2013-01-22 00:00:00-05:00,29.610447249364892,30.745099074289033,29.600493930044312,30.58584976196289,55243300,0.0,0.0
2013-01-23 00:00:00-05:00,30.95411564220749,31.352238931498583,30.65552175143798,30.67542839050293,48899800,0.0,0.0
2013-01-24 00:00:00-05:00,31.123315264920443,31.342282578235526,30.665472102750755,30.934206008911133,43845100,0.0,0.0
2013-01-25 00:00:00-05:00,31.262658543883653,31.780219729261,30.98397131366475,31.39204978942871,54363600,0.0,0.0
2013-01-28 00:00:00-05:00,31.730449818242015,32.35749364767976,31.660778492571293,32.317684173583984,59682500,0.0,0.0
2013-01-29 00:00:00-05:00,31.849889994491672,31.9195613251104,30.565940392856064,30.645566940307617,72976500,0.0,0.0
2013-01-30 00:00:00-05:00,30.834675672736978,31.342283545008037,30.735144382377687,31.093456268310547,87682100,0.0,0.0
2013-01-31 00:00:00-05:00,29.013259295188803,31.32237605647704,28.605182724361214,30.834674835205078,190744900,0.0,0.0
2013-02-01 00:00:00-05:00,30.864536300050567,30.874489619142928,29.491008639728875,29.590539932250977,85856700,0.0,0.0
2013-02-04 00:00:00-05:00,28.92368239912296,29.063026966370952,27.878608585971197,27.978139877319336,92362200,0.0,0.0
2013-02-05 00:00:00-05:00,28.127434858493785,28.824150076193202,27.90846754408564,28.505651473999023,47948200,0.0,0.0
2013-02-06 00:00:00-05:00,28.605179649289003,29.152600723347245,28.52555500740432,28.913724899291992,38375900,0.0,0.0
2013-02-07 00:00:00-05:00,28.973449109174567,29.013260486831193,28.13738929596901,28.515605926513672,34540100,0.0,0.0
2013-02-08 00:00:00-05:00,28.75447807703823,29.033165296692125,28.376261470309213,28.416072845458984,37708800,0.0,0.0
2013-02-11 00:00:00-05:00,28.475792321509783,28.54546365076038,27.908466470867694,28.12743377685547,37361800,0.0,0.0
2013-02-12 00:00:00-05:00,27.540201529437415,28.02790273683762,26.972875673857605,27.241609573364258,93498700,0.0,0.0
2013-02-13 00:00:00-05:00,27.231660140220225,28.187156054697326,27.181893541506856,27.77907943725586,50164000,0.0,0.0
2013-02-14 00:00:00-05:00,27.888562194283097,28.495699470842833,27.87860887520487,28.366310119628906,35615800,0.0,0.0
2013-02-15 00:00:00-05:00,28.38621543805553,28.61513607100725,27.958232229597108,28.187152862548828,33109300,0.0,0.0
2013-02-19 00:00:00-05:00,28.097575323416557,28.94358843466532,27.98809261377362,28.794292449951172,49396400,0.0,0.0
2013-02-20 00:00:00-05:00,28.784339298236407,28.913728646165875,28.19710677633811,28.326496124267578,42098200,0.0,0.0
2013-02-21 00:00:00-05:00,28.14734194926773,28.41607396269825,27.022641606445706,27.15203285217285,49642300,0.0,0.0
2013-02-22 00:00:00-05:00,27.490438269162507,27.500389689602482,26.69418984746078,27.002735137939453,36350200,0.0,0.0
2013-02-25 00:00:00-05:00,27.03259379606252,27.510341687095995,27.022640477699152,27.142078399658203,34652000,0.0,0.0
2013-02-26 00:00:00-05:00,27.231658512003783,27.331187906676266,26.574754635477507,27.261516571044922,31611700,0.0,0.0
2013-02-27 00:00:00-05:00,27.21175213352353,27.21175213352353,26.505081654512285,26.74395751953125,44319700,0.0,0.0
2013-02-28 00:00:00-05:00,26.714098603818982,27.171939916427327,26.216444012687333,27.122175216674805,83027800,0.0,0.0
2013-03-01 00:00:00-05:00,26.9231097451249,27.98809205105008,26.68423579470473,27.649686813354492,54064800,0.0,0.0
2013-03-04 00:00:00-05:00,27.629781003123394,27.928372975484518,27.311282393031142,27.589967727661133,32400700,0.0,0.0
2013-03-05 00:00:00-05:00,27.749217277916962,28.04781115131811,27.082360095242986,27.390907287597656,40622200,0.0,0.0
2013-03-06 00:00:00-05:00,27.968184241968725,27.998042298019232,27.22170246628487,27.32123374938965,33532600,0.0,0.0
2013-03-07 00:00:00-05:00,27.44067002652675,28.545463672339473,27.34113874249294,28.445932388305664,74540200,0.0,0.0
2013-03-08 00:00:00-05:00,28.29663866579286,28.33645004353727,27.599921520451463,27.828842163085938,44198900,0.0,0.0
2013-03-11 00:00:00-04:00,27.8786100634373,28.505654004879137,27.699454109196324,28.007999420166016,35642100,0.0,0.0
2013-03-12 00:00:00-04:00,27.968185352062108,28.187152664862655,27.470530815186983,27.699451446533203,27569600,0.0,0.0
2013-03-13 00:00:00-04:00,27.49043833303836,27.520296391230584,26.793721199730665,26.952970504760742,39619500,0.0,0.0
2013-03-14 00:00:00-04:00,26.97287642995641,27.30132835020453,26.704142522916655,26.913158416748047,27646400,0.0,0.0
2013-03-15 00:00:00-04:00,26.903206710360035,26.933064769552796,26.435410200057134,26.524988174438477,31597400,0.0,0.0
2013-03-18 00:00:00-04:00,26.24630188576405,26.66433178502951,25.65906936302444,26.365737915039062,26653700,0.0,0.0
2013-03-19 00:00:00-04:00,26.40555035473552,26.77381364814733,26.087049857145082,26.42545509338379,25254200,0.0,0.0
2013-03-20 00:00:00-04:00,26.55484637348503,26.56479969202399,25.659068587394447,25.738693237304688,44006500,0.0,0.0
2013-03-21 00:00:00-04:00,25.53963231819699,25.9875221894645,25.440101024759596,25.6192569732666,24336100,0.0,0.0
2013-03-22 00:00:00-04:00,25.678975766092055,25.88799167846805,25.50977313165495,25.609304428100586,18456300,0.0,0.0
2013-03-25 00:00:00-04:00,25.629209876438264,25.67897457314842,24.962352689154102,25.012117385864258,39199000,0.0,0.0
2013-03-26 00:00:00-04:00,24.96235031635284,25.36047354739489,24.912585624373076,25.091739654541016,26957200,0.0,0.0
2013-03-27 00:00:00-04:00,24.882728033433647,26.156724392169988,24.604040796034656,25.967615127563477,52297400,0.0,0.0
2013-03-28 00:00:00-04:00,25.967614582910688,26.047239235011542,25.400288699391908,25.460006713867188,28585700,0.0,0.0
2013-04-01 00:00:00-04:00,25.509767642619142,25.768548198334347,25.16141102761903,25.41023826599121,22249300,0.0,0.0
2013-04-02 00:00:00-04:00,25.649115006157732,25.997473557847687,25.18131853162499,25.300756454467773,35153300,0.0,0.0
2013-04-03 00:00:00-04:00,25.70883358800437,26.26620614401708,25.5794442422591,26.126863479614258,48195200,0.0,0.0
2013-04-04 00:00:00-04:00,26.49513186387835,27.102269187820028,25.98752394168335,26.94301986694336,82016800,0.0,0.0
2013-04-05 00:00:00-04:00,26.7340039450353,27.669593164086955,26.485176661551062,27.261516571044922,64566600,0.0,0.0
2013-04-08 00:00:00-04:00,27.062455777943857,27.07240909705266,26.505081298259935,26.724050521850586,27256000,0.0,0.0
2013-04-09 00:00:00-04:00,26.455313863317727,26.763859130153946,26.29606457086024,26.465267181396484,21311100,0.0,0.0
2013-04-10 00:00:00-04:00,26.883299349473084,27.709405836698146,26.773814739637956,27.440671920776367,45949400,0.0,0.0
2013-04-11 00:00:00-04:00,27.351093427185866,27.96818590030409,27.122172791352263,27.888561248779297,33368500,0.0,0.0
2013-04-12 00:00:00-04:00,27.868654959304905,27.868654959304905,27.112219811172743,27.271469116210938,28697400,0.0,0.0
2013-04-15 00:00:00-04:00,27.032594666439987,27.351093270717108,26.23634815574718,26.395597457885742,30275400,0.0,0.0
2013-04-16 00:00:00-04:00,26.684237539707166,26.982831421059828,26.276160943753236,26.79372215270996,27365900,0.0,0.0
2013-04-17 00:00:00-04:00,26.524985906103016,27.072407024775384,26.266205324287213,26.50507926940918,26440600,0.0,0.0
2013-04-18 00:00:00-04:00,26.69418884183117,26.69418884183117,25.032022625958096,25.569490432739258,39059000,0.0,0.0
2013-04-19 00:00:00-04:00,25.49982171057181,25.838225081044442,25.21118114071962,25.609304428100586,20380900,0.0,0.0
2013-04-22 00:00:00-04:00,25.688927650122952,26.236348800784196,25.579444938711884,25.848176956176758,25687600,0.0,0.0
2013-04-23 00:00:00-04:00,26.09700537824403,26.206489992856234,25.649117397233443,25.858131408691406,25191500,0.0,0.0
2013-04-24 00:00:00-04:00,25.808364282980346,26.27615885872442,25.678973041807673,25.987520217895508,19729900,0.0,0.0
2013-04-25 00:00:00-04:00,25.947706523921944,26.27615843314622,25.87803519445033,26.017377853393555,17150000,0.0,0.0
2013-04-26 00:00:00-04:00,26.475223239335033,27.49043900761485,26.475223239335033,26.724050521850586,33018000,0.0,0.0
2013-04-29 00:00:00-04:00,27.03259527459139,27.28142255208093,26.73400330096453,26.853439331054688,29201100,0.0,0.0
2013-04-30 00:00:00-04:00,27.002737014233347,27.719360833399882,26.883300976639983,27.63973617553711,36245700,0.0,0.0
2013-05-01 00:00:00-04:00,27.71935661649466,27.789027944225392,27.18188883388395,27.301326751708984,64567600,0.0,0.0
2013-05-02 00:00:00-04:00,27.878606849356412,28.883869222389986,27.848746894291562,28.834102630615234,104257000,0.0,0.0
2013-05-03 00:00:00-04:00,28.903777409045453,28.933635467310054,28.017951011966705,28.177200317382812,58506400,0.0,0.0
2013-05-06 00:00:00-04:00,28.197107073888702,28.326496423183556,27.35109394880244,27.440671920776367,43939400,0.0,0.0
2013-05-07 00:00:00-04:00,27.420764547094823,27.71935841179581,26.724049326262037,26.76386070251465,41259100,0.0,0.0
2013-05-08 00:00:00-04:00,26.75390863780462,27.17193854925789,26.524987993018705,26.99278450012207,34654900,0.0,0.0
2013-05-09 00:00:00-04:00,26.95296979275315,27.420764376621253,26.724049160119915,26.913158416748047,33457200,0.0,0.0
2013-05-10 00:00:00-04:00,27.01268706260374,27.171936359044626,26.4453612067329,26.554845809936523,30847100,0.0,0.0
2013-05-13 00:00:00-04:00,26.475223650414865,27.20179887102542,26.40555231397297,26.694190979003906,29068800,0.0,0.0
2013-05-14 00:00:00-04:00,26.763863906356693,27.152035787095016,26.69419256577336,26.94301986694336,24930300,0.0,0.0
2013-05-15 00:00:00-04:00,26.793722162767605,26.863393498922253,26.2761609536166,26.475223541259766,30299800,0.0,0.0
2013-05-16 00:00:00-04:00,26.355785797239086,26.425457133891364,25.778506567032544,26.007427215576172,35499100,0.0,0.0
2013-05-17 00:00:00-04:00,26.276159462674627,26.475222039022732,26.07709878472794,26.126863479614258,29462700,0.0,0.0
2013-05-20 00:00:00-04:00,26.057191952074753,26.067145270657683,25.569490731919515,25.639162063598633,42402900,0.0,0.0
2013-05-21 00:00:00-04:00,25.74864870722038,25.95766271879799,25.469961460048676,25.53963279724121,26261300,0.0,0.0
2013-05-22 00:00:00-04:00,25.52967621783415,25.72873878302325,24.803101082176177,25.041975021362305,45314500,0.0,0.0
2013-05-23 00:00:00-04:00,24.683663271141217,25.410240308372448,24.653805215113426,24.94244384765625,37663100,0.0,0.0
2013-05-24 00:00:00-04:00,24.85286477960661,24.85286477960661,23.967040386610517,24.195960998535156,58727900,0.0,0.0
2013-05-28 00:00:00-04:00,24.424884518252025,24.424884518252025,23.807792084082095,23.986948013305664,50079700,0.0,0.0
2013-05-29 00:00:00-04:00,23.678404013013452,23.698308751902843,23.150889515215514,23.210607528686523,64237800,0.0,0.0
2013-05-30 00:00:00-04:00,24.016807448579012,24.663759874242515,23.81774677009914,24.434837341308594,60733200,0.0,0.0
2013-05-31 00:00:00-04:00,24.514462233538755,24.832962739362323,24.15615224938959,24.235776901245117,35925000,0.0,0.0
2013-06-03 00:00:00-04:00,24.156150906314398,24.20591559905666,23.598776475914097,23.738121032714844,35733800,0.0,0.0
2013-06-04 00:00:00-04:00,23.777933170373885,23.81774644456656,23.21060730193805,23.409669876098633,34760800,0.0,0.0
2013-06-05 00:00:00-04:00,23.24046564781891,23.598775598727457,22.683093136537963,22.79257583618164,53819700,0.0,0.0
2013-06-06 00:00:00-04:00,22.882156012032826,22.98168730184727,22.563657403347783,22.86224937438965,31260700,0.0,0.0
2013-06-07 00:00:00-04:00,22.921969298900763,23.29023260347837,22.75276667565116,23.180749893188477,38699200,0.0,0.0
2013-06-10 00:00:00-04:00,23.94713599564786,24.484603811481044,23.87746466361054,24.215869903564453,58393000,0.0,0.0
2013-06-11 00:00:00-04:00,23.917278289794922,24.235776897163404,23.887418333453585,23.917278289794922,29885900,0.0,0.0
2013-06-12 00:00:00-04:00,24.046668721980158,24.14620001587343,23.469389495481025,23.658498764038086,26445800,0.0,0.0
2013-06-13 00:00:00-04:00,23.608731449750042,23.718216059542442,23.16084348845667,23.618684768676758,31189300,0.0,0.0
2013-06-14 00:00:00-04:00,23.4494822605381,23.77793419315,23.150890284855095,23.519153594970703,30677100,0.0,0.0
2013-06-17 00:00:00-04:00,23.797841132902647,24.13624638878244,23.638591824065276,23.907325744628906,33664500,0.0,0.0
2013-06-18 00:00:00-04:00,23.976993808696815,24.57417958456199,23.96704049095225,24.0964298248291,36709100,0.0,0.0
2013-06-19 00:00:00-04:00,24.086478300624073,25.071833972231254,23.986947022012984,24.195960998535156,31790600,0.0,0.0
2013-06-20 00:00:00-04:00,24.166104164032532,24.63389872920302,23.539058406002617,23.787885665893555,42765600,0.0,0.0
2013-06-21 00:00:00-04:00,24.47465217583489,24.58413678993729,23.93718432304298,24.414934158325195,45833900,0.0,0.0
2013-06-24 00:00:00-04:00,23.837652979760502,23.99690227904764,23.27032521534851,23.827699661254883,40626000,0.0,0.0
2013-06-25 00:00:00-04:00,24.02676301750897,24.31540359117957,23.927233618148243,24.136247634887695,24713200,0.0,0.0
2013-06-26 00:00:00-04:00,24.395027589892905,24.534370263950382,23.877466374248623,24.046669006347656,29890300,0.0,0.0
2013-06-27 00:00:00-04:00,24.126293057442847,24.723478914480847,24.09643310015042,24.544322967529297,34694100,0.0,0.0
2013-06-28 00:00:00-04:00,24.564227825605325,24.86281978328523,24.30544724302877,24.763288497924805,96778900,0.0,0.0
2013-07-01 00:00:00-04:00,24.85286808199195,24.942446054804698,24.504511408166255,24.693618774414062,20582200,0.0,0.0
2013-07-02 00:00:00-04:00,24.584136549144382,24.653807885290213,24.18601137390844,24.295495986938477,18394100,0.0,0.0
2013-07-03 00:00:00-04:00,24.106385835323575,24.594087068877357,24.036714501730387,24.404979705810547,10404400,0.0,0.0
2013-07-05 00:00:00-04:00,24.53436923535697,24.544322554286865,24.086481273920498,24.25568389892578,20229500,0.0,0.0
2013-07-08 00:00:00-04:00,24.355213638193817,24.92254143486671,24.305448941237255,24.594087600708008,27064600,0.0,0.0
2013-07-09 00:00:00-04:00,24.952397082319777,25.370426950922237,24.912585708282137,25.3604736328125,30387900,0.0,0.0
2013-07-10 00:00:00-04:00,25.46000683191904,25.708834108188146,25.350522222872165,25.678974151611328,26721800,0.0,0.0
2013-07-11 00:00:00-04:00,25.8382245967956,25.878037873988323,25.330618601399188,25.688928604125977,26777400,0.0,0.0
2013-07-12 00:00:00-04:00,25.61925525252494,25.808364507514135,25.430145997535746,25.7884578704834,16537900,0.0,0.0
2013-07-15 00:00:00-04:00,25.808364468554526,26.306019003163286,25.52967724574912,26.156723022460938,24234000,0.0,0.0
2013-07-16 00:00:00-04:00,26.266206443469343,26.62451832562036,25.887989822177726,26.196535110473633,30817600,0.0,0.0
2013-07-17 00:00:00-04:00,26.246302830497882,26.654379425612202,26.17662959611121,26.524988174438477,21518500,0.0,0.0
2013-07-18 00:00:00-04:00,26.62451966579872,26.644426304342787,25.997475738872847,26.057193756103516,24806900,0.0,0.0
2013-07-19 00:00:00-04:00,25.698882216915806,25.98752278465481,25.479914885059767,25.75860023498535,46539700,0.0,0.0
2013-07-22 00:00:00-04:00,25.868081215175444,26.007423870558046,25.599347324022173,25.927799224853516,27526300,0.0,0.0
2013-07-23 00:00:00-04:00,25.97756915609751,26.176629846760928,25.84817790368482,26.007427215576172,28221600,0.0,0.0
2013-07-24 00:00:00-04:00,26.196535648985748,26.40555155067098,25.927801731848227,26.385644912719727,82635600,0.0,0.0
2013-07-25 00:00:00-04:00,33.38266512195666,34.716379347841,32.59637009246311,34.19881820678711,365457900,0.0,0.0
2013-07-26 00:00:00-04:00,33.61159178789695,34.56708769866563,33.40257776931691,33.8504638671875,136028900,0.0,0.0
2013-07-29 00:00:00-04:00,33.91018059667074,35.46286415326582,33.85046068406224,35.26380157470703,124718800,0.0,0.0
2013-07-30 00:00:00-04:00,35.48276834806906,37.78192977157383,35.1543145465383,37.4534797668457,173582800,0.0,0.0
2013-07-31 00:00:00-04:00,37.78193110236052,38.13029155232725,36.15958006413656,36.62737274169922,154828700,0.0,0.0
2013-08-01 00:00:00-04:00,37.12502915838583,38.11038685092468,36.746810632312005,37.31414031982422,106066500,0.0,0.0
2013-08-02 00:00:00-04:00,37.483339620162376,38.30944797504378,37.324090320002476,37.87150955200195,73058500,0.0,0.0
2013-08-05 00:00:00-04:00,38.249727520271755,39.135551977126525,38.070571585536776,39.006160736083984,79994800,0.0,0.0
2013-08-06 00:00:00-04:00,38.92654182388317,39.06588449868296,37.76202813327907,38.36916732788086,63950800,0.0,0.0
2013-08-07 00:00:00-04:00,38.428885334046704,38.757335365919076,37.52315419606728,38.68766403198242,68854800,0.0,0.0
2013-08-08 00:00:00-04:00,38.94644732130659,39.006163439154655,38.2497301709227,38.359214782714844,41301000,0.0,0.0
2013-08-09 00:00:00-04:00,38.408978759248015,38.55827664467317,37.8316976521939,38.319400787353516,43532300,0.0,0.0
2013-08-12 00:00:00-04:00,38.020807626693745,38.31939959142218,37.92127444058238,38.040714263916016,31161000,0.0,0.0
2013-08-13 00:00:00-04:00,38.06062627316478,38.140249036489315,36.59752050364325,36.84634780883789,65379200,0.0,0.0
2013-08-14 00:00:00-04:00,36.657236694771434,37.373856679007325,36.44821889409978,36.47808074951172,48423900,0.0,0.0
2013-08-15 00:00:00-04:00,36.18943764437862,36.89610615823376,35.85103241570391,36.38850021362305,56521100,0.0,0.0
2013-08-16 00:00:00-04:00,36.79658227523239,37.31414351395218,36.72691093509735,36.90606689453125,45840800,0.0,0.0
2013-08-19 00:00:00-04:00,37.25441851703129,38.10042970152403,36.96577797764332,37.63263702392578,57609600,0.0,0.0
2013-08-20 00:00:00-04:00,38.1701041506777,38.3990285949664,37.51320026756147,38.22982406616211,57995200,0.0,0.0
2013-08-21 00:00:00-04:00,38.19996344174774,38.66775612615326,37.97104280963381,38.14024353027344,46116900,0.0,0.0
2013-08-22 00:00:00-04:00,38.190011375480225,38.56822991908191,38.160153315681164,38.36916732788086,21931200,0.0,0.0
2013-08-23 00:00:00-04:00,38.817054829759606,40.43940972292873,38.74738349662991,40.35978317260742,86442300,0.0,0.0
2013-08-26 00:00:00-04:00,40.708145362151434,41.74326398262432,40.42945622100603,41.146080017089844,94162400,0.0,0.0
2013-08-27 00:00:00-04:00,40.48917434286201,41.006735528575234,39.23508275526378,39.45405197143555,72695100,0.0,0.0
2013-08-28 00:00:00-04:00,39.77255065279792,40.65837514270653,39.6929278992795,40.35978317260742,57918200,0.0,0.0
2013-08-29 00:00:00-04:00,40.69818718762386,41.58401165075537,40.60860921962164,41.08635711669922,58303400,0.0,0.0
2013-08-30 00:00:00-04:00,41.8228886608757,42.06176071765661,40.86739284014625,41.0963134765625,67735100,0.0,0.0
2013-09-03 00:00:00-04:00,41.64373355527368,41.96223216857267,41.31527972460743,41.67359161376953,48774900,0.0,0.0
2013-09-04 00:00:00-04:00,41.81293554047391,41.972184851914584,41.2456096311663,41.584014892578125,42581900,0.0,0.0
2013-09-05 00:00:00-04:00,41.59396681842643,42.569369248405934,41.57406018147141,42.45988464355469,50035400,0.0,0.0
2013-09-06 00:00:00-04:00,42.887869020722825,44.40073929951515,42.2011071125775,43.74383544921875,117535700,0.0,0.0
2013-09-09 00:00:00-04:00,44.151914610147,44.57989784944452,43.49501072140247,43.83341598510742,75794700,0.0,0.0
2013-09-10 00:00:00-04:00,44.03247446768858,44.052377307694336,43.02721019127411,43.39547348022461,54540300,0.0,0.0
2013-09-11 00:00:00-04:00,43.18645865732186,44.87848478543504,42.90777334097474,44.82872009277344,72328300,0.0,0.0
2013-09-12 00:00:00-04:00,45.31642088626236,45.40599885471939,44.44055163557446,44.54008102416992,68072300,0.0,0.0
2013-09-13 00:00:00-04:00,44.82872131235526,44.868534586288746,43.723927639919076,44.10214614868164,52765300,0.0,0.0
2013-09-16 00:00:00-04:00,44.63960829453646,44.72918625874286,42.23096227423509,42.310585021972656,70424200,0.0,0.0
2013-09-17 00:00:00-04:00,42.300637419243444,45.22684485269028,42.230966084885395,44.85858154296875,91934600,0.0,0.0
2013-09-18 00:00:00-04:00,44.6296599555978,45.256705748326766,44.19172532080457,45.01782989501953,79317000,0.0,0.0
2013-09-19 00:00:00-04:00,45.296516244172686,45.83398407858654,45.017830906389044,45.764312744140625,63972400,0.0,0.0
2013-09-20 00:00:00-04:00,46.102713641604495,47.376707976067344,45.52543638260199,47.26722717285156,115508400,0.0,0.0
2013-09-23 00:00:00-04:00,47.05821735287449,47.32695129016009,46.07286337963057,46.9686393737793,75177000,0.0,0.0
2013-09-24 00:00:00-04:00,48.28244102844245,49.42704797086776,47.93408437473184,48.22272491455078,136716100,0.0,0.0
2013-09-25 00:00:00-04:00,48.999068549990916,49.30761575051335,48.23268005589562,49.227989196777344,87879700,0.0,0.0
2013-09-26 00:00:00-04:00,49.775403177123266,50.362635659732284,49.267797239791314,50.153621673583984,98220100,0.0,0.0
2013-09-27 00:00:00-04:00,50.0540969869561,51.03945089802949,49.626113757927286,50.99964141845703,81410500,0.0,0.0
2013-09-30 00:00:00-04:00,49.90479916267278,51.357949581005975,49.566393906655165,49.99437713623047,100095000,0.0,0.0
2013-10-01 00:00:00-04:00,49.73559328446153,50.79061842292197,49.21803213490621,50.18347930908203,98114000,0.0,0.0
2013-10-02 00:00:00-04:00,49.89484957986436,50.86029688954543,49.7156936261497,50.04414367675781,62834000,0.0,0.0
2013-10-03 00:00:00-04:00,50.23325234538545,50.48207962461276,48.82986664241557,48.949302673339844,82045000,0.0,0.0
2013-10-04 00:00:00-04:00,49.5365360162326,50.92001510392709,49.337473430226964,50.80057907104492,74447000,0.0,0.0
2013-10-07 00:00:00-04:00,50.49202637411884,51.04940079487379,50.16357637026159,50.28301239013672,57204000,0.0,0.0
2013-10-08 00:00:00-04:00,50.36263749438416,50.36263749438416,46.85915290422416,46.91886901855469,136081000,0.0,0.0
2013-10-09 00:00:00-04:00,47.15774491560642,47.61558617769901,45.04768694832243,46.55060577392578,147297000,0.0,0.0
2013-10-10 00:00:00-04:00,47.64544688229763,49.44695777037458,47.6056374027579,48.81991195678711,99774000,0.0,0.0
2013-10-11 00:00:00-04:00,48.94929855636277,49.636060422419604,48.56112864090444,48.8796272277832,58428000,0.0,0.0
2013-10-14 00:00:00-04:00,48.08338403878453,49.397191748432036,47.68525887964163,49.27775192260742,68781000,0.0,0.0
2013-10-15 00:00:00-04:00,49.755506348876445,50.76076692523378,48.94930456615596,49.26780319213867,81167000,0.0,0.0
2013-10-16 00:00:00-04:00,49.80527354497918,50.999645350712655,49.66593086372421,50.90011215209961,64678000,0.0,0.0
2013-10-17 00:00:00-04:00,50.88020080532969,51.975043107966975,50.71100007854562,51.965087890625,71522000,0.0,0.0
2013-10-18 00:00:00-04:00,53.92584682036708,54.57279924783324,53.34856572548307,53.965660095214844,88260000,0.0,0.0
2013-10-21 00:00:00-04:00,54.42350140394971,54.55289264889479,53.25898779304966,53.59739303588867,58235000,0.0,0.0
2013-10-22 00:00:00-04:00,54.07514183228153,54.5031212253674,51.95513251920608,52.43288040161133,83204000,0.0,0.0
2013-10-23 00:00:00-04:00,51.507245848190934,52.004900397448814,50.89015527021596,51.65654373168945,57207000,0.0,0.0
2013-10-24 00:00:00-04:00,52.134296708175306,52.59213802673886,51.34800153272706,52.2039680480957,46775000,0.0,0.0
2013-10-25 00:00:00-04:00,52.930536146440936,52.990256056925915,51.63663512702176,51.70630645751953,45085000,0.0,0.0
2013-10-28 00:00:00-04:00,51.29823346316953,51.45748277207176,49.37728653883472,49.99437713623047,73472000,0.0,0.0
2013-10-29 00:00:00-04:00,50.492033131633704,50.551753047965086,49.018976033354356,49.16827392578125,102143000,0.0,0.0
2013-10-30 00:00:00-04:00,49.765451762213516,49.97446574838217,48.52131546815818,48.780094146728516,127073000,0.0,0.0
2013-10-31 00:00:00-04:00,46.93877628224819,51.75607240403426,46.28187243822295,49.97446823120117,248809000,0.0,0.0
2013-11-01 00:00:00-04:00,50.611462869565585,51.84564774254765,49.486766394634905,49.516624450683594,95033000,0.0,0.0
2013-11-04 00:00:00-05:00,49.13840809267472,49.51662660522646,47.79474235678166,47.993804931640625,80371000,0.0,0.0
2013-11-05 00:00:00-05:00,47.565822186387535,49.9446102972004,47.28713306015809,49.87493896484375,76835000,0.0,0.0
2013-11-06 00:00:00-05:00,50.02423539265508,50.2133465580252,48.48150699467317,48.889583587646484,67889000,0.0,0.0
2013-11-07 00:00:00-05:00,49.00902617569142,49.63606823155871,47.07812391755111,47.33690643310547,97128000,0.0,0.0
2013-11-08 00:00:00-05:00,47.5857303031063,48.4217901141806,47.02835583012245,47.30704116821289,70731000,0.0,0.0
2013-11-11 00:00:00-05:00,46.819339959620955,47.30703928183209,45.51548370005535,45.983280181884766,80910000,0.0,0.0
2013-11-12 00:00:00-05:00,45.78421826779191,47.14779066179308,45.61501754448501,46.391357421875,68196000,0.0,0.0
2013-11-13 00:00:00-05:00,46.01313656398908,48.51136438604997,45.84393584928515,48.481502532958984,79245000,0.0,0.0
2013-11-14 00:00:00-05:00,48.47154853826691,49.337466295853154,47.80468954109867,48.760189056396484,75117000,0.0,0.0
2013-11-15 00:00:00-05:00,48.879627328334536,49.247890608270176,48.481502195515766,48.780094146728516,42453000,0.0,0.0
2013-11-18 00:00:00-05:00,48.24263229972261,48.610895596043356,45.585155083044086,45.61501693725586,85910000,0.0,0.0
2013-11-19 00:00:00-05:00,46.042999156527806,46.77952959089265,45.50553510637298,46.14253234863281,75602000,0.0,0.0
2013-11-20 00:00:00-05:00,46.39135992962098,47.32694916055786,46.09276794500735,46.21220397949219,53933000,0.0,0.0
2013-11-21 00:00:00-05:00,46.769582360220504,47.2373751162134,46.47098655395701,46.48094177246094,34886000,0.0,0.0
2013-11-22 00:00:00-05:00,46.81934341188689,47.04826406118443,45.74440770547781,46.01314163208008,40545000,0.0,0.0
2013-11-25 00:00:00-05:00,46.14253349499647,46.43117406406739,43.8334165360354,44.60975646972656,82565000,0.0,0.0
2013-11-26 00:00:00-05:00,44.450506231116506,45.95342136836715,43.34571247349104,45.67473602294922,82016000,0.0,0.0
2013-11-27 00:00:00-05:00,45.754358090601244,46.4510713858312,45.316419680110755,46.27191925048828,44993000,0.0,0.0
2013-11-29 00:00:00-05:00,46.530699611121584,46.98854087788069,46.281872340473875,46.78947830200195,22953900,0.0,0.0
2013-12-02 00:00:00-05:00,46.67999934954789,47.31699658026259,46.0429983220302,46.83924865722656,50774000,0.0,0.0
2013-12-03 00:00:00-05:00,46.53069841532103,46.978588250337076,46.07285716032807,46.51079177856445,32086000,0.0,0.0
2013-12-04 00:00:00-05:00,46.24205473203624,48.54121986418757,46.04299217481406,48.39192199707031,60890000,0.0,0.0
2013-12-05 00:00:00-05:00,47.92413193701754,48.471551151282405,47.64544282316424,48.11323928833008,43855000,0.0,0.0
2013-12-06 00:00:00-05:00,48.75024081643323,49.15831740856969,47.48619776352199,47.715118408203125,42938000,0.0,0.0
2013-12-09 00:00:00-05:00,47.86441523201708,48.740288311560406,47.516058562382035,48.610897064208984,36056000,0.0,0.0
2013-12-10 00:00:00-05:00,48.41183766210104,50.53184726785038,48.312308263327274,50.014286041259766,68479000,0.0,0.0
2013-12-11 00:00:00-05:00,50.31287095441265,50.531840157065666,48.780094129446866,49.14836120605469,65776000,0.0,0.0
2013-12-12 00:00:00-05:00,50.81052842664208,51.82574415688571,50.42235848794952,51.58687210083008,92723000,0.0,0.0
2013-12-13 00:00:00-05:00,51.417664772615915,53.24903355517053,51.09916618406752,53.06987762451172,82641000,0.0,0.0
2013-12-16 00:00:00-05:00,53.00020840468315,54.24434475221092,52.661803166283484,53.55758285522461,85119000,0.0,0.0
2013-12-17 00:00:00-05:00,54.50312032322936,54.921152086416335,53.98556297345897,54.60265350341797,78751000,0.0,0.0
2013-12-18 00:00:00-05:00,54.60265762480844,55.627824778913535,53.497863920542265,55.309326171875,76003000,0.0,0.0
2013-12-19 00:00:00-05:00,54.07514712501391,54.93110979176768,53.69692859062307,54.79176712036133,89753200,0.0,0.0
2013-12-20 00:00:00-05:00,54.67232757986139,54.89129679048266,53.97561047072326,54.86143493652344,239824000,0.0,0.0
2013-12-23 00:00:00-05:00,55.23965602616841,58.04642743402408,55.189891329649576,57.49900817871094,98297000,0.0,0.0
2013-12-24 00:00:00-05:00,57.99666135219132,58.305208538122876,56.64304037711504,57.688114166259766,46617800,0.0,0.0
2013-12-26 00:00:00-05:00,58.04642285356305,58.10614276275492,57.10087850710646,57.459190368652344,55101000,0.0,0.0
2013-12-27 00:00:00-05:00,57.21036694226257,57.40942952277096,54.9908280920809,55.179935455322266,60466000,0.0,0.0
2013-12-30 00:00:00-05:00,54.67232806671509,54.92115533670858,53.179364446754114,53.45804977416992,68307000,0.0,0.0
2013-12-31 00:00:00-05:00,53.86612981206973,54.60266024924899,53.65711580305512,54.393646240234375,43076200,0.0,0.0
2014-01-02 00:00:00-05:00,54.57280134035352,54.96097129299592,53.935800308772926,54.45336151123047,43195500,0.0,0.0
2014-01-03 00:00:00-05:00,54.761906977776654,55.38895277205123,54.27420384960689,54.3040657043457,38246200,0.0,0.0
2014-01-06 00:00:00-05:00,54.164717014009355,56.99139488538878,53.79645372633324,56.931678771972656,68852600,0.0,0.0
2014-01-07 00:00:00-05:00,57.429330954613484,58.27534209908075,56.95158308278228,57.64829635620117,77207400,0.0,0.0
2014-01-08 00:00:00-05:00,57.329802351594864,58.13600408537022,56.961539049560486,57.95684814453125,56682400,0.0,0.0
2014-01-09 00:00:00-05:00,58.37488389778029,58.683427308193004,56.38426557283369,56.95159149169922,92253300,0.0,0.0
2014-01-10 00:00:00-05:00,56.86200735689453,58.02651712840321,56.79233602681125,57.66820526123047,42449500,0.0,0.0
2014-01-13 00:00:00-05:00,57.638353937594566,57.97675920758824,55.120222950078904,55.647735595703125,63010900,0.0,0.0
2014-01-14 00:00:00-05:00,56.19514855136346,57.50895620529949,55.836836682689494,57.469146728515625,37503600,0.0,0.0
2014-01-15 00:00:00-05:00,57.70801815348409,58.295250643737866,57.00134964056252,57.32979965209961,33663400,0.0,0.0
2014-01-16 00:00:00-05:00,56.99140137963035,57.74783847472189,56.56342192976931,56.921730041503906,34541800,0.0,0.0
2014-01-17 00:00:00-05:00,57.031213072582794,57.548774281996906,55.80698328363912,56.03590393066406,40849200,0.0,0.0
2014-01-21 00:00:00-05:00,56.33449071937054,58.30520597983999,56.23496133307733,58.235530853271484,48669200,0.0,0.0
2014-01-22 00:00:00-05:00,58.57394113983034,59.03178622799935,56.832150151683095,57.24022674560547,61352900,0.0,0.0
2014-01-23 00:00:00-05:00,56.10557449508007,56.41412169167968,55.42876398414112,56.364356994628906,47951800,0.0,0.0
2014-01-24 00:00:00-05:00,55.88660627076196,56.1553363807429,54.14481538356567,54.194580078125,55200700,0.0,0.0
2014-01-27 00:00:00-05:00,54.473262562385564,54.68227654670895,51.60677150308413,53.298797607421875,73924100,0.0,0.0
2014-01-28 00:00:00-05:00,53.76659869894617,55.02068650977819,53.74669206108497,54.881343841552734,48191200,0.0,0.0
2014-01-29 00:00:00-05:00,54.35382811931664,54.692233350002546,52.940487286403936,53.278892517089844,92995600,0.0,0.0
2014-01-30 00:00:00-05:00,61.828602348038814,62.20682088210687,60.176389337282174,60.79348373413086,150178900,0.0,0.0
2014-01-31 00:00:00-05:00,60.18634538090443,63.0727396313688,59.8877495991296,62.276493072509766,87794600,0.0,0.0
2014-02-03 00:00:00-05:00,62.73432908941151,63.47085946737023,60.41526094461164,61.19160079956055,74866600,0.0,0.0
2014-02-04 00:00:00-05:00,61.75892938006706,62.84381645944886,61.53000874088779,62.45564651489258,45985500,0.0,0.0
2014-02-05 00:00:00-05:00,62.44569652731522,62.863724539721034,60.982590890288826,61.89827346801758,51685100,0.0,0.0
2014-02-06 00:00:00-05:00,61.17169490519938,62.48550258189268,61.17169490519938,61.868412017822266,42086500,0.0,0.0
2014-02-07 00:00:00-05:00,61.9779119373215,64.26712261858901,61.92814723058164,64.01829528808594,60704300,0.0,0.0
2014-02-10 00:00:00-05:00,63.998373846549924,64.18747739913053,63.172265526859775,63.251888275146484,43666100,0.0,0.0
2014-02-11 00:00:00-05:00,63.45095316845762,64.69508950509405,63.052828022012854,64.54579162597656,45675600,0.0,0.0
2014-02-12 00:00:00-05:00,64.61546341199796,64.75480607519381,63.74954937551026,64.14766693115234,47282100,0.0,0.0
2014-02-13 00:00:00-05:00,63.87893513015595,67.01416015625,63.74954768735914,67.01416015625,61911700,0.0,0.0
2014-02-14 00:00:00-05:00,67.18336418903705,67.2629907394302,66.40702430671844,66.77528381347656,36694900,0.0,0.0
2014-02-18 00:00:00-05:00,66.62600203590105,67.22318605293663,65.7600802753551,66.98431396484375,43809900,0.0,0.0
2014-02-19 00:00:00-05:00,66.73548114693088,68.75595749440373,66.68571265228523,67.74073791503906,62087100,0.0,0.0
2014-02-20 00:00:00-05:00,67.41228646196942,69.78111930818376,65.42166832758929,69.3033676147461,130928900,0.0,0.0
2014-02-21 00:00:00-05:00,69.36309562848015,69.63182575211775,68.12890684115021,68.26824951171875,70932400,0.0,0.0
2014-02-24 00:00:00-05:00,68.4175437331569,71.10488279354328,68.21848495547152,70.4479751586914,76620300,0.0,0.0
2014-02-25 00:00:00-05:00,70.61716960500134,70.66693809180374,69.12420612418858,69.52233123779297,52077000,0.0,0.0
2014-02-26 00:00:00-05:00,69.86074205599877,70.8859091244644,68.52702402983584,68.93510437011719,55322700,0.0,0.0
2014-02-27 00:00:00-05:00,69.01473288089919,69.68159578316632,68.54694395858895,68.61661529541016,41653700,0.0,0.0
2014-02-28 00:00:00-05:00,69.14412696447361,69.55219976198087,67.06392691940506,68.13886260986328,66783700,0.0,0.0
2014-03-03 00:00:00-05:00,66.6458945086862,67.73078534517042,66.19800846400533,67.09378814697266,56824100,0.0,0.0
2014-03-04 00:00:00-05:00,68.337921747376,68.57679378872531,67.30279944338858,68.47726440429688,42013500,0.0,0.0
2014-03-05 00:00:00-05:00,69.36308991385573,71.63239332598887,69.29341858431148,71.23426818847656,74567700,0.0,0.0
2014-03-06 00:00:00-05:00,71.5428205086007,71.55277572652477,69.92046929287011,70.50769805908203,46026500,0.0,0.0
2014-03-07 00:00:00-05:00,70.7465744209606,70.84610381473024,69.14412612236946,69.47257995605469,38927000,0.0,0.0
2014-03-10 00:00:00-04:00,70.43801665136542,71.8115479714921,70.17924177118364,71.69210815429688,59871600,0.0,0.0
2014-03-11 00:00:00-04:00,72.15991510584234,72.24948928655992,69.6318288929704,69.77117156982422,59408300,0.0,0.0
2014-03-12 00:00:00-04:00,69.53229627064898,71.01530474475578,68.6763298133134,70.5475082397461,46340500,0.0,0.0
2014-03-13 00:00:00-04:00,70.95559318411836,71.01530930566341,67.83032292981896,68.50713348388672,57091000,0.0,0.0
2014-03-14 00:00:00-04:00,68.16871310044844,69.10430601533507,67.14354601810511,67.40232849121094,48227000,0.0,0.0
2014-03-17 00:00:00-04:00,67.86017843690438,68.62656314444943,66.30749858631086,68.41754913330078,52197000,0.0,0.0
2014-03-18 00:00:00-04:00,68.43745714376863,69.27351315873814,67.97961586029399,68.86544036865234,40827000,0.0,0.0
2014-03-19 00:00:00-04:00,68.84552913097528,68.96496895755199,67.15350668597077,67.91989135742188,43981000,0.0,0.0
2014-03-20 00:00:00-04:00,67.69096792414817,67.90993712141504,66.50654777180742,66.65584564208984,44439000,0.0,0.0
2014-03-21 00:00:00-04:00,67.21322399252522,67.6013939437651,65.86955819257135,66.9245834350586,59999900,0.0,0.0
2014-03-24 00:00:00-04:00,66.87482569639428,67.04402643316814,63.06278974518242,63.79931640625,85696000,0.0,0.0
2014-03-25 00:00:00-04:00,64.58560943603516,65.87951435445434,63.48081568402038,64.58560943603516,68786000,0.0,0.0
2014-03-26 00:00:00-04:00,64.4363092377351,64.64532323824828,60.08680951831847,60.10671615600586,97503900,0.0,0.0
2014-03-27 00:00:00-04:00,60.226153028297766,61.60963589091351,57.708022176042945,60.683998107910156,112650000,0.0,0.0
2014-03-28 00:00:00-04:00,61.0522633569642,61.659402545396716,59.061645058787086,59.72850036621094,67052000,0.0,0.0
2014-03-31 00:00:00-04:00,60.49488821294827,61.23141864590858,59.58915704893668,59.95742416381836,53011000,0.0,0.0
2014-04-01 00:00:00-04:00,60.1763845759335,62.3660652570897,59.95741916557979,62.32625198364258,59291000,0.0,0.0
2014-04-02 00:00:00-04:00,62.91348821931314,63.610205358856966,61.91817910476566,62.42578887939453,66277000,0.0,0.0
2014-04-03 00:00:00-04:00,62.25658880776004,62.87367943980485,58.85263321504489,59.21094512939453,83859000,0.0,0.0
2014-04-04 00:00:00-04:00,59.65882600932756,59.91760850119962,56.055808135132416,56.48379135131836,125214400,0.0,0.0
2014-04-07 00:00:00-04:00,55.63777990872602,57.72792748873492,55.17993483962448,56.68285369873047,108488000,0.0,0.0
2014-04-08 00:00:00-04:00,57.40942440637746,58.43459147894766,56.901814681479685,57.917030334472656,78836000,0.0,0.0
2014-04-09 00:00:00-04:00,59.35028646187277,62.16700941925596,58.91234800013177,62.117244720458984,100215000,0.0,0.0
2014-04-10 00:00:00-04:00,62.784097965217036,62.88362735350726,58.40473653799707,58.882484436035156,114988000,0.0,0.0
2014-04-11 00:00:00-04:00,57.329802001880175,60.02709251836753,57.04116525166954,58.25543975830078,91452000,0.0,0.0
2014-04-14 00:00:00-04:00,59.808122099757995,60.16643397203657,57.50895678383899,58.61375045776367,72325000,0.0,0.0
2014-04-15 00:00:00-04:00,59.011879205153434,59.40004915820854,55.617875225093194,58.81281661987305,108623000,0.0,0.0
2014-04-16 00:00:00-04:00,59.50952881243378,59.90765015302552,57.46914602609333,59.439857482910156,78774000,0.0,0.0
2014-04-17 00:00:00-04:00,59.02182888184752,60.29582711191542,58.444551578075405,58.663516998291016,88040000,0.0,0.0
2014-04-21 00:00:00-04:00,59.18107927346491,60.95273208618164,58.87253587669065,60.95273208618164,60364000,0.0,0.0
2014-04-22 00:00:00-04:00,62.35611830389788,63.14240962838809,61.928135075690335,62.73433303833008,60631000,0.0,0.0
2014-04-23 00:00:00-04:00,63.15237048459056,63.18222854607932,60.972640872630855,61.072174072265625,95908700,0.0,0.0
2014-04-24 00:00:00-04:00,63.30165846684601,63.351426960251885,59.489626514379744,60.58446502685547,138769000,0.0,0.0
2014-04-25 00:00:00-04:00,59.6886938214974,59.72850330384855,57.29995022747762,57.439292907714844,92502000,0.0,0.0
2014-04-28 00:00:00-04:00,57.77769197594455,58.036474465826494,54.40359476478211,55.876651763916016,107758000,0.0,0.0
2014-04-29 00:00:00-04:00,55.82688959597858,58.00661523719854,55.57806231195243,57.877227783203125,75557000,0.0,0.0
2014-04-30 00:00:00-04:00,57.30990326824728,59.56925172077231,56.89187144661496,59.49958038330078,76093000,0.0,0.0
2014-05-01 00:00:00-04:00,60.146527800193724,61.98784807310641,59.927558588373884,60.86315155029297,82429000,0.0,0.0
2014-05-02 00:00:00-04:00,61.01244372215547,61.5996762107991,59.8976986544397,60.17638397216797,54189000,0.0,0.0
2014-05-05 00:00:00-04:00,59.39009106746748,61.06221062804239,58.90239174376811,60.932823181152344,46057000,0.0,0.0
2014-05-06 00:00:00-04:00,60.69394778546471,60.863152304915076,58.21563028031498,58.25543975830078,55901000,0.0,0.0
2014-05-07 00:00:00-04:00,58.49432010013099,59.02183274276148,55.99609196902533,57.120792388916016,78587000,0.0,0.0
2014-05-08 00:00:00-04:00,56.961540397164754,58.54408204748038,56.23496519626302,56.493743896484375,61251000,0.0,0.0
2014-05-09 00:00:00-04:00,56.58332282990292,57.37957317568131,56.11553011808161,56.97149658203125,52584000,0.0,0.0
2014-05-12 00:00:00-04:00,57.70802645652048,59.619022078172804,57.70802645652048,59.54935073852539,48575000,0.0,0.0
2014-05-13 00:00:00-04:00,59.38014620166505,60.6043760513596,59.23084830424729,59.54935073852539,48525000,0.0,0.0
2014-05-14 00:00:00-04:00,59.25074419606728,60.16643046031156,58.673466944158925,58.952152252197266,47429000,0.0,0.0
2014-05-15 00:00:00-04:00,58.98201058886424,59.10145040442398,57.250175028076455,57.64829635620117,56814000,0.0,0.0
2014-05-16 00:00:00-04:00,58.03647379625953,58.175816459910116,57.04116471669495,57.747833251953125,47933000,0.0,0.0
2014-05-19 00:00:00-04:00,57.618443266594696,59.2806114400982,57.299944657923895,58.9322509765625,43034000,0.0,0.0
2014-05-20 00:00:00-04:00,59.220894254653054,59.90765619932849,57.907086484176425,58.28530502319336,53931000,0.0,0.0
2014-05-21 00:00:00-04:00,58.28530236688746,60.21620065748503,57.97675517848766,60.20624923706055,58992000,0.0,0.0
2014-05-22 00:00:00-04:00,60.65413871107735,61.19160656753623,60.1166746514216,60.23611068725586,54200000,0.0,0.0
2014-05-23 00:00:00-04:00,60.12662092164777,61.161743268345774,59.86784223337467,61.06221008300781,38294000,0.0,0.0
2014-05-27 00:00:00-04:00,61.33094124464651,63.21207470015143,61.28117655260509,63.18221664428711,55682000,0.0,0.0
2014-05-28 00:00:00-04:00,63.09264206780909,63.8391238789224,62.32625361944974,63.21207809448242,47795000,0.0,0.0
2014-05-29 00:00:00-04:00,63.54053003320831,63.99837508271031,63.21207622357444,63.53057861328125,42700000,0.0,0.0
2014-05-30 00:00:00-04:00,63.65001561438247,63.868981027366665,62.26653661829812,63.0030632019043,45253500,0.0,0.0
2014-06-02 00:00:00-04:00,62.93339366512982,63.291705547068204,61.7589286284664,62.78409957885742,35996000,0.0,0.0
2014-06-03 00:00:00-04:00,62.32625740081173,63.122503954947334,62.02766541761126,62.5750846862793,32217000,0.0,0.0
2014-06-04 00:00:00-04:00,62.15705648579996,63.291708296696434,61.778837949900115,63.04288101196289,36514000,0.0,0.0
2014-06-05 00:00:00-04:00,63.36137788777429,64.058095025202,62.52531808222164,62.89358139038086,47352000,0.0,0.0
2014-06-06 00:00:00-04:00,63.07273933301331,63.182223946239105,61.858464760298375,62.20682144165039,42442000,0.0,0.0
2014-06-09 00:00:00-04:00,62.107289319364405,63.04287850592249,61.50015016126068,62.58503723144531,37617000,0.0,0.0
2014-06-10 00:00:00-04:00,63.23198882632522,65.51124768175097,63.202130766924135,65.46147918701172,69338000,0.0,0.0
2014-06-11 00:00:00-04:00,65.01358666694767,65.49133835084582,64.59555868954018,65.47142791748047,44242000,0.0,0.0
2014-06-12 00:00:00-04:00,65.54110605360404,66.15820046072432,63.75950176265281,63.988426208496094,55730000,0.0,0.0
2014-06-13 00:00:00-04:00,64.39649989650326,64.66523762329936,63.530585783420044,64.19744110107422,29419000,0.0,0.0
2014-06-16 00:00:00-04:00,63.859042695448984,64.57565894955587,63.45096227354284,63.88890075683594,31046000,0.0,0.0
2014-06-17 00:00:00-04:00,63.79930465657477,64.57564445277943,63.63010395096195,64.097900390625,27715000,0.0,0.0
2014-06-18 00:00:00-04:00,64.18748828325721,65.4415800034495,63.7495573982174,65.29228210449219,35570000,0.0,0.0
2014-06-19 00:00:00-04:00,65.15292630524063,65.27236611907864,63.90879005378032,64.03817749023438,34245000,0.0,0.0
2014-06-20 00:00:00-04:00,64.15762782326716,64.50598451207111,63.05283404334156,64.19744110107422,46466000,0.0,0.0
2014-06-23 00:00:00-04:00,64.01828447258565,65.35200268743442,63.91875507592081,65.06336212158203,34560000,0.0,0.0
2014-06-24 00:00:00-04:00,65.05340077735043,66.85490774622546,64.96381901326419,65.41171264648438,57335000,0.0,0.0
2014-06-25 00:00:00-04:00,65.27237402332393,67.16346287326854,65.2624188058973,67.12364959716797,44308000,0.0,0.0
2014-06-26 00:00:00-04:00,67.68102333221918,67.68102333221918,66.58618476762513,66.81510162353516,47714000,0.0,0.0
2014-06-27 00:00:00-04:00,66.99424978384042,67.38241970618974,66.5264533149565,67.28289031982422,46461000,0.0,0.0
2014-06-30 00:00:00-04:00,67.1435506994267,67.60139197231649,66.81509687530821,66.97434997558594,27102800,0.0,0.0
2014-07-01 00:00:00-04:00,67.2629937783078,68.1189602496913,67.07388261098168,67.74073791503906,33243000,0.0,0.0
2014-07-02 00:00:00-04:00,67.72083591262314,67.97961841949665,65.48139031072532,66.13829040527344,41895000,0.0,0.0
2014-07-03 00:00:00-04:00,66.54636794424285,66.68571061266142,65.45152943798004,65.97904205322266,25203200,0.0,0.0
2014-07-07 00:00:00-04:00,65.98899073283793,66.25772082570532,64.81452579137779,64.98372650146484,28745000,0.0,0.0
2014-07-08 00:00:00-04:00,64.75480928987102,65.25246385273472,61.91817980026912,62.465599060058594,68926000,0.0,0.0
2014-07-09 00:00:00-04:00,63.11253887582107,64.81452002566068,62.85376022553091,64.66522216796875,51432000,0.0,0.0
2014-07-10 00:00:00-04:00,63.01302077575976,65.0334932462116,62.754238282367744,64.56570434570312,44422000,0.0,0.0
2014-07-11 00:00:00-04:00,64.97377576564116,66.27762823526777,64.48607644086266,66.02880096435547,39212000,0.0,0.0
2014-07-14 00:00:00-04:00,66.8150973018196,67.85021967941515,66.5861804607163,67.58148956298828,38537000,0.0,0.0
2014-07-15 00:00:00-04:00,67.64120692065845,67.77059437263048,65.94918445318301,66.85491180419922,44213200,0.0,0.0
2014-07-16 00:00:00-04:00,67.22318101770598,67.6213061971111,66.75538450142543,67.34262084960938,29541600,0.0,0.0
2014-07-17 00:00:00-04:00,66.71556699968743,67.53172014866622,65.73021312809726,66.09848022460938,38188000,0.0,0.0
2014-07-18 00:00:00-04:00,66.48665641381214,68.13886570772323,65.84965914464084,68.09905242919922,42456000,0.0,0.0
2014-07-21 00:00:00-04:00,68.48722648936408,69.63183363600605,68.17868305440055,69.074462890625,49539000,0.0,0.0
2014-07-22 00:00:00-04:00,69.43275999221254,69.44270761510717,68.28815309009264,68.94505310058594,40398000,0.0,0.0
2014-07-23 00:00:00-04:00,69.41284963098593,70.99539493747456,69.28346219077451,70.95558166503906,78435000,0.0,0.0
2014-07-24 00:00:00-04:00,75.60367931804392,76.3800192112665,74.16048414152563,74.62828063964844,124168000,0.0,0.0
2014-07-25 00:00:00-04:00,74.63822154197977,75.31503198166702,74.30977533538268,74.83728790283203,45917000,0.0,0.0
2014-07-28 00:00:00-04:00,74.81737736537693,75.14583116512019,73.5035697600091,74.56855010986328,41725000,0.0,0.0
2014-07-29 00:00:00-04:00,74.36949926995229,74.56855805813883,73.07559436592172,73.3642349243164,41324000,0.0,0.0
2014-07-30 00:00:00-04:00,73.86188492021145,74.83729114665346,73.78225837241914,74.32968139648438,36853000,0.0,0.0
2014-07-31 00:00:00-04:00,73.65286980220598,73.82207051847547,72.10019011200511,72.3092041015625,43992000,0.0,0.0
2014-08-01 00:00:00-04:00,71.88123379236494,72.87654302218199,71.21437843085315,72.02057647705078,43535000,0.0,0.0
2014-08-04 00:00:00-04:00,72.02056937151727,73.53343591039312,72.02056937151727,73.16517639160156,30777000,0.0,0.0
2014-08-05 00:00:00-04:00,72.85662409225965,73.24479403915073,71.84141213737662,72.3490219116211,34986000,0.0,0.0
2014-08-06 00:00:00-04:00,71.6821570144294,73.37418701636547,71.4532401771264,72.13005065917969,30986000,0.0,0.0
2014-08-07 00:00:00-04:00,72.65755862705512,73.65286764934355,72.3589628829265,72.8267593383789,38141000,0.0,0.0
2014-08-08 00:00:00-04:00,73.05568655608488,73.08554461292164,72.21962299662819,72.71727752685547,27202000,0.0,0.0
2014-08-11 00:00:00-04:00,73.1153999706356,73.56329358746903,72.71727484242983,73.09549713134766,24591000,0.0,0.0
2014-08-12 00:00:00-04:00,72.74714007764788,72.98601973430974,71.8812260014681,72.48836517333984,27419000,0.0,0.0
2014-08-13 00:00:00-04:00,72.77700534436391,73.9017019124991,72.70733400994149,73.4239501953125,29266000,0.0,0.0
2014-08-14 00:00:00-04:00,73.6230079992847,74.0310807409111,73.34432269405593,73.95146179199219,22207000,0.0,0.0
2014-08-15 00:00:00-04:00,73.9713726484917,74.29982647679991,72.65756492886467,73.28460693359375,38846600,0.0,0.0
2014-08-18 00:00:00-04:00,73.65287593104394,74.36949972264728,73.61306265444308,74.24010467529297,23974000,0.0,0.0
2014-08-19 00:00:00-04:00,74.45907686862807,75.22546918494162,74.1604886726254,74.93682861328125,26679000,0.0,0.0
2014-08-20 00:00:00-04:00,74.61832903847518,74.82734305111777,74.26997235073752,74.45907592773438,22917000,0.0,0.0
2014-08-21 00:00:00-04:00,74.56855625265585,74.83729396316751,74.06095407698862,74.22019958496094,20102000,0.0,0.0
2014-08-22 00:00:00-04:00,73.9912751498438,74.3794526865391,73.22489048091501,74.22019958496094,20897000,0.0,0.0
2014-08-25 00:00:00-04:00,74.58846423635082,74.92686567567654,74.43916635692835,74.66808319091797,19734000,0.0,0.0
2014-08-26 00:00:00-04:00,74.648180048892,75.63353389932783,74.37944994190244,75.60367584228516,23993000,0.0,0.0
2014-08-27 00:00:00-04:00,74.91691206780904,75.13588128318425,74.11071413266009,74.27991485595703,36323000,0.0,0.0
2014-08-28 00:00:00-04:00,73.65286957578046,74.08085277030285,73.38413947392007,73.5135269165039,21947000,0.0,0.0
2014-08-29 00:00:00-04:00,73.95146728059498,74.46902465820312,73.66282673772686,74.46902465820312,26241000,0.0,0.0
2014-09-02 00:00:00-04:00,74.65813297231512,76.34020008075946,74.46902182538021,76.32029724121094,34979000,0.0,0.0
2014-09-03 00:00:00-04:00,76.77814139804721,77.11655043204598,75.24536451211237,75.47428894042969,32389000,0.0,0.0
2014-09-04 00:00:00-04:00,75.53401099260705,76.569133422671,75.17569909013852,75.5937271118164,26676000,0.0,0.0
2014-09-05 00:00:00-04:00,75.74302832449494,77.0170228808624,75.24537372631349,76.89759063720703,29476000,0.0,0.0
2014-09-08 00:00:00-04:00,76.89757809838673,77.80330537071484,76.64875083986946,77.52462005615234,28183000,0.0,0.0
2014-09-09 00:00:00-04:00,77.22602335896728,77.80330441409474,75.84254442611007,76.31034088134766,28882000,0.0,0.0
2014-09-10 00:00:00-04:00,76.16105274910086,77.5843451360797,76.15110512500615,77.06678771972656,29909000,0.0,0.0
2014-09-11 00:00:00-04:00,76.76817887174543,77.99241225798144,76.68855992450793,77.55447387695312,32219000,0.0,0.0
2014-09-12 00:00:00-04:00,77.65400682221448,77.93269972796095,76.73832434129179,77.11654663085938,26676800,0.0,0.0
2014-09-15 00:00:00-04:00,76.78810007785206,76.88762947106753,73.08554893883147,74.23015594482422,49679000,0.0,0.0
2014-09-16 00:00:00-04:00,73.17512506589243,75.87241953367368,72.72723898767676,75.7231216430664,37742000,0.0,0.0
2014-09-17 00:00:00-04:00,75.60366810980221,76.8876175865579,75.2154982207371,76.07146453857422,28693000,0.0,0.0
2014-09-18 00:00:00-04:00,76.40987713790769,76.96725540392119,76.16104986006772,76.63880157470703,23031000,0.0,0.0
2014-09-19 00:00:00-04:00,77.03692302732584,77.93270270312375,76.08142723767659,77.5445327758789,76671000,0.0,0.0
2014-09-22 00:00:00-04:00,76.63879417821589,77.16630674134886,75.59371667470725,76.43973541259766,31961000,0.0,0.0
2014-09-23 00:00:00-04:00,75.97193996638727,78.26114617572944,75.68329943689528,77.92274475097656,36814000,0.0,0.0
2014-09-24 00:00:00-04:00,77.73363902062088,78.25120400390387,77.14641029784089,78.17157745361328,30680000,0.0,0.0
2014-09-25 00:00:00-04:00,78.23129670345797,78.56970575894664,76.76819105608146,76.85777282714844,37533000,0.0,0.0
2014-09-26 00:00:00-04:00,77.22602708683951,78.47016342418598,76.96725219606746,78.42040252685547,28872000,0.0,0.0
2014-09-29 00:00:00-04:00,77.75354816162402,78.82847619824307,77.54453416579238,78.6294174194336,34031000,0.0,0.0
2014-09-30 00:00:00-04:00,78.97777863251724,79.33609052991683,78.23129677853578,78.66923522949219,35899000,0.0,0.0
2014-10-01 00:00:00-04:00,78.410445254582,78.45025852756615,75.54395794217268,76.19091033935547,55090000,0.0,0.0
2014-10-02 00:00:00-04:00,76.21081978290303,77.1165547361642,75.28518198822785,76.71842956542969,36488000,0.0,0.0
2014-10-03 00:00:00-04:00,77.39523504736118,77.69382321080107,76.89758051468917,77.07673645019531,23340000,0.0,0.0
2014-10-06 00:00:00-04:00,76.82790750596043,77.52462079904302,76.48949848245934,77.1961669921875,25729000,0.0,0.0
2014-10-07 00:00:00-04:00,76.68857362154169,77.5843457883918,75.88236804032786,75.93213653564453,25317000,0.0,0.0
2014-10-08 00:00:00-04:00,75.8226462845678,77.34546796734173,74.74771065192536,77.15635681152344,32976000,0.0,0.0
2014-10-09 00:00:00-04:00,76.91748552931506,77.39523723537296,75.4941932218915,75.55391693115234,32487000,0.0,0.0
2014-10-10 00:00:00-04:00,75.23541437387519,76.14114933772548,72.41869527409084,72.5679931640625,52146000,0.0,0.0
2014-10-13 00:00:00-04:00,72.88648553691347,74.4292100180761,72.17980942453976,72.6476058959961,43938000,0.0,0.0
2014-10-14 00:00:00-04:00,73.65287714963567,73.83203310050065,71.71202734327018,73.24479675292969,50299000,0.0,0.0
2014-10-15 00:00:00-04:00,71.35371068152813,73.45381345683388,69.99013450237526,72.8665771484375,61528000,0.0,0.0
2014-10-16 00:00:00-04:00,70.45793386625816,73.00592279616954,70.24891986125192,72.28929901123047,53529000,0.0,0.0
2014-10-17 00:00:00-04:00,73.88180174776326,75.643495606895,73.40405001326982,75.5937271118164,76342000,0.0,0.0
2014-10-20 00:00:00-04:00,75.2453617227654,76.72837006255874,75.02639251951966,76.58902740478516,34701000,0.0,0.0
2014-10-21 00:00:00-04:00,77.19616538996121,78.3706303407851,76.78809263922689,78.32086944580078,32252000,0.0,0.0
2014-10-22 00:00:00-04:00,78.45026644857828,79.47543365221196,77.64406847166367,78.00238037109375,41862000,0.0,0.0
2014-10-23 00:00:00-04:00,79.0076354854502,80.25177188975778,78.63937596968299,79.66454315185547,35056000,0.0,0.0
2014-10-24 00:00:00-04:00,79.82378372613016,80.4408780781999,78.947914485365,80.29158020019531,32248000,0.0,0.0
2014-10-27 00:00:00-04:00,80.36125313159134,80.4209768401462,79.38585448392821,79.90341186523438,30169000,0.0,0.0
2014-10-28 00:00:00-04:00,79.80387697902074,80.77928315310513,79.1967378735039,80.39110565185547,74212000,0.0,0.0
2014-10-29 00:00:00-04:00,75.09605483049951,76.51934688707544,74.42919967786158,75.50413513183594,106120000,0.0,0.0
2014-10-30 00:00:00-04:00,74.69794489735894,74.99653304683173,72.5580289882472,73.7623519897461,83270000,0.0,0.0
2014-10-31 00:00:00-04:00,74.57850562911058,75.34489023801812,74.10075395539823,74.63822174072266,44544000,0.0,0.0
2014-11-03 00:00:00-05:00,75.11597739077683,75.16573828855262,73.35427606891065,73.53343200683594,40727000,0.0,0.0
2014-11-04 00:00:00-05:00,73.88179564663615,75.4145649328796,73.30451456326335,75.40461730957031,39326000,0.0,0.0
2014-11-05 00:00:00-05:00,76.15110059280636,76.43974114010378,74.07090064628551,74.4789810180664,35913000,0.0,0.0
2014-11-06 00:00:00-05:00,74.53869245982918,75.24536095810109,73.96141140143062,74.9069595336914,21383000,0.0,0.0
2014-11-07 00:00:00-05:00,75.03636255896456,75.50415911401637,74.66809540861153,75.24537658691406,20774000,0.0,0.0
2014-11-10 00:00:00-05:00,75.00649762897287,75.12593745983905,74.26001577167307,74.64818572998047,21575100,0.0,0.0
2014-11-11 00:00:00-05:00,74.5984112019672,74.62827685247284,73.68272868687072,74.260009765625,18715700,0.0,0.0
2014-11-12 00:00:00-05:00,73.93156076057876,74.78752721754189,73.19503413258931,74.36949920654297,26536600,0.0,0.0
2014-11-13 00:00:00-05:00,74.3893945484637,74.88704906194158,73.29455613753342,73.90169525146484,26448500,0.0,0.0
2014-11-14 00:00:00-05:00,73.92160836031601,74.5785160542977,73.69269150473305,74.52874755859375,19476900,0.0,0.0
2014-11-17 00:00:00-05:00,74.52874374667319,75.3050912344727,73.533434632352,73.8917465209961,28701200,0.0,0.0
2014-11-18 00:00:00-05:00,74.10076421757222,74.44912849983476,73.55334873357134,73.99127960205078,20690500,0.0,0.0
2014-11-19 00:00:00-05:00,73.66283348569438,74.19034612858154,72.76705371776983,72.98602294921875,25441200,0.0,0.0
2014-11-20 00:00:00-05:00,72.45850278953871,73.64291541029623,72.1698622501727,73.25474548339844,19154900,0.0,0.0
2014-11-21 00:00:00-05:00,74.15052691960739,74.15052691960739,73.15521783343816,73.40404510498047,23060400,0.0,0.0
2014-11-24 00:00:00-05:00,73.19502247836851,74.00122031316042,73.00591134433888,73.6628189086914,22103800,0.0,0.0
2014-11-25 00:00:00-05:00,73.86187822495005,75.38469974381452,73.78225168437554,75.27521514892578,32250200,0.0,0.0
2014-11-26 00:00:00-05:00,75.17569748842901,77.41514303434008,75.15579464698534,77.25589752197266,32695300,0.0,0.0
2014-11-28 00:00:00-05:00,77.30565982379099,77.90284379480522,76.86772896163718,77.33551788330078,15992000,0.0,0.0
2014-12-01 00:00:00-05:00,76.89758246216101,76.94734336052511,74.44912301063883,74.74771118164062,31789900,0.0,0.0
2014-12-02 00:00:00-05:00,74.97663062693832,75.55391168352801,74.68799009864347,75.10601806640625,16773900,0.0,0.0
2014-12-03 00:00:00-05:00,75.02640214120788,75.37476642392282,74.05100341170372,74.52874755859375,16689900,0.0,0.0
2014-12-04 00:00:00-05:00,74.47898166165794,75.19560542753985,74.30978093738189,74.88705444335938,14362800,0.0,0.0
2014-12-05 00:00:00-05:00,75.44442989267094,76.39992568039632,75.00649147569474,76.00180053710938,24306400,0.0,0.0
2014-12-08 00:00:00-05:00,75.82265503603796,76.88763557455616,75.04631507628162,76.16105651855469,25733900,0.0,0.0
2014-12-09 00:00:00-05:00,74.84723931956022,76.5691273585873,74.4292113309891,76.47954559326172,25358600,0.0,0.0
2014-12-10 00:00:00-05:00,76.29044358394556,77.18622328738559,75.71316248688358,75.82264709472656,32210500,0.0,0.0
2014-12-11 00:00:00-05:00,76.16104864558211,78.15166683655882,76.12124296413566,77.3653793334961,33462100,0.0,0.0
2014-12-12 00:00:00-05:00,76.79806467498874,78.5099901907563,76.6587143951404,77.46492004394531,28091600,0.0,0.0
2014-12-15 00:00:00-05:00,78.09194302663902,78.21138284002768,76.20085441281279,76.62883758544922,29396500,0.0,0.0
2014-12-16 00:00:00-05:00,75.83259359656752,77.02696133481709,74.24009315409492,74.33963012695312,31554600,0.0,0.0
2014-12-17 00:00:00-05:00,74.65813698335018,76.05157122837444,74.54865237593789,75.75297546386719,29203900,0.0,0.0
2014-12-18 00:00:00-05:00,76.52933030435543,78.0322494506836,76.15111550981237,78.0322494506836,34222100,0.0,0.0
2014-12-19 00:00:00-05:00,78.38059815677718,79.62473463545619,77.96257012240659,79.50529479980469,43335000,0.0,0.0
2014-12-22 00:00:00-05:00,79.70435586984766,81.50586294071498,79.62472931806418,81.06792449951172,31395800,0.0,0.0
2014-12-23 00:00:00-05:00,81.63525453537508,81.78455242914492,80.02285854475849,80.23187255859375,19865800,0.0,0.0
2014-12-24 00:00:00-05:00,80.64988812148685,81.04801324547242,80.3712028127785,80.39110565185547,7685500,0.0,0.0
2014-12-26 00:00:00-05:00,80.63994170412695,80.89872420199524,80.13233951942364,80.40106964111328,10647400,0.0,0.0
2014-12-29 00:00:00-05:00,80.1124269217054,80.5802234112819,79.33608704266601,79.6446304321289,14134700,0.0,0.0
2014-12-30 00:00:00-05:00,79.47543067558973,80.21195728856344,78.72894884533635,78.848388671875,14370800,0.0,0.0
2014-12-31 00:00:00-05:00,79.1668887097455,79.42567120844215,77.49476907608548,77.65401458740234,19935400,0.0,0.0
2015-01-02 00:00:00-05:00,78.21138814137034,78.55974479536005,77.33551130436129,78.08199310302734,18177500,0.0,0.0
2015-01-05 00:00:00-05:00,77.61421417973034,78.87825351313889,76.4994651503258,76.82791900634766,26452200,0.0,0.0
2015-01-06 00:00:00-05:00,76.86772897814596,77.22603328594651,75.00649813437246,75.79279327392578,27399300,0.0,0.0
2015-01-07 00:00:00-05:00,76.39993246277572,76.99711643391822,75.46433943203525,75.79279327392578,22045300,0.0,0.0
2015-01-08 00:00:00-05:00,76.38001545711485,77.86303143010313,75.72311542344683,77.81326293945312,23961000,0.0,0.0
2015-01-09 00:00:00-05:00,77.83316934320655,78.25120494043233,76.83786023347957,77.37532806396484,21157000,0.0,0.0
2015-01-12 00:00:00-05:00,77.47486411952504,77.63411723570891,75.85251286483614,76.36012268066406,19190200,0.0,0.0
2015-01-13 00:00:00-05:00,76.86772473085611,77.71373594269586,75.4941933201554,76.09137725830078,25179600,0.0,0.0
2015-01-14 00:00:00-05:00,76.06152284824434,76.83786276442613,75.67335289015344,75.92218017578125,25918600,0.0,0.0
2015-01-15 00:00:00-05:00,76.0416114208402,76.21081213349746,73.19502698717297,73.70263671875,34134000,0.0,0.0
2015-01-16 00:00:00-05:00,73.69268739477293,74.96668184023537,73.49362101666576,74.82733917236328,21791500,0.0,0.0
2015-01-20 00:00:00-05:00,75.3648049837218,75.95203369779212,74.46902529025328,75.88236236572266,22821600,0.0,0.0
2015-01-21 00:00:00-05:00,75.80273904839417,76.93739073029583,75.49418808675057,76.38001251220703,25096700,0.0,0.0
2015-01-22 00:00:00-05:00,76.80800722689031,77.38528837096563,76.32030785725736,77.28575897216797,19519500,0.0,0.0
2015-01-23 00:00:00-05:00,77.28576407683387,77.82323197816818,76.67862483237882,77.46492004394531,16746500,0.0,0.0
2015-01-26 00:00:00-05:00,77.61421108516984,78.1019104438864,76.92744533970742,77.13645935058594,19260800,0.0,0.0
2015-01-27 00:00:00-05:00,76.35016788987903,76.5193686315666,75.27523213044043,75.42453002929688,20110000,0.0,0.0
2015-01-28 00:00:00-05:00,76.53927000546811,77.27579660071747,75.64349031199961,75.88236236572266,53306400,0.0,0.0
2015-01-29 00:00:00-05:00,76.48950251781542,77.6540123378061,73.8618871115569,77.63410949707031,61293500,0.0,0.0
2015-01-30 00:00:00-05:00,77.63410929159905,77.79336239148694,75.39466383126445,75.55391693115234,42649500,0.0,0.0
2015-02-02 00:00:00-05:00,75.75297058364796,75.782828639454,73.4040406745732,74.63822174072266,41955300,0.0,0.0
2015-02-03 00:00:00-05:00,74.83729641733348,75.22546637315232,73.51353344307635,75.04631042480469,26957700,0.0,0.0
2015-02-04 00:00:00-05:00,74.73774739045511,75.99183882688668,74.65812844348545,75.27521514892578,20277400,0.0,0.0
2015-02-05 00:00:00-05:00,75.35484707401591,75.62358476925645,74.85719255027236,75.25531768798828,15062600,0.0,0.0
2015-02-06 00:00:00-05:00,75.32499730198171,75.34490014393404,73.90170490379403,74.12067413330078,21211000,0.0,0.0
2015-02-09 00:00:00-05:00,73.70265032656842,74.47899029843157,73.10545872334446,74.0908203125,16194300,0.0,0.0
2015-02-10 00:00:00-05:00,74.49887888618579,74.98657818146471,74.15052224670086,74.83728790283203,15811300,0.0,0.0
2015-02-11 00:00:00-05:00,74.73775548798078,76.38997221269088,74.67803937288232,76.1511001586914,20877400,0.0,0.0
2015-02-12 00:00:00-05:00,76.49944792228291,76.50940313817672,75.53399700791309,75.87240600585938,17235000,0.0,0.0
2015-02-13 00:00:00-05:00,76.10132831387207,76.12123874709806,75.14583254636943,75.38470458984375,18621900,0.0,0.0
2015-02-17 00:00:00-05:00,74.94678837281771,76.54923684737071,74.72781912631628,75.24537658691406,25254400,0.0,0.0
2015-02-18 00:00:00-05:00,75.58377404023149,76.53926984674791,75.09606712315097,76.35015869140625,22426400,0.0,0.0
2015-02-19 00:00:00-05:00,76.62884577851189,79.46547520573768,76.58903250312555,79.04744720458984,45851200,0.0,0.0
2015-02-20 00:00:00-05:00,79.17683562227039,79.96312306613308,78.8284713901934,79.52519226074219,36931700,0.0,0.0
2015-02-23 00:00:00-05:00,79.58491030173276,79.81383472319654,78.0123201886661,78.47016143798828,24139100,0.0,0.0
2015-02-24 00:00:00-05:00,78.13176159371396,79.10716781849071,77.73363644903762,78.08199310302734,18897100,0.0,0.0
2015-02-25 00:00:00-05:00,78.13175771052181,79.82377999929487,78.13175771052181,79.18678283691406,25593800,0.0,0.0
2015-02-26 00:00:00-05:00,79.50528620790261,80.98830219761946,79.34604070451626,80.03280639648438,31111900,0.0,0.0
2015-02-27 00:00:00-05:00,80.30153351349237,80.84895652199748,78.25119932455563,78.59955596923828,30739200,0.0,0.0
2015-03-02 00:00:00-05:00,78.62941844784727,79.48538487641356,78.151666741408,79.37590026855469,21662500,0.0,0.0
2015-03-03 00:00:00-05:00,79.23655586390656,79.32613003549487,78.1516650262793,79.22660064697266,18635000,0.0,0.0
2015-03-04 00:00:00-05:00,78.92801476916868,80.7693350878207,78.48012111742793,80.5205078125,28126700,0.0,0.0
2015-03-05 00:00:00-05:00,80.84895859043259,81.6053880114944,80.66980265521151,80.82904815673828,27825700,0.0,0.0
2015-03-06 00:00:00-05:00,80.52051389057421,80.94849714017627,79.455533375556,79.63468933105469,24488600,0.0,0.0
2015-03-09 00:00:00-04:00,79.30623198993257,79.53515643161903,78.26115436325198,79.0673599243164,18925100,0.0,0.0
2015-03-10 00:00:00-04:00,78.13176652499244,78.88820358825937,77.18622589111328,77.18622589111328,23067100,0.0,0.0
2015-03-11 00:00:00-04:00,77.43505542867297,78.06209746369548,76.89758757282243,77.20613098144531,20215700,0.0,0.0
2015-03-12 00:00:00-04:00,77.73363743180747,78.67918561156883,77.5445338707397,78.55974578857422,16093300,0.0,0.0
2015-03-13 00:00:00-04:00,78.23129147054495,79.00763133103405,77.31560894758886,77.68387603759766,18557300,0.0,0.0
2015-03-16 00:00:00-04:00,77.59429651944873,77.7535496203686,76.99711257821083,77.70378112792969,19305400,0.0,0.0
2015-03-17 00:00:00-04:00,77.99242281910149,79.40575993921507,77.97251238439235,78.98773193359375,22170000,0.0,0.0
2015-03-18 00:00:00-04:00,78.87823992299508,80.8589027487952,78.798613378841,80.53045654296875,36912400,0.0,0.0
2015-03-19 00:00:00-04:00,80.73947301492436,82.61065129859209,80.62003319501156,82.36182403564453,42099500,0.0,0.0
2015-03-20 00:00:00-04:00,82.99882574950128,84.20314885663957,82.68032713929615,83.40690612792969,44466300,0.0,0.0
2015-03-23 00:00:00-04:00,83.52634860250059,84.56147111099227,82.90926174096614,84.0339584350586,27357300,0.0,0.0
2015-03-24 00:00:00-04:00,84.31263658958109,85.66625763150597,84.12352542246322,84.90982055664062,32576500,0.0,0.0
2015-03-25 00:00:00-04:00,85.0989280479625,85.11883088877548,82.5310287475586,82.5310287475586,37436100,0.0,0.0
2015-03-26 00:00:00-04:00,82.33196493615444,83.37703487113286,81.75468387096329,82.62060546875,32794800,0.0,0.0
2015-03-27 00:00:00-04:00,82.98887494302389,83.55620085990488,82.49122036352807,82.90925598144531,18372600,0.0,0.0
2015-03-30 00:00:00-04:00,83.41685443819787,83.94436705379151,82.02342775308485,82.8097152709961,24527700,0.0,0.0
2015-03-31 00:00:00-04:00,82.51112290607944,83.1083068256263,81.8243572221175,81.83431243896484,19734300,0.0,0.0
2015-04-01 00:00:00-04:00,82.1129964548117,82.33196566033472,80.49064544037215,81.2868881225586,22058200,0.0,0.0
2015-04-02 00:00:00-04:00,81.86417970161921,82.17272311613327,81.05798169925335,81.17741394042969,19664100,0.0,0.0
2015-04-06 00:00:00-04:00,80.42097739364505,82.42154319426832,80.42097739364505,82.05328369140625,19062900,0.0,0.0
2015-04-07 00:00:00-04:00,82.26229934833822,83.0286840208093,81.83431612787608,81.93384552001953,17467000,0.0,0.0
2015-04-08 00:00:00-04:00,82.24238435997744,82.7101808301162,81.45608929645138,81.89402770996094,18966700,0.0,0.0
2015-04-09 00:00:00-04:00,82.11300737981684,82.41160317136783,81.32671221609856,81.78455352783203,15927300,0.0,0.0
2015-04-10 00:00:00-04:00,81.8243597201248,82.22248487651221,81.52577154803856,81.65515899658203,12529700,0.0,0.0
2015-04-13 00:00:00-04:00,81.5456698839676,83.54624317893395,81.53571466736628,82.62060546875,26883100,0.0,0.0
2015-04-14 00:00:00-04:00,82.7798553118181,83.29742029178122,82.05328392749297,83.12821197509766,19634200,0.0,0.0
2015-04-15 00:00:00-04:00,83.15808514544679,83.26756976289198,81.88408301459422,82.322021484375,22390900,0.0,0.0
2015-04-16 00:00:00-04:00,82.08314990447485,82.68033389822718,81.76465126823318,81.92389678955078,13769700,0.0,0.0
2015-04-17 00:00:00-04:00,81.0977905825116,81.72483259552473,79.99299684986516,80.40106964111328,24215000,0.0,0.0
2015-04-20 00:00:00-04:00,81.15750134921814,82.75994953709849,80.85890559493274,82.70022583007812,28796800,0.0,0.0
2015-04-21 00:00:00-04:00,83.60596742352655,84.09366677395408,83.14812613220187,83.22775268554688,27171900,0.0,0.0
2015-04-22 00:00:00-04:00,83.92445833511876,84.34248631137645,83.25760309771641,84.23300170898438,45548000,0.0,0.0
2015-04-23 00:00:00-04:00,83.70548936766622,85.18849772208354,82.02342224121094,82.02342224121094,73728100,0.0,0.0
2015-04-24 00:00:00-04:00,82.38173369033969,82.55094201428155,81.09779158969177,81.14755249023438,29660400,0.0,0.0
2015-04-27 00:00:00-04:00,81.48595119379156,82.54097631199598,81.24707156454879,81.52576446533203,25446000,0.0,0.0
2015-04-28 00:00:00-04:00,81.44614351624577,81.51581484782557,79.853650513275,80.3015365600586,23775300,0.0,0.0
2015-04-29 00:00:00-04:00,79.63468040885913,81.00820418472314,79.14697349966214,80.09252166748047,26430300,0.0,0.0
2015-04-30 00:00:00-04:00,79.63468623468484,80.58022687807045,77.9526113619947,78.40049743652344,28999000,0.0,0.0
2015-05-01 00:00:00-04:00,78.86828832626793,79.3858532934181,77.74359181449269,78.61946105957031,24136400,0.0,0.0
2015-05-04 00:00:00-04:00,78.9578726007895,79.31618448371219,78.26115167572615,78.4403076171875,14692000,0.0,0.0
2015-05-05 00:00:00-04:00,78.18152841275408,78.43035567365577,76.85776556229177,77.1961669921875,22311300,0.0,0.0
2015-05-06 00:00:00-04:00,77.60424750649027,78.4403034599292,76.6885650069318,77.73363494873047,28663000,0.0,0.0
2015-05-07 00:00:00-04:00,77.63410482338628,78.56969774736541,77.19616641750578,78.06208801269531,19749400,0.0,0.0
2015-05-08 00:00:00-04:00,78.72895238743439,78.85834743707434,77.6639718987692,78.1417236328125,19943600,0.0,0.0
2015-05-11 00:00:00-04:00,78.11186235396977,78.6592778087266,77.56443930560704,77.6440658569336,18874100,0.0,0.0
2015-05-12 00:00:00-04:00,77.50472958393735,77.52463242660825,76.42979383315205,77.09664916992188,21285300,0.0,0.0
2015-05-13 00:00:00-04:00,77.35542820038971,78.16162618034546,77.28575686377138,78.07205200195312,21512300,0.0,0.0
2015-05-14 00:00:00-04:00,78.5697101248597,81.46605592779535,78.30097239033181,80.98831176757812,49438000,0.0,0.0
2015-05-15 00:00:00-04:00,81.02811659260745,81.13759360629665,79.80388307176679,80.04275512695312,27069900,0.0,0.0
2015-05-18 00:00:00-04:00,79.95317965877162,80.99824962928723,79.85365027018997,80.50059509277344,21613700,0.0,0.0
2015-05-19 00:00:00-04:00,80.8688720834455,81.30681055914378,80.17215868447688,80.25177764892578,17955400,0.0,0.0
2015-05-20 00:00:00-04:00,80.09252310911255,80.71956509758806,79.08725880925965,80.17214965820312,23056900,0.0,0.0
2015-05-21 00:00:00-04:00,79.81384508507423,80.54041652960238,79.70436046845661,80.10248565673828,13402700,0.0,0.0
2015-05-22 00:00:00-04:00,79.97307453395122,80.92857023766034,79.87354515528243,80.16218566894531,19567900,0.0,0.0
2015-05-26 00:00:00-04:00,80.05270894358853,80.22190966331856,78.70904321546408,78.95787048339844,16321300,0.0,0.0
2015-05-27 00:00:00-04:00,79.22660147336532,80.28163426480124,79.05740075175211,80.17214965820312,14160900,0.0,0.0
2015-05-28 00:00:00-04:00,79.87354671459622,80.68969978538122,79.62471946626414,79.77401733398438,11982000,0.0,0.0
2015-05-29 00:00:00-04:00,79.5749566430539,79.69439646445245,78.50997624813482,78.81852722167969,16134600,0.0,0.0
2015-06-01 00:00:00-04:00,78.92802188163829,80.00295003674869,78.29102460690379,79.91337585449219,18119000,0.0,0.0
2015-06-02 00:00:00-04:00,79.38585734299296,80.96839519498646,79.18679096331691,80.06266784667969,18923300,0.0,0.0
2015-06-03 00:00:00-04:00,80.96839283619339,82.14285786444653,80.86886344605784,82.05328369140625,31775000,0.0,0.0
2015-06-04 00:00:00-04:00,81.75468189348003,82.56087976576383,81.12763994765986,81.66510772705078,20863900,0.0,0.0
2015-06-05 00:00:00-04:00,81.48596195126821,82.07319069840234,81.12765005370613,81.75469207763672,16143100,0.0,0.0
2015-06-08 00:00:00-04:00,81.43618714008983,81.61534307497423,79.75411239554208,80.29158020019531,16915500,0.0,0.0
2015-06-09 00:00:00-04:00,80.22190886960723,80.80914516479716,78.947914485365,80.29158020019531,16497500,0.0,0.0
2015-06-10 00:00:00-04:00,80.45083427703163,82.21252799689407,80.43092384313172,81.77459716796875,21531200,0.0,0.0
2015-06-11 00:00:00-04:00,81.9238805373932,82.51111679017099,80.97834003433003,81.44613647460938,18656800,0.0,0.0
2015-06-12 00:00:00-04:00,80.98830697744953,81.70492317539043,80.81909865350767,81.14755249023438,11417900,0.0,0.0
2015-06-15 00:00:00-04:00,80.17214488576337,80.55035958102094,79.69439321326492,80.33139038085938,18805100,0.0,0.0
2015-06-16 00:00:00-04:00,80.44088409803064,81.12764983208288,80.07261698387394,80.67975616455078,13693700,0.0,0.0
2015-06-17 00:00:00-04:00,81.37647586468478,81.83431714914309,80.95844026269592,81.40633392333984,18350300,0.0,0.0
2015-06-18 00:00:00-04:00,81.25704073718416,82.79977300152828,81.18736939842319,82.52108764648438,26782600,0.0,0.0
2015-06-19 00:00:00-04:00,82.44146924598753,82.59076715627637,81.734800570468,82.12297058105469,23353200,0.0,0.0
2015-06-22 00:00:00-04:00,83.0187358158123,84.57141558447462,82.91919883075995,84.34249114990234,29383100,0.0,0.0
2015-06-23 00:00:00-04:00,84.56146489795755,87.55734758073112,84.36240610439911,87.46776580810547,50667900,0.0,0.0
2015-06-24 00:00:00-04:00,87.24880073858317,88.83133858782192,87.03977914188566,88.44316864013672,41370200,0.0,0.0
2015-06-25 00:00:00-04:00,88.84130107610584,88.98064375623758,87.4279562448164,87.56730651855469,27302000,0.0,0.0
2015-06-26 00:00:00-04:00,87.70662967538554,87.92559127141897,86.42268018545599,87.5971450805664,38214600,0.0,0.0
2015-06-29 00:00:00-04:00,86.20372759770669,87.0895521492217,85.32785826407566,85.39752960205078,35957900,0.0,0.0
2015-06-30 00:00:00-04:00,86.19376892073176,86.29329831475819,85.16860173440807,85.36766052246094,23016500,0.0,0.0
2015-07-01 00:00:00-04:00,86.36296907290435,87.53743413922352,86.08428373404996,86.5023193359375,25260000,0.0,0.0
2015-07-02 00:00:00-04:00,86.99001591834006,87.02982919314238,85.93498312009325,86.88053131103516,16908800,0.0,0.0
2015-07-06 00:00:00-04:00,86.08428749570517,87.77631763121055,85.98475809799457,87.13932037353516,24635900,0.0,0.0
2015-07-07 00:00:00-04:00,87.38814845254562,87.43790935504644,84.83020418092752,86.81086730957031,33059900,0.0,0.0
2015-07-08 00:00:00-04:00,85.88521954081527,86.3430607963413,85.0491559832767,85.24822235107422,24399300,0.0,0.0
2015-07-09 00:00:00-04:00,86.32315343460368,87.18906740994689,85.24821788562063,85.47713470458984,23307400,0.0,0.0
2015-07-10 00:00:00-04:00,86.94025346267934,87.80617516413739,86.36297232837397,87.53743743896484,23245900,0.0,0.0
2015-07-13 00:00:00-04:00,88.24410538532176,89.79678509742764,88.00522574222428,89.6773452758789,29976700,0.0,0.0
2015-07-14 00:00:00-04:00,90.0356553311187,90.37406435521248,89.22945743433903,89.25931549072266,26627800,0.0,0.0
2015-07-15 00:00:00-04:00,89.57781552998239,90.56316937460265,89.0005344518794,89.33894348144531,30886600,0.0,0.0
2015-07-16 00:00:00-04:00,89.8565098363922,90.43379097221387,89.34890003809342,90.42383575439453,21804100,0.0,0.0
2015-07-17 00:00:00-04:00,92.11585943676658,94.94253361111278,92.10590421964403,94.52450561523438,54001600,0.0,0.0
2015-07-20 00:00:00-04:00,95.40037974449638,98.13747988506861,94.91268039111323,97.45072174072266,54860500,0.0,0.0
2015-07-21 00:00:00-04:00,98.48582214605815,98.77446266621664,96.68431529271581,97.92845153808594,39453300,0.0,0.0
2015-07-22 00:00:00-04:00,96.28618972648731,97.12225322815203,95.47003665707447,96.58478546142578,28299500,0.0,0.0
2015-07-23 00:00:00-04:00,96.50516841591612,96.99286774360816,94.36525235456534,94.99230194091797,29418800,0.0,0.0
2015-07-24 00:00:00-04:00,96.89334919814276,97.30142961548187,95.43024345770304,96.49522399902344,33444900,0.0,0.0
2015-07-27 00:00:00-04:00,96.12696262874924,96.15682068923492,93.38986237800084,93.72826385498047,38585400,0.0,0.0
2015-07-28 00:00:00-04:00,94.39510868106905,95.11173242741161,92.8722870168939,94.84300231933594,35236000,0.0,0.0
2015-07-29 00:00:00-04:00,95.86817885889134,96.82367474994398,94.29558854933109,96.5350341796875,64648300,0.0,0.0
2015-07-30 00:00:00-04:00,94.46479377327479,95.36056592107994,91.36938175182414,94.76338195800781,86211300,0.0,0.0
2015-07-31 00:00:00-04:00,94.50460864780942,95.87814024943077,93.50929941468407,93.56902313232422,46509000,0.0,0.0
2015-08-03 00:00:00-04:00,93.0912632181859,94.63399543205735,92.36469179396461,93.69840240478516,29343100,0.0,0.0
2015-08-04 00:00:00-04:00,93.35003668243581,94.28562961910595,92.89219543080725,93.61876678466797,20136000,0.0,0.0
2015-08-05 00:00:00-04:00,94.80318963111198,96.63455468876653,94.73351829943176,95.98760986328125,29813200,0.0,0.0
2015-08-06 00:00:00-04:00,96.7241473672175,98.27682727333071,93.97709187719634,94.67381286621094,42271300,0.0,0.0
2015-08-07 00:00:00-04:00,94.93257880899296,94.9524892433251,93.17088505088653,93.85765075683594,23199100,0.0,0.0
2015-08-10 00:00:00-04:00,95.23118056174015,95.45014979152441,93.19079374995722,93.70835876464844,21624200,0.0,0.0
2015-08-11 00:00:00-04:00,93.2903241457266,94.31549129123914,92.46421578034254,93.18083953857422,22491000,0.0,0.0
2015-08-12 00:00:00-04:00,92.26515288116617,93.9969962266464,90.76224156930576,93.7481689453125,27050500,0.0,0.0
2015-08-13 00:00:00-04:00,93.60883179350668,94.28564234237719,92.91211080853638,92.99173736572266,17451800,0.0,0.0
2015-08-14 00:00:00-04:00,93.10120448581652,94.27566940596023,92.77275069435824,93.9770736694336,15929700,0.0,0.0
2015-08-17 00:00:00-04:00,93.9770868629711,94.01690013967108,92.95191966716646,93.48938751220703,18313500,0.0,0.0
2015-08-18 00:00:00-04:00,93.6386808862103,95.40037463200112,93.5988676114301,94.72356414794922,22278800,0.0,0.0
2015-08-19 00:00:00-04:00,94.18609692135819,95.64920250591064,93.71830802536084,94.86290740966797,23251300,0.0,0.0
2015-08-20 00:00:00-04:00,93.10120955529645,94.32543543578524,90.03565585530585,90.13518524169922,44598200,0.0,0.0
2015-08-21 00:00:00-04:00,87.10944610126315,88.76166279549072,85.20840973418072,85.65629577636719,62778700,0.0,0.0
2015-08-24 00:00:00-04:00,76.66865644369389,81.70491790771484,71.66225303679471,81.70491790771484,83710700,0.0,0.0
2015-08-25 00:00:00-04:00,86.5421167218073,87.2587404350781,82.61064910888672,82.61064910888672,52021200,0.0,0.0
2015-08-26 00:00:00-04:00,85.54680954441699,87.04972833145962,82.8694333718825,86.78099822998047,45124300,0.0,0.0
2015-08-27 00:00:00-04:00,88.68204763811286,89.6375435528123,86.78101102686061,89.30909729003906,42431400,0.0,0.0
2015-08-28 00:00:00-04:00,89.45838748840413,91.05088827129295,89.36881330601005,90.58309173583984,33215900,0.0,0.0
2015-08-31 00:00:00-04:00,90.17500020670104,90.62289384428205,88.4730226085466,89.01049041748047,32850700,0.0,0.0
2015-09-01 00:00:00-04:00,86.44260131869967,88.97068756334694,86.09424462218668,86.8208236694336,36097400,0.0,0.0
2015-09-02 00:00:00-04:00,88.39339478099285,89.46833038330078,87.21892979186504,89.46833038330078,27190500,0.0,0.0
2015-09-03 00:00:00-04:00,89.33895194937485,89.39866806876788,87.31847557811047,87.73650360107422,27048200,0.0,0.0
2015-09-04 00:00:00-04:00,86.79095257747979,87.97537286502266,86.29329801546761,87.84598541259766,27328700,0.0,0.0
2015-09-08 00:00:00-04:00,89.26927660123614,89.8166920561575,88.41331015823309,89.11002349853516,27012500,0.0,0.0
2015-09-09 00:00:00-04:00,90.35416379657339,91.54853933768821,89.74702460506809,90.01576232910156,32551100,0.0,0.0
2015-09-10 00:00:00-04:00,89.64748663118769,91.62814953218493,89.20954821531888,91.54853057861328,26437400,0.0,0.0
2015-09-11 00:00:00-04:00,91.24993512277466,91.64806026636064,90.70251210114324,91.61820220947266,21185000,0.0,0.0
2015-09-14 00:00:00-04:00,91.87698364257812,92.18553463747806,91.17031506934008,91.87698364257812,20127900,0.0,0.0
2015-09-15 00:00:00-04:00,91.93670552460287,92.81257481056475,91.35942441645244,92.46421813964844,18859400,0.0,0.0
2015-09-16 00:00:00-04:00,92.46421936329186,93.16093271434461,92.19548164673866,93.01163482666016,16321200,0.0,0.0
2015-09-17 00:00:00-04:00,92.93200989614215,95.06197068233081,92.46421342180628,93.89745330810547,27841800,0.0,0.0
2015-09-18 00:00:00-04:00,92.76280832004262,94.74347896556556,92.61351802471694,93.95718383789062,62300000,0.0,0.0
2015-09-21 00:00:00-04:00,94.17614602258573,96.03736910550447,94.07660904166784,95.1017837524414,28790000,0.0,0.0
2015-09-22 00:00:00-04:00,93.33013905092547,94.23587405531931,91.48881857513457,92.52394104003906,36888900,0.0,0.0
2015-09-23 00:00:00-04:00,92.96187939060333,93.87756201826767,92.36469539837034,93.52920532226562,21701400,0.0,0.0
2015-09-24 00:00:00-04:00,92.62345925434107,94.3254368460113,91.80730612394471,93.96713256835938,29106000,0.0,0.0
2015-09-25 00:00:00-04:00,95.34065352178587,95.40036963402481,91.62814747429027,92.3348159790039,28961600,0.0,0.0
2015-09-28 00:00:00-04:00,91.6480667382569,91.8570807448382,87.76635960298935,88.7915267944336,41199900,0.0,0.0
2015-09-29 00:00:00-04:00,88.68204455342129,89.63754043488503,85.31790232950067,86.26344299316406,42281800,0.0,0.0
2015-09-30 00:00:00-04:00,88.02513641493414,89.5977189714315,87.59715321189614,89.47828674316406,36169100,0.0,0.0
2015-10-01 00:00:00-04:00,89.62758907512143,90.52336120605469,87.94551423646485,90.52336120605469,29283700,0.0,0.0
2015-10-02 00:00:00-04:00,88.48297931773817,91.76749474736503,87.95546671681544,91.63810729980469,37881700,0.0,0.0
2015-10-05 00:00:00-04:00,92.50404255662437,93.82779806553991,92.22535718632636,93.56902313232422,27292500,0.0,0.0
2015-10-06 00:00:00-04:00,93.63868719232916,93.7282613714127,91.90684379398493,92.36469268798828,22172800,0.0,0.0
2015-10-07 00:00:00-04:00,92.67322889820768,93.22065192877523,90.94139322798453,91.96656036376953,24129300,0.0,0.0
2015-10-08 00:00:00-04:00,91.45895848635033,92.78272149713672,90.04562129572136,92.03623962402344,27290500,0.0,0.0
2015-10-09 00:00:00-04:00,92.46421847926493,93.30027449253491,91.80731081717629,92.80261993408203,20012900,0.0,0.0
2015-10-12 00:00:00-04:00,92.88224001214152,94.15623437800836,92.23528761252325,93.81783294677734,18449600,0.0,0.0
2015-10-13 00:00:00-04:00,93.22065602947731,94.9226337171937,93.11117141854766,93.67849731445312,19480300,0.0,0.0
2015-10-14 00:00:00-04:00,93.63868599156504,94.75342737176544,93.17088947939973,93.62873077392578,19253400,0.0,0.0
2015-10-15 00:00:00-04:00,94.54440616756888,95.84826620925888,94.45483199645112,95.50985717773438,27557500,0.0,0.0
2015-10-16 00:00:00-04:00,95.72883740146754,97.13221939901584,94.90272895817532,97.08245849609375,25412900,0.0,0.0
2015-10-19 00:00:00-04:00,96.72413752282337,98.1076165483306,96.46535503360738,98.00808715820312,23729900,0.0,0.0
2015-10-20 00:00:00-04:00,98.26687876355639,99.12283767294379,96.10705207003588,96.54499053955078,30881800,0.0,0.0
2015-10-21 00:00:00-04:00,96.91324720696339,97.71944512643289,96.0174675222164,96.65446472167969,21917800,0.0,0.0
2015-10-22 00:00:00-04:00,97.33127528729027,99.26217732139123,97.09240323566719,99.20245361328125,26392100,0.0,0.0
2015-10-23 00:00:00-04:00,101.43195461896086,102.36754001477888,99.69016368377734,101.71063995361328,42809700,0.0,0.0
2015-10-26 00:00:00-04:00,101.72059096869269,103.32303928997645,101.07364610322543,103.2832260131836,25961200,0.0,0.0
2015-10-27 00:00:00-04:00,102.45711733275881,103.61167189668598,101.91964952772864,103.21354675292969,23795500,0.0,0.0
2015-10-28 00:00:00-04:00,103.412608749425,103.98988980378446,102.43720256814161,103.71119689941406,24081500,0.0,0.0
2015-10-29 00:00:00-04:00,103.4723331968974,104.62689539863301,103.03439476263824,104.38801574707031,20316700,0.0,0.0
2015-10-30 00:00:00-04:00,104.01975469051513,104.22876868731521,101.1731700974376,101.49166870117188,33487100,0.0,0.0
2015-11-02 00:00:00-05:00,101.24284062888341,102.98463151537905,100.70537281553209,102.82537841796875,24003900,0.0,0.0
2015-11-03 00:00:00-05:00,102.73580549877254,103.16378871127507,101.91965234860558,102.09880828857422,21242300,0.0,0.0
2015-11-04 00:00:00-05:00,102.70594132257139,103.65148186442948,101.99927282190599,103.45242309570312,43469300,0.0,0.0
2015-11-05 00:00:00-05:00,108.28963780088037,110.13095819679481,107.4436189544061,108.24982452392578,63232900,0.0,0.0
2015-11-06 00:00:00-05:00,107.53318812966718,108.22990141074511,105.41318263701126,106.59759521484375,35084300,0.0,0.0
2015-11-09 00:00:00-05:00,106.49806535487504,107.74220163238526,105.36341367727414,105.9904556274414,26383500,0.0,0.0
2015-11-10 00:00:00-05:00,105.46295129316805,107.64268065146881,104.74632752640584,107.40380859375,25031700,0.0,0.0
2015-11-11 00:00:00-05:00,107.7621153789368,109.3546160502213,106.60756074522212,108.49864959716797,25057100,0.0,0.0
2015-11-12 00:00:00-05:00,107.97113929393615,108.87686666639851,107.493387563578,107.51329040527344,20924700,0.0,0.0
2015-11-13 00:00:00-05:00,107.20474385376944,107.74221168704376,103.34294722168717,103.4623794555664,30278400,0.0,0.0
2015-11-16 00:00:00-05:00,102.83534001058769,103.68135126061581,99.99871048114935,103.55196380615234,49309200,0.0,0.0
2015-11-17 00:00:00-05:00,104.12923865703658,105.70182123189969,103.65148695757058,104.6368408203125,26807200,0.0,0.0
2015-11-18 00:00:00-05:00,105.30369767645604,107.37393467326643,104.89561733207378,107.26445007324219,23836500,0.0,0.0
2015-11-19 00:00:00-05:00,106.85638172567793,107.22464881308056,105.45299230041338,105.76154327392578,25520600,0.0,0.0
2015-11-20 00:00:00-05:00,106.33882997476518,107.36400481678182,106.11986833208861,106.81658172607422,22129600,0.0,0.0
2015-11-23 00:00:00-05:00,106.68719051611372,106.96587586391426,105.58239674904283,106.44831085205078,19897200,0.0,0.0
2015-11-24 00:00:00-05:00,105.50276289574418,105.99046222065643,103.90031466314112,105.24398040771484,23577300,0.0,0.0
2015-11-25 00:00:00-05:00,105.8312175147998,106.09994762830085,104.60698399114763,104.91553497314453,15150800,0.0,0.0
2015-11-27 00:00:00-05:00,105.28379899052833,105.46295493841126,104.36811640961824,104.9553451538086,5913100,0.0,0.0
2015-11-30 00:00:00-05:00,105.3435076932179,105.60229017607823,103.2633153943019,103.75101470947266,20383200,0.0,0.0
2015-12-01 00:00:00-05:00,104.33826423645236,106.64738125408985,104.00981038120405,106.61752319335938,22781900,0.0,0.0
2015-12-02 00:00:00-05:00,106.49807891312884,107.41376150748651,105.29375575440937,105.57244110107422,24429100,0.0,0.0
2015-12-03 00:00:00-05:00,105.77148373807054,106.34876477862146,102.86518329017318,103.89035034179688,23236500,0.0,0.0
2015-12-04 00:00:00-05:00,104.3183466813093,107.22465508964942,103.62163333312164,105.68192291259766,21224700,0.0,0.0
2015-12-07 00:00:00-05:00,105.98050745481765,106.3288640919923,104.16904534790437,105.11458587646484,15474900,0.0,0.0
2015-12-08 00:00:00-05:00,103.51213828885051,106.40849118782481,103.46236980030801,105.9904556274414,20401800,0.0,0.0
2015-12-09 00:00:00-05:00,105.68192715185387,105.94070966024962,103.06426678882461,104.10933685302734,23517300,0.0,0.0
2015-12-10 00:00:00-05:00,104.55722419580474,105.90088996469699,103.92022697805425,104.92548370361328,17454300,0.0,0.0
2015-12-11 00:00:00-05:00,103.66142902457017,103.85053256208184,101.43193909496478,101.64095306396484,26427700,0.0,0.0
2015-12-14 00:00:00-05:00,101.81017432358831,104.2486787146361,100.98406590289957,104.16905975341797,24648100,0.0,0.0
2015-12-15 00:00:00-05:00,104.80604445961669,105.30369897729082,103.79082499114246,104.05956268310547,21764300,0.0,0.0
2015-12-16 00:00:00-05:00,104.87572536323658,106.58765068170165,103.70126029055568,106.2890625,22680500,0.0,0.0
2015-12-17 00:00:00-05:00,106.98578002103596,107.24456253014911,105.6321589491298,105.72174072265625,21675700,0.0,0.0
2015-12-18 00:00:00-05:00,105.58239536238351,106.08999755623671,103.48229247011723,103.55196380615234,35994200,0.0,0.0
2015-12-21 00:00:00-05:00,104.41787655990922,104.65674860679658,103.11401653477031,104.27852630615234,16138800,0.0,0.0
2015-12-22 00:00:00-05:00,104.726412279457,105.1643506614004,104.31833195199064,105.01505279541016,14597100,0.0,0.0
2015-12-23 00:00:00-05:00,105.39328229342863,105.6122515151881,103.3728059912759,104.13919067382812,19599700,0.0,0.0
2015-12-24 00:00:00-05:00,104.24867367398507,104.82595477813955,104.00980161466819,104.52735900878906,6501800,0.0,0.0
2015-12-28 00:00:00-05:00,104.52735531028979,105.48285870096034,104.03965599163911,105.43309020996094,13069700,0.0,0.0
2015-12-29 00:00:00-05:00,105.92078764273947,107.23459528951273,105.75158692612298,106.75685119628906,17179900,0.0,0.0
2015-12-30 00:00:00-05:00,106.49808065638936,106.74690794764261,105.56248761132315,105.72174072265625,13115000,0.0,0.0
2015-12-31 00:00:00-05:00,105.50277037549799,105.67197110929509,104.12924647600579,104.16905975341797,18391100,0.0,0.0
2016-01-04 00:00:00-05:00,101.4717560746163,101.76039661451495,99.2820791704545,101.74049377441406,37912400,0.0,0.0
2016-01-05 00:00:00-05:00,102.40735341861189,103.22350658266241,101.19307509301349,102.24810791015625,23258200,0.0,0.0
2016-01-06 00:00:00-05:00,100.65560397764992,103.28321932702845,100.42668714291776,102.48697662353516,25096200,0.0,0.0
2016-01-07 00:00:00-05:00,100.02856990923732,100.9542077255745,96.84358365603742,97.4606704711914,45172900,0.0,0.0
2016-01-08 00:00:00-05:00,99.41146960851268,100.02856398069865,96.57484020837819,96.8734359741211,35402300,0.0,0.0
2016-01-11 00:00:00-05:00,97.45072222340211,98.13748037114962,94.9425389206533,97.05259704589844,29932400,0.0,0.0
2016-01-12 00:00:00-05:00,98.53560252214555,99.49109836264273,97.09240734082923,98.90386962890625,28395400,0.0,0.0
2016-01-13 00:00:00-05:00,100.10819005394875,100.10819005394875,94.76337750912455,94.99230194091797,33410600,0.0,0.0
2016-01-14 00:00:00-05:00,95.400371016297,98.40620860263105,92.01631872429411,97.90855407714844,48658600,0.0,0.0
2016-01-15 00:00:00-05:00,93.53915174106224,95.92788748528491,93.10121331093873,94.52450561523438,46132800,0.0,0.0
2016-01-19 00:00:00-05:00,96.07718773443078,96.96301224001569,93.47943033467095,94.81314849853516,30998300,0.0,0.0
2016-01-20 00:00:00-05:00,92.39454321579254,94.55436208516733,88.95077472897596,93.90740966796875,59051400,0.0,0.0
2016-01-21 00:00:00-05:00,94.46478931210572,95.53971735742886,92.18553058633472,93.71830749511719,30518900,0.0,0.0
2016-01-22 00:00:00-05:00,95.95776136562263,97.60997065018398,95.04207115196506,97.48058319091797,30495400,0.0,0.0
2016-01-25 00:00:00-05:00,98.25691694363287,99.01335399644077,96.4753127184385,96.55493927001953,32482000,0.0,0.0
2016-01-26 00:00:00-05:00,97.30142030012723,97.42085253290433,95.21127269686367,96.88338470458984,26877100,0.0,0.0
2016-01-27 00:00:00-05:00,97.33127913736813,97.39099525423465,93.78798112264423,94.00694274902344,58699400,0.0,0.0
2016-01-28 00:00:00-05:00,106.69712355260948,109.82239325755354,104.3183356101891,108.5981674194336,107475300,0.0,0.0
2016-01-29 00:00:00-05:00,108.47873541738099,112.3106738889601,108.3294375354014,111.68363189697266,62739500,0.0,0.0
2016-02-01 00:00:00-05:00,111.7433462123723,115.17716706816849,111.48457132095542,114.55011749267578,46132700,0.0,0.0
2016-02-02 00:00:00-05:00,114.2614912306865,117.03839702269603,112.6689905468366,114.07238006591797,59778600,0.0,0.0
2016-02-03 00:00:00-05:00,114.72927628190553,114.79894761495852,109.23517340708212,112.16138458251953,56919300,0.0,0.0
2016-02-04 00:00:00-05:00,111.27556268692801,111.41490535628147,108.73752139272187,109.9717025756836,38890200,0.0,0.0
2016-02-05 00:00:00-05:00,108.99629352714797,109.06596485520055,102.6959855722022,103.5818099975586,76894700,0.0,0.0
2016-02-08 00:00:00-05:00,99.93899692739255,102.19834539131669,97.00283033374981,99.28208923339844,71229700,0.0,0.0
2016-02-09 00:00:00-05:00,96.68432340125938,101.9196512870532,96.36582479947756,99.07306671142578,62709000,0.0,0.0
2016-02-10 00:00:00-05:00,101.07363761754449,102.76565997435316,99.76977759126417,100.52621459960938,45179400,0.0,0.0
2016-02-11 00:00:00-05:00,99.13278425902787,104.61693949402662,98.41616049626,101.43195343017578,43670600,0.0,0.0
2016-02-12 00:00:00-05:00,103.25336705428296,103.75102161944824,100.61579634018577,101.53148651123047,36176800,0.0,0.0
2016-02-16 00:00:00-05:00,103.31308345821296,103.44247090230593,99.76977804120916,101.13335418701172,45687200,0.0,0.0
2016-02-17 00:00:00-05:00,101.54142926478703,105.22407742653857,99.92903341089661,104.70651245117188,44073400,0.0,0.0
2016-02-18 00:00:00-05:00,105.3037064385581,105.5027652222899,102.5466959628771,102.98463439941406,29593500,0.0,0.0
2016-02-19 00:00:00-05:00,102.06894681974099,104.52735381158804,101.58123991447741,104.0794677734375,32404500,0.0,0.0
2016-02-22 00:00:00-05:00,104.99516130344647,107.742216714952,104.84586341052436,106.65733337402344,35709700,0.0,0.0
2016-02-23 00:00:00-05:00,106.34878061764383,106.96587502120208,104.62690004932473,104.96530151367188,25319300,0.0,0.0
2016-02-24 00:00:00-05:00,103.72116561308471,106.44831055794906,102.25805994756797,106.3786392211914,34412400,0.0,0.0
2016-02-25 00:00:00-05:00,106.6075610960493,107.56305694580078,105.11459740701147,107.56305694580078,29906300,0.0,0.0
2016-02-26 00:00:00-05:00,108.19009721500917,108.93657904747779,106.65732786804679,107.41375732421875,26686200,0.0,0.0
2016-02-29 00:00:00-05:00,107.09525990792423,108.39912002017206,106.24924867373977,106.41844940185547,32779000,0.0,0.0
2016-03-01 00:00:00-05:00,107.32418468631174,109.30484771728516,107.0952602465562,109.30484771728516,26817300,0.0,0.0
2016-03-02 00:00:00-05:00,109.16550449814191,110.03142616554835,108.25976955473456,109.43423461914062,25670200,0.0,0.0
2016-03-03 00:00:00-05:00,109.73283431514731,109.78260281032911,108.03085657169615,109.06597900390625,21353100,0.0,0.0
2016-03-04 00:00:00-05:00,109.53377041474522,109.53377041474522,107.42371237127989,107.88155364990234,24938900,0.0,0.0
2016-03-07 00:00:00-05:00,107.56305906243948,107.56305906243948,104.22877494336377,105.23403930664062,31436400,0.0,0.0
2016-03-08 00:00:00-05:00,104.28848325942495,106.86633770236116,103.91026854608847,105.43309020996094,25617000,0.0,0.0
2016-03-09 00:00:00-05:00,106.1994859329341,107.00569152832031,104.99516274244094,107.00569152832031,20493300,0.0,0.0
2016-03-10 00:00:00-05:00,107.40381809552477,108.15029998634068,105.27384944761206,106.81658172607422,24854300,0.0,0.0
2016-03-11 00:00:00-05:00,107.97113650811116,108.90672191578018,107.41375823814018,108.89677429199219,20697600,0.0,0.0
2016-03-14 00:00:00-04:00,108.76738017324377,109.81245779393683,108.25977039231233,109.37451934814453,17249400,0.0,0.0
2016-03-15 00:00:00-04:00,108.59818377748647,110.3101167590513,108.32944605007931,110.15086364746094,17618500,0.0,0.0
2016-03-16 00:00:00-04:00,109.97170322301058,111.97227669279826,109.58353327129737,111.65377807617188,24744800,0.0,0.0
2016-03-17 00:00:00-04:00,111.62392603485569,112.16139390318799,110.21058882198541,110.49922180175781,24241200,0.0,0.0
2016-03-18 00:00:00-04:00,111.036684929977,111.89265139556464,109.75273523159555,110.92720031738281,36256900,0.0,0.0
2016-03-21 00:00:00-04:00,111.13622144058085,111.8428900138091,110.5091718268555,111.32532501220703,18448000,0.0,0.0
2016-03-22 00:00:00-04:00,110.83761762099067,112.35048405225866,110.64850646948011,111.72344207763672,19001100,0.0,0.0
2016-03-23 00:00:00-04:00,111.48457236263607,112.65903738273583,111.47461714560993,112.0120849609375,18562000,0.0,0.0
2016-03-24 00:00:00-04:00,111.60400893478729,112.55950477912174,111.15612286805757,112.51969909667969,17839100,0.0,0.0
2016-03-28 00:00:00-04:00,112.78843301364446,114.05247229788205,112.42016589301159,113.15670013427734,21351800,0.0,0.0
2016-03-29 00:00:00-04:00,113.29603796769115,115.77435552874857,113.10692680658033,115.59519958496094,29825300,0.0,0.0
2016-03-30 00:00:00-04:00,116.18243298147152,116.44120787650559,113.82354771331381,114.16194915771484,33235200,0.0,0.0
2016-03-31 00:00:00-04:00,114.16195753644043,114.47050853948156,113.23631971452956,113.56477355957031,21207500,0.0,0.0
2016-04-01 00:00:00-04:00,113.21641748315959,115.6250638392369,112.81829229856348,115.51557922363281,24760500,0.0,0.0
2016-04-04 00:00:00-04:00,113.53490779916739,114.01265950442331,111.08644834454435,112.02204132080078,48487900,0.0,0.0
2016-04-05 00:00:00-04:00,111.58410364850444,112.78842674654504,111.37508964903681,111.69358825683594,22962400,0.0,0.0
2016-04-06 00:00:00-04:00,111.94241642929542,113.27612698714924,111.8926479365253,113.17659759521484,20814600,0.0,0.0
2016-04-07 00:00:00-04:00,113.25622384866777,114.3510623442816,112.5396000788534,113.10692596435547,20714500,0.0,0.0
2016-04-08 00:00:00-04:00,113.71406760596794,113.79369415848569,109.3844744280943,110.11104583740234,48497800,0.0,0.0
2016-04-11 00:00:00-04:00,110.18071453026268,110.38973612401085,108.25976766007156,108.4787368774414,39762300,0.0,0.0
2016-04-12 00:00:00-04:00,108.82709393089307,110.63856379243933,108.4787372627518,110.09114074707031,26248100,0.0,0.0
2016-04-13 00:00:00-04:00,111.70355598100502,112.12158402674511,106.02033370945394,109.99162292480469,88227400,0.0,0.0
2016-04-14 00:00:00-04:00,110.10109148495246,111.51442853454265,109.742779614126,110.32005310058594,28473300,0.0,0.0
2016-04-15 00:00:00-04:00,110.27030131272929,110.44945726294225,108.68775582024706,109.12569427490234,20922800,0.0,0.0
2016-04-18 00:00:00-04:00,109.22522381094174,110.29020429590491,108.68775595961367,109.93189239501953,21167200,0.0,0.0
2016-04-19 00:00:00-04:00,110.57883207874329,111.92249775495091,108.6479377178307,111.76325225830078,30210500,0.0,0.0
2016-04-20 00:00:00-04:00,111.90260200672394,112.73865800272976,111.03668035919866,111.89264678955078,21027900,0.0,0.0
2016-04-21 00:00:00-04:00,112.02205050419307,113.50505904635698,111.78317083517926,112.90787506103516,20875200,0.0,0.0
2016-04-22 00:00:00-04:00,110.68831898095108,111.22578678132841,108.4986420996557,110.04136657714844,38458200,0.0,0.0
2016-04-25 00:00:00-04:00,109.35461739210052,110.15086014390741,108.55836704668756,109.58353424072266,21017900,0.0,0.0
2016-04-26 00:00:00-04:00,109.97170508897645,109.98166030661663,107.64268533917904,108.24982452392578,22521500,0.0,0.0
2016-04-27 00:00:00-04:00,107.43367078215466,108.42897992012205,105.8113120273599,108.37921142578125,52213100,0.0,0.0
2016-04-28 00:00:00-04:00,119.01907130171833,120.22339447536513,115.68478713089704,116.18244171142578,87110100,0.0,0.0
2016-04-29 00:00:00-04:00,116.27200536269358,117.28721727385917,115.2965991319924,117.0284423828125,37140600,0.0,0.0
2016-05-02 00:00:00-04:00,117.27727495511208,118.17305467819023,116.02318334280265,118.01380157470703,28095200,0.0,0.0
2016-05-03 00:00:00-04:00,116.96872456659015,117.60572939019043,116.47107000605673,116.879150390625,24117500,0.0,0.0
2016-05-04 00:00:00-04:00,116.06299231183034,117.74506708532535,116.02317903743693,117.50618743896484,23448400,0.0,0.0
2016-05-05 00:00:00-04:00,117.48629444366128,118.42188748629304,116.69999929411424,117.25736999511719,22056700,0.0,0.0
2016-05-06 00:00:00-04:00,116.61041708865334,119.07877938915688,116.56064859651501,118.92948150634766,26395600,0.0,0.0
2016-05-09 00:00:00-04:00,118.97924455566984,119.71577112526828,118.34224737218922,118.68064880371094,21138100,0.0,0.0
2016-05-10 00:00:00-04:00,119.05888409351088,119.93475341796875,118.44178968247536,119.93475341796875,23220000,0.0,0.0
2016-05-11 00:00:00-04:00,119.84517506151069,120.51203035098868,118.8598135630338,118.95934295654297,22038400,0.0,0.0
2016-05-12 00:00:00-04:00,119.41718636927214,120.27314518915725,118.3422507439202,119.71577453613281,22035500,0.0,0.0
2016-05-13 00:00:00-04:00,119.81530408118985,120.07408656769076,119.11859076400158,119.24797821044922,18124300,0.0,0.0
2016-05-16 00:00:00-04:00,118.81999556388037,119.04891999409722,116.79951934089377,118.11332702636719,31247800,0.0,0.0
2016-05-17 00:00:00-04:00,118.2626280048271,118.45173916545451,116.65022451485997,116.79952239990234,21328600,0.0,0.0
2016-05-18 00:00:00-04:00,116.25211039420843,117.71520844892216,116.18243905826968,117.0981216430664,21642300,0.0,0.0
2016-05-19 00:00:00-04:00,116.50093409660951,116.93886494035635,115.33641666943124,116.26205444335938,20544100,0.0,0.0
2016-05-20 00:00:00-04:00,116.41135245495568,117.43651962205102,116.40139723765796,116.79952239990234,18944800,0.0,0.0
2016-05-23 00:00:00-04:00,116.86918999723437,117.04834593483608,115.3961368157142,115.42599487304688,20441000,0.0,0.0
2016-05-24 00:00:00-04:00,115.69472261339604,117.17773857513139,115.57529038651111,117.14787292480469,20183600,0.0,0.0
2016-05-25 00:00:00-04:00,117.57586241660724,118.11333024717597,116.82938058419609,117.33699035644531,20019800,0.0,0.0
2016-05-26 00:00:00-04:00,117.68534291246807,119.19821695902448,117.3668443121834,118.90957641601562,18481300,0.0,0.0
2016-05-27 00:00:00-04:00,118.99915563969037,119.28779619495283,118.45174018131475,118.81999969482422,13493600,0.0,0.0
2016-05-31 00:00:00-04:00,118.89963038499248,119.5366276347749,117.56591976626247,118.25267791748047,23547600,0.0,0.0
2016-06-01 00:00:00-04:00,117.94413873910861,118.52141989042381,117.26732818774752,118.22282409667969,15029500,0.0,0.0
2016-06-02 00:00:00-04:00,118.13323640795268,118.8797182133575,117.66543992825542,118.37210845947266,13228300,0.0,0.0
2016-06-03 00:00:00-04:00,118.42187825312035,118.42187825312035,117.30712934442343,117.91426849365234,14135100,0.0,0.0
2016-06-06 00:00:00-04:00,118.06356447851785,118.86976239431777,117.80478199441204,118.2327651977539,12744700,0.0,0.0
2016-06-07 00:00:00-04:00,118.68065669169162,118.74038040221612,117.11802168560605,117.20760345458984,17103000,0.0,0.0
2016-06-08 00:00:00-04:00,117.20759852086147,118.04365449695241,116.71989160786949,117.83464050292969,14505600,0.0,0.0
2016-06-09 00:00:00-04:00,117.57585439365992,118.12327740418297,117.15782641849981,118.00383758544922,13859200,0.0,0.0
2016-06-10 00:00:00-04:00,116.98863483814584,117.55596073261788,115.71464037993537,116.07295227050781,18510800,0.0,0.0
2016-06-13 00:00:00-04:00,114.46053617739136,114.93828784349195,112.77846152013518,113.41545867919922,31718200,0.0,0.0
2016-06-14 00:00:00-04:00,113.53491145840026,114.4107807537254,113.04721211390378,114.40083312988281,17618500,0.0,0.0
2016-06-15 00:00:00-04:00,114.7591446466628,114.89848731606322,113.53491108709507,114.06242370605469,19819400,0.0,0.0
2016-06-16 00:00:00-04:00,113.33584382125918,113.96288578664934,112.41020610457535,113.85340118408203,19236300,0.0,0.0
2016-06-17 00:00:00-04:00,113.88325653798982,113.89321175442481,112.0319811485538,112.48982238769531,24644300,0.0,0.0
2016-06-20 00:00:00-04:00,113.23631336730818,114.18186157182424,112.22110142289517,112.83819580078125,20785400,0.0,0.0
2016-06-21 00:00:00-04:00,113.58468516631325,114.6695685162258,113.43538727215478,113.84346008300781,19166300,0.0,0.0
2016-06-22 00:00:00-04:00,114.1121903685667,114.20176454305575,113.07706798848237,113.37566375732422,14846300,0.0,0.0
2016-06-23 00:00:00-04:00,113.83350023889662,114.55011638543841,113.00739189435981,114.54016876220703,16176900,0.0,0.0
2016-06-24 00:00:00-04:00,110.48926456907255,113.14673802561305,110.47930935193033,111.55424499511719,40643100,0.0,0.0
2016-06-27 00:00:00-04:00,111.04664169078964,111.04664169078964,107.72231277085781,108.4588394165039,36130400,0.0,0.0
2016-06-28 00:00:00-04:00,110.1110512546609,112.22110943855643,110.03143229183202,112.17134094238281,26813800,0.0,0.0
2016-06-29 00:00:00-04:00,112.83819374189282,113.71406300331881,112.50973992125596,113.6244888305664,20968300,0.0,0.0
2016-06-30 00:00:00-04:00,114.13209695803309,114.63970674429385,113.13678782067808,113.74392700195312,23192700,0.0,0.0
2016-07-01 00:00:00-04:00,113.66429790451625,114.58993568528344,113.27612795712412,113.65435028076172,14980000,0.0,0.0
2016-07-05 00:00:00-04:00,113.40551649416173,113.66429138183594,112.44006549296157,113.66429138183594,14207000,0.0,0.0
2016-07-06 00:00:00-04:00,112.82824377689204,116.242154402364,112.4400738230179,116.15257263183594,24337600,0.0,0.0
2016-07-07 00:00:00-04:00,116.08289657785197,116.42130561754922,114.81885737316121,115.30655670166016,16630200,0.0,0.0
2016-07-08 00:00:00-04:00,115.88385019755161,116.94883073539778,115.30656904039215,116.69004821777344,18142600,0.0,0.0
2016-07-11 00:00:00-04:00,117.15783216665479,118.14318604033565,116.94881816881978,117.31708526611328,17711600,0.0,0.0
2016-07-12 00:00:00-04:00,118.07352153289365,118.1631033049187,117.018496265616,117.3768081665039,15217700,0.0,0.0
2016-07-13 00:00:00-04:00,117.83464121732581,117.84459643432218,116.13266360401728,116.23219299316406,16207700,0.0,0.0
2016-07-14 00:00:00-04:00,116.94882113203718,117.08816380079114,116.15257080178094,116.73980712890625,14579700,0.0,0.0
2016-07-15 00:00:00-04:00,117.18769793713135,117.72516579276875,116.03314326449288,116.31182861328125,16646000,0.0,0.0
2016-07-18 00:00:00-04:00,116.76966425536375,119.04892302408331,116.34168103514818,118.81005096435547,20868400,0.0,0.0
2016-07-19 00:00:00-04:00,118.43182417219496,120.28309965080732,118.10337795007129,120.04422760009766,21541300,0.0,0.0
2016-07-20 00:00:00-04:00,120.68122822240237,121.62676882876444,119.9944625143169,121.34808349609375,20046500,0.0,0.0
2016-07-21 00:00:00-04:00,121.34808005249458,121.52723598892821,119.6859157272304,120.04422760009766,17801700,0.0,0.0
2016-07-22 00:00:00-04:00,119.3375574907337,120.44235115184127,118.75032119824327,120.4323959350586,18422400,0.0,0.0
2016-07-25 00:00:00-04:00,120.8205761742493,121.27841746846676,117.22750956311904,121.0594482421875,18487400,0.0,0.0
2016-07-26 00:00:00-04:00,121.42771472887264,121.49738606472694,120.18357830747026,120.65137481689453,17612000,0.0,0.0
2016-07-27 00:00:00-04:00,121.84573107820165,124.41363022858492,120.94000379881234,122.76141357421875,52654200,0.0,0.0
2016-07-28 00:00:00-04:00,126.92181858264144,127.72802415217738,123.0500666236016,124.41364288330078,78955800,0.0,0.0
2016-07-29 00:00:00-04:00,124.06528060903437,125.24969327223741,123.12968762677491,123.35861206054688,35058800,0.0,0.0
2016-08-01 00:00:00-04:00,123.26902641624216,123.99560537626205,122.28367256622552,123.72686767578125,25006900,0.0,0.0
2016-08-02 00:00:00-04:00,123.47805488279819,124.214589146031,121.4973917337188,122.51260375976562,23968400,0.0,0.0
2016-08-03 00:00:00-04:00,122.51259915619208,123.3387075699723,121.73625923716243,121.9353256225586,18525300,0.0,0.0
2016-08-04 00:00:00-04:00,122.36330472833045,124.20462506784904,121.93532150618454,123.77664184570312,21066000,0.0,0.0
2016-08-05 00:00:00-04:00,124.39374177067513,125.24970065949226,124.03542986670227,124.56294250488281,20184000,0.0,0.0
2016-08-08 00:00:00-04:00,124.66246909885133,124.86152788831326,123.96575574212852,124.67242431640625,15233900,0.0,0.0
2016-08-09 00:00:00-04:00,124.7520358510046,125.49851765746664,123.9458379299794,124.47335052490234,19621000,0.0,0.0
2016-08-10 00:00:00-04:00,124.4833005995705,124.89138094850966,123.95578802643863,124.294189453125,10670100,0.0,0.0
2016-08-11 00:00:00-04:00,124.61270562786972,124.79186158304972,124.16481953672289,124.31411743164062,11729500,0.0,0.0
2016-08-12 00:00:00-04:00,124.11503352323065,124.413629270923,123.59747616664994,124.294189453125,12159000,0.0,0.0
2016-08-15 00:00:00-04:00,124.32406622049744,124.33401384433287,123.11973549908458,123.31880187988281,19295100,0.0,0.0
2016-08-16 00:00:00-04:00,122.92066979894659,123.3386977847044,122.20404605558718,122.72161102294922,14222400,0.0,0.0
2016-08-17 00:00:00-04:00,123.07992205451754,123.79653819937997,122.27371655193838,123.78659057617188,13794200,0.0,0.0
2016-08-18 00:00:00-04:00,123.42827236316089,123.67709961547311,123.06000529604097,123.32874298095703,12400800,0.0,0.0
2016-08-19 00:00:00-04:00,123.0202057320935,123.5775840030308,122.70170711738902,122.98039245605469,11688300,0.0,0.0
2016-08-22 00:00:00-04:00,122.75147379044787,124.24443744853572,122.53250457228472,123.567626953125,14386400,0.0,0.0
2016-08-23 00:00:00-04:00,123.92593323714003,124.5032067210343,123.66715075522539,123.78659057617188,13309500,0.0,0.0
2016-08-24 00:00:00-04:00,123.88612598622022,124.10509520513124,122.51259455618057,122.90077209472656,12243700,0.0,0.0
2016-08-25 00:00:00-04:00,122.54246084346313,123.78659723590307,122.52255040876477,123.30884552001953,10730800,0.0,0.0
2016-08-26 00:00:00-04:00,123.46809773473835,124.60274950899046,123.32875506727622,124.37382507324219,17504800,0.0,0.0
2016-08-29 00:00:00-04:00,123.7666818308399,126.13552228682272,123.7666818308399,125.9464111328125,15925900,0.0,0.0
2016-08-30 00:00:00-04:00,126.0061241989598,126.0061241989598,124.56292911404306,125.24968719482422,17804300,0.0,0.0
2016-08-31 00:00:00-04:00,125.01082398211207,125.62791837035255,124.51316942199729,125.52838897705078,14200600,0.0,0.0
2016-09-01 00:00:00-04:00,125.78715424679604,126.03598150779558,125.01081440745429,125.57814025878906,13536100,0.0,0.0
2016-09-02 00:00:00-04:00,126.25496641351867,126.2649216314062,125.40895513963132,125.91656494140625,12118800,0.0,0.0
2016-09-06 00:00:00-04:00,126.0758012999819,129.330466294569,125.87674251833137,129.12144470214844,26278400,0.0,0.0
2016-09-07 00:00:00-04:00,129.42998507520318,131.36088710535458,129.34041090362985,130.4352569580078,27990800,0.0,0.0
2016-09-08 00:00:00-04:00,130.305865126099,130.4651182265123,129.20107142120062,129.65892028808594,15676600,0.0,0.0
2016-09-09 00:00:00-04:00,129.10154132699745,129.34040577505493,126.50377655029297,126.50377655029297,27100700,0.0,0.0
2016-09-12 00:00:00-04:00,125.36912203033081,128.15598270310056,125.16010804939347,128.08631896972656,21252800,0.0,0.0
2016-09-13 00:00:00-04:00,127.42942680413508,127.74793301585984,126.06585815481711,126.61327362060547,18016200,0.0,0.0
2016-09-14 00:00:00-04:00,126.29476977292855,128.19581377901144,126.29476977292855,127.17063903808594,15691100,0.0,0.0
2016-09-15 00:00:00-04:00,127.37967293105771,128.4944219527749,127.07112191982867,127.74794006347656,15077200,0.0,0.0
2016-09-16 00:00:00-04:00,127.59863973785741,128.5740385269337,127.59863973785741,128.46456909179688,24119200,0.0,0.0
2016-09-19 00:00:00-04:00,129.30060796654266,129.33046602436727,127.65833885013092,128.0465087890625,14958800,0.0,0.0
2016-09-20 00:00:00-04:00,128.0465382019946,128.5641033018612,127.42945128225578,128.03659057617188,11083800,0.0,0.0
2016-09-21 00:00:00-04:00,128.52424653544728,129.400108063442,127.78771246246157,129.3304443359375,14068300,0.0,0.0
2016-09-22 00:00:00-04:00,129.88784614242263,130.11676299814684,128.95225309657684,129.46981811523438,15538300,0.0,0.0
2016-09-23 00:00:00-04:00,126.96163129554752,127.99676130457671,126.70285638689631,127.35975646972656,28326300,0.0,0.0
2016-09-26 00:00:00-04:00,126.77252278190872,127.55881788202487,126.20519689873703,126.71279907226562,15064900,0.0,0.0
2016-09-27 00:00:00-04:00,127.01138341610154,128.40480995568385,126.83222749049737,128.08631896972656,15637100,0.0,0.0
2016-09-28 00:00:00-04:00,128.60389930786633,128.8626742141456,127.79768615569564,128.62379455566406,12047600,0.0,0.0
2016-09-29 00:00:00-04:00,128.57401898875466,128.68350359446765,126.95167552418536,127.4891357421875,14532200,0.0,0.0
2016-09-30 00:00:00-04:00,127.42941717322542,127.9867878144065,126.8521360985133,127.66829681396484,18402900,0.0,0.0
2016-10-03 00:00:00-04:00,127.77778465581169,128.48444559835684,127.20050356646968,128.16595458984375,13156900,0.0,0.0
2016-10-04 00:00:00-04:00,128.56408280971186,128.67356742517077,126.95168682496455,127.58868408203125,14307500,0.0,0.0
2016-10-05 00:00:00-04:00,127.64838613988391,128.19580915687337,127.23035815978587,127.86735534667969,12386800,0.0,0.0
2016-10-06 00:00:00-04:00,127.82753457550609,128.45458413972864,127.47918551876873,128.13609313964844,11682700,0.0,0.0
2016-10-07 00:00:00-04:00,128.43467151499647,128.6436930952415,127.72801060321841,128.38491821289062,12804400,0.0,0.0
2016-10-10 00:00:00-04:00,129.0716730010304,130.0868925055833,128.5939288995042,129.62905883789062,15138700,0.0,0.0
2016-10-11 00:00:00-04:00,129.61910993749598,130.02719034521493,127.62849158243316,128.27545166015625,17537900,0.0,0.0
2016-10-12 00:00:00-04:00,128.40482024483933,129.0517802657233,127.85741239506015,128.44464111328125,11073000,0.0,0.0
2016-10-13 00:00:00-04:00,127.6085907563972,127.64839643938507,126.15543273833964,127.22041320800781,17139300,0.0,0.0
2016-10-14 00:00:00-04:00,127.88727524781618,128.34510894158427,126.98154029694567,127.2801284790039,13345300,0.0,0.0
2016-10-17 00:00:00-04:00,127.59861908936904,127.86735678932511,126.72274984590952,126.94171905517578,11351700,0.0,0.0
2016-10-18 00:00:00-04:00,128.07635784058579,128.78303392956872,127.40950261737649,127.96688842773438,13504000,0.0,0.0
2016-10-19 00:00:00-04:00,128.13608063619378,129.85796087998472,127.99673798965362,129.49964904785156,16752300,0.0,0.0
2016-10-20 00:00:00-04:00,129.45986142170688,130.0470901434847,128.89252794705905,129.3901824951172,13167500,0.0,0.0
2016-10-21 00:00:00-04:00,129.17121879717737,131.5102013478564,129.09159224362105,131.4504852294922,19088800,0.0,0.0
2016-10-24 00:00:00-04:00,132.09741453422373,132.7841801889384,131.53008110216885,132.65478515625,17470200,0.0,0.0
2016-10-25 00:00:00-04:00,132.87376428197467,132.87376428197467,131.59976985439783,131.66943359375,13336800,0.0,0.0
2016-10-26 00:00:00-04:00,131.02248448159744,131.63957124091837,130.32577117474946,130.42529296875,13084700,0.0,0.0
2016-10-27 00:00:00-04:00,131.12203663349328,131.1817527542449,128.66362174779925,129.08164978027344,16741400,0.0,0.0
2016-10-28 00:00:00-04:00,129.88783057757348,132.34624513758183,129.32049713116658,130.6741180419922,24545500,0.0,0.0
2016-10-31 00:00:00-04:00,131.39073832369618,131.50022292343533,130.266049457878,130.3755340576172,15669000,0.0,0.0
2016-11-01 00:00:00-04:00,130.79357643206478,131.3210890560436,128.0465135131585,128.8925323486328,22077800,0.0,0.0
2016-11-02 00:00:00-04:00,129.61909921181908,129.61909921181908,125.68763132333234,126.57345581054688,39640900,0.0,0.0
2016-11-03 00:00:00-04:00,121.42769838968913,122.70169269880085,118.93942588170368,119.43708038330078,63766300,0.0,0.0
2016-11-04 00:00:00-04:00,119.02900868935191,121.35803587460364,118.69060724862615,120.1835708618164,30545500,0.0,0.0
2016-11-07 00:00:00-05:00,122.25382161698083,122.63203635069223,120.78076077114645,121.57701110839844,23008900,0.0,0.0
2016-11-08 00:00:00-05:00,121.45756920798215,124.02546852853192,120.96986987137733,123.63729858398438,19460800,0.0,0.0
2016-11-09 00:00:00-05:00,120.93005329241696,123.22921483863996,119.94469942883647,122.6021728515625,31916000,0.0,0.0
2016-11-10 00:00:00-05:00,123.34865202429263,123.59747928912066,114.72927192571922,120.23333740234375,67846700,0.0,0.0
2016-11-11 00:00:00-05:00,118.96930260756001,120.13381250158719,117.59577870129256,118.4616928100586,32840100,0.0,0.0
2016-11-14 00:00:00-05:00,118.57116591012743,118.57116591012743,113.01734711119673,114.54016876220703,51377000,0.0,0.0
2016-11-15 00:00:00-05:00,116.18243388277331,117.93417242080159,115.28665417946013,116.65022277832031,34681400,0.0,0.0
2016-11-16 00:00:00-05:00,113.94299016070872,117.3270350570537,113.67425244880941,115.79425811767578,32397900,0.0,0.0
2016-11-17 00:00:00-05:00,116.26205103721055,117.23745727539062,115.46580833052204,117.23745727539062,18597800,0.0,0.0
2016-11-18 00:00:00-05:00,117.83463783893679,118.57116440983306,116.29190577377302,116.47106170654297,22879300,0.0,0.0
2016-11-21 00:00:00-05:00,117.64553074670431,121.37793981346023,117.24741318780156,121.19878387451172,35415400,0.0,0.0
2016-11-22 00:00:00-05:00,121.82583767447616,122.40311878591494,120.33287399609681,120.90019989013672,26089200,0.0,0.0
2016-11-23 00:00:00-05:00,120.66132511678234,120.74094407336649,119.37737547099121,120.27314758300781,15672100,0.0,0.0
2016-11-25 00:00:00-05:00,120.44235721476811,120.57174466503423,119.50676422384204,119.8153076171875,8658600,0.0,0.0
2016-11-28 00:00:00-05:00,119.55652852511857,121.1191634652349,119.25793276591953,119.84516906738281,18101300,0.0,0.0
2016-11-29 00:00:00-05:00,120.00442849813786,121.52725034086075,119.83522775863675,120.30302429199219,18891000,0.0,0.0
2016-11-30 00:00:00-05:00,119.75559076431045,121.21869635819398,117.39670546053848,117.864501953125,30188900,0.0,0.0
2016-12-01 00:00:00-05:00,117.82468642746427,117.89435775948016,113.46523538074425,114.56007385253906,43277000,0.0,0.0
2016-12-02 00:00:00-05:00,114.57002493163746,115.93360105882063,113.76382703405613,114.8586654663086,25070400,0.0,0.0
2016-12-05 00:00:00-05:00,115.40608955025944,117.01849306008589,114.53022025741875,116.879150390625,20201500,0.0,0.0
2016-12-06 00:00:00-05:00,117.13791924230135,117.24740384035275,115.78429838785235,116.75969696044922,19131200,0.0,0.0
2016-12-07 00:00:00-05:00,116.45115744936172,117.39669799804688,116.02317425926515,117.39669799804688,21913700,0.0,0.0
2016-12-08 00:00:00-05:00,117.42657321401678,118.93943973388036,117.08816416484362,118.35221099853516,22442800,0.0,0.0
2016-12-09 00:00:00-05:00,118.66075004183318,119.37737379627777,118.39201233711363,119.11859130859375,17464700,0.0,0.0
2016-12-12 00:00:00-05:00,118.66075497093311,118.68065781222525,117.0981199500938,117.2175521850586,17805500,0.0,0.0
2016-12-13 00:00:00-05:00,117.30713171664812,120.9499590920824,117.05830444041113,119.74563598632812,29768000,0.0,0.0
2016-12-14 00:00:00-05:00,119.43708891091201,121.11916367636114,118.29248195679465,119.64610290527344,25913100,0.0,0.0
2016-12-15 00:00:00-05:00,119.51671049013962,121.92535652723274,119.06881686918253,120.00440979003906,20139600,0.0,0.0
2016-12-16 00:00:00-05:00,120.33286054435436,120.93004443022706,118.71050200196751,119.30769348144531,25324300,0.0,0.0
2016-12-19 00:00:00-05:00,119.28778793071673,119.79539767160472,117.9540774508059,118.68064880371094,15918100,0.0,0.0
2016-12-20 00:00:00-05:00,118.93944484221139,119.20817497472669,118.24273146635224,118.53136444091797,13684400,0.0,0.0
2016-12-21 00:00:00-05:00,118.36215807295343,118.64084341003431,117.92422722622885,118.48159790039062,10767600,0.0,0.0
2016-12-22 00:00:00-05:00,118.30244702805153,118.43183448478466,116.38150005097995,116.84929656982422,16258600,0.0,0.0
2016-12-23 00:00:00-05:00,116.45117190613144,117.00854260666831,115.75445853046034,116.71990203857422,10890000,0.0,0.0
2016-12-27 00:00:00-05:00,116.41135850125539,118.12329147229839,116.3118291039263,117.45643615722656,12051500,0.0,0.0
2016-12-28 00:00:00-05:00,117.63559075598832,117.69530687497725,116.10281375522099,116.37154388427734,12087400,0.0,0.0
2016-12-29 00:00:00-05:00,116.45116692361367,116.9786795417095,115.51557392179483,115.80421447753906,9934900,0.0,0.0
2016-12-30 00:00:00-05:00,116.0530472217357,116.2819716710726,114.23162962572785,114.51032257080078,18684100,0.0,0.0
2017-01-03 00:00:00-05:00,115.48572019108268,117.28722733404058,114.96816277099086,116.31182861328125,20663900,0.0,0.0
2017-01-04 00:00:00-05:00,116.99858042118916,119.0986830982625,116.739797945173,118.13323211669922,19630900,0.0,0.0
2017-01-05 00:00:00-05:00,118.30245092601116,120.38264348809429,117.76498305220055,120.10395812988281,19492200,0.0,0.0
2017-01-06 00:00:00-05:00,120.41249903160812,123.29888936523909,119.46695082437914,122.83110046386719,28545300,0.0,0.0
2017-01-09 00:00:00-05:00,122.97045156459376,124.84163007922443,122.462841759316,124.31411743164062,22880400,0.0,0.0
2017-01-10 00:00:00-05:00,124.23447432117149,124.91128477348919,123.69700652724813,123.76667785644531,17324600,0.0,0.0
2017-01-11 00:00:00-05:00,123.76667667765591,125.52837791767107,123.4780361469866,125.4985122680664,18356500,0.0,0.0
2017-01-12 00:00:00-05:00,125.02078238963718,126.1355313664371,124.21458441163365,126.02604675292969,18653900,0.0,0.0
2017-01-13 00:00:00-05:00,126.89194205627307,128.6635984517247,126.77250983639443,127.73795318603516,24884300,0.0,0.0
2017-01-17 00:00:00-05:00,127.4393652431146,127.73796099828286,126.8023756463929,127.27017211914062,15294500,0.0,0.0
2017-01-18 00:00:00-05:00,127.8076455876352,127.82754083490693,126.2450030057399,127.31993865966797,13145900,0.0,0.0
2017-01-19 00:00:00-05:00,127.62848596550673,127.74793338885831,126.85214605617595,126.9516830444336,12195500,0.0,0.0
2017-01-20 00:00:00-05:00,127.49910171778814,127.87730884828521,126.18528641661797,126.4440689086914,19097200,0.0,0.0
2017-01-23 00:00:00-05:00,126.71278435908008,128.64368621854214,126.35447251724989,128.32518005371094,16593600,0.0,0.0
2017-01-24 00:00:00-05:00,128.77308536856978,129.29063512217303,127.77777635242617,128.76312255859375,15162700,0.0,0.0
2017-01-25 00:00:00-05:00,129.3901671793742,131.12201026901673,129.1612503667833,130.86322021484375,18731300,0.0,0.0
2017-01-26 00:00:00-05:00,131.01253567225012,132.51544687678793,130.82342452198685,132.15713500976562,20020100,0.0,0.0
2017-01-27 00:00:00-05:00,132.0576063406775,132.32634405466032,130.46512086596164,131.55995178222656,19539500,0.0,0.0
2017-01-30 00:00:00-05:00,130.96277687880635,130.96277687880635,128.9920690578745,130.36558532714844,18956100,0.0,0.0
2017-01-31 00:00:00-05:00,129.5593889746306,130.04709592078996,128.91244410829927,129.7086944580078,19790500,0.0,0.0
2017-02-01 00:00:00-05:00,131.62962758612318,132.86381632918503,130.0669850198139,132.6050262451172,50139800,0.0,0.0
2017-02-02 00:00:00-05:00,132.59508263911508,134.85443860173407,129.78830362116395,130.2262420654297,54366400,0.0,0.0
2017-02-03 00:00:00-05:00,130.62437542023247,132.22682372372878,130.14661610402135,130.36558532714844,24804900,0.0,0.0
2017-02-06 00:00:00-05:00,130.3655704236756,131.4405059814453,129.68876758390036,131.4405059814453,17058500,0.0,0.0
2017-02-07 00:00:00-05:00,131.61967509330793,132.3761045088195,131.04239401809738,131.22154235839844,14596400,0.0,0.0
2017-02-08 00:00:00-05:00,131.97799487320506,133.80936000194623,131.81874176969404,133.5704803466797,22390600,0.0,0.0
2017-02-09 00:00:00-05:00,133.85913699272155,133.86908461711803,132.68466426378575,133.51077270507812,16470600,0.0,0.0
2017-02-10 00:00:00-05:00,133.47095744143266,134.30701344712006,133.05291425137725,133.56053161621094,15061900,0.0,0.0
2017-02-13 00:00:00-05:00,134.06814852962523,134.06814852962523,133.07283931234932,133.42120361328125,13526200,0.0,0.0
2017-02-14 00:00:00-05:00,133.47094945446256,133.60032930344067,131.92821739212593,133.2221221923828,14364900,0.0,0.0
2017-02-15 00:00:00-05:00,132.8239887607302,133.0728160214986,132.03770129907477,132.8140411376953,13226500,0.0,0.0
2017-02-16 00:00:00-05:00,132.44578117749379,133.24201625933347,132.39601268807613,133.212158203125,12831100,0.0,0.0
2017-02-17 00:00:00-05:00,132.87375217431747,133.46098084236718,132.54529838018541,132.9036102294922,12276500,0.0,0.0
2017-02-21 00:00:00-05:00,132.87377368837974,133.28185409145485,132.27658211377164,133.09274291992188,14759100,0.0,0.0
2017-02-22 00:00:00-05:00,132.9733077218298,136.1483311341355,132.83396504914933,135.48147583007812,27360100,0.0,0.0
2017-02-23 00:00:00-05:00,135.25256453291973,135.48148139303447,133.69988463437988,134.7250518798828,18422500,0.0,0.0
2017-02-24 00:00:00-05:00,133.53066264344744,134.98380531733523,133.53066264344744,134.80465698242188,12625700,0.0,0.0
2017-02-27 00:00:00-05:00,134.62551169490953,136.5365034622091,134.38664721600492,135.77012634277344,14306700,0.0,0.0
2017-02-28 00:00:00-05:00,136.14831105124813,136.1682214836119,134.11788737923362,134.9041748046875,16112100,0.0,0.0
2017-03-01 00:00:00-05:00,135.82983475404447,136.83509148254814,135.66063402868514,136.77537536621094,16257000,0.0,0.0
2017-03-02 00:00:00-05:00,136.44693836463884,137.17352503556936,135.67059838209997,136.1184844970703,12294800,0.0,0.0
2017-03-03 00:00:00-05:00,135.98907485132955,136.68578812065758,135.44165185856818,136.5265350341797,11160600,0.0,0.0
2017-03-06 00:00:00-05:00,136.23791513196434,137.1834557441308,135.86964043586536,136.77537536621094,12748200,0.0,0.0
2017-03-07 00:00:00-05:00,136.38720711016484,137.7209176822353,136.34740142785145,136.65594482421875,13527100,0.0,0.0
2017-03-08 00:00:00-05:00,136.50664111536852,137.34271232691555,136.40711931468792,137.073974609375,10184500,0.0,0.0
2017-03-09 00:00:00-05:00,137.073987684944,137.92000660109773,136.75548144307461,137.591552734375,15535300,0.0,0.0
2017-03-10 00:00:00-05:00,138.258393955297,138.83567506924624,137.57162823030205,138.13894653320312,16314100,0.0,0.0
2017-03-13 00:00:00-04:00,138.0593353984293,139.0247712773555,138.01951452859424,138.94515991210938,10955500,0.0,0.0
2017-03-14 00:00:00-04:00,138.80581605748137,138.80581605748137,137.87022305809825,138.66647338867188,12944000,0.0,0.0
2017-03-15 00:00:00-04:00,138.6365996382514,139.44281277686983,137.84036449778824,139.06459045410156,19344800,0.0,0.0
2017-03-16 00:00:00-04:00,139.54231937435995,139.59208786202018,139.07452292733217,139.33331298828125,13612900,0.0,0.0
2017-03-17 00:00:00-04:00,139.68169085978775,139.68169085978775,139.04469357299794,139.1840362548828,20592800,0.0,0.0
2017-03-20 00:00:00-04:00,139.05465247653507,139.53239663139624,138.59680357051732,139.2835693359375,12099500,0.0,0.0
2017-03-21 00:00:00-04:00,140.48787546508638,141.64243768306977,137.7507753996601,137.86026000976562,29894800,0.0,0.0
2017-03-22 00:00:00-04:00,137.28296406725207,139.13423942805179,136.95452545963536,138.9351806640625,17055400,0.0,0.0
2017-03-23 00:00:00-04:00,138.82570453162612,139.7314394283024,138.43753460265214,138.87547302246094,13022800,0.0,0.0
2017-03-24 00:00:00-04:00,139.4229114824731,140.35850453978583,139.10440525563777,139.6816864013672,16664700,0.0,0.0
2017-03-27 00:00:00-04:00,138.39774205191966,139.99022759923372,138.11905670145939,139.6617889404297,12800500,0.0,0.0
2017-03-28 00:00:00-04:00,139.70158977555616,141.28412764371467,139.35322550596612,141.0950164794922,14679400,0.0,0.0
2017-03-29 00:00:00-04:00,141.3239425068379,142.18985655124968,140.76655666174256,141.9808349609375,16527600,0.0,0.0
2017-03-30 00:00:00-04:00,141.7319958083297,142.2794187968656,141.18458800700392,141.74195861816406,12404000,0.0,0.0
2017-03-31 00:00:00-04:00,141.64244190232176,141.96094811837526,141.22441388416075,141.3836669921875,11478300,0.0,0.0
2017-04-03 00:00:00-04:00,141.2641998601066,141.80167522791183,140.1594214437284,141.61256408691406,13564000,0.0,0.0
2017-04-04 00:00:00-04:00,141.19455007269875,141.4234669141537,140.60732134638695,141.06515502929688,12948600,0.0,0.0
2017-04-05 00:00:00-04:00,141.59266601567634,142.7671386420438,140.62721498108337,141.18460083007812,17158100,0.0,0.0
2017-04-06 00:00:00-04:00,141.4433903145018,141.55287493344466,140.24902231789744,140.50779724121094,15103400,0.0,0.0
2017-04-07 00:00:00-04:00,140.53762634198117,140.88599056334388,139.58213821647706,140.11959838867188,11818300,0.0,0.0
2017-04-10 00:00:00-04:00,140.33858176992226,140.76655738900448,139.9703222663202,140.37838745117188,9039400,0.0,0.0
2017-04-11 00:00:00-04:00,140.13953354177102,140.36845039741965,138.15886283500222,139.26365661621094,16638100,0.0,0.0
2017-04-12 00:00:00-04:00,139.06458986008985,139.74139276403494,138.78590452467577,138.9252471923828,11612500,0.0,0.0
2017-04-13 00:00:00-04:00,138.9650465929396,139.92054997632042,138.67641364688296,138.7361297607422,10965600,0.0,0.0
2017-04-17 00:00:00-04:00,139.10440543188037,140.88601736767052,139.09445780748396,140.75662231445312,11519700,0.0,0.0
2017-04-18 00:00:00-04:00,140.6073257505215,141.24432298941787,139.95041807650625,140.2987823486328,14807500,0.0,0.0
2017-04-19 00:00:00-04:00,140.68696322125268,142.36902303263417,140.60733666181002,141.60264587402344,15563900,0.0,0.0
2017-04-20 00:00:00-04:00,142.27943891745667,143.5733438404631,142.0206640077403,143.12545776367188,15968200,0.0,0.0
2017-04-21 00:00:00-04:00,143.22498119175685,143.49371891576766,141.60263759797286,143.00601196289062,12382000,0.0,0.0
2017-04-24 00:00:00-04:00,144.2800107522225,144.98667169336645,143.66290879603287,144.78761291503906,14407200,0.0,0.0
2017-04-25 00:00:00-04:00,145.10612782558078,146.45974900327866,145.10612782558078,145.8028564453125,17767500,0.0,0.0
2017-04-26 00:00:00-04:00,146.40001016044224,146.8976647046171,145.40470107209242,145.87249755859375,12395000,0.0,0.0
2017-04-27 00:00:00-04:00,145.98198917681168,147.0569248663203,145.4544765496286,147.0071563720703,11275100,0.0,0.0
2017-04-28 00:00:00-04:00,148.79871468694753,150.81919100250238,148.3707390516228,149.54519653320312,30652200,0.0,0.0
2017-05-01 00:00:00-04:00,151.02818833946054,151.85429660573624,150.70968217969707,151.74481201171875,25218300,0.0,0.0
2017-05-02 00:00:00-04:00,152.62069464392354,152.72023162939178,150.94858263598107,152.06332397460938,21870400,0.0,0.0
2017-05-03 00:00:00-04:00,152.879480521188,152.879480521188,150.630072284129,151.08792114257812,29782500,0.0,0.0
2017-05-04 00:00:00-04:00,149.4655768836499,150.80925034385334,148.0223816183431,150.14239501953125,36225500,0.0,0.0
2017-05-05 00:00:00-04:00,150.73954795259675,150.91871147344042,149.08733133544132,149.5352325439453,17148500,0.0,0.0
2017-05-08 00:00:00-04:00,150.00304557036657,150.37130508832718,149.03759449989656,150.3513946533203,15827500,0.0,0.0
2017-05-09 00:00:00-04:00,150.77938079599807,151.87421169199814,149.50538636492172,149.77410888671875,17453900,0.0,0.0
2017-05-10 00:00:00-04:00,149.5252753416275,149.8139234729202,148.16170679380122,149.58499145507812,12080700,0.0,0.0
2017-05-11 00:00:00-04:00,149.6049040835175,149.94330552284322,148.70913199419383,149.33616638183594,11841900,0.0,0.0
2017-05-12 00:00:00-04:00,149.69448063328218,149.7542119357691,148.92810357096477,149.62481689453125,9598200,0.0,0.0
2017-05-15 00:00:00-04:00,149.46557845548642,150.76943105759014,149.0674608564608,149.48548889160156,15064700,0.0,0.0
2017-05-16 00:00:00-04:00,149.40584639652923,149.505383379274,148.33091076917302,149.077392578125,14550800,0.0,0.0
2017-05-17 00:00:00-04:00,147.3057498822803,147.97260517076845,143.74254140725702,144.1705322265625,28300100,0.0,0.0
2017-05-18 00:00:00-04:00,144.041134990718,147.45503793337983,143.83211339614954,146.96734619140625,23031600,0.0,0.0
2017-05-19 00:00:00-04:00,147.75364849822682,148.6892415812192,147.26595670741693,147.365478515625,16187900,0.0,0.0
2017-05-22 00:00:00-04:00,147.38536360881403,147.89296574886714,146.99719369295917,147.54461669921875,12586700,0.0,0.0
2017-05-23 00:00:00-04:00,147.82329800310671,148.11193093282486,146.55925131153236,147.3754119873047,12817800,0.0,0.0
2017-05-24 00:00:00-04:00,147.813344717659,149.52527753534477,147.72377054616888,149.33616638183594,17862400,0.0,0.0
2017-05-25 00:00:00-04:00,149.5949603774005,151.87421152808466,149.24659611842415,151.24717712402344,19891400,0.0,0.0
2017-05-26 00:00:00-04:00,151.51591890479037,151.53582934168855,150.4409831204921,151.41639709472656,14996200,0.0,0.0
2017-05-30 00:00:00-04:00,151.25712652950546,152.18275671113497,150.92867270102707,151.6652069091797,13226000,0.0,0.0
2017-05-31 00:00:00-04:00,151.98368519083488,152.63064516988268,150.38123705192845,150.74951171875,18023900,0.0,0.0
2017-06-01 00:00:00-04:00,151.03815256171035,151.57561278136916,149.59495743628946,150.81918334960938,14530600,0.0,0.0
2017-06-02 00:00:00-04:00,151.13771131135888,152.9093605100856,150.59028820226612,152.8894500732422,16854400,0.0,0.0
2017-06-05 00:00:00-04:00,152.91931041793225,153.98429859035926,152.69039354606252,152.90936279296875,12520400,0.0,0.0
2017-06-06 00:00:00-04:00,152.69037697650944,153.7951707161148,151.76473159008827,152.0931854248047,13457100,0.0,0.0
2017-06-07 00:00:00-04:00,152.55102361071283,153.02876770625474,151.62537828918872,152.40171813964844,12066700,0.0,0.0
2017-06-08 00:00:00-04:00,153.35723383031626,154.00417869523605,152.3818351273379,153.98428344726562,17799400,0.0,0.0
2017-06-09 00:00:00-04:00,154.04400085958295,154.86014646238036,145.92227457903493,148.89825439453125,35577700,0.0,0.0
2017-06-12 00:00:00-04:00,147.47494515622455,148.5001122977844,143.88187875543738,147.74368286132812,33170200,0.0,0.0
2017-06-13 00:00:00-04:00,149.44566241565337,150.4708296225562,148.2015259813332,149.97317504882812,20483400,0.0,0.0
2017-06-14 00:00:00-04:00,150.550453285431,151.685105084251,148.3508286166366,149.54519653320312,20808800,0.0,0.0
2017-06-15 00:00:00-04:00,146.9772920680195,149.33616976056288,145.68338720855763,149.09730529785156,18994200,0.0,0.0
2017-06-16 00:00:00-04:00,148.88828725723897,150.12247603046245,147.90294095062802,149.93336486816406,22882400,0.0,0.0
2017-06-19 00:00:00-04:00,150.99837637049487,152.84965222430802,150.99837637049487,152.15292358398438,19026500,0.0,0.0
2017-06-20 00:00:00-04:00,152.16286197871165,153.11835022187182,151.49600669580292,151.5358123779297,14743900,0.0,0.0
2017-06-21 00:00:00-04:00,151.6452867412538,153.35721951405475,151.16754265195448,153.18801879882812,15039800,0.0,0.0
2017-06-22 00:00:00-04:00,152.29224995479547,153.8250345745955,152.19272815056712,152.680419921875,13005500,0.0,0.0
2017-06-23 00:00:00-04:00,152.00360785842923,154.47197018848613,151.93392893115902,154.34259033203125,18027000,0.0,0.0
2017-06-26 00:00:00-04:00,155.51704796419992,155.76587524094265,152.4813521504964,152.86952209472656,18049700,0.0,0.0
2017-06-27 00:00:00-04:00,152.12305049215342,152.59084701885794,149.68454605356968,149.8736572265625,19360800,0.0,0.0
2017-06-28 00:00:00-04:00,150.21205468762733,152.75009605067766,149.15702942144628,152.52117919921875,16719100,0.0,0.0
2017-06-29 00:00:00-04:00,151.5656860867175,151.78465532905454,148.2214465159134,150.3314971923828,23973500,0.0,0.0
2017-06-30 00:00:00-04:00,151.1874415545103,151.20735198831576,149.35607651189596,150.27175903320312,17666000,0.0,0.0
2017-07-03 00:00:00-04:00,151.008294237198,151.4362698500492,147.1066844814462,147.7337188720703,13862700,0.0,0.0
2017-07-05 00:00:00-04:00,148.3010550832758,150.14238298301987,147.43514103095228,149.634765625,14334300,0.0,0.0
2017-07-06 00:00:00-04:00,148.33092414512507,149.33618093776812,147.30575691669534,148.12191772460938,14951800,0.0,0.0
2017-07-07 00:00:00-04:00,148.54989991205844,151.27705262072183,148.4901837892841,150.72962951660156,13615900,0.0,0.0
2017-07-10 00:00:00-04:00,150.97843081046636,153.25768183124728,150.79926728579466,152.77993774414062,13378700,0.0,0.0
2017-07-11 00:00:00-04:00,152.65054491836491,154.69093151872983,152.1927112578643,154.54164123535156,13667700,0.0,0.0
2017-07-12 00:00:00-04:00,155.75593380870166,158.41340740748535,155.46728565136752,158.1546173095703,22739400,0.0,0.0
2017-07-13 00:00:00-04:00,157.99537438930616,159.03048918657757,157.67686818263076,158.51292419433594,13929200,0.0,0.0
2017-07-14 00:00:00-04:00,159.37885759966989,159.56796876640368,158.58260724947024,159.2196044921875,16371200,0.0,0.0
2017-07-17 00:00:00-04:00,159.49829316592894,160.02580580666452,158.06504554309544,158.98072814941406,12858800,0.0,0.0
2017-07-18 00:00:00-04:00,158.91106773043953,162.9619682060565,158.67218805923153,162.09605407714844,23722900,0.0,0.0
2017-07-19 00:00:00-04:00,162.82263303924668,164.92273611879105,162.40460498575806,163.37005615234375,26273600,0.0,0.0
2017-07-20 00:00:00-04:00,164.02694694486098,164.22600573254894,162.04627631741755,163.75820922851562,18523100,0.0,0.0
2017-07-21 00:00:00-04:00,163.3899536119134,164.2757781473989,162.98187321572473,163.65867614746094,14744000,0.0,0.0
2017-07-24 00:00:00-04:00,163.86767733572975,165.3904989296276,163.53922353487977,165.22129821777344,17367000,0.0,0.0
2017-07-25 00:00:00-04:00,164.23593150885674,164.76344406030265,163.09133224150273,164.50466918945312,15383200,0.0,0.0
2017-07-26 00:00:00-04:00,165.23126271754487,165.23126271754487,163.33023382712173,164.83314514160156,35236900,0.0,0.0
2017-07-27 00:00:00-04:00,173.8804833852439,174.6667860187247,166.71426145277565,169.64047241210938,68910700,0.0,0.0
2017-07-28 00:00:00-04:00,168.27690283630304,172.6164355717907,168.25699240353913,171.6410369873047,24557600,0.0,0.0
2017-07-31 00:00:00-04:00,171.1931700488137,171.90979383608803,167.75935659399792,168.45606994628906,25478900,0.0,0.0
2017-08-01 00:00:00-04:00,169.02341147843833,169.670356367648,168.25701916086032,169.06321716308594,14385000,0.0,0.0
2017-08-02 00:00:00-04:00,169.50113792901067,169.74996519690785,166.12704078381316,168.50582885742188,17433800,0.0,0.0
2017-08-03 00:00:00-04:00,168.50583998824052,168.9039575682896,167.46076235659643,167.79916381835938,10793800,0.0,0.0
2017-08-04 00:00:00-04:00,168.17739591835453,169.2622792961297,167.89871055869142,168.8243408203125,10777700,0.0,0.0
2017-08-07 00:00:00-04:00,169.15277210941633,171.25287483846918,168.86413916370688,171.17324829101562,12787800,0.0,0.0
2017-08-08 00:00:00-04:00,171.07373309911222,172.23824292453995,169.81963391233495,170.42677307128906,14393500,0.0,0.0
2017-08-09 00:00:00-04:00,169.1826310576932,170.64573660203743,168.76460307176785,170.3769989013672,10815000,0.0,0.0
2017-08-10 00:00:00-04:00,169.26224108246305,169.7897536218176,166.06730779219956,166.61471557617188,20832700,0.0,0.0
2017-08-11 00:00:00-04:00,167.16216989108023,168.02809918502845,166.06733893063978,167.29156494140625,13791200,0.0,0.0
2017-08-14 00:00:00-04:00,169.2921279672408,170.27748948317648,168.49587761784738,169.94903564453125,12954200,0.0,0.0
2017-08-15 00:00:00-04:00,170.68556765740198,170.6955152812757,169.21249921464263,170.19786071777344,8729200,0.0,0.0
2017-08-16 00:00:00-04:00,170.44671226950254,170.57610733434558,168.44614610675833,169.20257568359375,15779900,0.0,0.0
2017-08-17 00:00:00-04:00,168.54563848852416,169.0632034703009,166.06732856199312,166.12704467773438,17216000,0.0,0.0
2017-08-18 00:00:00-04:00,166.05737657207357,167.8787941569289,165.4303421287193,166.6247100830078,15093600,0.0,0.0
2017-08-21 00:00:00-04:00,166.37586369114896,167.21191964444057,165.04215321510603,166.99295043945312,11907500,0.0,0.0
2017-08-22 00:00:00-04:00,167.49060213593026,169.07313984664475,166.36589807358334,168.84422302246094,11391000,0.0,0.0
2017-08-23 00:00:00-04:00,168.04795893734772,168.56552384211636,167.41096181886678,167.9185791015625,9856500,0.0,0.0
2017-08-24 00:00:00-04:00,168.08782265756489,168.49588788752968,165.629407717101,166.9531707763672,14030400,0.0,0.0
2017-08-25 00:00:00-04:00,167.07257945098382,167.5901444147017,165.4004523325149,165.53981018066406,12614500,0.0,0.0
2017-08-28 00:00:00-04:00,166.12705153375015,166.91333906881235,165.54977041240798,166.45550537109375,8553700,0.0,0.0
2017-08-29 00:00:00-04:00,164.47483487048643,167.6399106359235,164.22600758626484,167.26170349121094,11121000,0.0,0.0
2017-08-30 00:00:00-04:00,167.38113383483392,169.38169970995514,166.8436735893667,169.1229248046875,11138300,0.0,0.0
2017-08-31 00:00:00-04:00,169.60067217238358,171.3424631755099,169.26227070813573,171.16331481933594,17226500,0.0,0.0
2017-09-01 00:00:00-04:00,171.59128085695906,172.1088458356228,170.50639759495414,171.21307373046875,11677600,0.0,0.0
2017-09-05 00:00:00-04:00,170.46661255576788,171.58135401044916,168.7546795005283,169.919189453125,13210900,0.0,0.0
2017-09-06 00:00:00-04:00,170.10825756381192,171.67088472966964,168.77454720575054,171.28271484375,13906300,0.0,0.0
2017-09-07 00:00:00-04:00,171.1334446782012,172.497013250189,169.47128034645826,172.39749145507812,18049500,0.0,0.0
2017-09-08 00:00:00-04:00,172.2780474010974,172.67618015094476,169.998796258666,170.14808654785156,10998500,0.0,0.0
2017-09-11 00:00:00-04:00,171.59129689875402,173.07431304730335,171.39223809980027,172.6960906982422,12372000,0.0,0.0
2017-09-12 00:00:00-04:00,172.94491683108723,173.18379650055354,170.94435085614984,172.148681640625,11186300,0.0,0.0
2017-09-13 00:00:00-04:00,172.19844511700896,172.35769823938955,171.25290438209643,172.23826599121094,9119300,0.0,0.0
2017-09-14 00:00:00-04:00,171.45194021824298,171.47185065267612,169.70020166841678,170.15805053710938,15615700,0.0,0.0
2017-09-15 00:00:00-04:00,170.07842467378856,171.53156746183546,169.46132270156065,170.83485412597656,15660500,0.0,0.0
2017-09-18 00:00:00-04:00,171.18321684080837,171.2628433909316,168.5456386248153,169.21249389648438,12954000,0.0,0.0
2017-09-19 00:00:00-04:00,169.8196426348319,171.75054481944414,169.56086772273807,171.7107391357422,13168600,0.0,0.0
2017-09-20 00:00:00-04:00,171.6908195477347,172.23824258953212,169.899260132403,171.36236572265625,12264100,0.0,0.0
2017-09-21 00:00:00-04:00,170.88463894644505,171.4619201048042,169.21251159340255,170.30735778808594,11161400,0.0,0.0
2017-09-22 00:00:00-04:00,169.4115668582741,170.92442573998719,168.42620539196994,169.74000549316406,12097100,0.0,0.0
2017-09-25 00:00:00-04:00,168.44611681543108,168.50583293121633,160.8021350634787,162.10598754882812,41251600,0.0,0.0
2017-09-26 00:00:00-04:00,163.72834547844678,164.72365456950118,162.01641262685632,163.43971252441406,23363300,0.0,0.0
2017-09-27 00:00:00-04:00,165.1217835278077,167.55034030755417,164.7933448698369,166.8934326171875,19242500,0.0,0.0
2017-09-28 00:00:00-04:00,167.15220435384717,168.27690844070474,166.37586450951335,167.93849182128906,12178700,0.0,0.0
2017-09-29 00:00:00-04:00,168.03804224365697,170.8547689040776,168.0181318086372,170.06846618652344,15340400,0.0,0.0
2017-10-02 00:00:00-04:00,170.58600977788808,171.06375384792082,167.95839461189266,168.67501831054688,13392300,0.0,0.0
2017-10-03 00:00:00-04:00,168.50582735901372,169.92911202886802,168.4062903778555,169.16273498535156,8190300,0.0,0.0
2017-10-04 00:00:00-04:00,169.03333321515458,169.8693891496262,167.50054881474622,167.62994384765625,12127900,0.0,0.0
2017-10-05 00:00:00-04:00,168.3864026167663,170.50641606575783,167.80913664739722,170.43675231933594,14580600,0.0,0.0
2017-10-06 00:00:00-04:00,169.45138078179258,171.56143129490906,168.95372621268305,171.42208862304688,13124500,0.0,0.0
2017-10-09 00:00:00-04:00,171.88986992982177,174.05965155657867,171.19315663213317,171.69081115722656,14570400,0.0,0.0
2017-10-10 00:00:00-04:00,172.1884693919836,172.38752816886736,169.99879247183992,170.7850799560547,11341100,0.0,0.0
2017-10-11 00:00:00-04:00,171.14340004959587,171.96950844119328,170.59597699646363,171.92970275878906,11283700,0.0,0.0
2017-10-12 00:00:00-04:00,171.8003167062756,173.03450554637652,171.48181048152207,171.7406005859375,10351000,0.0,0.0
2017-10-13 00:00:00-04:00,172.63637015033484,173.83073810064292,172.38754286122014,172.92501831054688,13658300,0.0,0.0
2017-10-16 00:00:00-04:00,173.67148166514568,174.17908381343463,173.24349087614016,173.7013397216797,11498800,0.0,0.0
2017-10-17 00:00:00-04:00,173.89046307707605,175.30380020533167,173.54209881011215,175.2838897705078,15990100,0.0,0.0
2017-10-18 00:00:00-04:00,175.8213562256165,175.91094559188352,174.92558406064612,175.2042694091797,12752400,0.0,0.0
2017-10-19 00:00:00-04:00,174.1094094006107,175.2042554592574,171.8202106752406,173.74114990234375,14048400,0.0,0.0
2017-10-20 00:00:00-04:00,174.6767599689871,175.0549823148679,173.81084584785233,174.15919494628906,12602200,0.0,0.0
2017-10-23 00:00:00-04:00,174.37815609175803,174.51749876211252,170.44668807577384,170.4665985107422,13852700,0.0,0.0
2017-10-24 00:00:00-04:00,171.49177997135868,172.42737305899058,170.69552956567964,170.99412536621094,12267900,0.0,0.0
2017-10-25 00:00:00-04:00,171.09363337156998,171.4419976419537,168.09775835767587,169.79974365234375,15868200,0.0,0.0
2017-10-26 00:00:00-04:00,170.57608696494293,171.4818067490449,169.59072543917335,169.82960510253906,11833100,0.0,0.0
2017-10-27 00:00:00-04:00,173.3330643257078,177.3740318106502,173.0842370641508,177.0455780029297,30285300,0.0,0.0
2017-10-30 00:00:00-04:00,178.4191059513734,179.8424058788967,176.77685199144295,179.0262451171875,24353200,0.0,0.0
2017-10-31 00:00:00-04:00,179.72297993352893,179.95189678488111,178.10062116428293,179.21536254882812,20174200,0.0,0.0
2017-11-01 00:00:00-04:00,181.50456585731374,182.04202608234863,179.72296927253834,181.80316162109375,40918300,0.0,0.0
2017-11-02 00:00:00-04:00,179.78268899196945,181.08654149316212,176.50811352264833,178.08070373535156,35529900,0.0,0.0
2017-11-03 00:00:00-04:00,178.4489632453096,179.01629672658618,175.88107911207268,178.08070373535156,17822100,0.0,0.0
2017-11-06 00:00:00-05:00,177.722380929065,179.6035144196307,177.47355366741763,179.3248291015625,13312700,0.0,0.0
2017-11-07 00:00:00-05:00,179.65330727586468,179.9021345712606,178.1205378185994,179.40447998046875,12928200,0.0,0.0
2017-11-08 00:00:00-05:00,178.9466139810325,179.50399982673497,178.26981109206804,178.7176971435547,10494100,0.0,0.0
2017-11-09 00:00:00-05:00,177.47357704531552,178.55846040407488,176.25929863354736,178.4589385986328,12610300,0.0,0.0
2017-11-10 00:00:00-05:00,177.5133944134461,178.25987628198504,177.12522444929434,177.6228790283203,11070200,0.0,0.0
2017-11-13 00:00:00-05:00,176.66738008638026,178.20014954672786,176.4683212871058,177.93142700195312,9523400,0.0,0.0
2017-11-14 00:00:00-05:00,177.29441154950717,178.1304675330459,176.34885577230241,177.2346954345703,9585900,0.0,0.0
2017-11-15 00:00:00-05:00,175.83130758929565,177.73235159726124,175.57251750592582,177.11524963378906,10253700,0.0,0.0
2017-11-16 00:00:00-05:00,177.9214502138031,178.98643824644208,177.66267531379546,178.74755859375,15607600,0.0,0.0
2017-11-17 00:00:00-05:00,178.45891985607167,179.13572273596304,178.06078711447861,178.1603240966797,13018000,0.0,0.0
2017-11-20 00:00:00-05:00,178.03094541585398,178.65799504947324,177.26456829388886,177.9015655517578,10052400,0.0,0.0
2017-11-21 00:00:00-05:00,178.30961790747475,181.0367702892536,178.15037999490102,181.0069122314453,14504000,0.0,0.0
2017-11-22 00:00:00-05:00,180.44955149976954,180.8775271433814,179.59358502533343,180.0215606689453,10376300,0.0,0.0
2017-11-24 00:00:00-05:00,179.55373663611815,182.29083637256633,179.4442520391718,181.92257690429688,9426300,0.0,0.0
2017-11-27 00:00:00-05:00,181.70362076007106,182.86813054547343,181.13630248948527,182.17141723632812,12344500,0.0,0.0
2017-11-28 00:00:00-05:00,182.64916855883547,183.38570276460786,181.23583145090336,181.5642852783203,14379700,0.0,0.0
2017-11-29 00:00:00-05:00,181.0367709637494,181.1163975139387,173.18378279946887,174.30848693847656,41933500,0.0,0.0
2017-11-30 00:00:00-05:00,176.02042305115378,177.44370779564926,174.3781538991838,176.34886169433594,25307600,0.0,0.0
2017-12-01 00:00:00-05:00,175.20427098002455,176.647466230844,171.53157773373493,174.2786407470703,20182500,0.0,0.0
2017-12-04 00:00:00-05:00,175.46303128938183,175.74173180442693,169.9888313413153,170.6656494140625,24459400,0.0,0.0
2017-12-05 00:00:00-05:00,169.6504163077676,174.55729758365536,168.21716891532,172.01925659179688,20184900,0.0,0.0
2017-12-06 00:00:00-05:00,171.69081767731518,175.94079173542792,171.09362614963996,175.23411560058594,20255800,0.0,0.0
2017-12-07 00:00:00-05:00,174.97534500703236,179.54381018827,174.97534500703236,179.29498291015625,20404500,0.0,0.0
2017-12-08 00:00:00-05:00,180.67845483681228,181.42493664168663,177.90154920505262,178.1603240966797,19883800,0.0,0.0
2017-12-11 00:00:00-05:00,178.45892436271728,179.37460691068833,177.96126981356704,178.20013427734375,13168600,0.0,0.0
2017-12-12 00:00:00-05:00,177.76221972361944,178.33948566411485,175.77160142968066,176.12991333007812,16854100,0.0,0.0
2017-12-13 00:00:00-05:00,176.46829873171666,178.31957418405196,176.418530241456,177.46360778808594,14615700,0.0,0.0
2017-12-14 00:00:00-05:00,177.4536551524434,179.5139523071212,176.8465159857579,177.55319213867188,13591000,0.0,0.0
2017-12-15 00:00:00-05:00,178.18024603369213,179.64335168067933,177.52333835806274,179.3347930908203,28463100,0.0,0.0
2017-12-18 00:00:00-05:00,180.16091300753453,180.449561180667,178.9068288816579,179.97181701660156,17265400,0.0,0.0
2017-12-19 00:00:00-05:00,179.10589198011328,179.2352870392563,177.3840112734868,178.66795349121094,14920600,0.0,0.0
2017-12-20 00:00:00-05:00,178.96654913860286,178.96654913860286,176.52804457723033,177.05555725097656,11860500,0.0,0.0
2017-12-21 00:00:00-05:00,177.10529112031446,177.84181008225124,176.21946669164225,176.61758422851562,11600700,0.0,0.0
2017-12-22 00:00:00-05:00,176.30905829634662,176.6972282487119,175.40332334509029,176.3687744140625,8509500,0.0,0.0
2017-12-26 00:00:00-05:00,175.80145646412683,176.16971598226098,173.8506438872607,175.16445922851562,8897300,0.0,0.0
2017-12-27 00:00:00-05:00,175.72180098536583,177.6029343236241,175.43315288038744,176.78677368164062,9496100,0.0,0.0
2017-12-28 00:00:00-05:00,177.1152615021245,178.10062303523705,176.846523777237,177.0854034423828,12220800,0.0,0.0
2017-12-29 00:00:00-05:00,177.16501723423346,178.01103603186576,175.6322479248047,175.6322479248047,10261500,0.0,0.0
2018-01-02 00:00:00-05:00,176.84650833593108,180.7282228227546,176.71712848408478,180.5689697265625,18151900,0.0,0.0
2018-01-03 00:00:00-05:00,181.02683557047084,183.9132260705838,180.47941249294252,183.80374145507812,16886600,0.0,0.0
2018-01-04 00:00:00-05:00,184.03265033266837,185.3365180379734,183.23641518592063,183.46533203125,13880900,0.0,0.0
2018-01-05 00:00:00-05:00,184.71941156087465,186.0232640472396,184.06250391230233,185.9735107421875,13574500,0.0,0.0
2018-01-08 00:00:00-05:00,186.32186910933495,188.01389162023398,185.4559550121505,187.3968048095703,17994700,0.0,0.0
2018-01-09 00:00:00-05:00,187.8148015132786,187.9143384861756,186.22231625739485,186.9886932373047,12393100,0.0,0.0
2018-01-10 00:00:00-05:00,186.0630749818254,187.00861553550487,184.75922256507457,186.95884704589844,10529900,0.0,0.0
2018-01-11 00:00:00-05:00,187.5162250685007,187.5162250685007,186.50102073914078,186.88919067382812,9588600,0.0,0.0
2018-01-12 00:00:00-05:00,177.22474243172078,180.62869785640194,176.56783475663877,178.52859497070312,77551300,0.0,0.0
2018-01-16 00:00:00-05:00,180.64860408895177,180.89743136731119,177.20482787408395,177.55319213867188,36183800,0.0,0.0
2018-01-17 00:00:00-05:00,178.4191083440927,178.4788396488722,174.97534727519633,176.76690673828125,27992400,0.0,0.0
2018-01-18 00:00:00-05:00,177.2944091650246,180.13103089685436,176.24933160605107,178.95657348632812,23304900,0.0,0.0
2018-01-19 00:00:00-05:00,180.0016367386123,181.514495467127,179.32481872873154,180.43955993652344,26826500,0.0,0.0
2018-01-22 00:00:00-05:00,179.951887827614,184.52035293924786,179.56371788715904,184.5004425048828,21059500,0.0,0.0
2018-01-23 00:00:00-05:00,185.17726878824334,188.66085078301788,184.67961421756127,188.4617919921875,25678800,0.0,0.0
2018-01-24 00:00:00-05:00,188.99924017390876,189.76563241622563,185.64505344166665,185.67491149902344,24334500,0.0,0.0
2018-01-25 00:00:00-05:00,187.06833663893437,187.73519189326166,185.72467850697743,186.6005401611328,17377700,0.0,0.0
2018-01-26 00:00:00-05:00,186.86927351700632,189.1087188720703,185.9336805831592,189.1087188720703,17759200,0.0,0.0
2018-01-29 00:00:00-05:00,187.86460029364022,187.95417447136586,184.75924063478703,185.1075897216797,20453200,0.0,0.0
2018-01-30 00:00:00-05:00,186.73988782461504,187.2972584886988,180.98700246184683,186.2422332763672,20858600,0.0,0.0
2018-01-31 00:00:00-05:00,187.48635878914843,188.93951666824896,184.35114139164045,186.0133056640625,43275100,0.0,0.0
2018-02-01 00:00:00-05:00,187.33709893144538,194.40380032981872,187.00864507281767,192.1842498779297,54211300,0.0,0.0
2018-02-02 00:00:00-05:00,191.1391746612945,193.2990090191466,189.08884011161962,189.38743591308594,26677500,0.0,0.0
2018-02-05 00:00:00-05:00,186.0531299975739,189.7158755251482,179.76278413867004,180.40972900390625,33128200,0.0,0.0
2018-02-06 00:00:00-05:00,177.73234625533001,184.89856845477743,176.90623791250104,184.4407196044922,37758500,0.0,0.0
2018-02-07 00:00:00-05:00,183.2861715813623,184.21181697651505,179.10587624163267,179.3347930908203,27601900,0.0,0.0
2018-02-08 00:00:00-05:00,180.1608884203465,180.98699676690902,170.67559424418377,170.77513122558594,38478300,0.0,0.0
2018-02-09 00:00:00-05:00,173.94021638331782,176.0701772931132,166.3957714295385,175.2838897705078,39887600,0.0,0.0
2018-02-12 00:00:00-05:00,176.22943387971821,176.7171408256628,171.03391895449337,175.58248901367188,32092100,0.0,0.0
2018-02-13 00:00:00-05:00,174.79618330321944,175.14454757111807,172.28801524831223,172.3377685546875,21809400,0.0,0.0
2018-02-14 00:00:00-05:00,172.63635367006276,178.9665199083366,172.39748921513117,178.67788696289062,28929700,0.0,0.0
2018-02-15 00:00:00-05:00,179.65328969084672,179.65328969084672,176.01045479789107,179.11582946777344,20922100,0.0,0.0
2018-02-16 00:00:00-05:00,178.15037376118786,179.0361982153312,175.47298996517847,176.52801513671875,20645300,0.0,0.0
2018-02-20 00:00:00-05:00,174.94549221508885,177.11525885569642,174.28858453616257,175.18435668945312,21204900,0.0,0.0
2018-02-21 00:00:00-05:00,175.88105645633365,180.41966297306823,175.572497915421,177.07542419433594,23200800,0.0,0.0
2018-02-22 00:00:00-05:00,177.8617272319484,179.36465364290387,176.57778521791664,178.15037536621094,18464200,0.0,0.0
2018-02-23 00:00:00-05:00,179.05610890857383,182.52974328810072,178.66793894995033,182.43020629882812,19007300,0.0,0.0
2018-02-26 00:00:00-05:00,183.7141509359819,184.7890865597399,182.36052998612493,184.0625,17599700,0.0,0.0
2018-02-27 00:00:00-05:00,183.58475964197942,183.833586915874,180.60879516601562,180.60879516601562,15849800,0.0,0.0
2018-02-28 00:00:00-05:00,181.44486195012547,182.02214308235156,177.30437222139437,177.48353576660156,18783000,0.0,0.0
2018-03-01 00:00:00-05:00,178.17027609082157,179.27506979662647,173.59186335426966,175.11468505859375,23201600,0.0,0.0
2018-03-02 00:00:00-05:00,172.47710751699228,176.27919557459333,172.17852693631085,175.79148864746094,20025900,0.0,0.0
2018-03-05 00:00:00-05:00,175.37346150456474,180.30023854364305,175.06491811154459,179.5537567138672,16189300,0.0,0.0
2018-03-06 00:00:00-05:00,180.9272788774212,181.52447038555147,178.2698055219423,178.93666076660156,15086800,0.0,0.0
2018-03-07 00:00:00-05:00,177.90154878699772,182.95772068926377,177.23469353200903,182.84823608398438,19097300,0.0,0.0
2018-03-08 00:00:00-05:00,182.69892792171473,183.53498388397196,180.5988252056949,181.48464965820312,17225900,0.0,0.0
2018-03-09 00:00:00-05:00,183.04731428638593,184.63979985638292,182.35060090031143,184.36111450195312,18526300,0.0,0.0
2018-03-12 00:00:00-04:00,184.36109175828622,185.22702096227977,183.35583508147866,183.89329528808594,15301200,0.0,0.0
2018-03-13 00:00:00-04:00,184.7393236619174,185.11754598187946,180.26043268758988,181.02682495117188,18067500,0.0,0.0
2018-03-14 00:00:00-04:00,181.74345091774714,183.3857048866232,180.99696907967405,183.32598876953125,16821700,0.0,0.0
2018-03-15 00:00:00-04:00,182.38044130641245,183.13687073989857,181.33536373485663,182.99752807617188,15614300,0.0,0.0
2018-03-16 00:00:00-04:00,183.6245796392591,184.46063563064666,182.5496439986702,184.2217559814453,24403400,0.0,0.0
2018-03-19 00:00:00-04:00,176.1796564685389,176.33890956779285,169.26226133381718,171.7505340576172,88140100,0.0,0.0
2018-03-20 00:00:00-04:00,166.68441840634694,169.40160803302504,161.1903078489395,167.36122131347656,129851800,0.0,0.0
2018-03-21 00:00:00-04:00,164.02694793852154,172.5865973586535,162.5339842409996,168.5954132080078,106598800,0.0,0.0
2018-03-22 00:00:00-04:00,165.35072023236316,169.47129966244742,162.95202144478705,164.1165313720703,73743000,0.0,0.0
2018-03-23 00:00:00-04:00,164.6639418895425,165.81850410418517,158.27405921412011,158.64231872558594,53609700,0.0,0.0
2018-03-26 00:00:00-04:00,160.06560289552792,160.34428820442616,148.32095349477987,159.3091583251953,126116600,0.0,0.0
2018-03-27 00:00:00-04:00,155.57676146178918,162.08609141664357,150.0428453501392,151.50595092773438,79117000,0.0,0.0
2018-03-28 00:00:00-04:00,150.93860252057155,155.1487704903695,150.09259898992926,152.3121337890625,60029200,0.0,0.0
2018-03-29 00:00:00-04:00,154.42220213430406,160.66279449804537,153.41694540194985,159.04043579101562,59434300,0.0,0.0
2018-04-02 00:00:00-04:00,157.0697023455202,158.45318117303538,153.38706228259292,154.6610565185547,36796000,0.0,0.0
2018-04-03 00:00:00-04:00,155.8156545318235,156.65171059468727,150.1025743944956,155.37771606445312,42543900,0.0,0.0
2018-04-04 00:00:00-04:00,151.31684547030457,154.830285476133,149.8039713437707,154.37245178222656,49885600,0.0,0.0
2018-04-05 00:00:00-04:00,160.80213191978945,160.8120947303666,155.91516071075105,158.59254455566406,41449600,0.0,0.0
2018-04-06 00:00:00-04:00,156.9901133606204,160.6628066800192,156.0744307336851,156.4626007080078,41644800,0.0,0.0
2018-04-09 00:00:00-04:00,157.0796937837121,159.77697301425755,155.3080295646195,157.1891632080078,34915200,0.0,0.0
2018-04-10 00:00:00-04:00,157.1891451557475,165.20138574898738,156.27346268612155,164.2657928466797,57889300,0.0,0.0
2018-04-11 00:00:00-04:00,164.5843068005088,167.8588669261611,162.48420407601944,165.53981018066406,56144600,0.0,0.0
2018-04-12 00:00:00-04:00,166.19668402132223,166.66448044224376,162.33489562720814,163.1012725830078,38263000,0.0,0.0
2018-04-13 00:00:00-04:00,163.80797661522848,164.92271796851728,163.00177865885271,163.74826049804688,19990600,0.0,0.0
2018-04-16 00:00:00-04:00,164.94263300474694,165.00234912359446,162.62356087048948,164.0568084716797,18119400,0.0,0.0
2018-04-17 00:00:00-04:00,165.0521088905614,168.20723689626863,164.88290816703645,167.86883544921875,22743000,0.0,0.0
2018-04-18 00:00:00-04:00,166.09718533911396,167.3313588874807,164.99239164478516,165.57962036132812,20969600,0.0,0.0
2018-04-19 00:00:00-04:00,165.4203811245704,167.54039451796274,164.4250719539205,167.3114776611328,22235000,0.0,0.0
2018-04-20 00:00:00-04:00,167.00289591318153,167.6398930866166,165.0321882808684,165.49998474121094,19119400,0.0,0.0
2018-04-23 00:00:00-04:00,166.48535740543315,167.65981485354345,164.31557567013508,165.0620574951172,23088100,0.0,0.0
2018-04-24 00:00:00-04:00,164.65396686833034,165.32083728854323,157.44793915294414,158.94090270996094,35079900,0.0,0.0
2018-04-25 00:00:00-04:00,159.38878873962383,160.30447123212886,155.45732107692177,158.94090270996094,41083600,0.0,0.0
2018-04-26 00:00:00-04:00,172.40743987273618,175.44313560101187,169.99879372411402,173.34303283691406,77556900,0.0,0.0
2018-04-27 00:00:00-04:00,175.98059218377009,176.26924031554097,171.79034955279135,172.77569580078125,29804700,0.0,0.0
2018-04-30 00:00:00-04:00,172.97475757377174,174.89571198711423,170.9045280611784,171.1931610107422,20750500,0.0,0.0
2018-05-01 00:00:00-04:00,171.19317323219084,173.20370196094183,169.43147179011453,173.04444885253906,26025900,0.0,0.0
2018-05-02 00:00:00-04:00,173.43260974766798,177.24464540275068,173.38284125549177,175.24407958984375,30424500,0.0,0.0
2018-05-03 00:00:00-04:00,174.30848325651598,175.29382952147006,171.312593219372,173.2036895751953,24026100,0.0,0.0
2018-05-04 00:00:00-04:00,172.26810002578856,176.14979942232154,172.2481895914646,175.7815399169922,17677800,0.0,0.0
2018-05-07 00:00:00-04:00,176.51809077492484,178.65799945676414,176.33892722352275,177.1351776123047,18697200,0.0,0.0
2018-05-08 00:00:00-04:00,177.41384845562752,178.20013596837327,176.27919668028616,178.08070373535156,15577200,0.0,0.0
2018-05-09 00:00:00-04:00,178.82718198119832,182.15151068949424,177.9413575005515,181.80316162109375,23282800,0.0,0.0
2018-05-10 00:00:00-04:00,182.2908579379112,185.25689002890425,181.64391308946358,184.65969848632812,21071400,0.0,0.0
2018-05-11 00:00:00-04:00,183.9828931382243,187.43661692885604,183.31602267673784,186.11285400390625,21207800,0.0,0.0
2018-05-14 00:00:00-04:00,186.8294839110587,186.97877420602256,185.32655740143252,185.76449584960938,15646700,0.0,0.0
2018-05-15 00:00:00-04:00,184.01273866987916,184.42080383066104,182.34061159900764,183.4553680419922,15429400,0.0,0.0
2018-05-16 00:00:00-04:00,182.83826119198287,183.45536310242264,181.8031465090935,182.34060668945312,16975500,0.0,0.0
2018-05-17 00:00:00-04:00,181.82305934320297,183.19659076296196,181.3652256614244,182.8979949951172,14840700,0.0,0.0
2018-05-18 00:00:00-04:00,182.62928753666492,183.32600092762982,181.75341059533025,181.8230743408203,13130500,0.0,0.0
2018-05-21 00:00:00-04:00,182.90796421962406,184.43078598309745,182.2709669799176,183.6245880126953,13532900,0.0,0.0
2018-05-22 00:00:00-04:00,184.0625094198818,184.5502163591203,182.569545730569,182.9378204345703,12731400,0.0,0.0
2018-05-23 00:00:00-04:00,181.6439155719499,186.03323246440021,181.3254093616332,186.0232696533203,16628100,0.0,0.0
2018-05-24 00:00:00-04:00,185.00806224602204,185.92374480485222,184.162043427549,185.0578155517578,12354700,0.0,0.0
2018-05-25 00:00:00-04:00,185.14741267018488,185.45595607728876,183.5847700119975,184.0525665283203,10965100,0.0,0.0
2018-05-29 00:00:00-04:00,183.47527155915992,185.93368619365566,182.84823716812474,184.86871337890625,16398900,0.0,0.0
2018-05-30 00:00:00-04:00,185.66493827923082,187.1180961337056,184.38099632323915,186.78964233398438,13736900,0.0,0.0
2018-05-31 00:00:00-04:00,186.9887389036643,191.81599471109521,186.60056891410278,190.88040161132812,30782600,0.0,0.0
2018-06-01 00:00:00-04:00,192.16431935714093,193.6373724510709,191.16901033933763,193.0800018310547,17307200,0.0,0.0
2018-06-04 00:00:00-04:00,190.9401044392115,193.07006542106865,190.57184491217654,192.37335205078125,18939800,0.0,0.0
2018-06-05 00:00:00-04:00,193.38854826131626,194.08526154737754,191.71642118755858,192.03492736816406,15544300,0.0,0.0
2018-06-06 00:00:00-04:00,190.1338852155781,191.62684877965617,188.22289367602346,190.4424285888672,22558900,0.0,0.0
2018-06-07 00:00:00-04:00,189.8552081100086,190.07417732385417,185.89388220107608,187.29725646972656,21503200,0.0,0.0
2018-06-08 00:00:00-04:00,186.6503091266731,188.59115878035345,185.55546307218103,188.21295166015625,12677100,0.0,0.0
2018-06-11 00:00:00-04:00,187.92430521143038,191.69653513441844,187.9143575880134,190.64149475097656,12928900,0.0,0.0
2018-06-12 00:00:00-04:00,191.26855019771426,192.3733439193329,190.66141103201008,191.49746704101562,11562700,0.0,0.0
2018-06-13 00:00:00-04:00,191.83588486166337,193.58762344186442,191.00977647129693,191.50743103027344,15853800,0.0,0.0
2018-06-14 00:00:00-04:00,192.19419156209437,196.35457627293994,192.00508040483567,195.88677978515625,19120900,0.0,0.0
2018-06-15 00:00:00-04:00,194.87155837070827,196.14556796717247,193.7269590019489,194.93128967285156,21860900,0.0,0.0
2018-06-18 00:00:00-04:00,193.88623099333574,198.6438076511984,193.219375666261,197.3797607421875,16826000,0.0,0.0
2018-06-19 00:00:00-04:00,195.3194622641013,197.0313951224248,192.8809428316582,196.5635986328125,19994000,0.0,0.0
2018-06-20 00:00:00-04:00,198.16603901332226,202.59516127259553,197.87739088240605,201.05242919921875,28230900,0.0,0.0
2018-06-21 00:00:00-04:00,201.80887837679455,202.4359280030363,199.15140476098824,200.55479431152344,19045700,0.0,0.0
2018-06-22 00:00:00-04:00,200.21637431777182,201.29130992591357,198.37504648038615,200.7936553955078,17420200,0.0,0.0
2018-06-25 00:00:00-04:00,199.06181180998374,199.06181180998374,192.20413300061824,195.42893981933594,25275100,0.0,0.0
2018-06-26 00:00:00-04:00,196.67307122976018,198.16603478103707,195.30948752562406,198.06649780273438,17897600,0.0,0.0
2018-06-27 00:00:00-04:00,198.2456698695598,199.80831253014318,194.88153525862324,194.9213409423828,18734400,0.0,0.0
2018-06-28 00:00:00-04:00,194.26441646047587,196.41428769071612,192.3534248737771,195.3094940185547,18172400,0.0,0.0
2018-06-29 00:00:00-04:00,196.39438968427234,196.67307500421558,193.05015065774265,193.40846252441406,15811600,0.0,0.0
2018-07-02 00:00:00-04:00,192.46293028521316,196.52379354115905,191.31833080899474,196.43421936035156,13961600,0.0,0.0
2018-07-03 00:00:00-04:00,193.6373822697018,194.48338586540604,191.6169060760871,191.82591247558594,13489500,0.0,0.0
2018-07-05 00:00:00-04:00,193.82650047236288,197.71814752856935,193.1198243258143,197.5190887451172,19684200,0.0,0.0
2018-07-06 00:00:00-04:00,197.51909588685908,202.68475275580082,196.77261403151402,202.27667236328125,19740100,0.0,0.0
2018-07-09 00:00:00-04:00,203.96868276019953,204.83461198831594,201.17186667143633,203.7795867919922,18149400,0.0,0.0
2018-07-10 00:00:00-04:00,203.54070848492603,203.9487888559146,201.31121066053123,202.585205078125,13190100,0.0,0.0
2018-07-11 00:00:00-04:00,201.27141376046836,203.5407173650133,200.80361725374786,201.58990478515625,12927400,0.0,0.0
2018-07-12 00:00:00-04:00,202.4757068693323,206.1085939086165,202.23684242408672,205.9493408203125,15454700,0.0,0.0
2018-07-13 00:00:00-04:00,206.83518013896315,207.45226691657402,205.481559165305,206.3474884033203,11486800,0.0,0.0
2018-07-16 00:00:00-04:00,206.52664176672968,207.74092010438332,205.8697341046131,206.25790405273438,11078200,0.0,0.0
2018-07-17 00:00:00-04:00,203.93883923759176,209.4727708818066,203.87912311840594,209.00497436523438,15349900,0.0,0.0
2018-07-18 00:00:00-04:00,208.83576329850175,210.00027312664213,207.462231876341,208.37791442871094,15334900,0.0,0.0
2018-07-19 00:00:00-04:00,207.79069445873904,209.0049728306433,206.7854225024506,207.11387634277344,11350400,0.0,0.0
2018-07-20 00:00:00-04:00,207.870316893667,210.50788000082565,207.52195262492742,208.9552001953125,16163900,0.0,0.0
2018-07-23 00:00:00-04:00,209.59218522339768,210.62729997106072,207.82053629850535,209.92063903808594,16732000,0.0,0.0
2018-07-24 00:00:00-04:00,214.10094809179273,215.18583140124744,211.60272763670477,213.6630096435547,28468700,0.0,0.0
2018-07-25 00:00:00-04:00,214.7080721532626,217.59446235930267,213.26487705024257,216.47972106933594,58954200,0.0,0.0
2018-07-26 00:00:00-04:00,174.06959797449858,179.28502282876397,172.93494627262987,175.43316650390625,169803700,0.0,0.0
2018-07-27 00:00:00-04:00,179.02624573828578,179.08596185525963,172.18847697496795,174.06961059570312,60073700,0.0,0.0
2018-07-30 00:00:00-04:00,174.47769995218061,174.47769995218061,165.77869236821357,170.25758361816406,65280800,0.0,0.0
2018-07-31 00:00:00-04:00,169.8694027461352,173.42266353286152,169.20254746974922,171.77044677734375,40356500,0.0,0.0
2018-08-01 00:00:00-04:00,173.11412187639175,174.25873656878744,170.09833621519016,170.84481811523438,34042100,0.0,0.0
2018-08-02 00:00:00-04:00,169.8793375191571,175.9606762845029,169.47127236017332,175.5426483154297,32400000,0.0,0.0
2018-08-03 00:00:00-04:00,176.8564707506716,178.01103291466373,175.32368628087244,176.946044921875,24763400,0.0,0.0
2018-08-06 00:00:00-04:00,178.13047591048323,184.91847626827825,177.54324716970507,184.81895446777344,49716200,0.0,0.0
2018-08-07 00:00:00-04:00,185.625137678592,187.4166970046211,182.85817973675125,182.94775390625,33398600,0.0,0.0
2018-08-08 00:00:00-04:00,183.883364689193,185.97351997028798,182.8980031674404,184.31134033203125,22205200,0.0,0.0
2018-08-09 00:00:00-04:00,184.97818749371405,185.69481120329166,181.62398576807115,182.2311248779297,19732100,0.0,0.0
2018-08-10 00:00:00-04:00,181.18606244063756,181.24579374407958,178.57835745049974,179.41441345214844,21500400,0.0,0.0
2018-08-13 00:00:00-04:00,179.25518231283624,181.75340278856729,178.06079919424056,179.20541381835938,17423300,0.0,0.0
2018-08-14 00:00:00-04:00,179.86231943489085,181.13631390539462,177.78211181241068,180.26043701171875,19102000,0.0,0.0
2018-08-15 00:00:00-04:00,178.49872454055935,180.02154619902845,173.9601176222036,178.68783569335938,33020200,0.0,0.0
2018-08-16 00:00:00-04:00,179.57367807259035,179.6533046284092,173.19374266772525,173.88050842285156,31351800,0.0,0.0
2018-08-17 00:00:00-04:00,173.68143929008178,175.39337217026755,171.2329722028169,172.98472595214844,24893200,0.0,0.0
2018-08-20 00:00:00-04:00,173.2235804121415,173.75110818097448,170.10827341236012,171.69081115722656,21518000,0.0,0.0
2018-08-21 00:00:00-04:00,171.99936812243865,173.35298914513027,170.58603098197142,171.8102569580078,19578500,0.0,0.0
2018-08-22 00:00:00-04:00,171.40218526029503,173.42266150024628,171.32255871054184,172.82546997070312,16894100,0.0,0.0
2018-08-23 00:00:00-04:00,172.27803937161826,174.72650631062461,172.01926448668704,172.08892822265625,18053600,0.0,0.0
2018-08-24 00:00:00-04:00,172.8852087884556,173.99996544417186,172.1088688104321,173.83074951171875,14631600,0.0,0.0
2018-08-27 00:00:00-04:00,175.16445785221185,177.83187900937156,174.9653838780377,176.6275634765625,17921900,0.0,0.0
2018-08-28 00:00:00-04:00,177.26454668585052,177.4038893444235,175.00519090515024,175.43316650390625,15910700,0.0,0.0
2018-08-29 00:00:00-04:00,175.47300765359503,175.96069942136788,173.9302754207184,175.0748748779297,18494100,0.0,0.0
2018-08-30 00:00:00-04:00,175.07485842004183,178.94661007455034,174.87579964452792,176.80670166015625,24216500,0.0,0.0
2018-08-31 00:00:00-04:00,176.3190073162593,176.78680382502029,174.15918831423264,174.90567016601562,18065200,0.0,0.0
2018-09-04 00:00:00-04:00,172.68612098340202,173.07429090723073,168.00817146394513,170.3571014404297,29809000,0.0,0.0
2018-09-05 00:00:00-04:00,168.69495944824496,170.3272659062387,165.88818025310223,166.39578247070312,31226700,0.0,0.0
2018-09-06 00:00:00-04:00,166.1967160213882,166.1967160213882,159.24946247340532,161.76759338378906,41514800,0.0,0.0
2018-09-07 00:00:00-04:00,159.55798761196402,163.85772989640483,159.40869733286974,162.27517700195312,24300600,0.0,0.0
2018-09-10 00:00:00-04:00,162.74298056102486,164.23594416595807,161.39932242891166,163.4098358154297,20197700,0.0,0.0
2018-09-11 00:00:00-04:00,163.1709724232706,166.40572692173515,162.95200321147456,165.16159057617188,20457100,0.0,0.0
2018-09-12 00:00:00-04:00,162.48421822065188,163.7184070301225,161.04102299518505,161.24008178710938,24078100,0.0,0.0
2018-09-13 00:00:00-04:00,161.2400703213055,162.5538855915627,160.10541858208848,160.6030731201172,25453800,0.0,0.0
2018-09-14 00:00:00-04:00,160.9613869633889,162.07612828229784,159.58785556172506,161.55857849121094,21770400,0.0,0.0
2018-09-17 00:00:00-04:00,161.1604623799577,161.29980505920545,159.02055369424994,159.82675170898438,21005300,0.0,0.0
2018-09-18 00:00:00-04:00,158.6422998391096,161.0011772933905,158.1247349101601,159.54803466796875,22465200,0.0,0.0
2018-09-19 00:00:00-04:00,159.32908801319564,162.67332731134414,158.7318964578358,162.29510498046875,19629000,0.0,0.0
2018-09-20 00:00:00-04:00,163.72833694552358,165.66918653448735,163.69847888932497,165.2412109375,18936000,0.0,0.0
2018-09-21 00:00:00-04:00,165.85831403094758,166.46545321218457,162.04627821265154,162.16571044921875,45994800,0.0,0.0
2018-09-24 00:00:00-04:00,160.27460548354014,164.92269664550065,160.12531520988796,164.63406372070312,19222800,0.0,0.0
2018-09-25 00:00:00-04:00,161.23012805678798,164.81323173736055,160.39405686283047,164.1364288330078,27622800,0.0,0.0
2018-09-26 00:00:00-04:00,163.52927674374675,168.5058218960993,163.43970257593492,166.16683959960938,25252200,0.0,0.0
2018-09-27 00:00:00-04:00,166.76404680370638,170.9642525229724,166.42564534639595,168.04798889160156,27266900,0.0,0.0
2018-09-28 00:00:00-04:00,167.54037886837096,167.99821253926552,161.79744123773713,163.68853759765625,34265600,0.0,0.0
2018-10-01 00:00:00-04:00,162.26525305840443,165.10189027282908,160.503551571955,161.6780242919922,26407700,0.0,0.0
2018-10-02 00:00:00-04:00,160.82205670526358,161.51877008333014,157.92570339014478,158.58261108398438,36031000,0.0,0.0
2018-10-03 00:00:00-04:00,159.2494512923048,162.89228613554695,158.78165481415675,161.6680450439453,23109500,0.0,0.0
2018-10-04 00:00:00-04:00,160.70263129581306,160.70263129581306,156.61190984625074,158.10487365722656,25739600,0.0,0.0
2018-10-05 00:00:00-04:00,158.46318135908817,160.1452411173978,155.46729100503472,156.5919952392578,25744000,0.0,0.0
2018-10-08 00:00:00-04:00,154.81035924328134,157.59722755391252,153.6657599381057,156.51234436035156,24046000,0.0,0.0
2018-10-09 00:00:00-04:00,156.95031058889367,159.8367012015658,156.68157285177037,157.15931701660156,18844400,0.0,0.0
2018-10-10 00:00:00-04:00,156.08439091665173,156.95030503235463,150.60022768463307,150.66990661621094,30610000,0.0,0.0
2018-10-11 00:00:00-04:00,149.42576440030737,154.08380383427874,148.46031333017697,152.6306610107422,35338900,0.0,0.0
2018-10-12 00:00:00-04:00,155.99477833465738,156.15403142266788,150.59025764999004,153.01881408691406,25293500,0.0,0.0
2018-10-15 00:00:00-04:00,152.60079169019494,154.84023706523243,151.83439946498524,152.7998504638672,15433500,0.0,0.0
2018-10-16 00:00:00-04:00,154.6710220223144,158.71198956769666,154.28285209596817,158.03517150878906,19180100,0.0,0.0
2018-10-17 00:00:00-04:00,158.8115381191153,159.7371835992605,157.2090896532412,158.6721954345703,17592000,0.0,0.0
2018-10-18 00:00:00-04:00,157.76645469738287,157.915760188644,152.56099187099488,154.19329833984375,21675100,0.0,0.0
2018-10-19 00:00:00-04:00,155.12886900957284,156.6118849602172,152.82970753596686,153.32736206054688,19761300,0.0,0.0
2018-10-22 00:00:00-04:00,154.03404464192283,156.60194417233646,153.73546403495504,154.053955078125,15424700,0.0,0.0
2018-10-23 00:00:00-04:00,150.51064345690705,154.04399380263433,150.1423839494724,153.665771484375,19095000,0.0,0.0
2018-10-24 00:00:00-04:00,153.55628716695506,153.924546675088,144.91701144440304,145.3549346923828,27744600,0.0,0.0
2018-10-25 00:00:00-04:00,147.03701617050223,151.49601208799794,146.31044474493663,150.24191284179688,22105700,0.0,0.0
2018-10-26 00:00:00-04:00,145.13598108131342,148.30105674754023,143.125452435404,144.68807983398438,31303300,0.0,0.0
2018-10-29 00:00:00-04:00,147.8033807416444,148.13183452131318,138.37780366388398,141.42344665527344,31336800,0.0,0.0
2018-10-30 00:00:00-04:00,139.28356322102334,145.9521314091073,139.0845044308381,145.5341033935547,50528300,0.0,0.0
2018-10-31 00:00:00-04:00,154.2729059525163,155.6663325765578,148.26124584809438,151.0779571533203,60101300,0.0,0.0
2018-11-01 00:00:00-04:00,150.80926061696886,152.03348673234464,148.64944138405522,151.03817749023438,25640800,0.0,0.0
2018-11-02 00:00:00-04:00,151.08792477523312,153.4069968061903,148.26125056947006,149.6447296142578,24708700,0.0,0.0
2018-11-05 00:00:00-05:00,149.39591158163736,149.48548576146058,146.74838556063733,147.98255920410156,15971200,0.0,0.0
2018-11-06 00:00:00-05:00,148.60961416270158,150.26183107897293,147.30576154117634,149.23666381835938,16667100,0.0,0.0
2018-11-07 00:00:00-05:00,150.85900421756116,152.29223653238844,149.12716095472933,150.81918334960938,21877400,0.0,0.0
2018-11-08 00:00:00-05:00,149.78408141854527,150.2319675044865,146.05167205701423,147.17636108398438,24145800,0.0,0.0
2018-11-09 00:00:00-05:00,146.06161064742588,147.06686737256055,143.39418954522546,144.28001403808594,17326900,0.0,0.0
2018-11-12 00:00:00-05:00,143.80226544039206,144.35963614878224,139.83099154950557,140.88601684570312,18542100,0.0,0.0
2018-11-13 00:00:00-05:00,141.33389569883772,144.2003908377079,140.9556733715668,141.49314880371094,15141700,0.0,0.0
2018-11-14 00:00:00-05:00,143.02590733203806,144.89709320443419,140.88599895115075,143.54347229003906,22068400,0.0,0.0
2018-11-15 00:00:00-05:00,141.66235772423818,144.16057830415028,140.16939395094613,143.17523193359375,30320300,0.0,0.0
2018-11-16 00:00:00-05:00,140.40825749179177,141.1049708018462,137.12373453043682,138.87547302246094,37250600,0.0,0.0
2018-11-19 00:00:00-05:00,136.9644774502612,137.1038201082185,130.59450567619737,130.9329071044922,44362700,0.0,0.0
2018-11-20 00:00:00-05:00,126.43411378903508,133.53067253368346,126.25495784724691,131.80877685546875,41939500,0.0,0.0
2018-11-21 00:00:00-05:00,133.76953311921793,136.54645393321945,133.5008106047361,134.1875762939453,25469700,0.0,0.0
2018-11-23 00:00:00-05:00,133.02305215350435,133.86907094439434,130.64426406540096,131.112060546875,11886100,0.0,0.0
2018-11-26 00:00:00-05:00,132.37613003199894,136.3573670254425,132.15716078238242,135.7402801513672,24263600,0.0,0.0
2018-11-27 00:00:00-05:00,135.11322691175673,135.96919345032526,133.0828027808711,134.3667449951172,20750300,0.0,0.0
2018-11-28 00:00:00-05:00,135.6407403202495,136.14834255892075,131.2315277319123,136.1184844970703,29847500,0.0,0.0
2018-11-29 00:00:00-05:00,135.28240199808573,139.33331705390947,135.02362711679598,138.02944946289062,24238700,0.0,0.0
2018-11-30 00:00:00-05:00,137.61142654623998,140.30872080822343,136.71565445815415,139.95040893554688,25732600,0.0,0.0
2018-12-03 00:00:00-05:00,142.3292057058723,143.0060086249615,140.0997077854609,140.42816162109375,24819200,0.0,0.0
2018-12-04 00:00:00-05:00,140.06984270721745,142.71736850742872,136.51659718563815,137.28297424316406,30307400,0.0,0.0
2018-12-06 00:00:00-05:00,133.19227763542327,139.04468510539806,133.04297215071628,138.9750213623047,28218100,0.0,0.0
2018-12-07 00:00:00-05:00,138.59679285055435,140.20918874050585,136.0189459139201,136.77537536621094,21195500,0.0,0.0
2018-12-10 00:00:00-05:00,138.94515537220585,142.37896870350107,138.35791146541635,141.18460083007812,26422200,0.0,0.0
2018-12-11 00:00:00-05:00,143.20508798261145,143.20508798261145,140.43812970995214,141.4135284423828,20300300,0.0,0.0
2018-12-12 00:00:00-05:00,142.40882177424544,146.4995426081933,141.84148832159053,143.82215881347656,23696900,0.0,0.0
2018-12-13 00:00:00-05:00,144.8871588249744,145.1658441692461,142.51831821145262,144.32977294921875,18148600,0.0,0.0
2018-12-14 00:00:00-05:00,142.6675925926329,145.3250658779833,141.84148427597776,143.38421630859375,21785800,0.0,0.0
2018-12-17 00:00:00-05:00,142.4088061446893,144.2401709646241,137.77066280069863,139.53236389160156,24334000,0.0,0.0
2018-12-18 00:00:00-05:00,140.41820011704127,145.24543981197812,139.1740638265095,142.98609924316406,24709100,0.0,0.0
2018-12-19 00:00:00-05:00,140.54760499327884,144.23024563369466,131.87845603140718,132.614990234375,57404900,0.0,0.0
2018-12-20 00:00:00-05:00,130.08691431184695,134.93408062607685,129.39020088299665,132.7742462158203,40297900,0.0,0.0
2018-12-21 00:00:00-05:00,132.7642880721994,134.26719943444778,122.84105454493147,124.36387634277344,56901500,0.0,0.0
2018-12-24 00:00:00-05:00,122.52255436293571,129.1314140789819,122.44292780878433,123.4780502319336,22066000,0.0,0.0
2018-12-26 00:00:00-05:00,125.4089464862025,133.61029893015666,125.29946187781337,133.55056762695312,39723400,0.0,0.0
2018-12-27 00:00:00-05:00,131.8187474365631,134.35678882923702,129.06173681395097,133.8889923095703,31202500,0.0,0.0
2018-12-28 00:00:00-05:00,134.705125592548,135.28240667434343,131.57985572711132,132.57516479492188,22627600,0.0,0.0
2018-12-31 00:00:00-05:00,133.8193219942121,134.00843317653528,129.34043049073537,130.47508239746094,24625300,0.0,0.0
2019-01-02 00:00:00-05:00,128.38492810843547,136.86495082665215,127.95693729197805,135.0435333251953,28146200,0.0,0.0
2019-01-03 00:00:00-05:00,134.0581833041617,136.5265455865115,130.50492257513682,131.1220245361328,22717900,0.0,0.0
2019-01-04 00:00:00-05:00,133.38136668878082,137.352655455208,133.1225917908266,137.30288696289062,29002100,0.0,0.0
2019-01-07 00:00:00-05:00,136.9147131326291,138.21856558335998,135.2724592432924,137.4024200439453,20089300,0.0,0.0
2019-01-08 00:00:00-05:00,139.2338039857999,142.4685588998623,138.88543968940024,141.86141967773438,26263800,0.0,0.0
2019-01-09 00:00:00-05:00,142.27944176605786,144.0212328007282,140.60732966263635,143.55343627929688,22205900,0.0,0.0
2019-01-10 00:00:00-05:00,142.40883345315282,143.88188672668684,140.17933551404312,143.52357482910156,16125000,0.0,0.0
2019-01-11 00:00:00-05:00,142.47849770856254,144.67813759639466,141.90123177051925,143.12545776367188,12908000,0.0,0.0
2019-01-14 00:00:00-05:00,141.3338952396335,145.88246521432006,140.60732383342656,144.70799255371094,20520300,0.0,0.0
2019-01-15 00:00:00-05:00,145.3250706662286,149.9731621630156,145.3051754197818,148.25128173828125,24069000,0.0,0.0
2019-01-16 00:00:00-05:00,148.30105838333154,148.94800323428012,146.31044014999821,146.847900390625,18025700,0.0,0.0
2019-01-17 00:00:00-05:00,146.26066626674154,148.30105291815846,145.81278021818937,147.60433959960938,15787900,0.0,0.0
2019-01-18 00:00:00-05:00,149.04753343351956,151.71495445485576,147.85316558535095,149.33616638183594,31029600,0.0,0.0
2019-01-22 00:00:00-05:00,148.5001206707254,150.81919278970582,145.6833939816774,146.87777709960938,22378700,0.0,0.0
2019-01-23 00:00:00-05:00,147.5844339238035,148.10199891450284,142.3889191437845,143.62310791015625,20098400,0.0,0.0
2019-01-24 00:00:00-05:00,143.9615147410241,145.75307424712892,141.85146420450752,145.14593505859375,20955500,0.0,0.0
2019-01-25 00:00:00-05:00,146.78819802131503,149.1271807394284,145.8526049340697,148.31101989746094,22237200,0.0,0.0
2019-01-28 00:00:00-05:00,147.35552515766815,148.26126014423653,145.52415993599186,146.7782440185547,15508500,0.0,0.0
2019-01-29 00:00:00-05:00,147.39530996503288,147.40527277510418,142.75716626052758,143.51361083984375,17632100,0.0,0.0
2019-01-30 00:00:00-05:00,145.53412066506425,150.24192919474604,145.01655559939002,149.71441650390625,44613200,0.0,0.0
2019-01-31 00:00:00-05:00,164.82319774958563,170.87466388593916,164.22600619761857,165.9080810546875,77233600,0.0,0.0
2019-02-01 00:00:00-05:00,165.06205807880676,168.30677547601843,164.88290973003913,164.93267822265625,30806500,0.0,0.0
2019-02-04 00:00:00-05:00,164.9227195037694,168.50583844014102,162.85247469466714,168.45606994628906,20036000,0.0,0.0
2019-02-05 00:00:00-05:00,168.35652052074934,171.1732469679007,167.89868686044414,170.3571014404297,22557000,0.0,0.0
2019-02-06 00:00:00-05:00,170.39692282994076,171.66096969831568,168.47598346720895,169.6902618408203,13281200,0.0,0.0
2019-02-07 00:00:00-05:00,167.41098774748926,168.44611771734756,164.47482893703892,165.5995330810547,17517600,0.0,0.0
2019-02-08 00:00:00-05:00,163.69847481539352,166.5848648823055,163.439699939042,166.54505920410156,12561400,0.0,0.0
2019-02-11 00:00:00-05:00,167.11240151436337,167.51053428979807,164.3056375868081,165.01229858398438,12811200,0.0,0.0
2019-02-12 00:00:00-05:00,166.07726254046014,167.55031562749227,163.72833266195522,164.2657928466797,16292300,0.0,0.0
2019-02-13 00:00:00-05:00,164.6042371178814,165.44029318450373,162.96196785785958,163.30038452148438,14205100,0.0,0.0
2019-02-14 00:00:00-05:00,162.42449401537604,164.09660600894796,161.48890103397727,163.18092346191406,12755200,0.0,0.0
2019-02-15 00:00:00-05:00,163.73829779657606,163.92740895925232,160.10542558495243,161.73773193359375,15504400,0.0,0.0
2019-02-19 00:00:00-05:00,159.74712032536792,163.37999268778879,159.57791959047944,161.52871704101562,14345400,0.0,0.0
2019-02-20 00:00:00-05:00,161.48888096454772,162.9519863706979,160.49357199096036,161.79742431640625,11770700,0.0,0.0
2019-02-21 00:00:00-05:00,161.1703944461166,161.47895302279102,158.8413748089984,159.2892608642578,15607800,0.0,0.0
2019-02-22 00:00:00-05:00,159.82674740051291,161.6481649933597,159.55800967377485,161.13059997558594,15858500,0.0,0.0
2019-02-25 00:00:00-05:00,162.30507648831508,165.29100405068314,162.13586056170018,163.84779357910156,18737100,0.0,0.0
2019-02-26 00:00:00-05:00,163.56908329697504,165.46017957730447,163.03162310002054,163.36007690429688,13784100,0.0,0.0
2019-02-27 00:00:00-05:00,162.13585408558868,163.1610212927436,159.65754402762937,162.04627990722656,12697500,0.0,0.0
2019-02-28 00:00:00-05:00,161.60834005621223,162.7330442433063,160.1054287235634,160.69265747070312,11114200,0.0,0.0
2019-03-01 00:00:00-05:00,161.83727452971726,162.3647871664073,160.9315395545655,161.51876831054688,11097800,0.0,0.0
2019-03-04 00:00:00-05:00,163.13114579643025,166.71426442004383,163.06148206088787,166.58486938476562,18894700,0.0,0.0
2019-03-05 00:00:00-05:00,166.5848677377532,171.07372118951184,165.7687222292947,170.4566192626953,28187900,0.0,0.0
2019-03-06 00:00:00-05:00,172.0889298122832,172.7558002449548,170.46658637731895,171.7007598876953,21531700,0.0,0.0
2019-03-07 00:00:00-05:00,170.69550172932335,170.9343813682355,166.8237501401525,168.3366241455078,18306500,0.0,0.0
2019-03-08 00:00:00-05:00,165.42038302790067,168.82433860822377,165.19146616843682,168.804443359375,13184800,0.0,0.0
2019-03-11 00:00:00-04:00,170.79503618099608,173.48236753333543,170.77512574791209,171.26283264160156,18884000,0.0,0.0
2019-03-12 00:00:00-04:00,171.2827261020489,172.98471121354194,170.41681211205287,171.113525390625,12155300,0.0,0.0
2019-03-13 00:00:00-04:00,171.51168494874824,173.21365513934023,171.31261096325505,172.55674743652344,11973300,0.0,0.0
2019-03-14 00:00:00-04:00,168.96368471883545,170.3471639025749,167.37119910744767,169.37176513671875,18037400,0.0,0.0
2019-03-15 00:00:00-04:00,166.3758733963894,166.79390139742011,161.74767695249813,165.20140075683594,37135400,0.0,0.0
2019-03-18 00:00:00-04:00,162.80273451858977,163.13117319263577,158.53284950943268,159.71726989746094,37524200,0.0,0.0
2019-03-19 00:00:00-04:00,160.72249865729984,163.05153334058028,160.06560623673366,160.8120880126953,25611500,0.0,0.0
2019-03-20 00:00:00-04:00,160.7424052385311,165.34072800835764,160.4836303631279,164.66392517089844,20211500,0.0,0.0
2019-03-21 00:00:00-04:00,164.11651360267214,165.60947722275367,162.98186185889867,165.30093383789062,16223000,0.0,0.0
2019-03-22 00:00:00-04:00,164.87295965198348,166.63466115364278,163.3202797605737,163.56910705566406,16389200,0.0,0.0
2019-03-25 00:00:00-04:00,162.23537341458018,165.758760731518,161.24006437522692,165.5099334716797,12631200,0.0,0.0
2019-03-26 00:00:00-04:00,166.56499395921668,168.6551340823663,165.56968479946568,166.8934326171875,15437900,0.0,0.0
2019-03-27 00:00:00-04:00,167.06264193855046,168.147525234885,164.01698327278595,165.0919189453125,10620300,0.0,0.0
2019-03-28 00:00:00-04:00,163.79803875771523,165.93794741611006,162.56384990926412,164.7734375,10443000,0.0,0.0
2019-03-29 00:00:00-04:00,165.60948527870397,166.4057356189227,164.03689503325526,165.9080810546875,13455500,0.0,0.0
2019-04-01 00:00:00-04:00,167.04273155475462,168.10770441658664,166.49530850091017,167.9086456298828,10381500,0.0,0.0
2019-04-02 00:00:00-04:00,169.34189048207057,174.0795563534912,168.75466175517323,173.38284301757812,23946500,0.0,0.0
2019-04-03 00:00:00-04:00,173.6814403210659,177.12521653645277,172.1387081575625,172.72593688964844,27391100,0.0,0.0
2019-04-04 00:00:00-04:00,175.1942901611328,177.1649976806676,174.7065832956276,175.1942901611328,17847700,0.0,0.0
2019-04-05 00:00:00-04:00,176.0502683110787,176.1697005362806,174.27861943026699,174.8957061767578,9594100,0.0,0.0
2019-04-08 00:00:00-04:00,174.3881060249181,174.67673896819076,173.41269221725545,174.10940551757812,7297400,0.0,0.0
2019-04-09 00:00:00-04:00,174.79618147569983,178.3494422971531,174.72651773517563,176.7469940185547,19751000,0.0,0.0
2019-04-10 00:00:00-04:00,177.34416705539726,177.9513062101447,175.7118607489435,176.98587036132812,11701500,0.0,0.0
2019-04-11 00:00:00-04:00,177.4038936830735,177.56313159161502,176.1697049718072,176.67730712890625,8071000,0.0,0.0
2019-04-12 00:00:00-04:00,177.16501114632777,178.78736975999095,177.1152426563164,178.25985717773438,12329800,0.0,0.0
2019-04-15 00:00:00-04:00,177.6626820543894,179.6533003407131,176.04032329112766,178.80728149414062,10834800,0.0,0.0
2019-04-16 00:00:00-04:00,178.16032460521816,179.3248344016808,177.46361128945566,178.0309295654297,11215200,0.0,0.0
2019-04-17 00:00:00-04:00,178.75752122912067,179.89217300067355,177.52333247224087,177.9413604736328,9973700,0.0,0.0
2019-04-18 00:00:00-04:00,177.96126002342217,178.0408865693711,176.50810213747266,177.44369506835938,11655600,0.0,0.0
2019-04-22 00:00:00-04:00,177.41384404162125,180.81779928295586,177.41384404162125,180.58888244628906,13389900,0.0,0.0
2019-04-23 00:00:00-04:00,181.88279291888955,183.35584615485925,180.62869371571574,182.91790771484375,19954800,0.0,0.0
2019-04-24 00:00:00-04:00,183.62456990870126,184.27151470858988,180.79788069818275,181.72352600097656,37289900,0.0,0.0
2019-04-25 00:00:00-04:00,196.05600610707134,197.54896993862397,191.2188026853523,192.35345458984375,54148800,0.0,0.0
2019-04-26 00:00:00-04:00,191.596992514994,191.99511006092004,188.20298500265494,190.59173583984375,22075000,0.0,0.0
2019-04-29 00:00:00-04:00,190.0542668696842,194.49335207410897,189.75567110654336,193.86630249023438,19641300,0.0,0.0
2019-04-30 00:00:00-04:00,193.27908532226306,196.46407154922858,191.37804121013858,192.49278259277344,23494700,0.0,0.0
2019-05-01 00:00:00-04:00,193.86631801694696,195.2597447735882,192.10461654181202,192.12452697753906,15996600,0.0,0.0
2019-05-02 00:00:00-04:00,192.0946580685494,193.08996717771288,188.85990346376812,191.62686157226562,13209500,0.0,0.0
2019-05-03 00:00:00-04:00,193.46817162573882,195.23982046140083,192.80131640667145,194.5530548095703,14575400,0.0,0.0
2019-05-06 00:00:00-04:00,190.342919833072,193.36865284778966,189.65615411660735,192.9705352783203,13994900,0.0,0.0
2019-05-07 00:00:00-04:00,191.63678622691026,191.9950980707513,186.9687998216833,188.87979125976562,16253000,0.0,0.0
2019-05-08 00:00:00-04:00,188.50158861710437,189.8253515339713,187.66553262346574,188.65087890625,12505700,0.0,0.0
2019-05-09 00:00:00-04:00,186.3218500889637,188.87980162313505,185.38625715720005,187.76504516601562,12967000,0.0,0.0
2019-05-10 00:00:00-04:00,187.3669535285039,189.10874459716197,183.72411827712222,187.45652770996094,12578500,0.0,0.0
2019-05-13 00:00:00-04:00,182.63922813420237,184.56016749447133,179.99170216318436,180.68841552734375,16833300,0.0,0.0
2019-05-14 00:00:00-04:00,181.6637984606304,182.62924938184193,177.26453461138675,179.88218688964844,17628100,0.0,0.0
2019-05-15 00:00:00-04:00,179.57367561278664,186.401497011794,179.17555802635854,185.396240234375,16746900,0.0,0.0
2019-05-16 00:00:00-04:00,184.18195192070448,187.6953918273591,184.18195192070448,186.11285400390625,12953100,0.0,0.0
2019-05-17 00:00:00-04:00,183.97293724739612,186.7000897503096,183.41556656060206,184.4307861328125,10485400,0.0,0.0
2019-05-20 00:00:00-04:00,181.02681331283557,183.36578044783914,180.51919598189804,181.8628692626953,10352000,0.0,0.0
2019-05-21 00:00:00-04:00,183.70419093642238,184.82887978840435,183.0273729134857,183.95301818847656,7502800,0.0,0.0
2019-05-22 00:00:00-04:00,183.86343970191584,185.86402064648172,182.74869840673838,184.45068359375,9213800,0.0,0.0
2019-05-23 00:00:00-04:00,181.5642928851887,183.03734617123723,178.82719272925158,180.0215606689453,12768800,0.0,0.0
2019-05-24 00:00:00-04:00,181.47470964859104,182.76861451334628,179.98174600169153,180.21066284179688,8807700,0.0,0.0
2019-05-28 00:00:00-04:00,180.68840882925286,183.8435520671503,180.59883465444122,183.44541931152344,14843300,0.0,0.0
2019-05-29 00:00:00-04:00,182.63922545587087,183.69425070429963,180.49931690007384,181.3353729248047,12797700,0.0,0.0
2019-05-30 00:00:00-04:00,182.22119870487322,182.61931628496413,180.04146926392696,182.15151977539062,8581500,0.0,0.0
2019-05-31 00:00:00-04:00,179.434328427484,179.6931033334349,176.328968807225,176.63751220703125,15226500,0.0,0.0
2019-06-03 00:00:00-04:00,174.17909989222636,174.22886838678087,160.25471952487425,163.37998962402344,56059600,0.0,0.0
2019-06-04 00:00:00-04:00,162.9420642567451,167.49061908076115,160.08551672805768,166.7142791748047,46044300,0.0,0.0
2019-06-05 00:00:00-04:00,166.69436830575017,167.92855709039114,163.85774640666835,167.38113403320312,19758300,0.0,0.0
2019-06-06 00:00:00-04:00,167.5105166992388,168.90394329890293,166.44552872240118,167.54037475585938,12446400,0.0,0.0
2019-06-07 00:00:00-04:00,169.37174395194612,173.0543845024766,168.04798105596623,172.53683471679688,16917300,0.0,0.0
2019-06-10 00:00:00-04:00,173.93027529273795,177.0256873804005,172.98473463044883,173.9999542236328,14767900,0.0,0.0
2019-06-11 00:00:00-04:00,177.64274872433,179.13571224665813,175.96067405922,177.26454162597656,15266600,0.0,0.0
2019-06-12 00:00:00-04:00,177.5432466082492,178.4290711221646,172.06904641979827,174.21890258789062,17699800,0.0,0.0
2019-06-13 00:00:00-04:00,174.70661006825563,177.19488288890213,173.79092749272317,176.63751220703125,12253600,0.0,0.0
2019-06-14 00:00:00-04:00,179.6632550740047,180.98701810925658,179.1556528583028,180.4794158935547,16773700,0.0,0.0
2019-06-17 00:00:00-04:00,184.1421159782311,188.61105893706437,183.54493967967477,188.12335205078125,29459900,0.0,0.0
2019-06-18 00:00:00-04:00,193.08996508136212,193.6174776885147,186.40148672542256,187.58590698242188,37571400,0.0,0.0
2019-06-19 00:00:00-04:00,186.12279606002886,187.21764211173704,183.68429187636377,186.6005401611328,21417100,0.0,0.0
2019-06-20 00:00:00-04:00,190.0542672578422,190.2632888486311,186.7597966075269,188.64093017578125,14635700,0.0,0.0
2019-06-21 00:00:00-04:00,187.8645895825595,191.0993441051731,187.8645895825595,190.24337768554688,22751200,0.0,0.0
2019-06-24 00:00:00-04:00,191.51736967294505,193.07004939418573,190.67136607468504,191.696533203125,15509000,0.0,0.0
2019-06-25 00:00:00-04:00,191.97520419137768,192.23397906318874,187.2474864558712,187.9541473388672,16750300,0.0,0.0
2019-06-26 00:00:00-04:00,188.65087963810572,189.865157951906,186.43134460333138,186.7797088623047,12808600,0.0,0.0
2019-06-27 00:00:00-04:00,188.98930632140204,197.94708867422196,187.3868579819091,188.611083984375,11159000,0.0,0.0
2019-06-28 00:00:00-04:00,189.6561460875619,192.29370904486225,189.04900694813657,192.0946502685547,16378900,0.0,0.0
2019-07-01 00:00:00-04:00,194.29428999286284,194.3639537303255,191.02966227513193,192.0946502685547,14181800,0.0,0.0
2019-07-02 00:00:00-04:00,192.09466310158754,194.0852813720703,191.80603013474087,194.0852813720703,9050000,0.0,0.0
2019-07-03 00:00:00-04:00,193.24921519032497,196.47400689926474,193.24921519032497,196.2749481201172,10246100,0.0,0.0
2019-07-05 00:00:00-04:00,195.25972951621904,196.14556918390923,193.25916371753186,195.47869873046875,11164100,0.0,0.0
2019-07-08 00:00:00-04:00,194.274387028616,195.7573878782559,192.73165487529718,194.84170532226562,9723900,0.0,0.0
2019-07-09 00:00:00-04:00,194.0554119993197,198.52435522340497,193.97578545067725,198.27552795410156,14698600,0.0,0.0
2019-07-10 00:00:00-04:00,199.06181740287772,202.00793898281333,198.7333635816976,201.7790069580078,20571700,0.0,0.0
2019-07-11 00:00:00-04:00,202.30651747056885,202.84399287684622,199.27083693628398,200.28604125976562,13678500,0.0,0.0
2019-07-12 00:00:00-04:00,198.74330951677865,204.33695686558332,198.22575973072017,203.90896606445312,15366300,0.0,0.0
2019-07-15 00:00:00-04:00,203.2918926749882,204.36682837304232,200.87329874477555,202.9534912109375,16030300,0.0,0.0
2019-07-16 00:00:00-04:00,202.93355755145,204.5061476415651,202.14727009999774,202.8837890625,12132700,0.0,0.0
2019-07-17 00:00:00-04:00,203.2222190521155,203.40138260007612,200.6443719466022,200.8533935546875,12083700,0.0,0.0
2019-07-18 00:00:00-04:00,199.2111156733508,201.5202401376113,198.44473858043352,199.83816528320312,11937900,0.0,0.0
2019-07-19 00:00:00-04:00,201.23159263293655,201.38089811477818,197.1408866879658,197.4295196533203,12098300,0.0,0.0
2019-07-22 00:00:00-04:00,198.97224262477,201.61976843310612,197.87739655749976,201.37094116210938,13589000,0.0,0.0
2019-07-23 00:00:00-04:00,201.8884954613412,203.2819373223804,200.01732466894592,201.41075134277344,14583700,0.0,0.0
2019-07-24 00:00:00-04:00,196.70292985624295,203.84924145255138,196.29484950611328,203.699951171875,32532500,0.0,0.0
2019-07-25 00:00:00-04:00,205.7303696530136,207.68118199805323,197.32995916545258,199.7684783935547,39889900,0.0,0.0
2019-07-26 00:00:00-04:00,199.25094199781591,201.92832605241423,195.329421500539,198.81300354003906,24434000,0.0,0.0
2019-07-29 00:00:00-04:00,198.0665020445251,198.69355160939767,194.3838615766168,195.02085876464844,16530800,0.0,0.0
2019-07-30 00:00:00-04:00,194.47343825083442,197.7778716475059,192.59230471920506,196.11569213867188,11903600,0.0,0.0
2019-07-31 00:00:00-04:00,196.02613555632766,197.82764270167056,191.77616120085966,193.3188934326172,14593500,0.0,0.0
2019-08-01 00:00:00-04:00,193.25915996385098,197.5389919948615,189.98459981160997,191.82591247558594,17777000,0.0,0.0
2019-08-02 00:00:00-04:00,190.203576059906,191.71643496486885,187.18779068642343,188.13333129882812,15297000,0.0,0.0
2019-08-05 00:00:00-04:00,183.82365481301792,184.7990535566209,178.49874462719345,180.87753295898438,23086700,0.0,0.0
2019-08-06 00:00:00-04:00,182.82832467845316,184.91846460375427,182.23113316424647,183.64447021484375,18035700,0.0,0.0
2019-08-07 00:00:00-04:00,182.73876188397975,185.49575723236353,180.3699213006207,184.28147888183594,15833200,0.0,0.0
2019-08-08 00:00:00-04:00,185.74458724432688,189.44713846802614,183.18665064640405,189.2679901123047,14828900,0.0,0.0
2019-08-09 00:00:00-04:00,189.1087348502608,190.08413354601643,186.2422396936753,186.9688262939453,11058800,0.0,0.0
2019-08-12 00:00:00-04:00,185.97351090366547,186.71002991584524,183.594722768629,184.5004425048828,10930900,0.0,0.0
2019-08-13 00:00:00-04:00,184.64976095144908,190.4822732787323,184.50045546404144,187.56600952148438,13577000,0.0,0.0
2019-08-14 00:00:00-04:00,184.92843314661258,185.11754430488043,178.46887164364853,178.86700439453125,18903700,0.0,0.0
2019-08-15 00:00:00-04:00,180.10116850648257,182.34061385588203,179.18548600830454,181.7334747314453,12925900,0.0,0.0
2019-08-16 00:00:00-04:00,182.8880405853893,184.2317138972276,181.50456159334746,182.83827209472656,12654600,0.0,0.0
2019-08-19 00:00:00-04:00,185.13743879482948,186.62045480978068,183.98289179002037,185.29669189453125,9691200,0.0,0.0
2019-08-20 00:00:00-04:00,184.5800601394741,185.1274831539845,181.53441687883006,182.94775390625,10083400,0.0,0.0
2019-08-21 00:00:00-04:00,184.13217519500367,185.0279472697166,182.28089974501412,182.68898010253906,8398200,0.0,0.0
2019-08-22 00:00:00-04:00,182.5695293689954,183.24634741151215,179.06605249350972,181.18605041503906,10821400,0.0,0.0
2019-08-23 00:00:00-04:00,179.99168478836646,182.27095101556822,175.83130025312713,176.9161834716797,17323400,0.0,0.0
2019-08-26 00:00:00-04:00,178.55842795509193,179.6532739264808,177.40388106105735,179.51393127441406,8773600,0.0,0.0
2019-08-27 00:00:00-04:00,181.07658888928,183.176691832491,180.16090628100397,180.44955444335938,14399600,0.0,0.0
2019-08-28 00:00:00-04:00,179.6831531922032,181.09649031206425,178.08070491066854,180.90737915039062,9386100,0.0,0.0
2019-08-29 00:00:00-04:00,182.90794933015442,185.20711081775832,182.60935357614633,184.6995086669922,10128700,0.0,0.0
2019-08-30 00:00:00-04:00,185.90382012430058,185.9237305573962,182.59940202932543,184.7990264892578,10774500,0.0,0.0
2019-09-03 00:00:00-04:00,183.13688745967474,184.79905195273994,181.25575373401767,181.53443908691406,9779400,0.0,0.0
2019-09-04 00:00:00-04:00,183.78382084801504,186.869285159894,183.02739139279333,186.26214599609375,11308000,0.0,0.0
2019-09-05 00:00:00-04:00,187.64563870220826,190.46236550725288,187.05840993027658,190.0045166015625,13876700,0.0,0.0
2019-09-06 00:00:00-04:00,189.31776153258727,189.31776153258727,185.47586757710536,186.6105194091797,15226800,0.0,0.0
2019-09-09 00:00:00-04:00,186.84939024298578,188.09352673219504,184.9782192905199,187.8745574951172,14722400,0.0,0.0
2019-09-10 00:00:00-04:00,186.56073869419538,187.21764634005658,183.68429602488243,185.29669189453125,15455900,0.0,0.0
2019-09-11 00:00:00-04:00,185.5853434228469,188.55136031966398,185.207121100956,187.60581970214844,11761700,0.0,0.0
2019-09-12 00:00:00-04:00,188.96939493929648,190.0343678274461,186.35172702717819,186.59060668945312,11419800,0.0,0.0
2019-09-13 00:00:00-04:00,186.451247567791,187.08824475711572,185.66494490751163,186.31190490722656,11441100,0.0,0.0
2019-09-16 00:00:00-04:00,186.0531117198433,186.90907810247933,184.898564774715,185.34645080566406,8444800,0.0,0.0
2019-09-17 00:00:00-04:00,185.78440153813406,187.43661830051218,184.6696450111066,187.19773864746094,9671100,0.0,0.0
2019-09-18 00:00:00-04:00,187.2076930532614,188.19305457218215,185.1374482134519,187.25746154785156,9681900,0.0,0.0
2019-09-19 00:00:00-04:00,187.7750241324273,190.20358083986184,187.2674067562529,189.24807739257812,10392700,0.0,0.0
2019-09-20 00:00:00-04:00,189.76563380811857,192.19419040569105,187.23754022715252,189.03904724121094,19934200,0.0,0.0
2019-09-23 00:00:00-04:00,188.45180176982407,189.20824632704853,184.3411859412014,185.94363403320312,13327600,0.0,0.0
2019-09-24 00:00:00-04:00,187.09819417682118,187.15791029089206,179.54380200263316,180.42962646484375,18546600,0.0,0.0
2019-09-25 00:00:00-04:00,180.59883153499985,182.55959165936068,177.03562316654745,181.9425048828125,18068300,0.0,0.0
2019-09-26 00:00:00-04:00,180.47939976915816,180.5490635083618,176.8365648415665,179.26512145996094,16083300,0.0,0.0
2019-09-27 00:00:00-04:00,179.64333845293348,179.9120609654577,174.83599385070116,176.2692413330078,14656200,0.0,0.0
2019-09-30 00:00:00-04:00,177.03562257424318,177.83187288186775,176.020418239553,177.24464416503906,10740000,0.0,0.0
2019-10-01 00:00:00-04:00,178.30961927805242,178.99638498734498,174.05966035374882,174.98529052734375,17073000,0.0,0.0
2019-10-02 00:00:00-04:00,174.01983980654074,175.7019146194332,172.2780488774623,173.78097534179688,16151700,0.0,0.0
2019-10-03 00:00:00-04:00,174.74643355447506,178.99639266097572,172.81553138679055,178.53855895996094,16086300,0.0,0.0
2019-10-04 00:00:00-04:00,178.7077587346279,180.13104351186144,177.2645635222184,179.60353088378906,10430200,0.0,0.0
2019-10-07 00:00:00-04:00,179.1556491660487,180.33010668738635,177.25460502163352,178.83714294433594,9178300,0.0,0.0
2019-10-08 00:00:00-04:00,177.423785619308,179.52388832032804,176.88632541518453,176.9161834716797,9466900,0.0,0.0
2019-10-09 00:00:00-04:00,178.31958194750192,179.87226171308285,177.1053036308888,179.00634765625,7556900,0.0,0.0
2019-10-10 00:00:00-04:00,179.4741339672219,180.75807595063108,178.32951945516737,179.18548583984375,8605000,0.0,0.0
2019-10-11 00:00:00-04:00,181.2955496651338,185.61520277706444,181.28560204135576,183.32598876953125,14930500,0.0,0.0
2019-10-14 00:00:00-04:00,183.33592481732424,183.7539527977851,181.71358138565225,182.4202423095703,7006000,0.0,0.0
2019-10-15 00:00:00-04:00,182.93781705373354,189.48695280561785,182.79847438612796,188.00393676757812,15039100,0.0,0.0
2019-10-16 00:00:00-04:00,187.4366169552316,188.810133185586,186.02326466883702,188.6608428955078,10516900,0.0,0.0
2019-10-17 00:00:00-04:00,189.40732829008516,189.94478853170787,187.8845065537403,189.4969024658203,9603000,0.0,0.0
2019-10-18 00:00:00-04:00,189.33765417173728,190.59175341273507,183.0572559043437,184.97821044921875,16874200,0.0,0.0
2019-10-21 00:00:00-04:00,186.1626157001383,189.01916327208448,185.8739827306141,188.86985778808594,8122600,0.0,0.0
2019-10-22 00:00:00-04:00,189.108720673442,189.75566548507203,180.64859369594592,181.48464965820312,19537600,0.0,0.0
2019-10-23 00:00:00-04:00,181.15620019092214,185.5057111980063,181.1462525675178,185.2767791748047,12300400,0.0,0.0
2019-10-24 00:00:00-04:00,183.7539682427725,185.85407113195666,181.94251350851803,185.50572204589844,11413500,0.0,0.0
2019-10-25 00:00:00-04:00,184.9582869543269,188.11341489491383,184.2217527725275,187.0086212158203,8061200,0.0,0.0
2019-10-28 00:00:00-04:00,186.32185868312075,188.6409306861893,184.21180827140668,188.51153564453125,13657900,0.0,0.0
2019-10-29 00:00:00-04:00,190.79080711164804,191.62686312518983,187.58591053919255,188.42196655273438,13574900,0.0,0.0
2019-10-30 00:00:00-04:00,188.67078052222195,189.5566049665769,185.1075723114427,187.36692810058594,28734600,0.0,0.0
2019-10-31 00:00:00-04:00,195.7772903868913,197.16076938214727,187.36693181052763,190.7509765625,42286500,0.0,0.0
2019-11-01 00:00:00-04:00,191.94536913115044,193.1994531501472,189.01915789961282,192.7117462158203,21711800,0.0,0.0
2019-11-04 00:00:00-05:00,193.6373941191379,196.44415796607126,192.9008598961494,193.8065948486328,16371300,0.0,0.0
2019-11-05 00:00:00-05:00,194.45352488059575,194.83174718075193,192.6918387910712,193.40846252441406,9942000,0.0,0.0
2019-11-06 00:00:00-05:00,193.1198364810582,193.4582379529475,190.45241520304222,190.65147399902344,10973000,0.0,0.0
2019-11-07 00:00:00-05:00,191.00977999653213,192.5326017601282,188.58122327395193,189.52676391601562,13473000,0.0,0.0
2019-11-08 00:00:00-05:00,189.10873766379973,191.4377574195703,188.81014188267758,189.94479370117188,10760800,0.0,0.0
2019-11-11 00:00:00-05:00,189.03905682191868,189.18836230457592,187.6555777310163,188.72056579589844,8631200,0.0,0.0
2019-11-12 00:00:00-05:00,189.10872179415176,194.14498321829487,188.84994690540836,193.55775451660156,17615500,0.0,0.0
2019-11-13 00:00:00-05:00,193.7866789756847,194.78198807693343,191.83588164207572,192.2837677001953,10860700,0.0,0.0
2019-11-14 00:00:00-05:00,192.0249730486965,193.119819108925,190.5519198662892,192.2439422607422,9040500,0.0,0.0
2019-11-15 00:00:00-05:00,193.3487432540643,194.3838732387254,192.47288155998007,194.184814453125,11524300,0.0,0.0
2019-11-18 00:00:00-05:00,193.64732498610246,197.6982400811823,192.1444137984909,196.4739990234375,16167200,0.0,0.0
2019-11-19 00:00:00-05:00,196.4739878877435,199.06179732789002,195.93652771733053,198.38499450683594,19056800,0.0,0.0
2019-11-20 00:00:00-05:00,197.64848412722168,198.6537408570649,194.51325133043508,196.58349609375,12355400,0.0,0.0
2019-11-21 00:00:00-05:00,196.4939389170303,198.15610344566878,195.93656819930877,197.0015411376953,12131000,0.0,0.0
2019-11-22 00:00:00-05:00,197.44943641669738,198.3651190232683,196.6929917337643,197.8873748779297,9959800,0.0,0.0
2019-11-25 00:00:00-05:00,198.58407593963173,200.02727109759064,198.31533823013774,198.85279846191406,15272300,0.0,0.0
2019-11-26 00:00:00-05:00,199.06180342520204,199.21109370288679,197.1109910692625,198.03663635253906,11735500,0.0,0.0
2019-11-27 00:00:00-05:00,198.96227410790686,202.18708091493383,198.4845300137139,201.05242919921875,12736600,0.0,0.0
2019-11-29 00:00:00-05:00,200.65431663362,202.84399357251317,200.266146699849,200.69412231445312,7985200,0.0,0.0
2019-12-02 00:00:00-05:00,201.18183844298255,201.23159174949927,197.12097538755344,198.7632293701172,11503400,0.0,0.0
2019-12-03 00:00:00-05:00,196.67309648531742,197.99684430602522,194.1649131446677,197.8873748779297,11595300,0.0,0.0
2019-12-04 00:00:00-05:00,199.06181986336279,199.09167792136535,197.12097015713732,197.7778778076172,8456300,0.0,0.0
2019-12-05 00:00:00-05:00,198.92247448917328,200.34575919196072,197.2802205725399,198.42481994628906,9740400,0.0,0.0
2019-12-06 00:00:00-05:00,199.55948001872795,200.62446807477446,199.12154157277283,200.10690307617188,12270600,0.0,0.0
2019-12-09 00:00:00-05:00,199.70875738796195,202.18708242187915,199.27083415756084,200.39552307128906,11954800,0.0,0.0
2019-12-10 00:00:00-05:00,200.7140370700888,201.10220701221758,199.21111060688355,199.927734375,9475700,0.0,0.0
2019-12-11 00:00:00-05:00,199.34051044559442,201.67949296546794,199.34051044559442,201.31121826171875,8036800,0.0,0.0
2019-12-12 00:00:00-05:00,201.4008093696665,202.70466190544602,193.1895090129482,195.8270721435547,23734800,0.0,0.0
2019-12-13 00:00:00-05:00,195.47869876042452,195.87683150785384,192.26385465939134,193.19944763183594,18798000,0.0,0.0
2019-12-16 00:00:00-05:00,194.3539990284115,198.1859296912046,193.8961501910895,196.99156188964844,14911500,0.0,0.0
2019-12-17 00:00:00-05:00,197.9072671823086,198.06652029078995,195.20998789826288,197.45938110351562,10175700,0.0,0.0
2019-12-18 00:00:00-05:00,199.15138092930027,203.34163864399594,199.15138092930027,201.55007934570312,23274400,0.0,0.0
2019-12-19 00:00:00-05:00,201.8287862822054,205.3322787089521,201.56004856186883,205.09339904785156,16514600,0.0,0.0
2019-12-20 00:00:00-05:00,206.50673286749497,206.73566490088785,202.47572787643944,205.332275390625,27306900,0.0,0.0
2019-12-23 00:00:00-05:00,205.73037929374087,207.6115128062618,204.71515980195167,205.2128143310547,13348900,0.0,0.0
2019-12-24 00:00:00-05:00,205.3322637351093,205.8199554585412,204.03835890946075,204.1577911376953,6046300,0.0,0.0
2019-12-26 00:00:00-05:00,204.60568971111738,206.84513508470218,204.34689963702147,206.8152618408203,9350700,0.0,0.0
2019-12-27 00:00:00-05:00,207.69114334998685,207.94991824270406,205.62089864661527,207.1238250732422,10284200,0.0,0.0
2019-12-30 00:00:00-05:00,206.88493927598088,206.92474495551875,202.9435087644576,203.4511260986328,10524300,0.0,0.0
2019-12-31 00:00:00-05:00,203.04304933722213,204.5957290492589,202.64493178595515,204.2871856689453,8953500,0.0,0.0
2020-01-02 00:00:00-05:00,205.78015882073373,208.8058918375868,205.302414699591,208.7959442138672,12077100,0.0,0.0
2020-01-03 00:00:00-05:00,206.238004077988,209.41302733101944,205.97921399369764,207.69114685058594,11188400,0.0,0.0
2020-01-06 00:00:00-05:00,205.73038932587127,211.78187051732047,205.55124097651958,211.60272216796875,17058900,0.0,0.0
2020-01-07 00:00:00-05:00,211.82169766091124,213.57343627326793,210.75670959529046,212.06056213378906,14912400,0.0,0.0
2020-01-08 00:00:00-05:00,212.00083135656322,215.22563820234075,211.61266142776498,214.21041870117188,13475000,0.0,0.0
2020-01-09 00:00:00-05:00,216.51954106054566,217.35561227049277,215.26545702644307,217.27598571777344,12642800,0.0,0.0
2020-01-10 00:00:00-05:00,218.17174585240141,218.848563919665,216.40009691672174,217.03709411621094,12119400,0.0,0.0
2020-01-13 00:00:00-05:00,218.56988744950831,220.9287651891354,218.18171750264293,220.86904907226562,14463400,0.0,0.0
2020-01-14 00:00:00-05:00,220.5704509179999,221.33684317971068,217.60443404355067,218.03240966796875,13288900,0.0,0.0
2020-01-15 00:00:00-05:00,219.5751343894341,220.64010719625313,219.1073379118784,220.1125946044922,10036500,0.0,0.0
2020-01-16 00:00:00-05:00,221.52595613683127,221.58567225354054,219.35617437738657,220.72970581054688,10015300,0.0,0.0
2020-01-17 00:00:00-05:00,220.98849206923933,221.24726698401594,219.49552832593292,221.0979766845703,15905900,0.0,0.0
2020-01-21 00:00:00-05:00,221.11786886980354,221.32687527177663,218.0921207616,220.4012451171875,14275800,0.0,0.0
2020-01-22 00:00:00-05:00,221.26716085218317,221.7050992807162,220.2419937068497,220.2818145751953,12212800,0.0,0.0
2020-01-23 00:00:00-05:00,219.71447214177343,220.45100630400472,218.24141900452167,218.72911071777344,11195000,0.0,0.0
2020-01-24 00:00:00-05:00,219.76426361280397,220.7396623285179,215.09626126392587,216.9176788330078,11905800,0.0,0.0
2020-01-27 00:00:00-05:00,212.10038951526025,215.04649614408382,211.50319794030844,213.86207580566406,13810700,0.0,0.0
2020-01-28 00:00:00-05:00,215.1261024276998,217.7139120923478,212.51839751638414,216.7683563232422,13413800,0.0,0.0
2020-01-29 00:00:00-05:00,220.40123432684547,223.14828178591023,217.4252548557841,222.18283081054688,33181300,0.0,0.0
2020-01-30 00:00:00-05:00,205.56119177429653,210.43820039774826,203.7895427519186,208.547119140625,48775500,0.0,0.0
2020-01-31 00:00:00-05:00,207.45226437809475,207.71105445886414,200.11684131403348,200.96286010742188,31359900,0.0,0.0
2020-02-03 00:00:00-05:00,202.48569587200018,204.17771838927396,201.55010284120308,203.232177734375,15495600,0.0,0.0
2020-02-04 00:00:00-05:00,205.65076936637377,209.61211067296307,204.23743221196708,208.84571838378906,19628900,0.0,0.0
2020-02-05 00:00:00-05:00,211.5131407785573,211.7321100052707,207.73097818015233,209.12440490722656,12538200,0.0,0.0
2020-02-06 00:00:00-05:00,209.48270907571722,210.199332848112,208.35800492430647,209.86093139648438,10567500,0.0,0.0
2020-02-07 00:00:00-05:00,209.31349299116846,211.82167601050796,208.94521832110308,211.33396911621094,12242500,0.0,0.0
2020-02-10 00:00:00-05:00,210.52779274637848,212.7970963619907,209.67182628173794,212.06056213378906,11856400,0.0,0.0
2020-02-11 00:00:00-05:00,209.20400567805262,209.870860900053,205.54126058125033,206.21807861328125,25030800,0.0,0.0
2020-02-12 00:00:00-05:00,206.8749939679805,210.22918063657784,206.4270927417051,209.77133178710938,13813700,0.0,0.0
2020-02-13 00:00:00-05:00,208.53716838706288,213.32460276260556,208.19875174834357,212.1401824951172,15396600,0.0,0.0
2020-02-14 00:00:00-05:00,212.9961446229473,213.92177478401734,211.65247128058152,213.17529296875,10741700,0.0,0.0
2020-02-18 00:00:00-05:00,212.54825672930903,216.9574686567502,212.39895125522258,216.7783203125,15609200,0.0,0.0
2020-02-19 00:00:00-05:00,216.96745745525226,217.29591131293043,215.09627130382992,216.4698028564453,12135100,0.0,0.0
2020-02-20 00:00:00-05:00,215.50432734792386,217.7437727892913,211.951066624426,213.57342529296875,13109200,0.0,0.0
2020-02-21 00:00:00-05:00,212.47859987542495,213.23504457339914,207.8504182550015,209.19407653808594,14092300,0.0,0.0
2020-02-24 00:00:00-05:00,200.8533933667213,202.69470621727362,197.24041622289212,199.77845764160156,23080100,0.0,0.0
2020-02-25 00:00:00-05:00,201.30127472961732,202.5454111618152,195.03082407389752,195.84698486328125,21433500,0.0,0.0
2020-02-26 00:00:00-05:00,196.2650004966838,200.2661472625583,194.57297809311262,196.2749481201172,16524500,0.0,0.0
2020-02-27 00:00:00-05:00,190.92019083922207,194.96114318567538,188.61106653427106,188.85989379882812,21682600,0.0,0.0
2020-02-28 00:00:00-05:00,181.84297925151697,191.83589165444653,180.9671175240087,191.56715393066406,32568900,0.0,0.0
2020-03-02 00:00:00-05:00,193.119810496198,195.64790394535578,187.96411699409967,195.5185089111328,24949000,0.0,0.0
2020-03-03 00:00:00-05:00,195.2995500509412,196.31476957098187,183.1070137486246,185.01800537109375,27984100,0.0,0.0
2020-03-04 00:00:00-05:00,188.28262662656724,190.93015256189528,185.51566845533966,190.8604736328125,23062500,0.0,0.0
2020-03-05 00:00:00-05:00,185.90382453273224,188.1034642320364,183.0273819642335,184.30137634277344,19333400,0.0,0.0
2020-03-06 00:00:00-05:00,177.49346157116247,182.91789276032495,175.43316458422404,180.24050903320312,24559600,0.0,0.0
2020-03-09 00:00:00-04:00,168.80443200593194,174.17909515290836,164.4151151631478,168.70489501953125,29949000,0.0,0.0
2020-03-10 00:00:00-04:00,173.8506337905665,177.45364777143968,168.7048877105908,177.3541259765625,24517800,0.0,0.0
2020-03-11 00:00:00-04:00,173.19374136381003,175.05497981923568,166.87353731380114,169.44143676757812,20373900,0.0,0.0
2020-03-12 00:00:00-04:00,158.79160088690318,165.81849561381748,153.61599680788407,153.74539184570312,43266300,0.0,0.0
2020-03-13 00:00:00-04:00,162.762880636043,169.98881855663976,156.86070551670343,169.48121643066406,35028600,0.0,0.0
2020-03-16 00:00:00-04:00,151.60550220981705,158.38355532348754,142.42875031756859,145.32508850097656,39120400,0.0,0.0
2020-03-17 00:00:00-04:00,150.03290101106796,153.21788713204242,139.34327568073533,148.71908569335938,34255600,0.0,0.0
2020-03-18 00:00:00-04:00,139.09444469421217,147.4848929948495,136.4568816926054,146.2706298828125,37553100,0.0,0.0
2020-03-19 00:00:00-04:00,145.93221038975346,159.1797716276007,144.12075578707334,152.41168212890625,39862300,0.0,0.0
2020-03-20 00:00:00-04:00,155.28815257849305,158.52290762310105,147.30576818522516,149.02764892578125,32568400,0.0,0.0
2020-03-23 00:00:00-04:00,148.95795309455292,151.5955159495197,141.58270953634096,147.4052734375,29830800,0.0,0.0
2020-03-24 00:00:00-04:00,154.481945696505,160.55332262880194,151.85433004861494,160.22486877441406,30440400,0.0,0.0
2020-03-25 00:00:00-04:00,158.17452843962602,162.22544397367818,152.3420162078243,155.4772491455078,35184300,0.0,0.0
2020-03-26 00:00:00-04:00,157.5076568360479,163.23068386168626,156.28343095950427,162.5737762451172,26556800,0.0,0.0
2020-03-27 00:00:00-04:00,157.4578938460723,159.33902740489134,154.0240805481914,156.05450439453125,24879900,0.0,0.0
2020-03-30 00:00:00-04:00,158.43330719778598,165.96780494292827,157.31856578161563,165.1715545654297,22515200,0.0,0.0
2020-03-31 00:00:00-04:00,164.70374754892737,170.1281791701588,163.42975310094974,166.01756286621094,23676300,0.0,0.0
2020-04-01 00:00:00-04:00,160.86184700440853,163.37997773607637,157.29863871198742,158.85133361816406,19507600,0.0,0.0
2020-04-02 00:00:00-04:00,158.35368721548863,160.5931327375902,155.18859631356824,157.4479522705078,20886300,0.0,0.0
2020-04-03 00:00:00-04:00,156.4128415183269,157.1692862630934,150.12249499767552,153.45677185058594,25983300,0.0,0.0
2020-04-06 00:00:00-04:00,159.39875882501565,165.42038239099023,157.76645238014177,164.7734375,28453600,0.0,0.0
2020-04-07 00:00:00-04:00,170.98413111832824,172.5766316369002,165.23124615548303,168.03802490234375,31411900,0.0,0.0
2020-04-08 00:00:00-04:00,170.44667811396883,174.17908712376376,166.95314874819678,173.46246337890625,21664200,0.0,0.0
2020-04-09 00:00:00-04:00,175.07485549944573,176.2493280736442,170.76518068558494,174.36819458007812,23534300,0.0,0.0
2020-04-13 00:00:00-04:00,172.85533614021418,174.17909911596095,168.65513036369802,173.97007751464844,19355400,0.0,0.0
2020-04-14 00:00:00-04:00,178.14041116484162,180.3798565480623,175.79148117761952,177.33421325683594,21011800,0.0,0.0
2020-04-15 00:00:00-04:00,174.36818277216364,177.3541097144927,172.0093053476308,176.13983154296875,17423000,0.0,0.0
2020-04-16 00:00:00-04:00,177.11525550488224,177.21479249212575,171.7007714426145,175.42323303222656,23593200,0.0,0.0
2020-04-17 00:00:00-04:00,178.35937957242533,179.4343151740126,175.831301255752,178.39920043945312,20974800,0.0,0.0
2020-04-20 00:00:00-04:00,176.5777917677822,179.65329325390158,175.94079454877485,177.40390014648438,16110700,0.0,0.0
2020-04-21 00:00:00-04:00,174.4279169412668,174.55731198207238,167.55032752706842,169.99879455566406,24850500,0.0,0.0
2020-04-22 00:00:00-04:00,177.61292126915225,183.91323024129977,177.30437785133358,181.42495727539062,33242000,0.0,0.0
2020-04-23 00:00:00-04:00,183.216503812133,186.1725731002809,182.29085843732526,184.26158142089844,21426600,0.0,0.0
2020-04-24 00:00:00-04:00,182.3705094727026,189.51683777908278,179.98177334958402,189.17843627929688,28792000,0.0,0.0
2020-04-27 00:00:00-04:00,191.75625138907134,192.84113464355468,186.53087870840727,186.62045288085938,29197800,0.0,0.0
2020-04-28 00:00:00-04:00,187.77501388002332,188.31247409856712,181.70362244293133,182.05198669433594,21731000,0.0,0.0
2020-04-29 00:00:00-04:00,190.0343657537774,195.98632531267825,189.10873554858563,193.27908325195312,45954500,0.0,0.0
2020-04-30 00:00:00-04:00,205.94936529373084,208.70637586217512,200.62447051048667,203.74974060058594,46230100,0.0,0.0
2020-05-01 00:00:00-04:00,200.6543117471903,206.30765989492178,198.11627061716683,201.3211669921875,30415600,0.0,0.0
2020-05-04 00:00:00-04:00,199.26087293125784,204.94409440774302,197.82762543939134,204.29713439941406,19250700,0.0,0.0
2020-05-05 00:00:00-04:00,206.04889483746598,209.3931340323651,205.5313298512808,206.09866333007812,21071200,0.0,0.0
2020-05-06 00:00:00-04:00,207.14373167620724,210.607418390097,205.69058884843633,207.49209594726562,21857000,0.0,0.0
2020-05-07 00:00:00-04:00,210.16947539367143,210.6074138321944,208.0594097523528,210.2689971923828,15152000,0.0,0.0
2020-05-08 00:00:00-04:00,211.24439723347044,212.2098482223499,209.86091826804685,211.3538818359375,12506000,0.0,0.0
2020-05-11 00:00:00-04:00,209.90074145440502,213.99146257910334,209.3831764552827,212.17999267578125,12911900,0.0,0.0
2020-05-12 00:00:00-04:00,212.28946408241274,214.27013459187316,209.01490393644792,209.11444091796875,14704600,0.0,0.0
2020-05-13 00:00:00-04:00,208.44759969091066,209.79127319369093,201.16194420145328,204.13792419433594,20684600,0.0,0.0
2020-05-14 00:00:00-04:00,201.60981055709746,205.9593065006722,199.7485873843937,205.83987426757812,17178900,0.0,0.0
2020-05-15 00:00:00-04:00,204.3071080557419,210.34862653870135,203.1624934512638,209.8907928466797,19383200,0.0,0.0
2020-05-18 00:00:00-04:00,211.154826661047,213.63315187160842,209.9505111139863,212.18995666503906,20151900,0.0,0.0
2020-05-19 00:00:00-04:00,212.26957395711014,219.45570680460858,211.83163552739043,215.86264038085938,31843200,0.0,0.0
2020-05-20 00:00:00-04:00,222.45156941856564,230.2547886114049,222.1430260475361,228.89122009277344,50162900,0.0,0.0
2020-05-21 00:00:00-04:00,233.6189464600002,236.0873087047166,230.11545427616284,230.3045654296875,47782600,0.0,0.0
2020-05-22 00:00:00-04:00,230.4240147450587,234.88301065048694,227.66701934756136,233.80807495117188,33925600,0.0,0.0
2020-05-26 00:00:00-04:00,238.64526051695054,239.76994944134196,230.58325095646444,231.1107635498047,33178300,0.0,0.0
2020-05-27 00:00:00-04:00,227.99546077269645,229.47846159851966,220.09270415994385,228.06512451171875,34697600,0.0,0.0
2020-05-28 00:00:00-04:00,223.24782736063887,230.54344466366163,222.9492316023007,224.4023895263672,29377200,0.0,0.0
2020-05-29 00:00:00-04:00,224.14361852560148,226.42288499393678,221.8345091848247,224.0341339111328,23241500,0.0,0.0
2020-06-01 00:00:00-04:00,223.5364586695916,231.3496408839702,222.45157543655426,230.82212829589844,18223800,0.0,0.0
2020-06-02 00:00:00-04:00,229.85669264047564,231.90702701589834,225.49723379632044,231.6283416748047,20919000,0.0,0.0
2020-06-03 00:00:00-04:00,231.02118715930845,231.55864737081342,227.45797889224568,229.08033752441406,15380300,0.0,0.0
2020-06-04 00:00:00-04:00,228.48316553183412,230.5434627575773,223.5563882878214,225.22850036621094,17041500,0.0,0.0
2020-06-05 00:00:00-04:00,225.64651724394463,230.26475054323444,224.25307548733176,229.68746948242188,16750400,0.0,0.0
2020-06-08 00:00:00-04:00,227.95563650944567,230.46381963391454,226.34324066589275,230.31451416015625,15466500,0.0,0.0
2020-06-09 00:00:00-04:00,230.43396122975577,238.64526109613027,229.32916754933692,237.5504150390625,27462900,0.0,0.0
2020-06-10 00:00:00-04:00,239.82969057798536,240.07851785626352,234.17632691815564,235.61952209472656,20720700,0.0,0.0
2020-06-11 00:00:00-04:00,228.8613909818437,231.79754997026913,222.50136604855385,223.37722778320312,26708200,0.0,0.0
2020-06-12 00:00:00-04:00,228.82156690078384,230.573320719935,223.44690357998104,227.5077667236328,22091400,0.0,0.0
2020-06-15 00:00:00-04:00,224.03411881128147,232.67340958623558,223.74548585834282,231.40936279296875,15340300,0.0,0.0
2020-06-16 00:00:00-04:00,236.02761758127343,237.34143298452497,231.90703819676787,234.5446014404297,15236700,0.0,0.0
2020-06-17 00:00:00-04:00,233.8976430214281,236.47548999532918,230.6429779490936,234.42515563964844,19578100,0.0,0.0
2020-06-18 00:00:00-04:00,233.887696065799,235.03229548131026,231.06100661680077,234.83323669433594,15782500,0.0,0.0
2020-06-19 00:00:00-04:00,236.6745365134077,239.7002845838928,234.44505392169353,237.6698455810547,30081300,0.0,0.0
2020-06-22 00:00:00-04:00,237.44094693436523,239.5709078947827,235.79869292184603,238.0978546142578,18917800,0.0,0.0
2020-06-23 00:00:00-04:00,240.14816484856743,244.03982685435867,238.73482782898103,241.10366821289062,24017900,0.0,0.0
2020-06-24 00:00:00-04:00,240.06853757436343,242.07906608895428,231.58850029535827,232.92222595214844,20834900,0.0,0.0
2020-06-25 00:00:00-04:00,233.51942238775302,236.18685874398884,231.6482515573315,234.57444763183594,18704300,0.0,0.0
2020-06-26 00:00:00-04:00,231.54870716841384,231.9965932235573,214.3895729095091,215.06639099121094,76343900,0.0,0.0
2020-06-29 00:00:00-04:00,208.76608040823072,219.7144803342881,206.1384650334654,219.60499572753906,58514300,0.0,0.0
2020-06-30 00:00:00-04:00,219.55523817330223,226.43282793258098,217.44518766961858,226.00485229492188,33927100,0.0,0.0
2020-07-01 00:00:00-04:00,227.42811896421117,237.87886403696487,226.49252602298233,236.4356689453125,43399700,0.0,0.0
2020-07-02 00:00:00-04:00,237.8788691918039,238.87417826792023,231.51884480290894,232.32504272460938,30633600,0.0,0.0
2020-07-06 00:00:00-04:00,232.6634431484982,239.2722947775324,231.18044235138282,239.15286254882812,26206200,0.0,0.0
2020-07-07 00:00:00-04:00,238.2869683375528,246.488306051291,237.69973958129484,239.73016357421875,27887800,0.0,0.0
2020-07-08 00:00:00-04:00,236.99306609493064,245.83141634784394,235.48019191037505,242.43740844726562,29791300,0.0,0.0
2020-07-09 00:00:00-04:00,243.8507276663751,245.37354936294736,238.1177527608801,243.3530731201172,22174900,0.0,0.0
2020-07-10 00:00:00-04:00,242.54687872860399,244.3384381587484,238.19738279067388,243.92041015625,22982700,0.0,0.0
2020-07-13 00:00:00-04:00,245.85129618392398,248.97656616137195,237.30159462993635,237.87887573242188,24674900,0.0,0.0
2020-07-14 00:00:00-04:00,235.64936909027702,239.20262974713822,230.9415614586879,238.60543823242188,23378100,0.0,0.0
2020-07-15 00:00:00-04:00,240.4169093223894,243.67157423948157,236.93332757121027,239.15286254882812,19133600,0.0,0.0
2020-07-16 00:00:00-04:00,236.88355642971814,240.62591303028745,235.2213921209329,239.7998046875,18880700,0.0,0.0
2020-07-17 00:00:00-04:00,239.86948619181402,243.01466650216435,236.74421631530953,240.8946533203125,18152400,0.0,0.0
2020-07-20 00:00:00-04:00,238.93391069094466,244.89581793120698,234.53464609670442,244.26876831054688,20872200,0.0,0.0
2020-07-21 00:00:00-04:00,245.06501507948826,245.75178080879445,238.95381763187115,240.61598205566406,19364200,0.0,0.0
2020-07-22 00:00:00-04:00,239.1329514235183,240.76525768900538,237.00299062358746,238.74478149414062,15427900,0.0,0.0
2020-07-23 00:00:00-04:00,238.5059331446508,241.28283895200926,230.66289229223875,231.5089111328125,21771800,0.0,0.0
2020-07-24 00:00:00-04:00,229.1101968728605,232.39471983584943,225.83562153315907,229.6277618408203,18325800,0.0,0.0
2020-07-27 00:00:00-04:00,230.37423930708837,233.84785817044227,229.74718974592122,232.4046630859375,13163100,0.0,0.0
2020-07-28 00:00:00-04:00,233.5293811459508,233.8578349744444,228.75189438446205,229.04052734375,14170100,0.0,0.0
2020-07-29 00:00:00-04:00,230.05575486807143,232.60374384599768,229.22964645633232,232.19566345214844,13588300,0.0,0.0
2020-07-30 00:00:00-04:00,229.14004202133842,233.78813328620578,227.92576381138392,233.39996337890625,20615300,0.0,0.0
2020-07-31 00:00:00-04:00,254.61998043314145,254.6498384910685,247.83196510310646,252.4800567626953,53005100,0.0,0.0
2020-08-03 00:00:00-04:00,251.46484196312005,254.20194203082048,249.15573271244656,250.77809143066406,23124900,0.0,0.0
2020-08-04 00:00:00-04:00,250.37997695666374,251.6141658174433,246.2693451494399,248.65809631347656,17183500,0.0,0.0
2020-08-05 00:00:00-04:00,249.01638879497116,251.08663356735158,246.60774256993932,247.95140075683594,13050100,0.0,0.0
2020-08-06 00:00:00-04:00,247.8717877105046,265.3494294010227,247.5035281794499,264.0356140136719,45241600,0.0,0.0
2020-08-07 00:00:00-04:00,262.8412225175767,277.5817787240025,262.1942776559139,267.1807861328125,72766400,0.0,0.0
2020-08-10 00:00:00-04:00,266.7826628147097,272.5753387604546,258.4718256568246,261.76629638671875,30248800,0.0,0.0
2020-08-11 00:00:00-04:00,258.9694803986292,264.672612547767,253.93321871958005,254.92852783203125,28238300,0.0,0.0
2020-08-12 00:00:00-04:00,257.7552006941737,262.66206730257227,256.89921906732263,258.6708984375,21415700,0.0,0.0
2020-08-13 00:00:00-04:00,260.3230765364428,263.91615809354823,258.35238400666503,260.0742492675781,17374000,0.0,0.0
2020-08-14 00:00:00-04:00,261.0795143399958,261.4179157718895,257.46653763046413,260.0145263671875,14792700,0.0,0.0
2020-08-17 00:00:00-04:00,261.268616441047,262.86111693995275,258.183152419621,259.9349060058594,13351100,0.0,0.0
2020-08-18 00:00:00-04:00,259.72594155800675,263.90622187144146,258.04386662105935,261.1094055175781,18690400,0.0,0.0
2020-08-19 00:00:00-04:00,260.1638626256813,266.65326708267753,260.1240417564759,261.35821533203125,23291500,0.0,0.0
2020-08-20 00:00:00-04:00,260.2733269275274,268.36519468579377,260.2335060591054,267.74810791015625,20299700,0.0,0.0
2020-08-21 00:00:00-04:00,267.4295887059704,269.22113283033497,265.170248117272,265.7574768066406,15538600,0.0,0.0
2020-08-24 00:00:00-04:00,269.7984066851989,275.9494087592045,267.5091778558725,270.1169128417969,23685600,0.0,0.0
2020-08-25 00:00:00-04:00,271.1321626695247,281.7620568457716,268.9922541234232,279.5027160644531,42127200,0.0,0.0
2020-08-26 00:00:00-04:00,282.66779682087395,303.24085018663294,282.66779682087395,302.4844055175781,69015200,0.0,0.0
2020-08-27 00:00:00-04:00,298.75195998903666,299.8169479335092,290.6501299620831,291.8445129394531,30301300,0.0,0.0
2020-08-28 00:00:00-04:00,293.6162118942067,295.8357623290817,289.61507987369595,292.2825012207031,17157400,0.0,0.0
2020-08-31 00:00:00-04:00,292.57112783574155,295.48737626610404,290.1823616493295,291.82464599609375,17345100,0.0,0.0
2020-09-01 00:00:00-04:00,293.32752112594926,300.0757152585912,291.33690302930654,294.0541076660156,17295900,0.0,0.0
2020-09-02 00:00:00-04:00,297.478009831499,302.17587033269757,291.67534035600045,301.0810241699219,24341400,0.0,0.0
2020-09-03 00:00:00-04:00,294.6015452258726,296.2040087501,282.29953872674685,289.75439453125,32294100,0.0,0.0
2020-09-04 00:00:00-04:00,285.9025336723623,287.64432456505733,269.86811894847597,281.40374755859375,30333700,0.0,0.0
2020-09-08 00:00:00-04:00,270.00746324317566,277.98983163953284,268.1562028159245,269.8880310058594,24864000,0.0,0.0
2020-09-09 00:00:00-04:00,274.47640686436205,277.1737166631498,270.0771572146062,272.43603515625,22918800,0.0,0.0
2020-09-10 00:00:00-04:00,274.21760391832174,277.8504758472288,265.77737230622853,266.8323974609375,24814700,0.0,0.0
2020-09-11 00:00:00-04:00,268.79317302604136,270.1169511382751,261.40799651619125,265.3593444824219,18913900,0.0,0.0
2020-09-14 00:00:00-04:00,269.6789907723276,275.3423015188059,264.4536184240403,264.9014892578125,24093800,0.0,0.0
2020-09-15 00:00:00-04:00,269.4003294236436,273.2322451870108,268.0367304321977,271.1421203613281,18478500,0.0,0.0
2020-09-16 00:00:00-04:00,266.0361787536034,271.1620145612476,260.56197868488323,262.2838439941406,29183400,0.0,0.0
2020-09-17 00:00:00-04:00,257.0684406472539,260.27333725791146,249.0163934378196,253.6246795654297,31281400,0.0,0.0
2020-09-18 00:00:00-04:00,257.18785732363517,257.98412280339227,248.87703571081616,251.34539794921875,28130800,0.0,0.0
2020-09-21 00:00:00-04:00,246.3788074978539,248.77750606956155,242.98481501511017,246.98594665527344,24709400,0.0,0.0
2020-09-22 00:00:00-04:00,252.12174514493194,254.12232615141394,247.0556254818363,253.55499267578125,30293100,0.0,0.0
2020-09-23 00:00:00-04:00,254.06258652299604,256.7797760186525,246.98593846172835,247.85186767578125,19641300,0.0,0.0
2020-09-24 00:00:00-04:00,245.34368133988227,251.05676076626773,244.46780451413667,248.35946655273438,20006800,0.0,0.0
2020-09-25 00:00:00-04:00,248.2300907209971,254.55030976562472,245.45318493319996,253.6246795654297,18351300,0.0,0.0
2020-09-28 00:00:00-04:00,258.18319498630234,258.3822689718947,253.6246923107249,255.6153106689453,18826300,0.0,0.0
2020-09-29 00:00:00-04:00,256.60063999657757,262.09473536563075,255.69490505880265,260.5619812011719,20200200,0.0,0.0
2020-09-30 00:00:00-04:00,260.75108949174785,264.8318325106439,258.8799035199725,260.67144775390625,20142500,0.0,0.0
2020-10-01 00:00:00-04:00,264.10524764595266,267.07124900859174,263.55780947457333,265.3792419433594,20009800,0.0,0.0
2020-10-02 00:00:00-04:00,259.98470434064956,263.90622496903103,257.96422790516783,258.7206726074219,16367600,0.0,0.0
2020-10-05 00:00:00-04:00,260.9701102961041,263.6275691142296,259.61647385502783,263.4085998535156,12822300,0.0,0.0
2020-10-06 00:00:00-04:00,260.55201480338883,264.4436770266366,257.0286120869795,257.4466552734375,18696900,0.0,0.0
2020-10-07 00:00:00-04:00,257.9940016672168,258.95945247853194,253.62461155683496,256.90911865234375,23133400,0.0,0.0
2020-10-08 00:00:00-04:00,258.53153642046505,263.3786868343501,257.93434489090373,262.5227355957031,16312800,0.0,0.0
2020-10-09 00:00:00-04:00,263.2791822517953,263.5081143057214,260.9402298993312,263.20953369140625,14107800,0.0,0.0
2020-10-12 00:00:00-04:00,268.9325286264946,278.86569391831364,266.61344143402437,274.45648193359375,31019300,0.0,0.0
2020-10-13 00:00:00-04:00,276.2778826663997,277.7907719164177,272.10756554144547,274.84466552734375,18063300,0.0,0.0
2020-10-14 00:00:00-04:00,276.31773356778655,277.44243781687163,270.2264461606481,270.5449523925781,15577800,0.0,0.0
2020-10-15 00:00:00-04:00,266.3447490296235,267.7779967131457,262.4331911482895,265.4688720703125,15416100,0.0,0.0
2020-10-16 00:00:00-04:00,266.12576657606246,270.0970403824918,264.05550652513386,264.68255615234375,16622700,0.0,0.0
2020-10-19 00:00:00-04:00,264.28439812867344,267.29022038040654,258.6609083413512,260.17376708984375,13587000,0.0,0.0
2020-10-20 00:00:00-04:00,261.82601016031515,268.4348771828247,261.64686181166746,266.3049011230469,18763200,0.0,0.0
2020-10-21 00:00:00-04:00,278.2486090558798,281.7222280886955,275.07357060274734,277.4225158691406,28998600,0.0,0.0
2020-10-22 00:00:00-04:00,278.557159619,281.1250741680907,273.74982991577525,276.81536865234375,16720000,0.0,0.0
2020-10-23 00:00:00-04:00,277.4921492188728,283.9019418899099,275.5214567520825,283.4540710449219,17535200,0.0,0.0
2020-10-26 00:00:00-04:00,281.8317273689323,283.8920244882496,272.97348248625366,275.8100891113281,21322900,0.0,0.0
2020-10-27 00:00:00-04:00,277.45237164283316,283.1753989102221,275.01385222261126,281.96112060546875,16287200,0.0,0.0
2020-10-28 00:00:00-04:00,277.4822304436777,277.4822304436777,266.00631782044366,266.4143981933594,23121800,0.0,0.0
2020-10-29 00:00:00-04:00,275.25271264964664,282.26965985580756,272.4957174456053,279.51263427734375,32368100,0.0,0.0
2020-10-30 00:00:00-04:00,273.21238001630326,275.4020724430717,257.88462415220476,261.87579345703125,47247800,0.0,0.0
2020-11-02 00:00:00-05:00,263.35876341528666,269.20122229531967,256.13281046685813,260.1339416503906,27165700,0.0,0.0
2020-11-03 00:00:00-05:00,261.9255353674542,268.7831989828786,259.6562319300243,264.05548095703125,17961900,0.0,0.0
2020-11-04 00:00:00-05:00,279.68184474923083,287.5846010841984,277.3130043359313,286.03192138671875,35364400,0.0,0.0
2020-11-05 00:00:00-05:00,290.5307709262019,295.98507668102343,287.5946267933626,293.2977294921875,23823600,0.0,0.0
2020-11-06 00:00:00-05:00,292.5711057599239,293.218050563919,286.70872090850975,292.03363037109375,13891000,0.0,0.0
2020-11-09 00:00:00-05:00,288.51024803193854,291.20752722619574,277.2234463234574,277.4623107910156,25117700,0.0,0.0
2020-11-10 00:00:00-05:00,271.81890900584,272.7146810804901,262.76159053010724,271.15203857421875,29067700,0.0,0.0
2020-11-11 00:00:00-05:00,272.18721498161847,277.09408217111223,271.2018685686638,275.18310546875,14957000,0.0,0.0
2020-11-12 00:00:00-05:00,275.87973623511056,278.4376876077304,273.14263653566013,273.7895812988281,12899500,0.0,0.0
2020-11-13 00:00:00-05:00,276.4172560104624,276.4570768809638,271.8189326363391,275.65087890625,10391200,0.0,0.0
2020-11-16 00:00:00-05:00,273.7597658538778,278.09932948386626,273.34175302621117,277.65142822265625,12970400,0.0,0.0
2020-11-17 00:00:00-05:00,276.37744326056406,276.37744326056406,272.00805179541084,273.71002197265625,15040300,0.0,0.0
2020-11-18 00:00:00-05:00,273.23220908800323,276.08877136291704,270.56478832285484,270.6941833496094,12152900,0.0,0.0
2020-11-19 00:00:00-05:00,269.74866113351766,272.18718057635516,267.92725884670676,271.65966796875,12963700,0.0,0.0
2020-11-20 00:00:00-05:00,271.28144492468033,271.7193833571145,268.1462273454444,268.43487548828125,18114700,0.0,0.0
2020-11-23 00:00:00-05:00,269.6192890712651,269.6790051856263,263.2891075791746,267.1708068847656,20990800,0.0,0.0
2020-11-24 00:00:00-05:00,267.2305236170447,276.5167742891776,266.6134368509369,275.6210021972656,16930400,0.0,0.0
2020-11-25 00:00:00-05:00,276.83526693304384,278.8656754754862,271.37099972842776,274.2972106933594,12467000,0.0,0.0
2020-11-27 00:00:00-05:00,276.0888230990289,277.82065132154526,273.5308712621586,276.5068359375,7808400,0.0,0.0
2020-11-30 00:00:00-05:00,274.73515292264676,276.39733238314204,269.7387124797952,275.6707458496094,16693300,0.0,0.0
2020-12-01 00:00:00-05:00,277.8504623596669,287.94287976230135,277.651388411135,285.2057800292969,20738900,0.0,0.0
2020-12-02 00:00:00-05:00,284.0213630355192,290.4112602112042,279.5126144586645,286.1712341308594,17361600,0.0,0.0
2020-12-03 00:00:00-05:00,284.9072472993541,285.3053648888175,279.7515531359038,280.52789306640625,12921700,0.0,0.0
2020-12-04 00:00:00-05:00,278.98510055359606,282.13028063856444,277.9897915535841,278.387939453125,10880300,0.0,0.0
2020-12-07 00:00:00-05:00,277.8803769921548,287.13674036954677,276.8950306074668,284.2403869628906,13007700,0.0,0.0
2020-12-08 00:00:00-05:00,284.66835965134453,285.08637245521015,280.2292592855726,282.0705871582031,10747700,0.0,0.0
2020-12-09 00:00:00-05:00,282.329397822939,286.28077637305904,270.4752621725787,276.6163330078125,25189700,0.0,0.0
2020-12-10 00:00:00-05:00,274.24746291457967,277.4225011998251,270.58470254241007,275.8200378417969,20065100,0.0,0.0
2020-12-11 00:00:00-05:00,273.2421984939375,275.18306333533354,268.9822768780611,272.26678466796875,14391400,0.0,0.0
2020-12-14 00:00:00-05:00,272.08761740351116,275.91956314154095,270.2861105372845,272.9037780761719,16376900,0.0,0.0
2020-12-15 00:00:00-05:00,273.5408224281919,274.7849589662015,266.21536107211654,274.2574462890625,23979500,0.0,0.0
2020-12-16 00:00:00-05:00,273.4711266839322,276.55656046631617,271.23168130189237,274.3768615722656,15885000,0.0,0.0
2020-12-17 00:00:00-05:00,275.77032149371064,279.1245085667688,272.3265298650549,273.1924743652344,16377800,0.0,0.0
2020-12-18 00:00:00-05:00,274.4763744909662,276.69592467766915,269.868118957792,275.1034240722656,26693200,0.0,0.0
2020-12-21 00:00:00-05:00,271.69951767301507,273.38159265915493,266.53386046992233,271.5104064941406,16553700,0.0,0.0
2020-12-22 00:00:00-05:00,270.2264138331731,270.2264138331731,263.38864534857277,265.83709716796875,17312900,0.0,0.0
2020-12-23 00:00:00-05:00,265.6380166611219,270.89324663123944,264.981109118055,266.8522644042969,14329000,0.0,0.0
2020-12-24 00:00:00-05:00,267.6186981893969,269.13155698779786,264.9512772654711,266.1456298828125,6702000,0.0,0.0
2020-12-28 00:00:00-05:00,267.47935961735595,275.9992031408373,264.4138209334363,275.70062255859375,23299700,0.0,0.0
2020-12-29 00:00:00-05:00,275.65084431554715,279.19414198492615,274.98397390963555,275.48162841796875,16383000,0.0,0.0
2020-12-30 00:00:00-05:00,276.6461303377817,276.7754949846824,270.4353819354054,270.5946350097656,11803800,0.0,0.0
2020-12-31 00:00:00-05:00,270.7240694155352,275.7901889813584,268.54434010315487,271.8786315917969,12900400,0.0,0.0
2021-01-04 00:00:00-05:00,273.4910690562451,273.71003830186373,263.95601999578633,267.678466796875,15106100,0.0,0.0
2021-01-05 00:00:00-05:00,267.0314924213644,271.1221983265525,266.95185068205376,269.69891357421875,9871600,0.0,0.0
2021-01-06 00:00:00-05:00,260.77097664827494,266.4940038075405,258.79032131644857,262.0748291015625,24354100,0.0,0.0
2021-01-07 00:00:00-05:00,264.65269578810233,270.3359025056691,263.53795440473635,267.4793701171875,15789800,0.0,0.0
2021-01-08 00:00:00-05:00,267.0513994328306,267.6884118776815,261.94545856026525,266.31488037109375,18528300,0.0,0.0
2021-01-11 00:00:00-05:00,259.25811720283696,262.23408159904403,254.6995846575814,255.6351776123047,30412300,0.0,0.0
2021-01-12 00:00:00-05:00,255.42617600130689,258.5016774369471,249.1258676545651,249.9121551513672,26383500,0.0,0.0
2021-01-13 00:00:00-05:00,250.3700052943654,252.7587410418486,248.0310228517457,250.45957946777344,19528900,0.0,0.0
2021-01-14 00:00:00-05:00,252.21132524701002,253.83368397453697,243.4625647536948,244.48773193359375,29739400,0.0,0.0
2021-01-15 00:00:00-05:00,246.73710176904757,252.6691502535575,246.00058280873117,250.18087768554688,24942900,0.0,0.0
2021-01-19 00:00:00-05:00,255.69490322853497,260.9700597144118,251.53451845577186,259.8752136230469,28028500,0.0,0.0
2021-01-20 00:00:00-05:00,267.6684606873908,269.0519548732875,262.3634767133542,266.22528076171875,25199900,0.0,0.0
2021-01-21 00:00:00-05:00,267.996914859097,272.3165523354043,266.23519846449295,271.5899658203125,20838700,0.0,0.0
2021-01-22 00:00:00-05:00,270.7340011889003,277.1636885955747,270.7240383794399,273.2123107910156,21954000,0.0,0.0
2021-01-25 00:00:00-05:00,276.8352971469543,278.78609454501253,270.2363927277571,276.7059020996094,19087000,0.0,0.0
2021-01-26 00:00:00-05:00,276.8352666372918,284.05125706447734,276.5067976495511,280.7268981933594,19373600,0.0,0.0
2021-01-27 00:00:00-05:00,281.20467962212916,282.1203773615264,266.86227180467614,270.8634338378906,35346200,0.0,0.0
2021-01-28 00:00:00-05:00,275.87975385308545,285.4446895719629,263.4583164088709,263.75689697265625,37758800,0.0,0.0
2021-01-29 00:00:00-05:00,264.05550044172963,265.309599667257,253.65453824202993,257.1181945800781,30389500,0.0,0.0
2021-02-01 00:00:00-05:00,258.302574303838,262.93078533795904,253.71421450798104,260.7809143066406,22914300,0.0,0.0
2021-02-02 00:00:00-05:00,262.76160968920584,267.5888650330022,262.0350230912574,265.8271484375,17320800,0.0,0.0
2021-02-03 00:00:00-05:00,264.3740027465401,267.93722639438874,262.6023537335994,265.399169921875,14223400,0.0,0.0
2021-02-04 00:00:00-05:00,265.7574788266206,266.9020781577991,262.76158887006744,265.2398986816406,16060000,0.0,0.0
2021-02-05 00:00:00-05:00,265.5484870194477,267.90739537891017,264.4238131184444,266.8424072265625,12454400,0.0,0.0
2021-02-08 00:00:00-05:00,267.4893324986351,268.5941110689522,263.7569232079565,265.3294982910156,13755200,0.0,0.0
2021-02-09 00:00:00-05:00,265.1901753783676,272.1075861994763,264.50340962708646,268.1860656738281,14613400,0.0,0.0
2021-02-10 00:00:00-05:00,271.17193120112375,272.51557396240526,266.4641090088073,270.5946350097656,14687200,0.0,0.0
2021-02-11 00:00:00-05:00,270.6145760347324,272.29662028438497,267.23050116714677,269.1216125488281,12828600,0.0,0.0
2021-02-12 00:00:00-05:00,269.25097434637235,269.9078819181309,267.0812080597398,269.2310791015625,9097600,0.0,0.0
2021-02-16 00:00:00-05:00,269.5296714830765,275.3024820455079,268.78318971526033,272.684814453125,15417200,0.0,0.0
2021-02-17 00:00:00-05:00,269.9676254775032,272.6848302040985,268.3154087577032,272.2867126464844,12763200,0.0,0.0
2021-02-18 00:00:00-05:00,268.3054911280868,270.67433173208707,264.7820882811947,268.1263427734375,15249100,0.0,0.0
2021-02-19 00:00:00-05:00,268.59412296032724,269.0022033724392,258.92967924729834,260.33306884765625,25622600,0.0,0.0
2021-02-22 00:00:00-05:00,256.7399851091277,261.83596265492633,256.3219419376639,259.1087951660156,17434900,0.0,0.0
2021-02-23 00:00:00-05:00,258.28273270429423,266.2053852874172,253.7640357008201,264.6128845214844,21924600,0.0,0.0
2021-02-24 00:00:00-05:00,261.0994065645692,265.1304263929796,257.1779168994554,263.07012939453125,15736100,0.0,0.0
2021-02-25 00:00:00-05:00,261.06957294225754,265.6878218903647,252.8483249866263,253.4952850341797,19053100,0.0,0.0
2021-02-26 00:00:00-05:00,255.26696051413182,264.3043549960572,255.26696051413182,256.41156005859375,26619500,0.0,0.0
2021-03-01 00:00:00-05:00,259.5965474990258,265.3991866510312,256.6902313300045,263.6673583984375,22157300,0.0,0.0
2021-03-02 00:00:00-05:00,264.5332593844024,265.4588895855385,257.43670042684397,257.7850646972656,15191700,0.0,0.0
2021-03-03 00:00:00-05:00,259.0690275823576,259.765725763843,253.90337065544898,254.2119140625,15513500,0.0,0.0
2021-03-04 00:00:00-05:00,255.26690209965963,265.23988740951495,252.31083313552108,256.4314270019531,31626500,0.0,0.0
2021-03-05 00:00:00-05:00,259.4472319937252,264.20480819481656,254.41095527719872,263.040283203125,26820100,0.0,0.0
2021-03-08 00:00:00-05:00,264.30432126030314,264.33417931854143,253.85359082218721,254.11236572265625,18391800,0.0,0.0
2021-03-09 00:00:00-05:00,259.95483151383627,267.270359700702,258.5912628644361,264.4934387207031,22039700,0.0,0.0
2021-03-10 00:00:00-05:00,267.3798868528861,267.7083255349299,261.6369331405601,263.65740966796875,14210300,0.0,0.0
2021-03-11 00:00:00-05:00,266.8522927477054,276.596376776528,266.5636749950258,272.5952453613281,21834000,0.0,0.0
2021-03-12 00:00:00-05:00,267.8775100939008,268.4746712640375,262.78150190481927,267.1409606933594,20600200,0.0,0.0
2021-03-15 00:00:00-04:00,267.8177742262205,274.6655060767107,267.2405082807149,272.46588134765625,16844800,0.0,0.0
2021-03-16 00:00:00-04:00,274.78487839718167,280.8164785094141,273.51088417078176,277.9698791503906,22437700,0.0,0.0
2021-03-17 00:00:00-04:00,274.41668062118555,284.8873524477669,274.1181000222783,282.6777648925781,21315000,0.0,0.0
2021-03-18 00:00:00-04:00,278.5571858382654,283.8522381651603,276.9746478273918,277.31304931640625,18728300,0.0,0.0
2021-03-19 00:00:00-04:00,279.9008031022258,291.42646815955004,279.8809078566682,288.74908447265625,38930500,0.0,0.0
2021-03-22 00:00:00-04:00,289.087553801626,298.304095845231,285.4048978091573,292.1630554199219,28273100,0.0,0.0
2021-03-23 00:00:00-04:00,291.7748303694648,296.6020851455431,288.4505019191398,289.26666259765625,23000900,0.0,0.0
2021-03-24 00:00:00-04:00,289.63492102465676,290.351544724643,279.8410840411246,280.8164978027344,18675000,0.0,0.0
2021-03-25 00:00:00-04:00,279.66197776507255,286.7087532292756,276.4471182543603,277.4324645996094,24505600,0.0,0.0
2021-03-26 00:00:00-04:00,276.99455244959967,283.16548195659715,276.46703976145903,281.6924133300781,17629200,0.0,0.0
2021-03-29 00:00:00-04:00,284.4294811797683,291.8047255307527,283.36452348761327,289.455810546875,21718800,0.0,0.0
2021-03-30 00:00:00-04:00,288.4704196002147,291.09805017216587,285.3551276693987,286.6490173339844,17474500,0.0,0.0
2021-03-31 00:00:00-04:00,288.62966482393665,295.10913652961267,287.2561334601139,293.14837646484375,19498200,0.0,0.0
2021-04-01 00:00:00-04:00,297.0002126143272,300.9814487897858,295.2086684851394,297.2590026855469,17616000,0.0,0.0
2021-04-05 00:00:00-04:00,299.47856945865806,309.3121978449165,299.26953267822694,307.4609375,28237000,0.0,0.0
2021-04-06 00:00:00-04:00,307.391248283219,309.88948375856984,303.8180923813874,304.8233642578125,17335200,0.0,0.0
2021-04-07 00:00:00-04:00,304.9029414139737,312.77583888738184,304.06688553729566,311.62127685546875,22855200,0.0,0.0
2021-04-08 00:00:00-04:00,313.37309905522767,314.39826628798687,308.59559680228705,311.5516662597656,20894100,0.0,0.0
2021-04-09 00:00:00-04:00,309.93926792787056,313.2635968942729,308.8742798313838,310.9942932128906,15988600,0.0,0.0
2021-04-12 00:00:00-04:00,309.59089115543276,310.6857372677254,306.4855315456019,310.07861328125,10881900,0.0,0.0
2021-04-13 00:00:00-04:00,310.7454347862208,312.95502212626144,307.8690073820761,308.30694580078125,14036900,0.0,0.0
2021-04-14 00:00:00-04:00,305.8584708942408,306.5850574639895,300.53359156772814,301.3995056152344,17421400,0.0,0.0
2021-04-15 00:00:00-04:00,304.9029692758996,308.68516187248946,302.6734867343622,306.37603759765625,14558300,0.0,0.0
2021-04-16 00:00:00-04:00,306.72442973125106,307.50076964216527,303.1811012634827,304.7437438964844,13059200,0.0,0.0
2021-04-19 00:00:00-04:00,303.57923016247355,306.25661399956397,299.15009263658635,300.82220458984375,14553500,0.0,0.0
2021-04-20 00:00:00-04:00,300.5733780097284,303.66880502943184,295.8158018435098,301.23028564453125,16796400,0.0,0.0
2021-04-21 00:00:00-04:00,300.5336064891928,300.5634645483678,295.9949992480497,300.05584716796875,14863500,0.0,0.0
2021-04-22 00:00:00-04:00,299.9164624167889,301.49903053443455,294.65129941634854,295.1290283203125,16375400,0.0,0.0
2021-04-23 00:00:00-04:00,297.3585600087054,301.17058054276225,295.7560965437511,299.7174377441406,17536800,0.0,0.0
2021-04-26 00:00:00-04:00,301.91704980967137,304.3655016183372,300.14540087910467,301.61846923828125,16172600,0.0,0.0
2021-04-27 00:00:00-04:00,302.8526570623467,303.90768229695817,299.69751379507915,302.14599609375,15309300,0.0,0.0
2021-04-28 00:00:00-04:00,305.9181835337125,309.4615117946956,303.9375281889594,305.659423828125,33907200,0.0,0.0
2021-04-29 00:00:00-04:00,328.57144894779213,330.2535238269616,320.10135843340606,327.9643249511719,56526800,0.0,0.0
2021-04-30 00:00:00-04:00,324.61010925199787,328.272839278608,322.9777878247175,323.5550537109375,26332400,0.0,0.0
2021-05-03 00:00:00-04:00,324.6399894534123,327.00879964754824,320.33028394858235,321.0668029785156,18719500,0.0,0.0
2021-05-04 00:00:00-04:00,318.51876315306555,320.6785969658152,311.65113738866995,316.8665466308594,24032600,0.0,0.0
2021-05-05 00:00:00-04:00,316.6973792840816,319.55391130959293,313.01472376286773,313.542236328125,15577600,0.0,0.0
2021-05-06 00:00:00-04:00,313.04462891590896,318.7377985778719,311.8004924545921,318.5188293457031,19012200,0.0,0.0
2021-05-07 00:00:00-04:00,320.8677597643788,321.42513044301256,317.25478278987566,317.5832214355469,15916700,0.0,0.0
2021-05-10 00:00:00-04:00,312.87545554264545,313.1043572208034,303.4000924448828,304.5347595214844,24239200,0.0,0.0
2021-05-11 00:00:00-04:00,299.339216576442,305.4006454467249,298.2841913436494,305.09210205078125,18920100,0.0,0.0
2021-05-12 00:00:00-04:00,299.717415480368,303.5294357312583,296.79120447862084,301.1307373046875,24645500,0.0,0.0
2021-05-13 00:00:00-04:00,304.6441943379279,307.4111524061888,301.34972366445834,303.82806396484375,18079200,0.0,0.0
2021-05-14 00:00:00-04:00,308.0880047690099,315.3637122721537,307.63014068749163,314.4579772949219,19245700,0.0,0.0
2021-05-17 00:00:00-04:00,312.0791804355396,314.1991938433881,310.1184201410121,313.980224609375,15401300,0.0,0.0
2021-05-18 00:00:00-04:00,314.10957619881697,315.01531106988847,308.35669116423946,308.5059814453125,14522400,0.0,0.0
2021-05-19 00:00:00-04:00,302.76308824187345,313.18397610154875,302.1460014380074,312.1189880371094,19106200,0.0,0.0
2021-05-20 00:00:00-04:00,312.10901392703676,317.75242988360776,311.6910011150971,317.11541748046875,17320200,0.0,0.0
2021-05-21 00:00:00-04:00,317.7922251996114,318.4292071771092,314.32853887850086,314.74658203125,13600900,0.0,0.0
2021-05-24 00:00:00-04:00,316.7172504342194,324.4209623121931,316.53810211423405,323.1071472167969,16445400,0.0,0.0
2021-05-25 00:00:00-04:00,325.54571948770047,327.6358748807652,323.2764157286541,326.2524108886719,16437000,0.0,0.0
2021-05-26 00:00:00-04:00,326.8097515540389,328.28278959364997,324.2916207267979,326.12298583984375,9686900,0.0,0.0
2021-05-27 00:00:00-04:00,326.4613689190458,332.2142540222155,325.2271954148985,331.1890869140625,20477700,0.0,0.0
2021-05-28 00:00:00-04:00,329.44729839186954,331.3085214715173,326.7898098407,327.1879577636719,12037400,0.0,0.0
2021-06-01 00:00:00-04:00,328.6012944386466,329.86535643969563,325.1077801400438,327.5860900878906,11765900,0.0,0.0
2021-06-02 00:00:00-04:00,328.8301980575515,330.31319877379383,325.5854809407264,327.60595703125,11654300,0.0,0.0
2021-06-03 00:00:00-04:00,324.2517690188537,325.8442695144331,321.9625704388723,324.51055908203125,12610800,0.0,0.0
2021-06-04 00:00:00-04:00,324.3712767506791,330.9005029655107,323.654652879567,328.8004150390625,13289400,0.0,0.0
2021-06-07 00:00:00-04:00,327.93448859484283,336.1059686829044,327.3870503061071,335.00115966796875,20136700,0.0,0.0
2021-06-08 00:00:00-04:00,335.12059913209447,336.7130694543896,330.6814985041449,332.11474609375,14580500,0.0,0.0
2021-06-09 00:00:00-04:00,334.1650424941212,335.2200676311741,328.45197840769305,328.7008056640625,13727900,0.0,0.0
2021-06-10 00:00:00-04:00,329.2383024890127,332.3735200486097,327.00878947210714,330.90045166015625,13240200,0.0,0.0
2021-06-11 00:00:00-04:00,331.0199007040351,331.2687279892512,327.3870284147638,329.70611572265625,13587900,0.0,0.0
2021-06-14 00:00:00-04:00,330.3430959527123,335.24003026345406,328.2629035047306,335.19024658203125,12250800,0.0,0.0
2021-06-15 00:00:00-04:00,335.4092135921884,338.32549242411466,333.4584162045926,335.17034912109375,15795200,0.0,0.0
2021-06-16 00:00:00-04:00,335.12054800667926,335.9665363459269,327.1779713571921,329.5268859863281,17232200,0.0,0.0
2021-06-17 00:00:00-04:00,328.9397075815492,336.39459368620845,328.60130611926826,334.9314880371094,17794100,0.0,0.0
2021-06-18 00:00:00-04:00,332.96076762784065,334.57316358557347,327.4567092616118,328.1136169433594,23039500,0.0,0.0
2021-06-21 00:00:00-04:00,329.5368791630354,331.3583117864079,326.1130135029647,330.73126220703125,11337500,0.0,0.0
2021-06-22 00:00:00-04:00,331.1293803072075,338.32547589153086,331.0398061349241,337.43963623046875,15345300,0.0,0.0
2021-06-23 00:00:00-04:00,337.7581056475446,341.80902045253924,336.61350640488445,338.9922790527344,14817800,0.0,0.0
2021-06-24 00:00:00-04:00,340.24641221158737,343.2820927302898,340.1866960972433,341.5701599121094,12329100,0.0,0.0
2021-06-25 00:00:00-04:00,340.9829244987188,342.50574613338665,338.08657151230705,339.7686462402344,14594400,0.0,0.0
2021-06-28 00:00:00-04:00,340.85354378092495,356.46001345732424,340.1667780762027,353.97174072265625,29156100,0.0,0.0
2021-06-29 00:00:00-04:00,354.5987779027242,355.0665744155192,347.41264466594663,350.2393493652344,21417300,0.0,0.0
2021-06-30 00:00:00-04:00,350.5179880010394,351.2644697597844,345.54144294273954,346.0788879394531,15107500,0.0,0.0
2021-07-01 00:00:00-04:00,345.19313292386886,353.0063159672879,344.87462670025764,352.7276306152344,17137000,0.0,0.0
2021-07-02 00:00:00-04:00,353.43425035832354,354.7679608427644,350.9658729751427,353.0361328125,11521300,0.0,0.0
2021-07-06 00:00:00-04:00,354.82770375509466,357.1069701606323,347.5420336560119,351.1251525878906,13488500,0.0,0.0
2021-07-07 00:00:00-04:00,353.59349927336257,354.8177099529438,348.35816400310114,348.8458557128906,14218900,0.0,0.0
2021-07-08 00:00:00-04:00,344.1082367108411,346.69601615126567,340.9530934016,344.0285949707031,14406500,0.0,0.0
2021-07-09 00:00:00-04:00,343.70016238589756,349.064862900613,343.65037870382696,348.7762451171875,13018700,0.0,0.0
2021-07-12 00:00:00-04:00,349.58244805753054,352.52855467350497,347.9999101341868,351.5033874511719,10018600,0.0,0.0
2021-07-13 00:00:00-04:00,349.8511562729013,356.8083573136762,347.16380949457744,350.4383850097656,11456000,0.0,0.0
2021-07-14 00:00:00-04:00,352.8968138114406,353.5338262544163,345.1035564429687,345.99932861328125,13894200,0.0,0.0
2021-07-15 00:00:00-04:00,347.5918212750302,347.5918212750302,338.6240762198608,342.84417724609375,14781600,0.0,0.0
2021-07-16 00:00:00-04:00,343.2920710524959,344.3669915336808,338.5444575010918,339.5596618652344,11026100,0.0,0.0
2021-07-19 00:00:00-04:00,335.9865326425013,338.1961202729858,332.9707469930695,335.36944580078125,14372300,0.0,0.0
2021-07-20 00:00:00-04:00,337.2107121804647,341.8389238121627,332.93089518436625,340.05731201171875,11024300,0.0,0.0
2021-07-21 00:00:00-04:00,339.8980427076847,344.89448323524294,339.6492154436234,344.6058654785156,9279700,0.0,0.0
2021-07-22 00:00:00-04:00,345.05377893884514,349.8909973442293,343.5906732305134,349.5426330566406,12385400,0.0,0.0
2021-07-23 00:00:00-04:00,359.2170092598052,373.56934940555897,355.5144582100015,368.05535888671875,33694300,0.0,0.0
2021-07-26 00:00:00-04:00,367.84633443913236,372.6835525995639,366.49272860375424,370.71282958984375,14925200,0.0,0.0
2021-07-27 00:00:00-04:00,370.1654293485959,371.39960297387034,362.83993821529435,366.08465576171875,15705400,0.0,0.0
2021-07-28 00:00:00-04:00,372.8029861736175,375.77895075945287,365.2087726340715,371.52899169921875,29676900,0.0,0.0
2021-07-29 00:00:00-04:00,359.3065504797968,363.80533624353365,355.06652440251986,356.6391296386719,33413200,0.0,0.0
2021-07-30 00:00:00-04:00,352.3394327379022,359.03787413124314,351.2844074879065,354.6286315917969,15976200,0.0,0.0
2021-08-02 00:00:00-04:00,356.4202175466499,357.71410730951123,349.09472630812814,350.299072265625,13180400,0.0,0.0
2021-08-03 00:00:00-04:00,351.0753773525266,352.1104769103076,346.06897397169024,349.59234619140625,12406100,0.0,0.0
2021-08-04 00:00:00-04:00,350.76687940124015,358.789069072342,349.86114439006076,357.23638916015625,14180600,0.0,0.0
2021-08-05 00:00:00-04:00,357.95299838700305,362.192994724439,355.2258306530038,361.2673645019531,10247200,0.0,0.0
2021-08-06 00:00:00-04:00,359.70466129855095,363.43706999431845,359.70466129855095,361.8047790527344,8925000,0.0,0.0
2021-08-09 00:00:00-04:00,362.0536350776019,364.0641484534068,359.0577450731845,359.9136962890625,7798900,0.0,0.0
2021-08-10 00:00:00-04:00,360.13267225476767,362.39204331354614,357.35578178187507,359.43597412109375,7469900,0.0,0.0
2021-08-11 00:00:00-04:00,360.4013992045629,360.660158892994,356.13151503961376,358.27142333984375,8400300,0.0,0.0
2021-08-12 00:00:00-04:00,356.76854222323726,361.2971862649437,355.4348013626303,360.9488220214844,7170700,0.0,0.0
2021-08-13 00:00:00-04:00,361.2673729723267,362.94944791039416,359.78437201930916,361.47637939453125,7195700,0.0,0.0
2021-08-16 00:00:00-04:00,360.8194275337745,365.2286697301517,355.7035547879011,364.8404846191406,11222100,0.0,0.0
2021-08-17 00:00:00-04:00,361.27730364045703,362.95937842886747,353.40440511067914,356.7685546875,12328700,0.0,0.0
2021-08-18 00:00:00-04:00,354.57885840222,358.17190958763973,353.4840123434971,353.7826232910156,10042400,0.0,0.0
2021-08-19 00:00:00-04:00,349.7018582268758,355.89268204149806,349.35349396712365,353.45416259765625,12004500,0.0,0.0
2021-08-20 00:00:00-04:00,352.93659092542055,358.3012908451727,351.65263376165086,357.6842041015625,8697700,0.0,0.0
2021-08-23 00:00:00-04:00,357.7539066078678,363.9745885050188,357.41550515759354,361.64556884765625,10942000,0.0,0.0
2021-08-24 00:00:00-04:00,361.95411275476704,366.23392975632663,360.1426428938778,363.7954406738281,9235100,0.0,0.0
2021-08-25 00:00:00-04:00,363.8850357201525,369.12034125792337,363.68596173797255,366.6619567871094,9684500,0.0,0.0
2021-08-26 00:00:00-04:00,366.65198237180823,367.70700762023694,362.42191856697195,362.6707458496094,7888700,0.0,0.0
2021-08-27 00:00:00-04:00,363.3873430532159,371.98679751732993,362.37210837469814,370.88201904296875,11219100,0.0,0.0
2021-08-30 00:00:00-04:00,370.81234948471433,379.7004523048969,368.7819104508178,378.8743591308594,13547300,0.0,0.0
2021-08-31 00:00:00-04:00,378.16770579296224,380.9645219421303,377.02307602509967,377.6003723144531,12345400,0.0,0.0
2021-09-01 00:00:00-04:00,377.8093607283339,382.5271159315392,377.03302088002897,380.2578125,11567200,0.0,0.0
2021-09-02 00:00:00-04:00,379.7104160101812,379.9592432814854,372.3053139862149,373.51959228515625,14832900,0.0,0.0
2021-09-03 00:00:00-04:00,372.99206872286544,375.3907671926716,371.3597472913604,374.4949951171875,7509600,0.0,0.0
2021-09-07 00:00:00-04:00,374.11680215428953,381.16357745838457,371.3995972836299,380.3872375488281,10793800,0.0,0.0
2021-09-08 00:00:00-04:00,378.3767055286841,379.08336647443883,373.03190060030323,375.7988586425781,11067200,0.0,0.0
2021-09-09 00:00:00-04:00,375.86854046444216,378.04823943366733,374.80355244505876,376.2268371582031,9098900,0.0,0.0
2021-09-10 00:00:00-04:00,379.5710937509483,381.9897181393809,376.4856595969932,376.91363525390625,11549600,0.0,0.0
2021-09-13 00:00:00-04:00,379.88956643832284,379.9592453645315,372.5939641684337,374.74383544921875,13026300,0.0,0.0
2021-09-14 00:00:00-04:00,375.6296775523405,376.8140979036417,373.3504110307914,374.7637634277344,8711600,0.0,0.0
2021-09-15 00:00:00-04:00,375.2315237135987,375.7888943692672,365.9453033482442,372.1659851074219,17940300,0.0,0.0
2021-09-16 00:00:00-04:00,371.04127504569124,371.8076520913613,367.97570611416654,371.30999755859375,11934200,0.0,0.0
2021-09-17 00:00:00-04:00,369.6677759328582,369.6677759328582,359.8938327665593,363.0091552734375,26299000,0.0,0.0
2021-09-20 00:00:00-04:00,357.6145213036562,359.3364168554097,348.1590855457727,354.03143310546875,19822800,0.0,0.0
2021-09-21 00:00:00-04:00,356.818335516636,358.35112013499145,353.5238646116944,355.8031311035156,11751900,0.0,0.0
2021-09-22 00:00:00-04:00,345.6011678721146,348.19890987911134,339.0918382649235,341.6000061035156,43692900,0.0,0.0
2021-09-23 00:00:00-04:00,343.7399666153922,348.0297771604864,341.3910515112491,344.337158203125,21806300,0.0,0.0
2021-09-24 00:00:00-04:00,341.62988512267395,352.6877849976096,340.7639710672077,351.3042907714844,18801900,0.0,0.0
2021-09-27 00:00:00-04:00,348.1690520636645,353.4839986802928,345.45184745582867,351.9213562011719,15205800,0.0,0.0
2021-09-28 00:00:00-04:00,346.3377022356965,347.9600608981267,337.33016719968083,339.0520324707031,21710300,0.0,0.0
2021-09-29 00:00:00-04:00,341.54030943488596,343.6105693594989,337.2903505394969,338.01690673828125,14452200,0.0,0.0
2021-09-30 00:00:00-04:00,338.8529988601151,341.19195097053165,336.56376968103655,337.7979736328125,16547100,0.0,0.0
2021-10-01 00:00:00-04:00,340.0075134751669,343.4015210153792,337.0514747258183,341.4009704589844,14905300,0.0,0.0
2021-10-04 00:00:00-04:00,333.9560383634853,334.3641187116232,321.18623684493645,324.6996765136719,42885000,0.0,0.0
2021-10-05 00:00:00-04:00,327.0386733051586,333.6077198938345,324.6300421264469,331.39813232421875,35377900,0.0,0.0
2021-10-06 00:00:00-04:00,328.1932212833495,332.8114702048413,324.27170089939403,332.074951171875,26443000,0.0,0.0
2021-10-07 00:00:00-04:00,335.41913143090846,337.25049633741094,327.4367642230413,327.6756286621094,28307500,0.0,0.0
2021-10-08 00:00:00-04:00,329.95488193062937,331.8360000639531,327.1679986274275,328.501708984375,15946100,0.0,0.0
2021-10-11 00:00:00-04:00,326.09316770927575,328.9098794639116,323.7840430070562,323.92340087890625,14708200,0.0,0.0
2021-10-12 00:00:00-04:00,321.514671231213,322.8583444819086,315.88121853806587,322.2511901855469,31658700,0.0,0.0
2021-10-13 00:00:00-04:00,325.43623309816275,325.4660911576039,321.1464531033789,323.01763916015625,14761500,0.0,0.0
2021-10-14 00:00:00-04:00,326.81970619460645,328.96957765800676,325.56563728844213,326.9889221191406,14302200,0.0,0.0
2021-10-15 00:00:00-04:00,327.13819756318094,327.52638270361007,320.9971572406713,323.2366027832031,21596400,0.0,0.0
2021-10-18 00:00:00-04:00,327.4069281434316,334.31437546469414,325.96371785354785,333.7669372558594,21585000,0.0,0.0
2021-10-19 00:00:00-04:00,338.05674014208074,340.85355636918456,335.69786236240606,338.3951416015625,18786300,0.0,0.0
2021-10-20 00:00:00-04:00,341.83894636646966,342.3664590112534,337.85770968902955,339.18145751953125,13639500,0.0,0.0
2021-10-21 00:00:00-04:00,338.68377502016017,340.7042512524541,336.21539754880064,340.2762756347656,16354400,0.0,0.0
2021-10-22 00:00:00-04:00,324.81913880440356,328.08375151727347,319.60369833823506,323.0872802734375,35224500,0.0,0.0
2021-10-25 00:00:00-04:00,318.79747485967215,328.01404633317867,318.2202089785061,327.14813232421875,38409000,0.0,0.0
2021-10-26 00:00:00-04:00,326.7201622101078,328.66099665515566,308.14769147973004,314.32855224609375,65654000,0.0,0.0
2021-10-27 00:00:00-04:00,312.71619242049735,317.75245442083116,310.5961790158238,310.75543212890625,29971800,0.0,0.0
2021-10-28 00:00:00-04:00,311.5217620560489,323.99298292596797,306.6646491535005,315.433349609375,50806800,0.0,0.0
2021-10-29 00:00:00-04:00,318.68800511359916,324.4707482272039,318.1007764227811,322.0521545410156,37059400,0.0,0.0
2021-11-01 00:00:00-04:00,324.51057821652677,331.88582208217764,324.47075734882367,328.4320983886719,31518900,0.0,0.0
2021-11-02 00:00:00-04:00,329.8255232508698,333.2195308118883,322.2810635186287,326.5409851074219,28353000,0.0,0.0
2021-11-03 00:00:00-04:00,325.9537607315269,330.5919046870114,321.68390664997906,330.06439208984375,20786500,0.0,0.0
2021-11-04 00:00:00-04:00,332.44320155493455,335.6878885599253,331.08956538690506,334.2745666503906,22495300,0.0,0.0
2021-11-05 00:00:00-04:00,338.71365487982575,345.16326911563067,338.0468147580719,339.5298156738281,26872800,0.0,0.0
2021-11-08 00:00:00-05:00,342.8043970938723,343.17265662621725,336.752900341226,337.0315856933594,18342500,0.0,0.0
2021-11-09 00:00:00-05:00,338.40506910110867,339.708921496221,332.90101139805864,333.7967834472656,17556700,0.0,0.0
2021-11-10 00:00:00-05:00,330.9302822491187,331.62701070427426,323.98304481502777,326.1030578613281,21872600,0.0,0.0
2021-11-11 00:00:00-05:00,328.27280478923285,330.90040461941646,325.4660262637038,326.2025451660156,12376600,0.0,0.0
2021-11-12 00:00:00-05:00,328.63117160227716,340.2563753168981,328.2330540126251,339.29095458984375,25414300,0.0,0.0
2021-11-15 00:00:00-05:00,342.72469973063545,351.9910241532883,341.5900632576679,345.9295959472656,25076600,0.0,0.0
2021-11-16 00:00:00-05:00,342.21717152563303,345.0239509453009,339.27106460344356,341.35125732421875,18181100,0.0,0.0
2021-11-17 00:00:00-05:00,342.62520213677027,345.67084561746344,338.504638170007,339.1714782714844,13602800,0.0,0.0
2021-11-18 00:00:00-05:00,338.126424530338,340.85356187246754,333.72714473719753,337.10125732421875,17487200,0.0,0.0
2021-11-19 00:00:00-05:00,340.5948329992962,350.44838836920997,338.30560352988846,343.6802673339844,26488500,0.0,0.0
2021-11-22 00:00:00-05:00,347.4126332608795,352.1702095994419,338.9127153172373,339.4103698730469,27116800,0.0,0.0
2021-11-23 00:00:00-05:00,337.34011129208125,339.79852602282074,331.93559008372813,335.6679992675781,17225000,0.0,0.0
2021-11-24 00:00:00-05:00,334.4238820585881,340.176767862357,331.24884336742304,339.46014404296875,13566200,0.0,0.0
2021-11-26 00:00:00-05:00,334.2248249927021,336.1656901276659,330.34312509720144,331.5574035644531,14750700,0.0,0.0
2021-11-29 00:00:00-05:00,335.3096689365276,339.0719358015434,333.73706368177574,336.4443054199219,16650900,0.0,0.0
2021-11-30 00:00:00-05:00,333.42855490149697,334.2347528580213,321.91282110354473,322.93798828125,25390000,0.0,0.0
2021-12-01 00:00:00-05:00,328.7406759781026,328.94968240005323,308.83449247431724,309.1430358886719,30329600,0.0,0.0
2021-12-02 00:00:00-05:00,309.93926258086293,313.1242640039096,305.75898238434195,308.93402099609375,24396200,0.0,0.0
2021-12-03 00:00:00-05:00,312.25832891335966,312.2782241601873,298.09506975609906,305.400634765625,27471000,0.0,0.0
2021-12-06 00:00:00-05:00,306.68457552374605,318.59842579868507,304.90296385956543,316.3788757324219,21758300,0.0,0.0
2021-12-07 00:00:00-05:00,320.06154181704915,325.00822906181776,319.4942083628053,321.29571533203125,18794000,0.0,0.0
2021-12-08 00:00:00-05:00,323.4754228063875,331.1890675040783,321.554483739275,329.00933837890625,19937700,0.0,0.0
2021-12-09 00:00:00-05:00,327.99417233043374,334.55325571472747,326.4613877975214,328.2728576660156,16879200,0.0,0.0
2021-12-10 00:00:00-05:00,331.0000022640614,333.4584170332668,324.8390363115673,328.20318603515625,14528000,0.0,0.0
2021-12-13 00:00:00-05:00,329.3975566337777,339.48997504686696,328.0439204719581,332.9209289550781,22948700,0.0,0.0
2021-12-14 00:00:00-05:00,326.5111274523815,334.1252661184989,326.11300990025524,332.1744384765625,20461000,0.0,0.0
2021-12-15 00:00:00-05:00,330.93031416613354,340.50518288372535,322.4602543483379,340.05731201171875,24681300,0.0,0.0
2021-12-16 00:00:00-05:00,337.38991901847066,342.844193921568,332.17447822592237,333.32904052734375,22635000,0.0,0.0
2021-12-17 00:00:00-05:00,331.23886647028985,335.528646392657,329.1984949025982,332.2242431640625,40012600,0.0,0.0
2021-12-20 00:00:00-05:00,328.23307647773845,328.3525087253658,321.01708456412274,323.92340087890625,17901800,0.0,0.0
2021-12-21 00:00:00-05:00,324.87885757202804,334.4238685074129,322.2313316347468,332.63232421875,16116800,0.0,0.0
2021-12-22 00:00:00-05:00,332.23416350993966,332.9408548364397,326.72017299739485,328.89990234375,16764600,0.0,0.0
2021-12-23 00:00:00-05:00,328.5515463551032,335.09073455875176,326.81968783291677,333.66741943359375,13987700,0.0,0.0
2021-12-27 00:00:00-05:00,337.2604890897512,346.23816609001614,336.4244331043662,344.55609130859375,17795000,0.0,0.0
2021-12-28 00:00:00-05:00,345.0040276764297,351.05549415683265,343.5807428316595,344.595947265625,16637600,0.0,0.0
2021-12-29 00:00:00-05:00,345.2826770965245,348.0496351280249,340.0374091719874,341.331298828125,10747000,0.0,0.0
2021-12-30 00:00:00-05:00,342.38633220808106,345.6011915528505,341.60999232095827,342.74462890625,10593300,0.0,0.0
2021-12-31 00:00:00-05:00,341.4109113837961,341.8289545642199,334.6925750604025,334.772216796875,12870500,0.0,0.0
2022-01-03 00:00:00-05:00,336.71303998747584,339.47999793579055,335.60826151998475,336.9519348144531,14537900,0.0,0.0
2022-01-04 00:00:00-05:00,338.3553253124637,341.4805799496834,330.3132111403972,334.95135498046875,15998000,0.0,0.0
2022-01-05 00:00:00-05:00,331.4578139547363,334.18498144796365,322.3208840261547,322.64935302734375,20564500,0.0,0.0
2022-01-06 00:00:00-05:00,321.30568782425235,337.5789975257316,321.2061508403366,330.90045166015625,27962800,0.0,0.0
2022-01-07 00:00:00-05:00,331.17916807802305,335.41919492057417,327.3372892085088,330.233642578125,14722000,0.0,0.0
2022-01-10 00:00:00-05:00,323.7840342929044,326.79981996203867,313.9503745105473,326.5310974121094,24942400,0.0,0.0
2022-01-11 00:00:00-05:00,325.24712091265417,333.0603037691717,323.75415719641865,332.801513671875,16226800,0.0,0.0
2022-01-12 00:00:00-05:00,333.607692747427,334.7921129918219,328.4818570203185,331.69671630859375,14104900,0.0,0.0
2022-01-13 00:00:00-05:00,333.4086439598992,334.0555887819827,324.2318930987002,324.9485168457031,14797100,0.0,0.0
2022-01-14 00:00:00-05:00,320.2805479506256,331.16923275584577,319.7032516194067,330.3431091308594,16868500,0.0,0.0
2022-01-18 00:00:00-05:00,321.77352727806647,322.68919475374526,316.1500362417862,316.6576232910156,22645600,0.0,0.0
2022-01-19 00:00:00-05:00,318.08088801866114,325.56563234221346,317.8320607286372,318.0908508300781,20814700,0.0,0.0
2022-01-20 00:00:00-05:00,322.38063901674565,326.2822643875418,314.4978072795093,315.0750732421875,16925000,0.0,0.0
2022-01-21 00:00:00-05:00,313.33324553630445,316.81682727729714,301.61846873067253,301.74786376953125,28710700,0.0,0.0
2022-01-24 00:00:00-05:00,296.44283657081496,308.078001511251,287.6542712385919,307.2618408203125,38878100,0.0,0.0
2022-01-25 00:00:00-05:00,298.54299130702105,304.7935315459782,296.1840831100483,298.7420349121094,25108500,0.0,0.0
2022-01-26 00:00:00-05:00,305.5698245147957,306.0674790126866,289.48562749803085,293.2478942871094,28348800,0.0,0.0
2022-01-27 00:00:00-05:00,296.35330094552285,300.2947166950727,292.8796817138699,293.2579040527344,21629900,0.0,0.0
2022-01-28 00:00:00-05:00,294.2332793124524,300.4838194160683,291.6554323180273,300.2947082519531,21871600,0.0,0.0
2022-01-31 00:00:00-05:00,299.26952229950456,312.3180399330912,297.91591655116565,311.79052734375,21579500,0.0,0.0
2022-02-01 00:00:00-05:00,313.08442626567705,318.160508721372,310.6558696456884,317.50360107421875,18023800,0.0,0.0
2022-02-02 00:00:00-05:00,326.2822298179943,326.4613781624903,315.3835832448128,321.4848327636719,58458300,0.0,0.0
2022-02-03 00:00:00-05:00,243.50236286244046,246.83665438976746,234.6441180338213,236.64468383789062,188119900,0.0,0.0
2022-02-04 00:00:00-05:00,233.86777856434068,241.4719394198013,229.0305757696883,235.9778289794922,89342200,0.0,0.0
2022-02-07 00:00:00-05:00,236.58497758156872,237.1821691355087,222.95919313784003,223.85498046875,88613800,0.0,0.0
2022-02-08 00:00:00-05:00,219.8140109347167,224.7109296642567,215.13604622510545,219.1471405029297,94729700,0.0,0.0
2022-02-09 00:00:00-05:00,223.1482838346324,232.27526591322385,221.16762856392347,230.9116973876953,86563300,0.0,0.0
2022-02-10 00:00:00-05:00,227.19921136944953,233.897637326421,225.6365688004285,227.00015258789062,49310400,0.0,0.0
2022-02-11 00:00:00-05:00,227.38831861274423,229.33911590053276,217.743771218222,218.52011108398438,46156900,0.0,0.0
2022-02-14 00:00:00-05:00,218.28123548400916,219.963310286744,213.772486492656,216.6787872314453,38184000,0.0,0.0
2022-02-15 00:00:00-05:00,219.43580524683236,220.1126081658047,214.05117920514752,219.96331787109375,42685500,0.0,0.0
2022-02-16 00:00:00-05:00,211.41361460358013,216.43992871555378,211.36384610995427,215.52423095703125,45817500,0.0,0.0
2022-02-17 00:00:00-05:00,213.01605463499817,216.47972599855586,206.18823370406102,206.73565673828125,38747500,0.0,0.0
2022-02-18 00:00:00-05:00,208.40777633886196,209.761397351561,204.21751825506487,205.19293212890625,37128400,0.0,0.0
2022-02-22 00:00:00-05:00,201.39082443960746,206.5067122197563,199.12152107796697,201.13204956054688,39852400,0.0,0.0
2022-02-23 00:00:00-05:00,203.20231041402806,205.96926850948455,197.12097117821287,197.5190887451172,44481400,0.0,0.0
2022-02-24 00:00:00-05:00,190.16375393246855,207.37265675064464,189.32769793464607,206.6261749267578,49957200,0.0,0.0
2022-02-25 00:00:00-05:00,203.97865464852086,210.32873173032027,202.2269008674937,209.49266052246094,37627600,0.0,0.0
2022-02-28 00:00:00-05:00,206.70579317292714,212.15013533807485,205.8597895233449,210.0400848388672,34239800,0.0,0.0
2022-03-01 00:00:00-05:00,208.8855076450031,210.75669353845154,201.2713994078726,202.5354461669922,27094900,0.0,0.0
2022-03-02 00:00:00-05:00,203.8193927359262,208.1688885673236,201.0723451351296,207.13377380371094,29452100,0.0,0.0
2022-03-03 00:00:00-05:00,208.03952192974566,208.09923804854606,200.47516634597315,202.0178985595703,27263500,0.0,0.0
2022-03-04 00:00:00-05:00,201.420682412557,204.92417443094456,197.85747428265773,199.12152099609375,32130900,0.0,0.0
2022-03-07 00:00:00-05:00,199.84811660786005,199.94765359727768,186.401495521887,186.59060668945312,38560600,0.0,0.0
2022-03-08 00:00:00-05:00,186.96881277964258,195.77728883812838,185.23696954984962,189.39735412597656,37508100,0.0,0.0
2022-03-09 00:00:00-05:00,194.82183022178026,198.16606977467967,193.0103601698203,197.56887817382812,31894700,0.0,0.0
2022-03-10 00:00:00-05:00,193.92603679988673,195.3592844476633,190.1737321296863,194.2943115234375,24853000,0.0,0.0
2022-03-11 00:00:00-05:00,191.73633808508686,192.65202060438423,185.79434173932367,186.7299346923828,34694500,0.0,0.0
2022-03-14 00:00:00-04:00,186.15266469481412,191.38798523225927,184.94834915671402,185.75454711914062,31010500,0.0,0.0
2022-03-15 00:00:00-04:00,189.9049551235885,191.3780081515026,185.0378948521395,191.12918090820312,31721700,0.0,0.0
2022-03-16 00:00:00-04:00,193.78668618532524,202.77432648900052,193.60753783029702,202.6748046875,40640300,0.0,0.0
2022-03-17 00:00:00-04:00,200.75385366120565,207.06411006322276,200.16662490429133,206.86505126953125,29499700,0.0,0.0
2022-03-18 00:00:00-04:00,205.7303874737888,215.78301543625656,205.03367414278475,215.47447204589844,52128000,0.0,0.0
2022-03-21 00:00:00-04:00,213.49381517262836,213.7028367789471,206.6560460920424,210.49794006347656,30142300,0.0,0.0
2022-03-22 00:00:00-04:00,210.3784669918694,218.430528670313,209.19404680393862,215.63369750976562,31998800,0.0,0.0
2022-03-23 00:00:00-04:00,212.32928416116454,215.78300782359509,211.16477438030978,212.45867919921875,23717300,0.0,0.0
2022-03-24 00:00:00-04:00,213.99145398040548,219.63485468849314,213.78243238949347,218.54002380371094,31502300,0.0,0.0
2022-03-25 00:00:00-04:00,219.4756122542055,224.44221031346072,217.8632163127484,220.77947998046875,40039000,0.0,0.0
2022-03-28 00:00:00-04:00,221.0880102060458,222.98903900145544,218.51014815349424,222.54115295410156,26224100,0.0,0.0
2022-03-29 00:00:00-04:00,225.0095386805417,229.80692071243064,224.23318359942581,228.78175354003906,31417900,0.0,0.0
2022-03-30 00:00:00-04:00,227.83619887183954,230.0656814298118,225.64652199359784,226.7811737060547,25588000,0.0,0.0
2022-03-31 00:00:00-04:00,227.37836930692887,227.4181901772471,221.21740331903376,221.3169403076172,24192300,0.0,0.0
2022-04-01 00:00:00-04:00,223.49666180043877,226.2138513953719,221.65533388760468,223.79525756835938,19544800,0.0,0.0
2022-04-04 00:00:00-04:00,224.91994798989987,233.2506955517742,224.80051575683888,232.7928466796875,28054800,0.0,0.0
2022-04-05 00:00:00-04:00,232.98195450257984,235.74891256840743,229.9363111054611,230.75245666503906,29727200,0.0,0.0
2022-04-06 00:00:00-04:00,225.84558403958047,227.9158287214212,220.37138417103975,222.2525177001953,28995100,0.0,0.0
2022-04-07 00:00:00-04:00,222.87957353179382,224.4621266428979,217.53476818756533,221.9041748046875,21037200,0.0,0.0
2022-04-08 00:00:00-04:00,221.33686261317175,224.0739628866742,218.99787994092992,221.28709411621094,18375700,0.0,0.0
2022-04-11 00:00:00-04:00,217.39540789179856,219.57513721157125,214.2104218664918,215.44461059570312,20516600,0.0,0.0
2022-04-12 00:00:00-04:00,219.2068898590888,220.98848653242345,212.13024128563168,213.135498046875,20128800,0.0,0.0
2022-04-13 00:00:00-04:00,210.82639339420786,215.5939175844612,210.33868643879734,213.9815216064453,19231800,0.0,0.0
2022-04-14 00:00:00-04:00,213.8819894666754,213.98152645973923,209.0149281752265,209.19407653808594,18379500,0.0,0.0
2022-04-18 00:00:00-04:00,209.01491874732997,212.379068489933,207.32289625205593,209.78131103515625,16580800,0.0,0.0
2022-04-19 00:00:00-04:00,209.53246198267283,217.4053448952964,208.0195879993495,216.2906036376953,20089900,0.0,0.0
2022-04-20 00:00:00-04:00,212.60798854176196,213.1554116127415,197.98689467060916,199.4798583984375,43036500,0.0,0.0
2022-04-21 00:00:00-04:00,200.6543044821675,202.0178729794922,184.70944973131267,187.18777465820312,49954100,0.0,0.0
2022-04-22 00:00:00-04:00,189.47699822641022,191.81598080627415,182.41031236624798,183.24636840820312,36426800,0.0,0.0
2022-04-25 00:00:00-04:00,181.8728275197423,186.30194997557484,180.80785468050712,186.11285400390625,29281100,0.0,0.0
2022-04-26 00:00:00-04:00,185.75454469167235,186.31191536521624,178.65798585330194,180.10118103027344,31747400,0.0,0.0
2022-04-27 00:00:00-04:00,173.6117532700364,180.3599627166506,168.20723232599158,174.1293182373047,71062900,0.0,0.0
2022-04-28 00:00:00-04:00,201.9681372438253,207.55182235832098,191.99513499493304,204.76495361328125,100890600,0.0,0.0
2022-04-29 00:00:00-04:00,203.50090610223927,211.4832741821555,198.96228383038402,199.5296173095703,49193400,0.0,0.0
2022-05-02 00:00:00-04:00,200.2263470095032,210.88611506777977,200.04719864598886,210.13963317871094,49915300,0.0,0.0
2022-05-03 00:00:00-04:00,209.46277980213057,213.89190189481963,207.11384991214564,211.03536987304688,41556300,0.0,0.0
2022-05-04 00:00:00-04:00,209.6618606437168,223.24783928231463,205.98918273782917,222.3620147705078,41375900,0.0,0.0
2022-05-05 00:00:00-04:00,217.71391840321272,219.13720312897797,205.19292807963836,207.302978515625,41129200,0.0,0.0
2022-05-06 00:00:00-04:00,206.3673936858556,208.39783283868715,200.07704781099332,202.81414794921875,34747200,0.0,0.0
2022-05-09 00:00:00-04:00,198.9025581035472,201.6197627611841,194.66254699243777,195.2895965576172,36303200,0.0,0.0
2022-05-10 00:00:00-04:00,198.57411490604073,202.0079434824973,193.2790783425283,196.72283935546875,34452500,0.0,0.0
2022-05-11 00:00:00-04:00,195.40905306277773,199.72869125751942,187.38686350476806,187.8546600341797,31153400,0.0,0.0
2022-05-12 00:00:00-04:00,186.18252590919263,197.12097886107114,183.91322227752548,190.34292602539062,38262200,0.0,0.0
2022-05-13 00:00:00-04:00,191.67663302715846,198.95234029762156,190.3827281278088,197.68829345703125,24549800,0.0,0.0
2022-05-16 00:00:00-04:00,196.12567410877142,204.40663846878425,195.01091751605253,199.1016387939453,27112600,0.0,0.0
2022-05-17 00:00:00-04:00,201.17188581721405,204.49623000773238,197.42952878240413,201.66954040527344,24872700,0.0,0.0
2022-05-18 00:00:00-04:00,199.06181944544653,200.05712854267378,190.7310871615623,191.33822631835938,23960000,0.0,0.0
2022-05-19 00:00:00-04:00,190.3030955043139,194.3739060489008,188.7106100681742,190.39266967773438,24446900,0.0,0.0
2022-05-20 00:00:00-04:00,194.05541046219443,196.98162155597763,186.9887099950689,192.63211059570312,31465600,0.0,0.0
2022-05-23 00:00:00-04:00,194.2743792709637,196.06593862949725,190.34291149267773,195.3094940185547,25059200,0.0,0.0
2022-05-24 00:00:00-04:00,179.70305509829623,182.81836215094546,175.28388041051807,180.42962646484375,50406300,0.0,0.0
2022-05-25 00:00:00-04:00,179.55374864716,184.5800624459455,178.47882822532142,182.96766662597656,28030200,0.0,0.0
2022-05-26 00:00:00-04:00,182.02211030679223,191.92543157598035,181.4050084146544,190.73106384277344,23056500,0.0,0.0
2022-05-27 00:00:00-04:00,190.46234125703288,194.41371941796862,188.9096615621262,194.21466064453125,22562700,0.0,0.0
2022-05-31 00:00:00-04:00,193.97581070281703,196.6731053355779,191.10931532736834,192.73167419433594,26131100,0.0,0.0
2022-06-01 00:00:00-04:00,195.5881896048658,198.59402739816463,184.13218710685706,187.75511169433594,36623500,0.0,0.0
2022-06-02 00:00:00-04:00,187.56599834187975,199.99741456665316,186.84937456923174,197.9271697998047,31951600,0.0,0.0
2022-06-03 00:00:00-04:00,195.06067513561032,195.68772473485097,188.88976169072905,189.88507080078125,19465000,0.0,0.0
2022-06-06 00:00:00-04:00,193.08000075896936,195.9962488750794,187.5162118380623,193.33877563476562,30574200,0.0,0.0
2022-06-07 00:00:00-04:00,191.02967236446682,195.60810039740878,190.59174910834548,194.7322235107422,18828700,0.0,0.0
2022-06-08 00:00:00-04:00,193.75683009472488,201.0823060343679,193.49805518353978,195.71759033203125,22267200,0.0,0.0
2022-06-09 00:00:00-04:00,193.36863138854412,198.51437709830148,182.81834990910315,183.13685607910156,23501600,0.0,0.0
2022-06-10 00:00:00-04:00,182.18135868760842,182.24108998683536,174.19899117906937,174.7464141845703,27450800,0.0,0.0
2022-06-13 00:00:00-04:00,169.7897800204355,171.77045064695062,163.2605545891736,163.48947143554688,31749300,0.0,0.0
2022-06-14 00:00:00-04:00,165.2511584054928,165.96778212800888,160.60306701933558,162.96194458007812,27244300,0.0,0.0
2022-06-15 00:00:00-04:00,166.41567933900382,171.3524191827835,163.21078280553314,168.55560302734375,30008300,0.0,0.0
2022-06-16 00:00:00-04:00,162.95200874316495,164.3056297405773,158.86128769259773,160.11537170410156,26944100,0.0,0.0
2022-06-17 00:00:00-04:00,160.92155917845244,165.12176456522718,159.14991029252874,162.97190856933594,31374200,0.0,0.0
2022-06-21 00:00:00-04:00,165.15162772651811,166.97304515845718,155.23835783225354,156.31329345703125,50724900,0.0,0.0
2022-06-22 00:00:00-04:00,157.637088785497,160.0357726104364,154.71087706938772,155.11895751953125,47267800,0.0,0.0
2022-06-23 00:00:00-04:00,155.53694789245958,159.00061909833292,153.52641937976747,158.00531005859375,40499200,0.0,0.0
2022-06-24 00:00:00-04:00,160.9713374852641,169.45137532208366,160.54336185948108,169.36180114746094,68736000,0.0,0.0
2022-06-27 00:00:00-04:00,170.51636378032046,170.94433940716965,167.22187787349793,168.6949462890625,29174600,0.0,0.0
2022-06-28 00:00:00-04:00,169.10298898965544,170.4964306687285,159.85657528268356,159.92623901367188,27744500,0.0,0.0
2022-06-29 00:00:00-04:00,162.80273045220846,165.54977833156292,159.5679756054907,163.17098999023438,28595200,0.0,0.0
2022-06-30 00:00:00-04:00,161.3893480738033,164.45490161244462,157.7465286806269,160.4935760498047,35250600,0.0,0.0
2022-07-01 00:00:00-04:00,159.55799746344536,159.86654085076404,154.27290863624773,159.27931213378906,31423900,0.0,0.0
2022-07-05 00:00:00-04:00,157.39818685452104,167.46076287139942,156.28344547718694,167.4010467529297,28618600,0.0,0.0
2022-07-06 00:00:00-04:00,167.41099021110313,170.7850875055919,164.68385295409936,168.9736328125,23085900,0.0,0.0
2022-07-07 00:00:00-04:00,168.65511099185295,171.90977575106322,166.9929467451006,171.38226318359375,24083400,0.0,0.0
2022-07-08 00:00:00-04:00,169.18262766180885,171.59127373458082,167.36121028220134,170.0784149169922,19249200,0.0,0.0
2022-07-11 00:00:00-04:00,166.2862834578215,166.70431141922256,161.15048532539075,162.11593627929688,21885600,0.0,0.0
2022-07-12 00:00:00-04:00,164.02694157042103,165.1317352711838,161.33961005665554,162.50411987304688,16639700,0.0,0.0
2022-07-13 00:00:00-04:00,159.4087025077127,164.20608427394072,158.86127948791204,162.72308349609375,16555100,0.0,0.0
2022-07-14 00:00:00-04:00,160.46375265263882,161.82732141554158,156.54223192058575,157.30862426757812,23765200,0.0,0.0
2022-07-15 00:00:00-04:00,159.7869242321839,164.20609928740657,159.0703156165379,163.9274139404297,23342800,0.0,0.0
2022-07-18 00:00:00-04:00,165.9677820373673,170.88461111358544,164.86298839802592,166.44552612304688,23574300,0.0,0.0
2022-07-19 00:00:00-04:00,169.570803302963,175.66210520716854,168.71483688564845,174.95542907714844,25933700,0.0,0.0
2022-07-20 00:00:00-04:00,176.65740347669418,182.73874219808656,175.87110084583605,182.2311248779297,24784300,0.0,0.0
2022-07-21 00:00:00-04:00,179.78268214305504,182.98757856288015,178.03092846034147,182.31076049804688,27195800,0.0,0.0
2022-07-22 00:00:00-04:00,172.25814484053492,174.77627552596368,167.62000101541054,168.47596740722656,42583900,0.0,0.0
2022-07-25 00:00:00-04:00,168.20723807758844,169.76988065609982,164.03689051423166,165.86825561523438,26166300,0.0,0.0
2022-07-26 00:00:00-04:00,165.16158398840008,165.22130010065143,157.20905931736448,158.40342712402344,28468400,0.0,0.0
2022-07-27 00:00:00-04:00,161.82731408349076,170.06847278481447,161.2599957547192,168.78453063964844,43846600,0.0,0.0
2022-07-28 00:00:00-04:00,160.3044811608668,160.7523672182703,154.12362015683283,159.96607971191406,73214300,0.0,0.0
2022-07-29 00:00:00-04:00,156.95030912297085,159.38881360913717,154.4421257034106,158.35369873046875,42065400,0.0,0.0
2022-08-01 00:00:00-04:00,156.5123579214233,164.41511470365762,154.50182926200065,159.17977905273438,40596700,0.0,0.0
2022-08-02 00:00:00-04:00,157.56738213610367,161.47895481991452,157.26878636687042,159.43856811523438,27374500,0.0,0.0
2022-08-03 00:00:00-04:00,161.92683951716316,168.74469772334,160.81209818776804,168.0081787109375,31721900,0.0,0.0
2022-08-04 00:00:00-04:00,167.51051121404862,171.34244183125261,166.01754768306282,169.76986694335938,23938200,0.0,0.0
2022-08-05 00:00:00-04:00,166.20666335522924,170.80498629603912,165.02224315842406,166.3260955810547,25832700,0.0,0.0
2022-08-08 00:00:00-04:00,167.21190976046256,176.67729275629318,166.34599580196732,169.45135498046875,27299100,0.0,0.0
2022-08-09 00:00:00-04:00,168.15748421309797,168.73476536439048,165.81851673448895,167.7394561767578,18655100,0.0,0.0
2022-08-10 00:00:00-04:00,175.16446579702543,179.63339423778683,173.13402659116673,177.50343322753906,30262100,0.0,0.0
2022-08-11 00:00:00-04:00,178.86701243504587,182.24110981599185,175.54266836138663,176.6574249267578,24079100,0.0,0.0
2022-08-12 00:00:00-04:00,179.96183318123636,180.60879319864185,178.07075199512173,179.65328979492188,21274000,0.0,0.0
2022-08-15 00:00:00-04:00,178.12051890328047,180.58888115906342,177.36407428579042,180.0414581298828,15878700,0.0,0.0
2022-08-16 00:00:00-04:00,178.59826999329016,180.14100215870383,176.20951900539458,178.6281280517578,21156700,0.0,0.0
2022-08-17 00:00:00-04:00,175.9308292341521,177.30436063789398,173.35298233666936,174.02980041503906,20118100,0.0,0.0
2022-08-18 00:00:00-04:00,173.52217679631798,174.93551383026298,171.05381459528806,173.84068298339844,18844500,0.0,0.0
2022-08-19 00:00:00-04:00,169.40160175176052,171.51166732085684,166.26638423624556,167.172119140625,26240800,0.0,0.0
2022-08-22 00:00:00-04:00,164.7137129506601,164.7137129506601,161.49885353456378,162.28515625,19499700,0.0,0.0
2022-08-23 00:00:00-04:00,161.7178166398378,164.2757682901935,159.9461676751728,160.354248046875,18111800,0.0,0.0
2022-08-24 00:00:00-04:00,159.84664525778507,164.68384802236503,159.02053689408802,162.49415588378906,20891500,0.0,0.0
2022-08-25 00:00:00-04:00,164.40514721374151,168.08780297450062,163.25060021852258,167.98826599121094,15550500,0.0,0.0
2022-08-26 00:00:00-04:00,167.689686642503,170.1182434752563,160.91163354661174,161.0211181640625,24023600,0.0,0.0
2022-08-29 00:00:00-04:00,159.90637119893756,162.28515945273423,158.2641019940911,158.42335510253906,20052700,0.0,0.0
2022-08-30 00:00:00-04:00,159.59784473193352,160.90169742290684,155.17866922036225,156.4228057861328,19567900,0.0,0.0
2022-08-31 00:00:00-04:00,166.28630485733373,167.05268195825627,161.37942291313098,162.16571044921875,40953000,0.0,0.0
2022-09-01 00:00:00-04:00,162.81267101337778,166.57493834921172,159.5978267422207,164.58432006835938,30145700,0.0,0.0
2022-09-02 00:00:00-04:00,166.6645062219544,167.14225033886635,158.47311655854904,159.56796264648438,22634200,0.0,0.0
2022-09-06 00:00:00-04:00,159.3490055000097,160.93154344836998,156.9503067356873,157.7963104248047,19339800,0.0,0.0
2022-09-07 00:00:00-04:00,157.01996634774872,160.2049677838299,156.07442569081752,159.63763427734375,16831200,0.0,0.0
2022-09-08 00:00:00-04:00,157.96551307438028,161.46899015231475,157.00006203771443,161.29978942871094,22530800,0.0,0.0
2022-09-09 00:00:00-04:00,162.4842189475287,168.74470682674763,162.25530209515227,168.35653686523438,22086800,0.0,0.0
2022-09-12 00:00:00-04:00,166.60479209253228,170.5860285511026,166.49530748243313,168.1674346923828,23220400,0.0,0.0
2022-09-13 00:00:00-04:00,160.78221983126946,160.87180918948542,151.95383327619615,152.41168212890625,44444100,0.0,0.0
2022-09-14 00:00:00-04:00,152.6107513043194,152.81975771757354,148.35082942673566,150.7594757080078,43064200,0.0,0.0
2022-09-15 00:00:00-04:00,149.09729221745584,153.47664577135723,148.0024462353754,148.8484649658203,34606300,0.0,0.0
2022-09-16 00:00:00-04:00,147.35551347989295,147.88302608142735,143.61314159011064,145.603759765625,40122800,0.0,0.0
2022-09-19 00:00:00-04:00,144.55868009903568,147.88300840996934,144.41933745088906,147.3256378173828,22169500,0.0,0.0
2022-09-20 00:00:00-04:00,145.09616545833953,148.1418090019097,144.53879476895574,145.4047088623047,23217400,0.0,0.0
2022-09-21 00:00:00-04:00,145.70328172435356,148.89823024896384,141.3338758871614,141.45330810546875,38338600,0.0,0.0
2022-09-22 00:00:00-04:00,140.8860232277192,143.90180895146722,140.20920506029128,142.1500701904297,34418500,0.0,0.0
2022-09-23 00:00:00-04:00,140.75661478213078,141.95098269593655,138.2384839082262,139.75135803222656,31710700,0.0,0.0
2022-09-26 00:00:00-04:00,139.46271013271172,141.57277581103185,135.5511525501713,135.7303009033203,30497000,0.0,0.0
2022-09-27 00:00:00-04:00,137.27300772631295,138.76597114222918,133.4908307018833,133.76951599121094,30826500,0.0,0.0
2022-09-28 00:00:00-04:00,133.988508300892,141.36375249344968,133.64015922271042,140.9457244873047,32658500,0.0,0.0
2022-09-29 00:00:00-04:00,138.7062853312721,139.18402947629386,134.56579557518336,135.77012634277344,38985400,0.0,0.0
2022-09-30 00:00:00-04:00,135.41180802475446,140.32863747887095,134.86438497450047,135.0435333251953,33166400,0.0,0.0
2022-10-03 00:00:00-04:00,136.49668751865056,138.9650498008152,135.4615727510368,137.9597930908203,27723100,0.0,0.0
2022-10-04 00:00:00-04:00,139.83098510058932,141.7220663721567,138.68637048909366,139.62196350097656,34670700,0.0,0.0
2022-10-05 00:00:00-04:00,137.59152972253636,139.55228978287366,134.14775369755077,138.3280487060547,27979300,0.0,0.0
2022-10-06 00:00:00-04:00,137.07395980130667,140.78645820301938,135.95921855595194,138.41763305664062,36231100,0.0,0.0
2022-10-07 00:00:00-04:00,136.11846039825195,137.6412820318744,131.81873319367415,132.82398986816406,33214800,0.0,0.0
2022-10-10 00:00:00-04:00,132.9235348251432,135.47152371961099,131.25140762114134,133.1623992919922,24024000,0.0,0.0
2022-10-11 00:00:00-04:00,131.00257306242557,132.0377029852794,126.3942948678421,127.93701934814453,38481400,0.0,0.0
2022-10-12 00:00:00-04:00,127.71806193906448,129.06172001639234,125.65776495840035,126.90190124511719,34605200,0.0,0.0
2022-10-13 00:00:00-04:00,122.95054807452124,130.52485192893832,121.9552388436502,129.6788330078125,34325700,0.0,0.0
2022-10-14 00:00:00-04:00,130.38549080100034,131.17177829979363,125.92650273623762,126.1653823852539,23559400,0.0,0.0
2022-10-17 00:00:00-04:00,129.68876323800103,134.15769084205866,129.56931583300022,133.4112091064453,29612200,0.0,0.0
2022-10-18 00:00:00-04:00,136.44693271546402,137.19341460524663,130.78362101502597,132.17706298828125,25445000,0.0,0.0
2022-10-19 00:00:00-04:00,132.26662479833314,136.35734577919754,131.59976952830172,132.6050262451172,30691000,0.0,0.0
2022-10-20 00:00:00-04:00,132.30642094000112,136.12841912489498,130.6940251850557,130.91299438476562,26356300,0.0,0.0
2022-10-21 00:00:00-04:00,125.71747575136206,129.50960056288432,124.85156179234954,129.40011596679688,46348600,0.0,0.0
2022-10-24 00:00:00-04:00,126.6530962802291,132.85386837221668,123.98566730826468,129.11151123046875,63563400,0.0,0.0
2022-10-25 00:00:00-04:00,130.26604114211528,137.70100026531404,129.97739303977005,136.86492919921875,38433200,0.0,0.0
2022-10-26 00:00:00-04:00,131.0622893187902,134.91414569618084,127.92707186453384,129.21102905273438,82791500,0.0,0.0
2022-10-27 00:00:00-04:00,97.52039646921668,102.01919060648154,95.92789571169381,97.48058319091797,232316600,0.0,0.0
2022-10-28 00:00:00-04:00,99.11287959633101,100.37691878148325,97.05259011305071,98.73465728759766,95928300,0.0,0.0
2022-10-31 00:00:00-04:00,97.75926119813265,98.85409969144031,92.16562131206909,92.7229995727539,121361400,0.0,0.0
2022-11-01 00:00:00-04:00,93.88751151989102,97.03268440407783,93.11117161789574,94.75342559814453,110189600,0.0,0.0
2022-11-02 00:00:00-04:00,93.76807833267686,94.75343230933797,90.05557928842119,90.11529541015625,71821100,0.0,0.0
2022-11-03 00:00:00-04:00,89.65744499802331,90.03565971999477,87.99528063373046,88.49293518066406,60664000,0.0,0.0
2022-11-04 00:00:00-04:00,89.92617442608974,90.96129678704688,87.67677376490204,90.3641128540039,55638100,0.0,0.0
2022-11-07 00:00:00-05:00,94.33538684606212,96.42553425040695,92.66326740386523,96.26628875732422,81987300,0.0,0.0
2022-11-08 00:00:00-05:00,95.47004067817295,97.34122652120378,94.34534420392964,96.01746368408203,52088300,0.0,0.0
2022-11-09 00:00:00-05:00,101.24285348517867,104.40793705887222,100.26744712369293,100.99402618408203,107677300,0.0,0.0
2022-11-10 00:00:00-05:00,106.61751194751989,112.22109936387615,104.11928401728964,111.34523010253906,80671000,0.0,0.0
2022-11-11 00:00:00-05:00,108.71760787459398,114.36100821000132,108.29957231398198,112.48982238769531,59961700,0.0,0.0
2022-11-14 00:00:00-05:00,110.46935243850882,115.72458315525292,110.28024887734493,113.6842041015625,53395000,0.0,0.0
2022-11-15 00:00:00-05:00,115.52552791061386,118.18300140763097,113.87331873931102,116.53079223632812,50670500,0.0,0.0
2022-11-16 00:00:00-05:00,113.96289175268743,115.53548195043007,112.13152665678899,112.6988525390625,33287800,0.0,0.0
2022-11-17 00:00:00-05:00,109.8920854969386,111.80307721813635,109.28494631568212,110.92720031738281,35093800,0.0,0.0
2022-11-18 00:00:00-05:00,113.26618215369642,113.78373956066838,110.10109881313593,111.5243911743164,33357700,0.0,0.0
2022-11-21 00:00:00-05:00,110.99686704869316,111.84288585520797,108.67780262607081,109.34465789794922,24351100,0.0,0.0
2022-11-22 00:00:00-05:00,109.34466134316365,111.0964075335895,107.81188437574178,110.91725158691406,29029000,0.0,0.0
2022-11-23 00:00:00-05:00,111.19592835262634,112.14146891329342,110.21057451870094,111.71348571777344,21343100,0.0,0.0
2022-11-25 00:00:00-05:00,110.7779055285652,112.20119784095549,110.49921260278887,110.88739013671875,12007600,0.0,0.0
2022-11-28 00:00:00-05:00,110.2603401720271,111.51443175614992,107.87159682870937,108.26972198486328,23309400,0.0,0.0
2022-11-29 00:00:00-05:00,109.0261673885818,110.41960174524618,108.03085821862243,108.94654083251953,23899200,0.0,0.0
2022-11-30 00:00:00-05:00,108.99629650081332,117.60572132644997,108.8669014640389,117.5459976196289,43348600,0.0,0.0
2022-12-01 00:00:00-05:00,118.64083421447586,120.63145228917247,117.84459154076042,119.8750228881836,36551400,0.0,0.0
2022-12-02 00:00:00-05:00,117.27728244709606,123.45815154077677,117.05831321262129,122.91072845458984,39950500,0.0,0.0
2022-12-05 00:00:00-05:00,121.17887952966089,124.08518019776318,120.78075438209488,121.8556900024414,35474900,0.0,0.0
2022-12-06 00:00:00-05:00,119.34751130591351,119.98450848762556,113.20644872326258,113.58467102050781,43689200,0.0,0.0
2022-12-07 00:00:00-05:00,113.22636811897216,115.3364186028113,112.35049122958445,113.39556884765625,29461100,0.0,0.0
2022-12-08 00:00:00-05:00,115.84401899184564,116.78955954594373,114.05245967569569,114.78899383544922,30619400,0.0,0.0
2022-12-09 00:00:00-05:00,114.759139316266,116.98862951672221,113.33584703612352,115.3563232421875,26033400,0.0,0.0
2022-12-12 00:00:00-05:00,114.63969434712979,115.17716213441233,112.60926301526418,114.1718978881836,24747100,0.0,0.0
2022-12-13 00:00:00-05:00,121.5571031179108,122.7216205884405,118.08347632884896,119.58639526367188,44701100,0.0,0.0
2022-12-14 00:00:00-05:00,118.82995343856926,123.55767168732355,118.82995343856926,121.0196304321289,36922000,0.0,0.0
2022-12-15 00:00:00-05:00,117.77493013276049,118.07351831295361,113.47519503296823,115.60515594482422,34531000,0.0,0.0
2022-12-16 00:00:00-05:00,119.66600887308826,122.73155493625129,118.26261948583065,118.86975860595703,67064000,0.0,0.0
2022-12-19 00:00:00-05:00,116.28196811357817,117.24741918991249,113.7936952750283,113.9429931640625,29769900,0.0,0.0
2022-12-20 00:00:00-05:00,112.7287128164845,116.77962062248262,111.93246248474388,116.54074096679688,28742500,0.0,0.0
2022-12-21 00:00:00-05:00,116.15256830609113,119.77549280306249,115.07764025502914,119.1982192993164,20392800,0.0,0.0
2022-12-22 00:00:00-05:00,116.65022900701699,118.06357376709225,113.84345751583483,116.57061004638672,23618100,0.0,0.0
2022-12-23 00:00:00-05:00,115.48572401086862,117.62564028642494,114.99802463435789,117.48629760742188,17796600,0.0,0.0
2022-12-27 00:00:00-05:00,117.37680367744063,118.0436589588536,115.50562528383824,116.33172607421875,21392300,0.0,0.0
2022-12-28 00:00:00-05:00,115.70468636636733,117.59577523215174,114.96815973635239,115.07764434814453,19612500,0.0,0.0
2022-12-29 00:00:00-05:00,115.85398325880043,120.46226175754701,115.22693365236125,119.69587707519531,22366200,0.0,0.0
2022-12-30 00:00:00-05:00,117.60572332496524,119.85511635517314,117.18768774453578,119.7754898071289,19583800,0.0,0.0
2023-01-03 00:00:00-05:00,122.24386218953632,125.77721249819784,121.70639436944211,124.15485382080078,35528500,0.0,0.0
2023-01-04 00:00:00-05:00,126.7824772261883,128.44464928350433,125.25965543646576,126.77252960205078,32397100,0.0,0.0
2023-01-05 00:00:00-05:00,125.53833031695387,127.91712598134784,123.95579253993468,126.34453582763672,25447100,0.0,0.0
2023-01-06 00:00:00-05:00,128.36501760802327,129.71863861013483,125.44876160115716,129.41009521484375,27584500,0.0,0.0
2023-01-09 00:00:00-05:00,130.54476117196793,132.326357996558,128.67357497513657,128.86268615722656,26649100,0.0,0.0
2023-01-10 00:00:00-05:00,126.67298819367953,132.81405122709808,126.5535559593453,132.3661651611328,28684400,0.0,0.0
2023-01-11 00:00:00-05:00,130.34567767697496,133.22212017558306,129.7285757490559,132.26661682128906,25423000,0.0,0.0
2023-01-12 00:00:00-05:00,132.8140453994428,137.03414615767494,131.1419182560742,136.06871032714844,30757700,0.0,0.0
2023-01-13 00:00:00-05:00,134.33686708767706,136.7455132270694,134.20747204800026,136.33743286132812,22423800,0.0,0.0
2023-01-17 00:00:00-05:00,135.54119751417633,136.10853103944976,133.6202580771198,134.7250518798828,21147600,0.0,0.0
2023-01-18 00:00:00-05:00,135.1729324412187,136.6061800387928,132.1770573846314,132.39602661132812,20215500,0.0,0.0
2023-01-19 00:00:00-05:00,131.86851726412772,136.80524223737595,131.52015298010343,135.51133728027344,28625200,0.0,0.0
2023-01-20 00:00:00-05:00,135.25256068714705,139.28356580894655,133.9785661816359,138.7162322998047,28688600,0.0,0.0
2023-01-23 00:00:00-05:00,138.63660481536394,143.085637930656,138.0095703781944,142.5979461669922,27470100,0.0,0.0
2023-01-24 00:00:00-05:00,141.02534129627708,144.31981181182078,140.69688748830902,142.46853637695312,21970200,0.0,0.0
2023-01-25 00:00:00-05:00,140.55752687562295,142.49837623188083,139.651792113633,140.83621215820312,26622000,0.0,0.0
2023-01-26 00:00:00-05:00,143.72261873097537,146.81803044058447,142.62778790364493,146.60902404785156,25482100,0.0,0.0
2023-01-27 00:00:00-05:00,147.5446166242109,152.4713933036214,146.6985978706752,151.0281982421875,35771900,0.0,0.0
2023-01-30 00:00:00-05:00,148.7091455699332,150.4111157324642,146.26067834853617,146.3701629638672,28040100,0.0,0.0
2023-01-31 00:00:00-05:00,147.25597494675876,149.17692936326716,146.82799933338794,148.2711944580078,29842100,0.0,0.0
2023-02-01 00:00:00-05:00,147.33559867807605,152.85956698881722,146.37014767659468,152.40171813964844,55661000,0.0,0.0
2023-02-02 00:00:00-05:00,182.51979069367002,196.23514910781972,179.31489412268525,187.88450622558594,150475700,0.0,0.0
2023-02-03 00:00:00-05:00,182.60935546871306,195.8469690777729,182.03207438823733,185.65499877929688,76809700,0.0,0.0
2023-02-06 00:00:00-05:00,185.65502187577167,189.80545937292453,184.64976506191783,185.18722534179688,42483800,0.0,0.0
2023-02-07 00:00:00-05:00,184.7094699164498,192.87100173389837,183.53499724729815,190.72113037109375,47080700,0.0,0.0
2023-02-08 00:00:00-05:00,189.10872214145795,189.93483048696228,182.06193214656355,182.5695343017578,36139100,0.0,0.0
2023-02-09 00:00:00-05:00,185.25689830609852,185.77444813309577,176.43845856503,177.0854034423828,37118800,0.0,0.0
2023-02-10 00:00:00-05:00,175.52276095625143,178.05083931725062,172.53683373967021,173.33306884765625,33433600,0.0,0.0
2023-02-13 00:00:00-05:00,177.38400227491994,180.15096056474957,174.99526633126692,178.58831787109375,31463200,0.0,0.0
2023-02-14 00:00:00-05:00,176.32895245733712,180.65853765147932,175.05495810627266,178.6380615234375,24034600,0.0,0.0
2023-02-15 00:00:00-05:00,175.59241483514342,177.354116046433,174.50753165229477,176.32894897460938,25308900,0.0,0.0
2023-02-16 00:00:00-05:00,171.93964690645842,175.02511118921583,170.98414348874408,171.631103515625,25827500,0.0,0.0
2023-02-17 00:00:00-05:00,169.4215201087607,172.36762660759723,168.90395511245242,172.0690460205078,24171300,0.0,0.0
2023-02-21 00:00:00-05:00,173.49233173468545,177.33422557764814,171.07373784262953,171.27279663085938,34592600,0.0,0.0
2023-02-22 00:00:00-05:00,170.26755320801132,171.94961300936373,168.89402164343807,170.3173065185547,22433200,0.0,0.0
2023-02-23 00:00:00-05:00,171.19316550970734,172.87524032170427,168.58546052289745,171.23297119140625,20017800,0.0,0.0
2023-02-24 00:00:00-05:00,167.8489377133856,169.91918260811994,166.87353897983232,169.59072875976562,19791300,0.0,0.0
2023-02-27 00:00:00-05:00,171.0737401340374,172.3079137499204,168.2669610646023,168.7447052001953,19277000,0.0,0.0
2023-02-28 00:00:00-05:00,171.09363645113456,176.717142249163,171.0637783916742,174.119384765625,46051100,0.0,0.0
2023-03-01 00:00:00-05:00,173.771016199502,177.01573366141542,172.23824683192723,172.60650634765625,30998400,0.0,0.0
2023-03-02 00:00:00-05:00,171.57139512593176,174.18904784770294,170.6258392892335,173.7113037109375,17352000,0.0,0.0
2023-03-03 00:00:00-05:00,178.08068875943948,185.74456520713412,176.21946574438505,184.38099670410156,45877700,0.0,0.0
2023-03-06 00:00:00-05:00,187.11811821575978,188.7703350321703,183.7738788997343,184.03265380859375,33209400,0.0,0.0
2023-03-07 00:00:00-05:00,188.11341338650107,189.4670343231199,183.14681568207524,183.64447021484375,36701500,0.0,0.0
2023-03-08 00:00:00-05:00,182.01217025459715,184.39095839607606,180.48934854659495,184.10232543945312,19432400,0.0,0.0
2023-03-09 00:00:00-05:00,185.4758514347984,188.0437354729427,179.45422851848588,180.83770751953125,26582800,0.0,0.0
2023-03-10 00:00:00-05:00,180.16091732853428,183.90328973390808,177.96129244638414,178.66795349121094,25665000,0.0,0.0
2023-03-13 00:00:00-04:00,177.12521091650575,182.91790187644207,173.99994100648928,180.05140686035156,24728000,0.0,0.0
2023-03-14 00:00:00-04:00,186.70008541627902,193.40847431166495,185.68486586763575,193.10987854003906,41642600,0.0,0.0
2023-03-15 00:00:00-04:00,192.04487088136375,196.85221523312586,189.9447682579713,196.82235717773438,42123600,0.0,0.0
2023-03-16 00:00:00-04:00,197.32996425031396,204.79478202940618,195.17014546202856,203.9686737060547,50447100,0.0,0.0
2023-03-17 00:00:00-04:00,199.61919032932525,200.95290087614472,194.5132497950303,194.69241333007812,50141100,0.0,0.0
2023-03-20 00:00:00-04:00,197.54895062735395,198.42482751615233,192.7316581133867,196.88209533691406,25186300,0.0,0.0
2023-03-21 00:00:00-04:00,202.24679993080582,202.59516418009426,197.02142731474626,201.21168518066406,31827000,0.0,0.0
2023-03-22 00:00:00-04:00,201.55011058632056,206.3972614723649,198.7333837615869,198.8727264404297,28477800,0.0,0.0
2023-03-23 00:00:00-04:00,201.88849925631558,206.90486575081258,201.20173353015846,203.32174682617188,27389700,0.0,0.0
2023-03-24 00:00:00-04:00,204.21750129445783,206.60625209994325,202.5951578884906,205.04360961914062,27716400,0.0,0.0
2023-03-27 00:00:00-04:00,203.84926426575987,204.89434190908338,200.41545074102171,201.8885040283203,18527200,0.0,0.0
2023-03-28 00:00:00-04:00,199.21111956955335,200.0869964782602,196.9716739902379,199.73863220214844,19127300,0.0,0.0
2023-03-29 00:00:00-04:00,202.6051070521332,204.75497823725493,201.5898875724017,204.38671875,18851100,0.0,0.0
2023-03-30 00:00:00-04:00,202.4259809400818,207.11387855844876,201.8686102428606,206.86505126953125,22608300,0.0,0.0
2023-03-31 00:00:00-04:00,206.26786624192704,211.17473288382774,205.80006974339463,210.94581604003906,25440300,0.0,0.0
2023-04-03 00:00:00-04:00,207.8603425627802,212.4885388512506,207.22334536538006,212.0705108642578,17924600,0.0,0.0
2023-04-04 00:00:00-04:00,212.38899048112867,215.2256272538082,211.5429717419898,213.71275329589844,21026400,0.0,0.0
2023-04-05 00:00:00-04:00,213.14543424703638,214.18056419915374,208.95519150856262,210.4879608154297,19396600,0.0,0.0
2023-04-06 00:00:00-04:00,208.26841549024772,215.92234439628268,207.6712239946029,215.08628845214844,26104400,0.0,0.0
2023-04-10 00:00:00-04:00,213.70282432311066,214.64836493411835,209.6718194159604,213.7426300048828,16106100,0.0,0.0
2023-04-11 00:00:00-04:00,214.469206341982,215.00668177517124,212.40892434732177,212.84686279296875,16710100,0.0,0.0
2023-04-12 00:00:00-04:00,213.83219549453068,215.8228136209453,211.5828024790781,212.9961395263672,18972200,0.0,0.0
2023-04-13 00:00:00-04:00,214.71802222564747,220.11259558285633,214.67821654507077,219.3163604736328,23310400,0.0,0.0
2023-04-14 00:00:00-04:00,216.85793779798237,221.06809077122915,216.52948399337296,220.4510040283203,21591200,0.0,0.0
2023-04-17 00:00:00-04:00,218.75897365041038,219.94339387278424,216.1114630684577,217.83334350585938,15481900,0.0,0.0
2023-04-18 00:00:00-04:00,218.8784333482308,219.40594596956302,215.19579262276017,216.86790466308594,12281000,0.0,0.0
2023-04-19 00:00:00-04:00,212.46862122903303,216.31051471727406,211.9311458445043,214.6881561279297,15898100,0.0,0.0
2023-04-20 00:00:00-04:00,212.47857604073408,215.7332409525059,211.77191510577404,212.0705108642578,16475400,0.0,0.0
2023-04-21 00:00:00-04:00,209.2239362767764,212.40892241540604,208.59688667282944,211.891357421875,17717200,0.0,0.0
2023-04-24 00:00:00-04:00,212.67763354165274,212.91651318444914,209.72157959330661,211.79180908203125,15750900,0.0,0.0
2023-04-25 00:00:00-04:00,209.8310656719504,210.2689889060037,206.1583727694138,206.57640075683594,19198200,0.0,0.0
2023-04-26 00:00:00-04:00,211.50320445510016,213.1056528704603,207.9001900202909,208.41773986816406,41992700,0.0,0.0
2023-04-27 00:00:00-04:00,238.7646961349494,240.55625552795624,235.65933664521174,237.44093322753906,71196500,0.0,0.0
2023-04-28 00:00:00-04:00,237.88882032208997,239.302157408545,234.64411815351386,239.19268798828125,39554000,0.0,0.0
2023-05-01 00:00:00-04:00,237.50065377540756,242.85542162022017,235.3507976508865,242.0392608642578,29143900,0.0,0.0
2023-05-02 00:00:00-04:00,242.0392571311576,243.77110041454424,237.86892480278289,238.1177520751953,24350100,0.0,0.0
2023-05-03 00:00:00-04:00,238.34669345544214,240.61599719853191,231.6582144693208,235.9181365966797,34463900,0.0,0.0
2023-05-04 00:00:00-04:00,234.9526541341907,237.08261491383803,231.83733191833227,232.42457580566406,17889400,0.0,0.0
2023-05-05 00:00:00-04:00,231.15058908887747,233.57913051710213,228.77180096550416,231.68804931640625,26978900,0.0,0.0
2023-05-08 00:00:00-04:00,230.3344380180247,234.51473334429355,229.18983858856006,232.17576599121094,16400500,0.0,0.0
2023-05-09 00:00:00-04:00,230.37425494196762,234.77351941738263,229.99603261753614,232.27528381347656,16865600,0.0,0.0
2023-05-10 00:00:00-04:00,235.06215005629753,235.6394311610159,229.63771845877667,231.9866485595703,19119000,0.0,0.0
2023-05-11 00:00:00-04:00,231.95680727071314,237.0926062807748,231.2103253862465,234.68394470214844,20449000,0.0,0.0
2023-05-12 00:00:00-04:00,235.62945907991937,235.84842827578137,230.36426594379736,232.71319580078125,16155300,0.0,0.0
2023-05-15 00:00:00-04:00,235.80861524996425,239.13294378898573,234.22607752588772,237.73951721191406,20653200,0.0,0.0
2023-05-16 00:00:00-04:00,234.68392179887599,238.515867840056,234.4151992814864,237.69972229003906,18163800,0.0,0.0
2023-05-17 00:00:00-04:00,237.33145128577104,242.69616671435773,237.02290789546825,241.35250854492188,21193100,0.0,0.0
2023-05-18 00:00:00-04:00,240.16809372378933,245.93092684694426,240.05860911308702,245.6920623779297,22943300,0.0,0.0
2023-05-19 00:00:00-04:00,246.30914944792605,247.52342779081425,242.26819684565072,244.48773193359375,21599800,0.0,0.0
2023-05-22 00:00:00-04:00,244.25879837760073,252.38052389620637,243.97015024735015,247.1551513671875,27738500,0.0,0.0
2023-05-23 00:00:00-04:00,245.6522290451414,250.4297156168021,245.49297594907011,245.5825653076172,17748100,0.0,0.0
2023-05-24 00:00:00-04:00,244.12942750285802,248.41920751653527,243.8009736603465,248.04100036621094,17724300,0.0,0.0
2023-05-25 00:00:00-04:00,252.2113148728379,254.4209022460782,248.00116171559304,251.50465393066406,22371400,0.0,0.0
2023-05-26 00:00:00-04:00,251.74350980849536,261.0795135233531,251.5245557905279,260.810791015625,25727200,0.0,0.0
2023-05-30 00:00:00-04:00,264.00577941481623,267.3898248008557,260.06436327693154,261.28857421875,23816500,0.0,0.0
2023-05-31 00:00:00-04:00,258.78035056249206,263.7568957656169,257.2376336992919,263.47821044921875,25473700,0.0,0.0
2023-06-01 00:00:00-04:00,264.65266175333346,272.7146708722513,264.64272931776173,271.3311767578125,25609500,0.0,0.0
2023-06-02 00:00:00-04:00,271.380960433354,274.0583441211411,269.84817604113204,271.3311767578125,19405300,0.0,0.0
2023-06-05 00:00:00-04:00,269.031999347484,274.27729699869366,268.29548043796774,270.1169128417969,20742900,0.0,0.0
2023-06-06 00:00:00-04:00,268.8728220618882,275.2726524565986,268.42492080511124,269.84820556640625,19419000,0.0,0.0
2023-06-07 00:00:00-04:00,270.39561545536134,272.9634993681727,261.5671989129693,262.36346435546875,26163600,0.0,0.0
2023-06-08 00:00:00-04:00,259.39745167318773,266.3944734012991,257.6656235664066,263.3388671875,20899400,0.0,0.0
2023-06-09 00:00:00-04:00,261.2487386737778,266.69308056511954,260.47239880510483,263.7071533203125,16938500,0.0,0.0
2023-06-12 00:00:00-04:00,265.91672985333565,270.47523189644943,264.085334488373,269.77850341796875,15442500,0.0,0.0
2023-06-13 00:00:00-04:00,273.5905696870389,274.42662568433303,267.82772150543565,270.0472717285156,16164000,0.0,0.0
2023-06-14 00:00:00-04:00,270.61454553063913,273.69997875417727,267.0612855448552,272.06768798828125,19175100,0.0,0.0
2023-06-15 00:00:00-04:00,271.02264059378706,282.65780575077775,270.1467941493796,280.5079345703125,25973500,0.0,0.0
2023-06-16 00:00:00-04:00,283.414263334987,286.49972758840875,278.81594019978445,279.6818542480469,43102500,0.0,0.0
2023-06-20 00:00:00-04:00,277.4225093020109,283.4640123003581,274.92427380491404,282.9962158203125,20701600,0.0,0.0
2023-06-21 00:00:00-04:00,282.20002735868053,282.6678239160539,277.0542652275733,280.31890869140625,20556200,0.0,0.0
2023-06-22 00:00:00-04:00,277.77082956228554,283.9218624264393,276.48690278855537,283.54364013671875,17563100,0.0,0.0
2023-06-23 00:00:00-04:00,280.18944760576966,288.3111727282654,277.6414589839381,287.3755798339844,50988400,0.0,0.0
2023-06-26 00:00:00-04:00,287.34574985333995,288.43063312942365,276.29781274794044,277.1637268066406,24232700,0.0,0.0
2023-06-27 00:00:00-04:00,280.6871547564066,287.99272057556743,279.33351846154636,285.7034912109375,26108300,0.0,0.0
2023-06-28 00:00:00-04:00,283.4839552004256,288.19174797067035,282.7275105377967,283.9517517089844,16722100,0.0,0.0
2023-06-29 00:00:00-04:00,283.16541962618595,285.2257166124485,279.3732946439225,280.2093505859375,15395700,0.0,0.0
2023-06-30 00:00:00-04:00,283.42423213890936,287.69408635507347,283.0858306861351,285.6338195800781,19676000,0.0,0.0
2023-07-03 00:00:00-04:00,285.35511693031197,288.0424331420296,283.51378911198844,284.67828369140625,8629300,0.0,0.0
2023-07-05 00:00:00-04:00,286.3006573561467,296.72154487782586,285.0167001086486,292.9891357421875,33865500,0.0,0.0
2023-07-06 00:00:00-04:00,294.5020610865549,296.72158121808053,289.9435278275896,290.6203308105469,47600500,0.0,0.0
2023-07-07 00:00:00-04:00,290.80939867670173,294.8105606037905,287.30592166227655,289.1671447753906,25546200,0.0,0.0
2023-07-10 00:00:00-04:00,294.16357784839363,296.73149220943253,285.7034509156094,292.72039794921875,37058300,0.0,0.0
2023-07-11 00:00:00-04:00,292.5213257310525,298.77186539304495,290.530707617368,296.8907470703125,27585900,0.0,0.0
2023-07-12 00:00:00-04:00,300.33449375733306,307.9983852838418,298.6922399657728,307.8888854980469,36677100,0.0,0.0
2023-07-13 00:00:00-04:00,312.148825735841,314.7565306398543,308.8344598968248,311.9398193359375,30281000,0.0,0.0
2023-07-14 00:00:00-04:00,310.32742795194724,313.4029293780309,305.9181856231809,307.4211120605469,22576000,0.0,0.0
2023-07-17 00:00:00-04:00,306.09736421786033,310.2477860887302,303.2806225002827,309.16290283203125,25323100,0.0,0.0
2023-07-18 00:00:00-04:00,309.4216870440371,312.7261204303064,306.17696977172506,310.586181640625,20764600,0.0,0.0
2023-07-19 00:00:00-04:00,311.56161677383153,317.18510730194566,309.06338112949766,314.52764892578125,21763700,0.0,0.0
2023-07-20 00:00:00-04:00,312.0293640910019,314.0598029076277,300.80228005256083,301.1008605957031,23836900,0.0,0.0
2023-07-21 00:00:00-04:00,303.14130371026374,304.02711302576523,289.834025734893,292.8796691894531,42089700,0.0,0.0
2023-07-24 00:00:00-04:00,294.3925486004377,296.1243768570865,286.9476249852087,290.2420959472656,24915700,0.0,0.0
2023-07-25 00:00:00-04:00,293.80527728661787,296.9006738143323,290.4908811811979,293.0886535644531,19585600,0.0,0.0
2023-07-26 00:00:00-04:00,299.7771384733213,300.35440436388006,290.53070879300293,297.16943359375,47256900,0.0,0.0
2023-07-27 00:00:00-04:00,323.59483825177585,323.8237702431477,308.38651883822615,310.24774169921875,64229200,0.0,0.0
2023-07-28 00:00:00-04:00,315.39358193568336,324.6698709042449,312.7759138982023,323.9532470703125,39220300,0.0,0.0
2023-07-31 00:00:00-04:00,322.1716191642379,324.13237939236495,316.100227312594,317.1054992675781,25799600,0.0,0.0
2023-08-01 00:00:00-04:00,316.05043634198404,322.61948198267146,313.1839414897262,321.1961669921875,22817900,0.0,0.0
2023-08-02 00:00:00-04:00,316.5082948275176,316.89647995750096,309.1927668438837,312.8356018066406,20461100,0.0,0.0
2023-08-03 00:00:00-04:00,308.47610816614895,314.4678877291771,308.47610816614895,311.7208251953125,15180200,0.0,0.0
2023-08-04 00:00:00-04:00,313.48253785122665,316.916366310776,308.74488730741234,309.27239990234375,17600200,0.0,0.0
2023-08-07 00:00:00-04:00,311.76070702016386,315.5826906464642,309.0036811374816,315.0750732421875,16236500,0.0,0.0
2023-08-08 00:00:00-04:00,312.92515464412173,316.3988038321548,308.65527037756453,311.1734313964844,15183500,0.0,0.0
2023-08-09 00:00:00-04:00,311.41232415491487,312.1588059993001,301.4293748376465,303.7782897949219,19955800,0.0,0.0
2023-08-10 00:00:00-04:00,306.4955397166187,310.8748944394901,302.4446236888305,304.30584716796875,14358900,0.0,0.0
2023-08-11 00:00:00-04:00,301.1507279716822,303.2906367907581,298.9510726529524,300.22509765625,13967800,0.0,0.0
2023-08-14 00:00:00-04:00,299.56817077238907,304.7736183935267,296.850965750425,304.75372314453125,15641900,0.0,0.0
2023-08-15 00:00:00-04:00,304.70394748127944,305.788830773249,298.62259298523816,300.5335998535156,11623600,0.0,0.0
2023-08-16 00:00:00-04:00,298.7917956428592,299.6676421119351,292.8995525703216,292.9095153808594,18547700,0.0,0.0
2023-08-17 00:00:00-04:00,291.6753379770627,294.6612654651381,283.61335805879924,283.752685546875,23950100,0.0,0.0
2023-08-18 00:00:00-04:00,277.72108965942147,284.3498517361462,273.0929085409362,281.9212951660156,34061200,0.0,0.0
2023-08-21 00:00:00-04:00,282.12040450856455,289.1373222093127,280.52790371583114,288.5401306152344,20181500,0.0,0.0
2023-08-22 00:00:00-04:00,291.1776775592595,291.5260418341039,285.40489668112855,286.25091552734375,12999900,0.0,0.0
2023-08-23 00:00:00-04:00,287.14664674823496,296.0048907810087,286.3205536422657,292.8597106933594,18287000,0.0,0.0
2023-08-24 00:00:00-04:00,297.0997900858898,298.0552783933872,285.29543779653994,285.4049072265625,18360900,0.0,0.0
2023-08-25 00:00:00-04:00,284.787785650487,287.0371938415798,274.73515808891875,284.1607360839844,23701400,0.0,0.0
2023-08-28 00:00:00-04:00,286.6490291486704,290.08285779345016,284.4593369151262,288.8984375,14239300,0.0,0.0
2023-08-29 00:00:00-04:00,287.2262708109696,297.7466947053678,286.82815326789597,296.5921325683594,20844500,0.0,0.0
2023-08-30 00:00:00-04:00,295.77602593765755,296.89076729736024,292.0535491568498,293.7157287597656,17717000,0.0,0.0
2023-08-31 00:00:00-04:00,294.41240961471203,299.68756588991215,294.2730821401518,294.50201416015625,17229900,0.0,0.0
2023-09-01 00:00:00-04:00,297.96568006190887,300.32455776626847,293.0886715524434,294.9897155761719,12819800,0.0,0.0
2023-09-05 00:00:00-04:00,295.62671241672155,299.97623891112556,294.1238162567697,298.7420349121094,14956000,0.0,0.0
2023-09-06 00:00:00-04:00,300.294726060996,301.8772640221094,294.2731176343078,297.76666259765625,15418100,0.0,0.0
2023-09-07 00:00:00-04:00,296.60211147258366,305.60964666787106,290.84922609591115,297.26898193359375,33748700,0.0,0.0
2023-09-08 00:00:00-04:00,297.8163623609764,303.81807445964967,295.38780595336004,296.49261474609375,17548000,0.0,0.0
2023-09-11 00:00:00-04:00,299.9961338689429,307.5903475262006,299.8667388198271,306.1172790527344,19489300,0.0,0.0
2023-09-12 00:00:00-04:00,304.89301037322764,307.2120974880503,298.8216494189486,300.24493408203125,13480400,0.0,0.0
2023-09-13 00:00:00-04:00,300.9416510282082,305.73904827782064,299.9065514127019,303.6289978027344,13210900,0.0,0.0
2023-09-14 00:00:00-04:00,305.3011012504276,311.4023508460972,303.59913120744346,310.25775146484375,19343100,0.0,0.0
2023-09-15 00:00:00-04:00,310.14825639942245,310.5364415310595,297.3485958570642,298.9012756347656,28106400,0.0,0.0
2023-09-18 00:00:00-04:00,296.79120447862084,302.1758300192665,296.4030193740689,301.1307373046875,14234200,0.0,0.0
2023-09-19 00:00:00-04:00,301.06112993463853,304.73382321724205,298.4036410748847,303.63897705078125,15924400,0.0,0.0
2023-09-20 00:00:00-04:00,303.61901950604306,306.6149095251009,298.02538739527154,298.2642822265625,19379500,0.0,0.0
2023-09-21 00:00:00-04:00,294.31291537923755,298.8515224816691,291.8942911622861,294.3427734375,21300500,0.0,0.0
2023-09-22 00:00:00-04:00,297.89600168783267,303.94749802972694,296.87083452909513,297.6770324707031,25369600,0.0,0.0
2023-09-25 00:00:00-04:00,294.2531969567264,299.5382858487245,292.3222948724247,299.4188232421875,18987000,0.0,0.0
2023-09-26 00:00:00-04:00,296.26369704779074,298.89129715910343,294.62144318141753,297.5575866699219,19417200,0.0,0.0
2023-09-27 00:00:00-04:00,299.0406014986061,299.8865898499154,285.444676900089,296.3432922363281,36429800,0.0,0.0
2023-09-28 00:00:00-04:00,297.5376783490477,304.8929961498602,295.3081958829428,302.53411865234375,22167100,0.0,0.0
2023-09-29 00:00:00-04:00,305.9381066890614,309.18282397593697,297.95570851083454,298.8017272949219,25356600,0.0,0.0
2023-10-02 00:00:00-04:00,301.31985927401985,305.7390339915228,300.2150807818553,305.3807373046875,16265600,0.0,0.0
2023-10-03 00:00:00-04:00,302.83275378488975,305.33095894900083,298.23443064380933,299.5283203125,17362300,0.0,0.0
2023-10-04 00:00:00-04:00,297.32870228509904,305.46036072928314,297.09977025429816,304.14654541015625,16880500,0.0,0.0
2023-10-05 00:00:00-04:00,303.2010374151612,304.77361253952307,298.0950965115002,303.36029052734375,19130000,0.0,0.0
2023-10-06 00:00:00-04:00,300.02595389091397,314.8261941816982,299.4984413244606,313.9503173828125,21784000,0.0,0.0
2023-10-09 00:00:00-04:00,311.03405069200403,318.82730650139854,310.3572478875588,316.8665466308594,22503700,0.0,0.0
2023-10-10 00:00:00-04:00,317.62301939760385,323.1370400432874,316.6675312137756,320.33026123046875,19038000,0.0,0.0
2023-10-11 00:00:00-04:00,321.4948224363608,327.297461491469,321.43510631653925,326.2822570800781,22036300,0.0,0.0
2023-10-12 00:00:00-04:00,326.4613876290649,328.9894812698115,321.176298692219,322.639404296875,20530500,0.0,0.0
2023-10-13 00:00:00-04:00,322.012365849934,323.52522481264265,310.904712168084,313.2138366699219,21341000,0.0,0.0
2023-10-16 00:00:00-04:00,317.14528860458284,320.31036407708376,314.03989887039273,319.64349365234375,16536100,0.0,0.0
2023-10-17 00:00:00-04:00,316.6874570497829,322.8782811580674,315.811580140661,322.48016357421875,16387800,0.0,0.0
2023-10-18 00:00:00-04:00,319.88240332612423,324.4110475402622,314.07973431610037,315.4831237792969,16851000,0.0,0.0
2023-10-19 00:00:00-04:00,318.3794631082584,320.38004401439065,310.28759568876893,311.3426208496094,18709200,0.0,0.0
2023-10-20 00:00:00-04:00,312.6663850048905,313.8209167197032,305.03235158169696,307.2021179199219,22287400,0.0,0.0
2023-10-23 00:00:00-04:00,308.0481941750215,315.8713098253961,305.8187113101785,312.53704833984375,17796800,0.0,0.0
2023-10-24 00:00:00-04:00,315.29400000826496,316.8566425084314,309.17285541857785,311.0838317871094,19525500,0.0,0.0
2023-10-25 00:00:00-04:00,308.5457950632496,309.42167185753004,297.43814279604214,298.1249084472656,42192500,0.0,0.0
2023-10-26 00:00:00-04:00,293.61614348627256,293.61614348627256,278.0893176202503,286.9973449707031,66684100,0.0,0.0
2023-10-27 00:00:00-04:00,293.09862830435657,297.9059577876648,291.59570187635046,295.33807373046875,29596300,0.0,0.0
2023-10-30 00:00:00-04:00,297.68700400906636,307.94863870811275,297.6471831390327,301.2402648925781,28435100,0.0,0.0
2023-10-31 00:00:00-04:00,301.8871894817279,302.2554489751464,295.4674338753294,299.85675048828125,19434200,0.0,0.0
2023-11-01 00:00:00-04:00,300.4340550895294,311.27295529207805,300.4340550895294,310.38714599609375,20434600,0.0,0.0
2023-11-02 00:00:00-04:00,315.8115735548844,317.3244628661548,306.8836494789848,309.4117431640625,21631800,0.0,0.0
2023-11-03 00:00:00-04:00,311.08383525826935,314.06976244503664,309.5610136079949,313.1242370605469,16754100,0.0,0.0
2023-11-06 00:00:00-05:00,314.49781277423625,316.83676510081926,312.9749909092261,314.3186340332031,12887700,0.0,0.0
2023-11-07 00:00:00-05:00,315.57270910877634,319.4942294957813,313.6418069740816,317.324462890625,14055600,0.0,0.0
2023-11-08 00:00:00-05:00,316.64764664068247,319.8226546749476,313.4029293062361,318.2799377441406,13609700,0.0,0.0
2023-11-09 00:00:00-05:00,317.92165189456364,322.65930264250363,317.3045347267746,319.04632568359375,16103100,0.0,0.0
2023-11-10 00:00:00-05:00,318.43918694402515,327.55622168900237,317.9614276546455,327.2277526855469,19096200,0.0,0.0
2023-11-13 00:00:00-05:00,324.6698181866847,330.77103703454463,324.17216367099354,327.6457824707031,16908900,0.0,0.0
2023-11-14 00:00:00-05:00,332.97073559288077,336.51403377999327,331.7663896371569,334.732421875,17179400,0.0,0.0
2023-11-15 00:00:00-05:00,336.34477586710636,336.8125723298676,328.4718777328685,331.1492614746094,14531200,0.0,0.0
2023-11-16 00:00:00-05:00,327.8249178220162,333.0104691652911,324.8489536558696,332.622314453125,18932600,0.0,0.0
2023-11-17 00:00:00-05:00,328.71077721812145,333.9261869305451,327.80504233591273,333.4683532714844,14494400,0.0,0.0
2023-11-20 00:00:00-05:00,333.31908715486327,340.2663254015602,332.6223586182126,338.375244140625,16960500,0.0,0.0
2023-11-21 00:00:00-05:00,336.74293505993177,338.30557773248745,334.32434108868193,335.3992919921875,12027900,0.0,0.0
2023-11-22 00:00:00-05:00,337.618758212851,341.31137648148615,336.9917086814065,339.8880615234375,10702700,0.0,0.0
2023-11-24 00:00:00-05:00,338.5344832825469,340.25634855661747,335.1902289687512,336.6434020996094,5467500,0.0,0.0
2023-11-27 00:00:00-05:00,334.60298176958304,338.30553256901203,332.632289333617,333.12994384765625,15684500,0.0,0.0
2023-11-28 00:00:00-05:00,331.8360367532549,337.78799590674,331.8360367532549,337.3998107910156,12637200,0.0,0.0
2023-11-29 00:00:00-05:00,338.09657971374276,338.3055861378964,329.2283712243989,330.6417236328125,16024500,0.0,0.0
2023-11-30 00:00:00-05:00,330.3331420956273,331.9355751199318,320.8876383588967,325.6153564453125,23146400,0.0,0.0
2023-12-01 00:00:00-05:00,323.9532027885285,325.3267037725951,319.2553428247817,323.2962951660156,15264700,0.0,0.0
2023-12-04 00:00:00-05:00,315.8016547538193,319.35488540277703,312.1886776102471,318.5188293457031,19037100,0.0,0.0
2023-12-05 00:00:00-05:00,317.48370173130104,320.37009199258137,313.9105457738759,316.79693603515625,16952100,0.0,0.0
2023-12-06 00:00:00-05:00,320.4198416594284,320.7383478517337,315.5527961011568,315.96087646484375,11294300,0.0,0.0
2023-12-07 00:00:00-05:00,316.27937986205325,326.70026795006095,316.27937986205325,325.0580139160156,15905100,0.0,0.0
2023-12-08 00:00:00-05:00,321.5743978308453,331.6071300804727,321.48482366113353,331.1890869140625,14077500,0.0,0.0
2023-12-11 00:00:00-05:00,327.85481911844187,328.3425412434348,318.4989194349257,323.754150390625,25802500,0.0,0.0
2023-12-12 00:00:00-05:00,323.0773229824279,332.90101842405295,323.0375021156789,332.6521911621094,18485500,0.0,0.0
2023-12-13 00:00:00-05:00,332.36354087602086,336.7827154494074,331.07961408230966,333.16973876953125,16353300,0.0,0.0
2023-12-14 00:00:00-05:00,332.2839501169866,333.1299689294354,327.0983981951085,331.6071472167969,19607300,0.0,0.0
2023-12-15 00:00:00-05:00,330.43262898267267,337.07135345361246,329.666251978668,333.3489074707031,30001600,0.0,0.0
2023-12-18 00:00:00-05:00,335.89692677315173,345.92962915941496,335.43906271651696,343.00341796875,18993900,0.0,0.0
2023-12-19 00:00:00-05:00,343.958945380948,351.9413447301259,343.50111164658665,348.7165222167969,17729400,0.0,0.0
2023-12-20 00:00:00-05:00,347.01449097178335,353.2948885887663,346.1585397764873,347.64154052734375,16369900,0.0,0.0
2023-12-21 00:00:00-05:00,351.324207105706,354.7381099321862,347.5718724653155,352.4289855957031,15289600,0.0,0.0
2023-12-22 00:00:00-05:00,353.9119988039421,355.5244250713496,349.57246567835153,351.7322998046875,11764200,0.0,0.0
2023-12-26 00:00:00-05:00,353.3247804504326,355.30546628557806,351.79202625065795,353.16552734375,9898600,0.0,0.0
2023-12-27 00:00:00-05:00,354.399704928478,357.31595318971944,353.6432603216875,356.15142822265625,13207900,0.0,0.0
2023-12-28 00:00:00-05:00,358.01266092423595,360.2023225086019,356.1315123267668,356.6391296386719,11798800,0.0,0.0
2023-12-29 00:00:00-05:00,357.3059944879482,358.3112663717508,350.1696454423874,352.2995910644531,14980500,0.0,0.0
2024-01-02 00:00:00-05:00,349.67202277628337,351.5033879930597,338.4150785617212,344.6656188964844,19042200,0.0,0.0
2024-01-03 00:00:00-05:00,343.3617433360226,346.31781257010687,341.57016873615214,342.8541259765625,15451100,0.0,0.0
2024-01-04 00:00:00-05:00,342.8839941665638,346.5168664043291,341.7891480522502,345.49169921875,12099900,0.0,0.0
2024-01-05 00:00:00-05:00,345.3623169447684,351.84178931937697,344.6357606949998,350.299072265625,13920700,0.0,0.0
2024-01-08 00:00:00-05:00,353.0361540033264,357.2960757856238,350.39856055827886,356.9775695800781,13890200,0.0,0.0
2024-01-09 00:00:00-05:00,354.7281592519616,358.94829051539614,353.6930292770335,355.7533264160156,13463900,0.0,0.0
2024-01-10 00:00:00-05:00,358.4804464199431,371.19053107921854,357.3955329091282,368.73211669921875,22117200,0.0,0.0
2024-01-11 00:00:00-05:00,370.3843648654452,371.031309678701,361.2275093758464,367.9359130859375,17205400,0.0,0.0
2024-01-12 00:00:00-05:00,368.42363171070525,375.29125864223346,367.8065449091673,372.7333068847656,19295700,0.0,0.0
2024-01-16 00:00:00-05:00,371.89723274281795,373.84803004042226,365.5073654404121,365.73626708984375,15306900,0.0,0.0
2024-01-17 00:00:00-05:00,364.5816708743495,366.81118366647627,356.92774231156636,366.6419677734375,12724800,0.0,0.0
2024-01-18 00:00:00-05:00,369.7473821214035,375.0822548981735,369.2099370562284,374.3656311035156,16354300,0.0,0.0
2024-01-19 00:00:00-05:00,377.2221381166091,382.5569801603824,376.19697098789175,381.6512756347656,21470100,0.0,0.0
2024-01-22 00:00:00-05:00,386.13014469715955,388.51888025937745,379.37198797735385,379.98907470703125,17680500,0.0,0.0
2024-01-23 00:00:00-05:00,382.81577013523196,386.5581419630543,380.2876765893463,383.39306640625,15506100,0.0,0.0
2024-01-24 00:00:00-05:00,388.17055053021846,394.2916954444642,385.99082116267186,388.8672790527344,15698500,0.0,0.0
2024-01-25 00:00:00-05:00,388.33977252906254,393.63479396036314,383.8509186801979,391.33563232421875,15091100,0.0,0.0
2024-01-26 00:00:00-05:00,392.5001440985125,394.92870069805593,389.7530813016205,392.2911376953125,13163700,0.0,0.0
2024-01-29 00:00:00-05:00,393.13711210386117,401.0398683941151,391.25599379327485,399.1388244628906,18742400,0.0,0.0
2024-01-30 00:00:00-05:00,401.6967894599853,404.4537846871412,397.69565787815975,398.183349609375,18614700,0.0,0.0
2024-01-31 00:00:00-05:00,387.17523905461377,396.1330209350547,385.2841578436275,388.3099060058594,20180800,0.0,0.0
2024-02-01 00:00:00-05:00,392.0920750920618,398.6213004548262,391.20623540021666,392.9281311035156,29727100,0.0,0.0
2024-02-02 00:00:00-05:00,457.44407970616504,483.68041364889706,450.88499622048204,472.7618713378906,84615500,0.0,0.0
2024-02-05 00:00:00-05:00,467.6758310336014,469.68634442176597,457.065832694256,457.25494384765625,40832400,0.0,0.0
2024-02-06 00:00:00-05:00,461.823411597042,464.9287710564939,450.8750117531467,452.5869445800781,21655200,0.0,0.0
2024-02-07 00:00:00-05:00,455.85154818594935,469.3081157041575,454.04007841203037,467.3871765136719,23066000,0.0,0.0
2024-02-08 00:00:00-05:00,466.1231456396784,468.38248626803585,462.84857033186177,467.7952575683594,18815100,0.0,0.0
2024-02-09 00:00:00-05:00,470.73141542708163,471.36839740825224,465.2771110364075,465.9140930175781,18413100,0.0,0.0
2024-02-12 00:00:00-05:00,465.99374801266606,476.9023267300807,464.39128464243504,466.7004089355469,19382000,0.0,0.0
2024-02-13 00:00:00-05:00,454.72685437772867,465.69517987553485,452.95520543085865,457.96160888671875,20916600,0.0,0.0
2024-02-14 00:00:00-05:00,465.7349658882902,471.8859686517295,463.9036008442123,471.05987548828125,16858400,0.0,0.0
2024-02-15 00:00:00-05:00,473.05050586053267,486.32792555423873,470.00486245718605,481.75946044921875,24212300,0.0,0.0
2024-02-16 00:00:00-05:00,475.86720955025993,476.71322834295097,467.00896481517003,471.0997009277344,23306500,0.0,0.0
2024-02-20 00:00:00-05:00,467.5166025523552,473.9462909832218,464.3714220781939,469.5370788574219,18015500,0.0,0.0
2024-02-21 00:00:00-05:00,464.8043284518988,467.2952412517482,460.11145725084464,466.3287658691406,12977100,0.5,0.0
2024-02-22 00:00:00-05:00,478.4943709776754,488.20893080588854,474.32957211302204,484.36297607421875,21625800,0.0,0.0
2024-02-23 00:00:00-05:00,486.27600690207765,492.5630686643995,480.5967437022228,482.2706298828125,18374300,0.0,0.0
2024-02-26 00:00:00-05:00,481.71264471932983,484.3729529627836,478.8530816963061,479.9889221191406,12101400,0.0,0.0
2024-02-27 00:00:00-05:00,478.2353540897984,485.4988341169133,478.1755746135247,485.2796325683594,10809600,0.0,0.0
2024-02-28 00:00:00-05:00,483.2370994315579,489.2650964473735,480.9952778362569,482.2606506347656,12715500,0.0,0.0
2024-02-29 00:00:00-05:00,486.66459019212726,489.91275027049954,480.8557644127886,488.34844970703125,17732000,0.0,0.0
2024-03-01 00:00:00-05:00,490.3212491333128,502.4171368903274,490.06221486567847,500.4742126464844,16273600,0.0,0.0
2024-03-04 00:00:00-05:00,501.171633458277,502.5864852457727,494.6155646341102,496.3791198730469,12324100,0.0,0.0
2024-03-05 00:00:00-05:00,493.20073440898324,493.7786127996676,486.11659300084636,488.4381103515625,15325300,0.0,0.0
2024-03-06 00:00:00-05:00,495.82118449566786,501.14177064094855,492.49332861034173,494.2867736816406,11757900,0.0,0.0
2024-03-07 00:00:00-05:00,501.45063030973444,517.9603770393106,499.55754268597104,510.3282470703125,18586400,0.0,0.0
2024-03-08 00:00:00-05:00,512.32100105428,521.666911065442,497.5349458152221,504.1109619140625,18575200,0.0,0.0
2024-03-11 00:00:00-04:00,495.2034165473883,495.5122872886625,474.269776553824,481.8321838378906,20428300,0.0,0.0
2024-03-12 00:00:00-04:00,491.4671018638421,500.48419464342277,482.96810803510033,497.9335021972656,15448200,0.0,0.0
2024-03-13 00:00:00-04:00,493.5893078247933,499.15898493086223,489.2451402975542,493.7686462402344,12090700,0.0,0.0
2024-03-14 00:00:00-04:00,498.4416483149513,499.52768269849116,486.38562370950075,490.0422668457031,12620000,0.0,0.0
2024-03-15 00:00:00-04:00,487.2325189558485,490.04224549611934,479.5505219579901,482.3403625488281,29141700,0.0,0.0
2024-03-18 00:00:00-04:00,490.12197495792776,495.61195655671753,485.04050671141175,495.1735534667969,11755300,0.0,0.0
2024-03-19 00:00:00-04:00,486.39560485995696,494.8248457959366,479.53063415254,494.4362487792969,10903100,0.0,0.0
2024-03-20 00:00:00-04:00,497.6843577607781,506.3527461246765,493.3701103406964,503.6824645996094,11711100,0.0,0.0
2024-03-21 00:00:00-04:00,512.8391174856022,513.1678741926243,504.1707286998775,505.91436767578125,9712500,0.0,0.0
2024-03-22 00:00:00-04:00,505.1571135489534,508.1163191581985,502.5067786929755,507.72772216796875,8117000,0.0,0.0
2024-03-25 00:00:00-04:00,503.95150960962997,505.3763043970238,498.42166509172904,501.1915588378906,8380600,0.0,0.0
2024-03-26 00:00:00-04:00,503.2939285876756,508.1462219597566,493.40997300906133,494.0875244140625,11205400,0.0,0.0
2024-03-27 00:00:00-04:00,497.48510924151634,498.07299144024375,486.29594802208385,492.06488037109375,9989700,0.0,0.0
2024-03-28 00:00:00-04:00,491.04859257964944,491.0984290807041,483.38654221067395,483.8149719238281,15212800,0.0,0.0
2024-04-01 00:00:00-04:00,485.42911655948365,495.6219126533718,480.02880403065797,489.56402587890625,9247000,0.0,0.0
2024-04-02 00:00:00-04:00,483.3367442463119,495.72155586314705,482.8883677625335,495.5621337890625,11081000,0.0,0.0
2024-04-03 00:00:00-04:00,497.1164618244484,505.3962538689054,496.9371233933013,504.8980712890625,12099200,0.0,0.0
2024-04-04 00:00:00-04:00,514.5428746566774,528.0735304456318,508.7241058190558,509.0628967285156,26476300,0.0,0.0
2024-04-05 00:00:00-04:00,514.9812099690105,528.7709286124164,512.5401035058015,525.4231567382812,19242000,0.0,0.0
2024-04-08 00:00:00-04:00,527.3562438329022,529.5581721780273,517.0039939933462,517.3626708984375,13260600,0.0,0.0
2024-04-09 00:00:00-04:00,520.3317617542822,523.9585455577184,504.8980750460345,515.0211791992188,10881400,0.0,0.0
2024-04-10 00:00:00-04:00,507.4387939785179,520.6605480051569,503.9614590777392,517.9404907226562,11418500,0.0,0.0
2024-04-11 00:00:00-04:00,519.2158254344968,521.9558295796515,515.4097032879945,521.2583618164062,10369500,0.0,0.0
2024-04-12 00:00:00-04:00,515.8680487630246,518.2991821255071,507.4786409454992,510.039306640625,11944900,0.0,0.0
2024-04-15 00:00:00-04:00,514.8417956512984,516.6452750395099,495.47248418641453,498.4117736816406,13512900,0.0,0.0
2024-04-16 00:00:00-04:00,496.2994241252725,502.9352195908948,495.30305898761117,497.9434509277344,9847900,0.0,0.0
2024-04-17 00:00:00-04:00,501.2713127841246,501.3310922605612,485.36933351230493,492.373779296875,12193700,0.0,0.0
2024-04-18 00:00:00-04:00,498.00322967417003,510.34820830690745,497.22606608419835,499.97601318359375,14808700,0.0,0.0
2024-04-19 00:00:00-04:00,500.972375440201,500.972375440201,474.00079446729563,479.3213806152344,25111000,0.0,0.0
2024-04-22 00:00:00-04:00,487.9399208543046,490.2216054605686,471.6792350291974,479.9789733886719,17271100,0.0,0.0
2024-04-23 00:00:00-04:00,489.46437591061385,496.947087855681,487.19266460356954,494.2967529296875,15079200,0.0,0.0
2024-04-24 00:00:00-04:00,506.2132815965154,508.14623244265294,482.8186166545257,491.7062072753906,37772700,0.0,0.0
2024-04-25 00:00:00-04:00,419.8682490278648,444.1496617636814,412.99333588695123,439.775634765625,82890700,0.0,0.0
2024-04-26 00:00:00-04:00,439.85534570558576,444.81725504370945,430.3898768860217,441.6787109375,32691400,0.0,0.0
2024-04-29 00:00:00-04:00,437.96226190943185,438.16154710164096,427.0022452842576,431.0474853515625,21502600,0.0,0.0
2024-04-30 00:00:00-04:00,429.48319059523675,438.0220473247672,428.1580383096976,428.6064147949219,18429500,0.0,0.0
2024-05-01 00:00:00-04:00,427.0420944900981,448.3244387572749,425.55748979180964,437.5935974121094,20344900,0.0,0.0
2024-05-02 00:00:00-04:00,437.24488105143956,442.3462657809091,430.7087280659752,440.0745544433594,15221300,0.0,0.0
2024-05-03 00:00:00-04:00,444.30908875789413,452.5191579879948,442.2366626961111,450.3171691894531,16489100,0.0,0.0
2024-05-06 00:00:00-04:00,453.92401083119677,464.465570894487,451.69216267855865,463.9873046875,15094600,0.0,0.0
2024-05-07 00:00:00-04:00,464.59513103388576,469.8160748777237,459.63322146185084,466.53802490234375,13406800,0.0,0.0
2024-05-08 00:00:00-04:00,461.8152128381496,473.85128958022693,461.31703030002865,470.88214111328125,11683900,0.0,0.0
2024-05-09 00:00:00-04:00,468.29161264745665,474.34949927894843,465.93023214661764,473.6919250488281,9437700,0.0,0.0
2024-05-10 00:00:00-04:00,475.35583484503064,475.76434819594465,467.89306977309053,474.4690856933594,10750000,0.0,0.0
2024-05-13 00:00:00-04:00,471.0316295379581,471.62945471547624,461.16762053219,466.3088684082031,14668800,0.0,0.0
2024-05-14 00:00:00-04:00,461.68573050507666,470.82241262247226,458.4076805354275,470.1349182128906,10478600,0.0,0.0
2024-05-15 00:00:00-04:00,473.2535200362329,480.74617486177766,469.48726106394446,479.7896728515625,13100500,0.0,0.0
2024-05-16 00:00:00-04:00,473.27344305250324,475.9536677204274,471.0316214801493,471.5098876953125,16608200,0.0,0.0
2024-05-17 00:00:00-04:00,469.11858026391644,471.08142078412743,466.7173670611054,470.1946716308594,10807300,0.0,0.0
2024-05-20 00:00:00-04:00,468.2418148692893,471.4800016099991,465.3423886311172,467.1358337402344,11745100,0.0,0.0
2024-05-21 00:00:00-04:00,465.42207101594107,468.9890751811332,460.58969409195197,462.9411315917969,11742200,0.0,0.0
2024-05-22 00:00:00-04:00,466.16935060979057,471.9980927279,463.9574187949519,466.0796813964844,10078600,0.0,0.0
2024-05-23 00:00:00-04:00,471.16117399926424,472.63577501421946,459.86239643933766,464.08697509765625,11747900,0.0,0.0
2024-05-24 00:00:00-04:00,465.9202736564943,478.10583057251955,464.6050643409165,476.48175048828125,12012300,0.0,0.0
2024-05-28 00:00:00-04:00,474.8477116327239,479.1121534544574,473.11404592217065,478.17559814453125,10175800,0.0,0.0
2024-05-29 00:00:00-04:00,472.9346699665159,478.10580735499315,471.9781679682956,472.6357421875,9226200,0.0,0.0
2024-05-30 00:00:00-04:00,469.95555791760296,470.0153373933379,463.0208346658362,465.3523254394531,10735200,0.0,0.0
2024-05-31 00:00:00-04:00,464.10689326409187,467.41483299195215,452.80811566012204,465.1331481933594,16919800,0.0,0.0
2024-06-03 00:00:00-04:00,469.1484585058271,477.85671019560755,466.5379867971225,475.7543640136719,11279400,0.0,0.0
2024-06-04 00:00:00-04:00,475.26616844981777,477.1493131464151,471.5098828447324,475.2561950683594,7088700,0.0,0.0
2024-06-05 00:00:00-04:00,482.689108921618,494.84474550363467,482.15106322693237,493.2605285644531,15690500,0.0,0.0
2024-06-06 00:00:00-04:00,491.1881073877741,500.99233691067286,489.1057078527464,491.96527099609375,10667300,0.0,0.0
2024-06-07 00:00:00-04:00,494.10744118684374,497.09653661265514,488.3883150022529,491.16815185546875,9380700,0.0,0.0
2024-06-10 00:00:00-04:00,492.06488020447483,500.8329118009078,491.61653412930673,500.77313232421875,11236900,0.0,0.0
2024-06-11 00:00:00-04:00,498.34200038373547,505.75495958151856,496.4588556425314,505.62542724609375,9673700,0.0,0.0
2024-06-12 00:00:00-04:00,512.1217225274808,512.1416692910807,502.63633708271516,506.9904479980469,11983200,0.0,0.0
2024-06-13 00:00:00-04:00,503.8718029468352,507.50852960132505,499.537608536514,502.2676696777344,9954600,0.0,0.0
2024-06-14 00:00:00-04:00,501.32018749550235,505.80828233509834,499.42522020615223,502.8262023925781,10243300,0.5,0.0
2024-06-17 00:00:00-04:00,500.3428034685249,509.3987681772435,494.6977738192695,505.2896728515625,11266600,0.0,0.0
2024-06-18 00:00:00-04:00,503.2251427888674,504.6613355859566,493.71037311736205,498.1685485839844,13060400,0.0,0.0
2024-06-20 00:00:00-04:00,500.6719358606535,502.33753119088664,495.4557611094635,500.37274169921875,11801200,0.0,0.0
2024-06-21 00:00:00-04:00,502.1180843319888,502.1180843319888,491.08734711442,493.47100830078125,23130700,0.0,0.0
2024-06-24 00:00:00-04:00,497.879329189251,506.4565526889867,492.98231542757276,497.590087890625,13525300,0.0,0.0
2024-06-25 00:00:00-04:00,495.73500529039063,509.3588704025715,494.18911810475925,509.2491760253906,12109800,0.0,0.0
2024-06-26 00:00:00-04:00,505.30965780948895,512.4507197733709,503.3448682018508,511.7625427246094,8882300,0.0,0.0
2024-06-27 00:00:00-04:00,512.8895360407101,521.4967099840738,512.5404863257912,518.1854858398438,10121200,0.0,0.0
2024-06-28 00:00:00-04:00,515.7818318583744,520.4992985037455,502.5070173188362,502.8860168457031,15855100,0.0,0.0
2024-07-01 00:00:00-04:00,503.6141232864657,505.2397854135722,491.8652895125617,503.3448181152344,10328200,0.0,0.0
2024-07-02 00:00:00-04:00,499.4352013362723,509.149423496295,498.12866950132707,508.1520690917969,7739500,0.0,0.0
2024-07-03 00:00:00-04:00,505.0303715131761,509.92738554938944,504.68129136586316,508.6108703613281,6005600,0.0,0.0
2024-07-05 00:00:00-04:00,510.2464982359772,539.4390494858881,510.2464982359772,538.4815673828125,21354100,0.0,0.0
2024-07-08 00:00:00-04:00,540.9151748824779,541.3739798552638,525.2567583321568,527.919677734375,14917500,0.0,0.0
2024-07-09 00:00:00-04:00,532.3379184075122,536.0580308916997,526.7926303012964,528.5978393554688,8753200,0.0,0.0
2024-07-10 00:00:00-04:00,529.3857449676831,537.4543692277107,526.9621809665026,533.2754516601562,10983300,0.0,0.0
2024-07-11 00:00:00-04:00,529.4854758280743,534.0433926014839,507.0250359475886,511.3435974121094,16458300,0.0,0.0
2024-07-12 00:00:00-04:00,496.4431221547364,506.7457794296081,492.92246243757324,497.5501708984375,19750500,0.0,0.0
2024-07-15 00:00:00-04:00,497.31084827103746,505.3395393218972,492.0647541875663,494.8473815917969,12539200,0.0,0.0
2024-07-16 00:00:00-04:00,500.17324396821596,502.6167744833756,484.5048144790846,488.4942321777344,14075800,0.0,0.0
2024-07-17 00:00:00-04:00,477.9023017376505,477.9023017376505,457.905328571596,460.7677307128906,28076600,0.0,0.0
2024-07-18 00:00:00-04:00,473.74333764754465,477.97211054275687,463.31101919766354,474.5910949707031,19267200,0.0,0.0
2024-07-19 00:00:00-04:00,474.8005457997421,485.4223643535943,474.4514656631318,475.52862548828125,15149400,0.0,0.0
2024-07-22 00:00:00-04:00,485.29266627846886,490.75817907426796,482.61976392504766,486.1105041503906,12023100,0.0,0.0
2024-07-23 00:00:00-04:00,488.54407671929795,493.9098482730073,486.42969025653684,487.3971252441406,9455500,0.0,0.0
2024-07-24 00:00:00-04:00,471.06042192526183,475.03985596857615,459.3614446582769,460.04962158203125,17649700,0.0,0.0
2024-07-25 00:00:00-04:00,462.0344270456071,462.32363791832495,441.478936235345,452.2104797363281,18240500,0.0,0.0
2024-07-26 00:00:00-04:00,462.97192494204035,468.5271658214887,458.2045721245555,464.46795654296875,14222400,0.0,0.0
2024-07-29 00:00:00-04:00,468.63688647936897,472.70607900562055,463.78972830816224,464.4779052734375,11339600,0.0,0.0
2024-07-30 00:00:00-04:00,465.7644867737836,471.47933822186764,455.4917490260998,461.9645690917969,11390400,0.0,0.0
2024-07-31 00:00:00-04:00,469.7738735533383,475.2393867973792,465.515181086415,473.57379150390625,24285800,0.0,0.0
2024-08-01 00:00:00-04:00,519.621629234288,525.7752886817411,490.79809389196134,496.42315673828125,43083100,0.0,0.0
2024-08-02 00:00:00-04:00,487.70628191704446,499.82413130062156,474.8902723069076,486.84857177734375,24044700,0.0,0.0
2024-08-05 00:00:00-04:00,450.1559295912915,482.20093240553325,449.60736639083,474.471435546875,21396200,0.0,0.0
2024-08-06 00:00:00-04:00,477.7327329300847,501.2303989457279,477.3836528207429,492.7828063964844,20955000,0.0,0.0
2024-08-07 00:00:00-04:00,501.79892335846426,508.80034027827065,485.57194781622036,487.62652587890625,20105300,0.0,0.0
2024-08-08 00:00:00-04:00,496.1837944972908,508.610821310526,493.4111505917444,508.2817077636719,16156800,0.0,0.0
2024-08-09 00:00:00-04:00,506.36679424679943,516.9687068327605,504.3621325984849,516.4002075195312,13696600,0.0,0.0
2024-08-12 00:00:00-04:00,515.4925265619871,516.6494916340242,507.7530779259636,514.5849609375,9767400,0.0,0.0
2024-08-13 00:00:00-04:00,518.634261382388,530.0938534798205,516.7791968434872,527.1416625976562,13743800,0.0,0.0
2024-08-14 00:00:00-04:00,526.663003726039,532.5872917660244,521.7460534495959,525.366455078125,11444200,0.0,0.0
2024-08-15 00:00:00-04:00,530.3830046228715,538.3419330809768,525.3065054845853,535.9083862304688,13482100,0.0,0.0
2024-08-16 00:00:00-04:00,530.4927859051207,532.2480783702886,523.2718895114789,526.0245971679688,14776700,0.0,0.0
2024-08-19 00:00:00-04:00,525.4760418158631,530.2533468769223,521.3769303567262,527.8796997070312,9879700,0.0,0.0
2024-08-20 00:00:00-04:00,526.9521349229415,529.6849369159322,524.4886989518025,525.33642578125,7944400,0.0,0.0
2024-08-21 00:00:00-04:00,525.7553832138777,537.9729743095602,525.5359335970294,533.744140625,13423300,0.0,0.0
2024-08-22 00:00:00-04:00,535.5793606781577,542.7902141551943,527.1916362087563,530.5227661132812,15708300,0.0,0.0
2024-08-23 00:00:00-04:00,535.4994719940111,538.4416794541969,523.6708642018493,526.6030883789062,11323900,0.0,0.0
2024-08-26 00:00:00-04:00,526.2041702012604,526.6031363206736,513.5876732511208,519.7413330078125,9584000,0.0,0.0
2024-08-27 00:00:00-04:00,517.606945881941,522.6236675283147,513.9466724281382,517.7266235351562,6282700,0.0,0.0
2024-08-28 00:00:00-04:00,516.3003798185057,519.7113753296502,511.09421962835097,515.4127807617188,9106100,0.0,0.0
2024-08-29 00:00:00-04:00,517.6767591369255,525.8052213752129,514.3156798736528,516.8489379882812,8317400,0.0,0.0
2024-08-30 00:00:00-04:00,519.9707194315399,522.1549281173368,513.837026073228,519.9308471679688,9157500,0.0,0.0
2024-09-03 00:00:00-04:00,518.2652239654169,524.0997225062756,507.27435965653467,510.40606689453125,12459100,0.0,0.0
2024-09-04 00:00:00-04:00,504.7311169813553,515.223304093467,502.73640830596844,511.3834533691406,8335200,0.0,0.0
2024-09-05 00:00:00-04:00,510.36616818924125,520.2499534305978,509.79766890602514,515.4925537109375,8640900,0.0,0.0
2024-09-06 00:00:00-04:00,520.4992846325858,523.1921535087839,496.9317968532251,498.9464416503906,14744500,0.0,0.0
2024-09-09 00:00:00-04:00,504.82089944691495,509.9772045756239,500.751676509204,503.45452880859375,11047800,0.0,0.0
2024-09-10 00:00:00-04:00,506.81560821803276,512.8196706618348,498.70711219354445,503.45452880859375,9899000,0.0,0.0
2024-09-11 00:00:00-04:00,505.66863578869425,511.76245622202606,494.28881906904013,510.4758605957031,10782500,0.0,0.0
2024-09-12 00:00:00-04:00,515.6821043146266,525.3165823557075,513.85692863316,524.20947265625,11993300,0.0,0.0
2024-09-13 00:00:00-04:00,518.9634105254878,526.1842465755389,515.7419144489008,523.2320556640625,10321400,0.0,0.0
2024-09-16 00:00:00-04:00,523.6513423732874,533.1951441126126,516.5234847252611,532.3765869140625,9527600,0.5,0.0
2024-09-17 00:00:00-04:00,536.6892378805607,541.1816145177253,529.6711789519043,535.4114379882812,11690800,0.0,0.0
2024-09-18 00:00:00-04:00,536.1601212459904,543.2780467125403,532.9955088150618,537.0386352539062,10323500,0.0,0.0
2024-09-19 00:00:00-04:00,549.0682122211362,561.1177710265995,545.5941273946979,558.1527709960938,15647000,0.0,0.0
2024-09-20 00:00:00-04:00,559.0512373496247,563.5436133640413,555.3574937736435,560.39892578125,22066800,0.0,0.0
2024-09-23 00:00:00-04:00,568.535200139111,573.0075909949846,561.4571846215243,563.4537963867188,12830700,0.0,0.0
2024-09-24 00:00:00-04:00,565.7199717295323,566.7881663385376,553.251140972108,562.3756713867188,12993000,0.0,0.0
2024-09-25 00:00:00-04:00,563.0943755026146,575.9026560047768,562.764917527023,567.34716796875,16543400,0.0,0.0
2024-09-26 00:00:00-04:00,574.7546390380797,576.4218537698613,561.3973011581114,566.8780517578125,14400800,0.0,0.0
2024-09-27 00:00:00-04:00,569.1341520453253,569.8729495717097,563.5536563544842,566.3988037109375,9398400,0.0,0.0
2024-09-30 00:00:00-04:00,566.7382547675098,573.706410244188,563.8431433708773,571.47021484375,12792300,0.0,0.0
2024-10-01 00:00:00-04:00,577.0007987585797,582.052223949219,569.1341437441329,575.4933471679688,15259300,0.0,0.0
2024-10-02 00:00:00-04:00,573.8861145161185,575.0241978646806,568.3755073868431,571.839599609375,6524700,0.0,0.0
2024-10-03 00:00:00-04:00,569.1840999965109,582.3716811685491,567.7664618304881,581.78271484375,11581000,0.0,0.0
2024-10-04 00:00:00-04:00,582.7410829589448,595.8388514800449,580.4449915774629,594.930419921875,14169500,0.0,0.0
2024-10-07 00:00:00-04:00,597.2064783663409,601.9285063283199,583.0505091511867,583.789306640625,12014200,0.0,0.0
2024-10-08 00:00:00-04:00,588.6909682347708,592.5544069282686,584.9772388569517,591.8855590820312,7857400,0.0,0.0
2024-10-09 00:00:00-04:00,592.9836672926635,593.383013995398,580.6246363035814,589.5095825195312,9529700,0.0,0.0
2024-10-10 00:00:00-04:00,586.5745352205768,589.2300017888213,581.5331032114448,582.8408813476562,7740400,0.0,0.0
2024-10-11 00:00:00-04:00,583.8392403320302,590.2084366715601,581.722836757389,588.9505615234375,8587100,0.0,0.0
2024-10-14 00:00:00-04:00,593.21322748736,599.0832703101336,588.9604960748801,589.419677734375,8252000,0.0,0.0
2024-10-15 00:00:00-04:00,589.1601579101996,589.609407732317,579.1571746540536,585.2767944335938,9564200,0.0,0.0
2024-10-16 00:00:00-04:00,580.4150414195622,581.0938820809059,573.0575322321221,575.8128051757812,11268400,0.0,0.0
2024-10-17 00:00:00-04:00,582.3418190860033,583.97899451397,574.225586946511,575.95263671875,8701200,0.0,0.0
2024-10-18 00:00:00-04:00,580.1155081526317,582.9806410828543,574.2754432717226,575.4933471679688,7694300,0.0,0.0
2024-10-21 00:00:00-04:00,575.05412899297,576.2620400351755,568.1458088687186,574.185546875,8171900,0.0,0.0
2024-10-22 00:00:00-04:00,573.3170943372664,582.5414923732056,571.1507875159534,581.0240478515625,8544500,0.0,0.0
2024-10-23 00:00:00-04:00,578.9873717015129,584.008879002397,561.5469990407663,562.7349853515625,14248400,0.0,0.0
2024-10-24 00:00:00-04:00,566.1691920700792,567.9162272782188,560.568710969321,566.818115234375,7184700,0.0,0.0
2024-10-25 00:00:00-04:00,572.9576492363118,580.3051654129531,570.7513714491723,572.27880859375,11337900,0.0,0.0
2024-10-28 00:00:00-04:00,581.0140022146043,582.7610374446309,573.147347275715,577.1804809570312,10925100,0.0,0.0
2024-10-29 00:00:00-04:00,579.1672018209299,592.6642563781992,574.4252487176307,592.2749633789062,13019100,0.0,0.0
2024-10-30 00:00:00-04:00,599.961803260404,600.18146222204,588.3814802937598,590.79736328125,26864900,0.0,0.0
2024-10-31 00:00:00-04:00,584.0089406317576,588.9006638234266,562.0562040483729,566.6184692382812,26838400,0.0,0.0
2024-11-01 00:00:00-04:00,566.6484075643524,572.6981389909307,561.6069748641634,566.1991577148438,15303200,0.0,0.0
2024-11-04 00:00:00-05:00,563.1442913990002,567.7265419448195,556.9448512232912,559.7301025390625,12064600,0.0,0.0
2024-11-05 00:00:00-05:00,566.3388912408113,572.5084140245058,565.7099536866323,571.460205078125,9775400,0.0,0.0
2024-11-06 00:00:00-05:00,561.7966390012363,572.0292743628759,554.229463302176,571.0808715820312,18305400,0.0,0.0
2024-11-07 00:00:00-05:00,575.9127234281675,593.7923558507847,574.2355767751123,590.6976318359375,14653700,0.0,0.0
2024-11-08 00:00:00-05:00,590.5378379587844,592.0951926933623,583.5297721190619,588.3416137695312,9415700,0.0,0.0
2024-11-11 00:00:00-05:00,585.366604942105,586.00553531121,575.5333166694651,582.1820068359375,10209100,0.0,0.0
2024-11-12 00:00:00-05:00,587.5428920783899,598.6440480490492,579.3967433041139,583.8292236328125,16287700,0.0,0.0
2024-11-13 00:00:00-05:00,581.6229586734983,584.6478546567904,574.1955606863224,579.0173950195312,10757600,0.0,0.0
2024-11-14 00:00:00-05:00,576.0224878119504,579.7761276375875,572.0392571340474,576.1821899414062,11053700,0.0,0.0
2024-11-15 00:00:00-05:00,570.2522115419955,571.5999609350949,550.5656503540905,553.1412963867188,17712900,0.0,0.0
2024-11-18 00:00:00-05:00,556.0962966980143,558.9514978806496,549.1581194372038,553.4608154296875,14346700,0.0,0.0
2024-11-19 00:00:00-05:00,550.9250607524925,560.4788552047905,549.6671856118743,560.1394653320312,9522400,0.0,0.0
2024-11-20 00:00:00-05:00,561.9763116905509,565.390500678348,553.2611210117975,564.5619506835938,9797300,0.0,0.0
2024-11-21 00:00:00-05:00,568.555146432614,569.0343137249589,548.1197947446825,562.1360473632812,11154700,0.0,0.0
2024-11-22 00:00:00-05:00,562.5953125397953,562.8748674563213,553.6505301191291,558.1928100585938,9164000,0.0,0.0
2024-11-25 00:00:00-05:00,561.1477383303449,571.6200187084586,555.4474504719568,564.1526489257812,13599800,0.0,0.0
2024-11-26 00:00:00-05:00,565.0410943888924,576.5216113243557,564.2424619188627,572.5682983398438,10356600,0.0,0.0
2024-11-27 00:00:00-05:00,573.9160806548232,574.0058940620332,563.1443212381122,568.2357177734375,7200200,0.0,0.0
2024-11-29 00:00:00-05:00,568.0360512532919,577.4800469055187,565.9396332575727,573.3470458984375,7130500,0.0,0.0
2024-12-02 00:00:00-05:00,576.5216376072835,593.4928373290564,574.5949145977398,591.82568359375,12522400,0.0,0.0
2024-12-03 00:00:00-05:00,593.9919840199593,613.1594686318281,590.2483370618503,612.6104125976562,14907200,0.0,0.0
2024-12-04 00:00:00-05:00,611.9215552584485,616.7333966061125,604.0748252320993,612.7401733398438,14697000,0.0,0.0
2024-12-05 00:00:00-05:00,616.0345935489895,618.8498233695451,606.0215565844734,607.8983764648438,8081200,0.0,0.0
2024-12-06 00:00:00-05:00,609.0663720551125,628.7230165931262,607.4990854973933,622.7132568359375,16935500,0.0,0.0
2024-12-09 00:00:00-05:00,622.8629585822455,625.3387984829403,605.143030037455,612.530517578125,11426000,0.0,0.0
2024-12-10 00:00:00-05:00,616.5137848674528,624.5302104357933,611.7019431511976,618.2708129882812,10938900,0.0,0.0
2024-12-11 00:00:00-05:00,622.3138688918516,637.3184340049636,620.4770203793527,631.6080932617188,10837200,0.0,0.0
2024-12-12 00:00:00-05:00,630.4301325523135,635.581363832556,626.1474224708807,629.7213134765625,7474700,0.0,0.0
2024-12-13 00:00:00-05:00,626.1573675626565,630.0108744614691,615.8449119771144,619.2990112304688,8453300,0.0,0.0
2024-12-16 00:00:00-05:00,629.420007736044,630.5890116598864,618.0301774865133,623.6851196289062,10885600,0.5,0.0
2024-12-17 00:00:00-05:00,625.613402725808,631.8079039629248,615.9919576111723,618.889404296875,12897800,0.0,0.0
2024-12-18 00:00:00-05:00,620.4480133143085,626.8023454819172,595.7899578806528,596.6591796875,17075500,0.0,0.0
2024-12-19 00:00:00-05:00,609.8474217814187,610.9764221710803,594.4710877502442,595.0405883789062,14958100,0.0,0.0
2024-12-20 00:00:00-05:00,590.0550768385264,602.5739077699969,579.4844638542556,584.7297973632812,48989400,0.0,0.0
2024-12-23 00:00:00-05:00,589.0758836258183,600.5557214561685,585.7288858135305,599.3167724609375,10205800,0.0,0.0
2024-12-24 00:00:00-05:00,602.18421967186,607.4495547417749,598.7473359909974,607.2097778320312,4726100,0.0,0.0
2024-12-26 00:00:00-05:00,604.9417711960614,605.7610496183185,598.4076065348586,602.8136596679688,6081400,0.0,0.0
2024-12-27 00:00:00-05:00,598.8771866170372,601.3150202583132,589.2757431165518,599.27685546875,8084200,0.0,0.0
2024-12-30 00:00:00-05:00,588.226639708199,596.4093617724204,585.059474705781,590.7144165039062,7025900,0.0,0.0
2024-12-31 00:00:00-05:00,591.7435639321293,593.4420040553556,583.3310043759192,584.9895629882812,6019500,0.0,0.0
2025-01-02 00:00:00-05:00,589.1957790711948,604.3722793886026,587.2975045360681,598.7073364257812,12682300,0.0,0.0
2025-01-03 00:00:00-05:00,604.2224186140523,608.9581953145173,595.8798046163633,604.092529296875,11436800,0.0,0.0
2025-01-06 00:00:00-05:00,611.2861653941472,630.429107364017,605.0816634693568,629.6398315429688,14560800,0.0,0.0
2025-01-07 00:00:00-05:00,631.1384808399608,631.5380886830453,607.6893121042956,617.3407592773438,12071500,0.0,0.0
2025-01-08 00:00:00-05:00,612.8547955325016,615.8920714343907,602.2541800285583,610.1771240234375,10085800,0.0,0.0
2025-01-10 00:00:00-05:00,609.4877870994305,629.3500601048015,596.8090645204555,615.3125610351562,19256600,0.0,0.0
2025-01-13 00:00:00-05:00,606.5603584516555,608.4286914350151,597.9180835402799,607.789306640625,10785000,0.0,0.0
2025-01-14 00:00:00-05:00,604.5321917343676,604.9518013433293,588.0268559982835,593.7218017578125,13598000,0.0,0.0
2025-01-15 00:00:00-05:00,609.6676409065044,621.9067525765506,605.9609165618788,616.5714721679688,15524300,0.0,0.0
2025-01-16 00:00:00-05:00,610.9564262093133,615.7022038454446,609.1680393269272,610.756591796875,8355300,0.0,0.0
2025-01-17 00:00:00-05:00,623.4952835439785,624.4144487016482,603.1333939973155,612.225341796875,17280600,0.0,0.0
2025-01-21 00:00:00-05:00,617.2808256632173,620.9475463117574,608.4686584766922,615.9120483398438,11674000,0.0,0.0
2025-01-22 00:00:00-05:00,622.745966355468,633.1367466870842,618.8794110911601,622.94580078125,12274000,0.0,0.0
2025-01-23 00:00:00-05:00,626.8023305338492,636.0341074215171,620.597889576449,635.88427734375,9910200,0.0,0.0
2025-01-24 00:00:00-05:00,635.8343208926308,651.4204294754496,633.6362643025149,646.9144287109375,19065300,0.0,0.0
2025-01-27 00:00:00-05:00,626.0530102379722,663.2799006811211,624.5443426754407,659.29345703125,28399200,0.0,0.0
2025-01-28 00:00:00-05:00,665.4079784595224,681.9732572201489,658.8837538443346,673.7305908203125,20950100,0.0,0.0
2025-01-29 00:00:00-05:00,674.4000060630054,680.4446161433896,665.0782822378817,675.888671875,21377800,0.0,0.0
2025-01-30 00:00:00-05:00,696.200621832455,710.1581749857351,675.4990076007216,686.3893432617188,29322900,0.0,0.0
2025-01-31 00:00:00-05:00,690.3857723381032,704.6730489182394,684.9706072332008,688.5673828125,19331700,0.0,0.0
2025-02-03 00:00:00-05:00,675.3091937227201,703.3742528890535,674.649807192235,696.840087890625,21415700,0.0,0.0
2025-02-04 00:00:00-05:00,701.8755866223114,707.0809776947289,690.995251505304,703.5640869140625,13826300,0.0,0.0
2025-02-05 00:00:00-05:00,702.9246352066622,717.5016936715592,698.3886925528532,704.2434692382812,17778200,0.0,0.0
2025-02-06 00:00:00-05:00,705.2525623903425,718.2610086889607,702.8746730458445,711.3571166992188,13080700,0.0,0.0
2025-02-07 00:00:00-05:00,716.162829309228,724.3655534509123,711.1173304150035,713.8848876953125,16427100,0.0,0.0
2025-02-10 00:00:00-05:00,717.9212711485029,720.558939093694,710.697717393577,716.7623291015625,12904300,0.0,0.0
2025-02-11 00:00:00-05:00,712.6859358478964,723.0167104534308,709.4088221751414,719.16015625,12998000,0.0,0.0
2025-02-12 00:00:00-05:00,714.6641723225413,726.4536713486742,711.9665601009159,724.7352294921875,12016500,0.0,0.0
2025-02-13 00:00:00-05:00,720.8786940316196,728.3520258945355,717.4017457743258,727.9124145507812,12569100,0.0,0.0
2025-02-14 00:00:00-05:00,725.4945889979003,740.2514192957425,724.9750316832167,736.0151977539062,16901200,0.0,0.0
2025-02-18 00:00:00-05:00,735.3457711447024,736.3448822468013,705.8120494058986,715.7332153320312,21938700,0.0,0.0
2025-02-19 00:00:00-05:00,703.4741329865286,706.37157970015,694.7719139390767,703.1444702148438,17535500,0.0,0.0
2025-02-20 00:00:00-05:00,696.6602457328806,705.0027993686539,693.0234665438812,694.222412109375,12587400,0.0,0.0
2025-02-21 00:00:00-05:00,695.9608297659651,703.2443277596083,681.7534381597311,682.9423828125,15660400,0.0,0.0
2025-02-24 00:00:00-05:00,685.6700244492644,686.6591347238324,661.8611888382964,667.5361328125,15677000,0.0,0.0
2025-02-25 00:00:00-05:00,665.3780306420172,667.406255569748,641.2894751849396,656.9155883789062,20579700,0.0,0.0
2025-02-26 00:00:00-05:00,659.0636967789872,682.4029186886339,657.4151389833991,673.1011962890625,14488700,0.0,0.0
2025-02-27 00:00:00-05:00,681.8434098860729,688.0379111520425,656.9855198372225,657.6549072265625,12500000,0.0,0.0
2025-02-28 00:00:00-05:00,657.4550757218477,669.034800720811,642.0287972080544,667.6060791015625,17534200,0.0,0.0
2025-03-03 00:00:00-05:00,673.0811570323929,680.6444353602695,650.2614937084818,654.4677124023438,10843800,0.0,0.0
2025-03-04 00:00:00-05:00,644.9362031172728,649.1724243402481,623.0956495401799,639.4310913085938,21495200,0.0,0.0
2025-03-05 00:00:00-05:00,640.4302542191028,658.9138106981253,637.09319610967,655.886474609375,13770000,0.0,0.0
2025-03-06 00:00:00-05:00,647.4239932814962,649.9817152601623,623.5552144493282,627.371826171875,13446500,0.0,0.0
2025-03-07 00:00:00-05:00,624.8141005363861,634.2257099756501,600.0761000698269,625.1038208007812,21375700,0.0,0.0
2025-03-10 00:00:00-04:00,607.5294919896663,609.5676566741505,586.3483245399041,597.4584350585938,21999900,0.0,0.0
2025-03-11 00:00:00-04:00,594.5210719524441,614.3834063038594,592.8026300616355,605.171630859375,17401500,0.0,0.0
2025-03-12 00:00:00-04:00,629.3401130606143,632.7670568528157,608.8083309497569,619.00927734375,15747000,0.0,0.0
2025-03-13 00:00:00-04:00,619.6986550441117,619.9484328172048,585.988656544404,590.114990234375,16480300,0.0,0.0
2025-03-14 00:00:00-04:00,602.7999877929688,608.8599853515625,594.780029296875,607.5999755859375,12364500,0.525,0.0
2025-03-17 00:00:00-04:00,607.4600219726562,613.0999755859375,598.0,604.9000244140625,15473900,0.0,0.0
2025-03-18 00:00:00-04:00,600.0499877929688,600.25,574.6599731445312,582.3599853515625,20297700,0.0,0.0
2025-03-19 00:00:00-04:00,584.280029296875,592.3200073242188,574.77001953125,584.0599975585938,20537500,0.0,0.0
2025-03-20 00:00:00-04:00,582.760009765625,610.2000122070312,579.510009765625,586.0,24336500,0.0,0.0
2025-03-21 00:00:00-04:00,583.4199829101562,597.5399780273438,580.9500122070312,596.25,25015900,0.0,0.0
2025-03-24 00:00:00-04:00,614.969970703125,622.5399780273438,612.2000122070312,618.8499755859375,15741300,0.0,0.0
2025-03-25 00:00:00-04:00,626.760009765625,633.8800048828125,621.1799926757812,626.3099975585938,15312500,0.0,0.0
2025-03-26 00:00:00-04:00,624.8900146484375,626.75,606.6099853515625,610.97998046875,12609800,0.0,0.0
2025-03-27 00:00:00-04:00,602.0,614.25,600.0999755859375,602.5800170898438,10436500,0.0,0.0
2025-03-28 00:00:00-04:00,600.3099975585938,601.75,573.9199829101562,576.739990234375,17566500,0.0,0.0
2025-03-31 00:00:00-04:00,563.094970703125,578.7000122070312,553.3099975585938,576.3599853515625,21095962,0.0,0.0
