Date,Open,High,Low,Close,Volume,Dividends,Stock Splits
1999-01-22 00:00:00-05:00,0.04011878256394706,0.044775311584014724,0.03558146497740723,0.0376117043197155,2714688000,0.0,0.0
1999-01-25 00:00:00-05:00,0.04059653269532009,0.04202888698800946,0.037611697185996405,0.04155204817652702,510480000,0.0,0.0
1999-01-26 00:00:00-05:00,0.042028901596367074,0.04286520595733842,0.03773091829528981,0.038327887654304504,343200000,0.0,0.0
1999-01-27 00:00:00-05:00,0.03844709411832439,0.03940260989257399,0.03629764650705866,0.038208674639463425,244368000,0.0,0.0
1999-01-28 00:00:00-05:00,0.03820867589322714,0.03844709537991151,0.03785012944181485,0.03808854892849922,227520000,0.0,0.0
1999-01-29 00:00:00-05:00,0.03808854262871827,0.038208669573577395,0.036297641694545746,0.036297641694545746,244032000,0.0,0.0
1999-02-01 00:00:00-05:00,0.03629764122502475,0.03725315344413374,0.03629764122502475,0.037014733999967575,154704000,0.0,0.0
1999-02-02 00:00:00-05:00,0.03629763786942108,0.03725315000019595,0.03307437931676543,0.03414910286664963,264096000,0.0,0.0
1999-02-03 00:00:00-05:00,0.03367135803583386,0.035343047835133624,0.03343201961680943,0.03486528992652893,75120000,0.0,0.0
1999-02-04 00:00:00-05:00,0.03534305180208901,0.0377309226836864,0.03486529383986006,0.036775410175323486,181920000,0.0,0.0
1999-02-05 00:00:00-05:00,0.03737237979167677,0.0382086843305657,0.03641778270470974,0.037850137799978256,136848000,0.0,0.0
1999-02-08 00:00:00-05:00,0.0380885349035237,0.03820866182401844,0.03653696924448013,0.03653696924448013,154080000,0.0,0.0
1999-02-09 00:00:00-05:00,0.03725315199521818,0.03749157484620512,0.034625946981320536,0.035103704780340195,86976000,0.0,0.0
1999-02-10 00:00:00-05:00,0.03510370780286747,0.03605922006708527,0.034149107635773994,0.03474607691168785,148224000,0.0,0.0
1999-02-11 00:00:00-05:00,0.0348652854546338,0.039163268221919366,0.0348652854546338,0.03773091360926628,132240000,0.0,0.0
1999-02-12 00:00:00-05:00,0.038208679242251124,0.04011879209144816,0.038208679242251124,0.03988037258386612,109728000,0.0,0.0
1999-02-16 00:00:00-05:00,0.04059654909658844,0.04226824239951497,0.036059227121429636,0.04011879116296768,211008000,0.0,0.0
1999-02-17 00:00:00-05:00,0.03916327499921472,0.039641032929218306,0.037253162208685735,0.03796933963894844,67728000,0.0,0.0
1999-02-18 00:00:00-05:00,0.039163268379294056,0.039641026228540356,0.037491578787691174,0.03856630250811577,70704000,0.0,0.0
1999-02-19 00:00:00-05:00,0.038208679242251124,0.04059655003612581,0.03773092129757347,0.03988037258386612,75360000,0.0,0.0
1999-02-22 00:00:00-05:00,0.04059654909658844,0.04107430703020921,0.037969339926420397,0.04011879116296768,205248000,0.0,0.0
1999-02-23 00:00:00-05:00,0.04107430338290805,0.04286520456979152,0.038686432856333795,0.04202890023589134,138096000,0.0,0.0
1999-02-24 00:00:00-05:00,0.04823792118693986,0.05014894958222009,0.04429756844593769,0.04537229239940643,612768000,0.0,0.0
1999-02-25 00:00:00-05:00,0.047283320187443745,0.04871567851414547,0.04322284052127843,0.04393993690609932,149136000,0.0,0.0
1999-02-26 00:00:00-05:00,0.04441767651482585,0.045850030834080596,0.041552048947178295,0.041909679770469666,172608000,0.0,0.0
1999-03-01 00:00:00-05:00,0.04298441474264787,0.04393993049668526,0.040118786409919144,0.042149025946855545,92160000,0.0,0.0
1999-03-02 00:00:00-05:00,0.04202889739628425,0.04226823579041762,0.04107430060779658,0.04179047793149948,55248000,0.0,0.0
1999-03-03 00:00:00-05:00,0.042028898277499005,0.042028898277499005,0.03868643105368816,0.03892485052347183,61392000,0.0,0.0
1999-03-04 00:00:00-05:00,0.04083496596448725,0.04107430438060463,0.0377309179904254,0.03808854892849922,57360000,0.0,0.0
1999-03-05 00:00:00-05:00,0.03844708510861585,0.040357197280095576,0.03844708510861585,0.04023798927664757,78768000,0.0,0.0
1999-03-08 00:00:00-05:00,0.03916327380757177,0.042028902370913834,0.0384470963991006,0.04083496704697609,75888000,0.0,0.0
1999-03-09 00:00:00-05:00,0.04071575573189383,0.04274599526883024,0.04071575573189383,0.042149025946855545,143184000,0.0,0.0
1999-03-10 00:00:00-05:00,0.04274600737558043,0.04274600737558043,0.04083497532625307,0.04143194481730461,235344000,0.0,0.0
1999-03-11 00:00:00-05:00,0.040715765027715685,0.0414319425420626,0.039641037583351135,0.039641037583351135,54288000,0.0,0.0
1999-03-12 00:00:00-05:00,0.03988036626134229,0.03988036626134229,0.03820867318475293,0.03892485052347183,90768000,0.0,0.0
1999-03-15 00:00:00-05:00,0.039880363724138494,0.041074298855834024,0.03964102534021375,0.04059654101729393,108816000,0.0,0.0
1999-03-16 00:00:00-05:00,0.04083496859440635,0.041312726527977434,0.038924855789614216,0.039283402264118195,79152000,0.0,0.0
1999-03-17 00:00:00-05:00,0.03964102887310445,0.0403572062300871,0.03856630508098203,0.03952182084321976,51360000,0.0,0.0
1999-03-18 00:00:00-05:00,0.03964102091826272,0.04059653648875526,0.038686424276977084,0.039999570697546005,46320000,0.0,0.0
1999-03-19 00:00:00-05:00,0.03988037166090345,0.04131272653227344,0.03988037166090345,0.04011879116296768,105312000,0.0,0.0
1999-03-22 00:00:00-05:00,0.04095417451278386,0.04107430146899642,0.03892485052347183,0.03892485052347183,36672000,0.0,0.0
1999-03-23 00:00:00-05:00,0.039163258348687016,0.039163258348687016,0.03582079211870504,0.03653696924448013,163968000,0.0,0.0
1999-03-24 00:00:00-05:00,0.036297641694545746,0.036536976654982976,0.034865283736388565,0.036297641694545746,60864000,0.0,0.0
1999-03-25 00:00:00-05:00,0.03617844074687665,0.03820868064591534,0.03605922928065876,0.036775410175323486,40320000,0.0,0.0
1999-03-26 00:00:00-05:00,0.03725315092123827,0.040118778703508995,0.03725315092123827,0.039999570697546005,88272000,0.0,0.0
1999-03-29 00:00:00-05:00,0.04119352623820305,0.04214903886909129,0.040477345251702476,0.04119352623820305,65952000,0.0,0.0
1999-03-30 00:00:00-05:00,0.04131271907022531,0.04167126548000466,0.03749157863703404,0.03773091360926628,69504000,0.0,0.0
1999-03-31 00:00:00-05:00,0.038924840531166585,0.0408349525871992,0.03713393988747048,0.04035719484090805,153600000,0.0,0.0
1999-04-01 00:00:00-05:00,0.040357211960793817,0.04059655040003486,0.038447099094474455,0.03916327655315399,30432000,0.0,0.0
1999-04-05 00:00:00-04:00,0.03868643599869648,0.039641032929218306,0.03773092013868932,0.03796933963894844,98640000,0.0,0.0
1999-04-06 00:00:00-04:00,0.03832788050946672,0.038447088523502836,0.03629764122502475,0.037014733999967575,69696000,0.0,0.0
1999-04-07 00:00:00-04:00,0.037253162490735396,0.040357210665031916,0.03701474298867116,0.04011879116296768,89280000,0.0,0.0
1999-04-08 00:00:00-04:00,0.04035720913150952,0.042028902370913834,0.03988037014550032,0.04083496704697609,130128000,0.0,0.0
1999-04-09 00:00:00-04:00,0.04107430703020921,0.04107430703020921,0.03988037166090345,0.04011879116296768,48624000,0.0,0.0
1999-04-12 00:00:00-04:00,0.0396410399666606,0.0396410399666606,0.03773092683703075,0.03844710439443588,33312000,0.0,0.0
1999-04-13 00:00:00-04:00,0.03916327104774782,0.03916327104774782,0.03629764610244013,0.03689461201429367,36144000,0.0,0.0
1999-04-14 00:00:00-04:00,0.036775427755426776,0.037611732613453436,0.03582082688808441,0.03582082688808441,48288000,0.0,0.0
1999-04-15 00:00:00-04:00,0.036775410175323486,0.036775410175323486,0.035820809764317944,0.036775410175323486,35856000,0.0,0.0
1999-04-16 00:00:00-04:00,0.03653698477842303,0.03856630902712895,0.03653698477842303,0.03796933963894844,38928000,0.0,0.0
1999-04-19 00:00:00-04:00,0.038447089020827586,0.038447089020827586,0.03582079938395138,0.036297641694545746,31296000,0.0,0.0
1999-04-20 00:00:00-04:00,0.03629764310948669,0.03773091322060812,0.03522291598835718,0.03558146581053734,67680000,0.0,0.0
1999-04-21 00:00:00-04:00,0.03558147019410993,0.03629764758129104,0.03534304729209838,0.03617843613028526,37488000,0.0,0.0
1999-04-22 00:00:00-04:00,0.036297640331240555,0.036297640331240555,0.034268316609943346,0.03462594747543335,227184000,0.0,0.0
1999-04-23 00:00:00-04:00,0.034506755075175775,0.03462596656810331,0.03271585322076907,0.03295518830418587,126048000,0.0,0.0
1999-04-26 00:00:00-04:00,0.032955176391697164,0.03343201877494472,0.030566390324921228,0.031283486634492874,123504000,0.0,0.0
1999-04-27 00:00:00-04:00,0.0319996579371981,0.03486528242688139,0.031521900131360824,0.03462594747543335,226944000,0.0,0.0
1999-04-28 00:00:00-04:00,0.0348652832980122,0.0348652832980122,0.033312801830609896,0.03438752889633179,120096000,0.0,0.0
1999-04-29 00:00:00-04:00,0.03450673691041104,0.03462594834058423,0.03367135163430499,0.03438752889633179,48144000,0.0,0.0
1999-04-30 00:00:00-04:00,0.03474608188978609,0.03629764813899343,0.03450674347076166,0.03486528992652893,99312000,0.0,0.0
1999-05-03 00:00:00-04:00,0.03522291278973986,0.03522291278973986,0.03414910469544046,0.035103704780340195,33840000,0.0,0.0
1999-05-04 00:00:00-04:00,0.03510370421839409,0.03510370421839409,0.03247741475967812,0.033193591982126236,96048000,0.0,0.0
1999-05-05 00:00:00-04:00,0.0334320247848378,0.03390978276729584,0.03152191178459187,0.03390978276729584,144576000,0.0,0.0
1999-05-06 00:00:00-04:00,0.03367136928326466,0.03438754692067834,0.03223809507868619,0.03325321525335312,35616000,0.0,0.0
1999-05-07 00:00:00-04:00,0.032238079170085567,0.0336713526673832,0.032238079170085567,0.0334320142865181,25008000,0.0,0.0
1999-05-10 00:00:00-04:00,0.03319359483495066,0.0341491070837217,0.03319359483495066,0.0334320142865181,19680000,0.0,0.0
1999-05-11 00:00:00-04:00,0.03486527950904045,0.03629763729352701,0.03414910232484396,0.03522291034460068,171744000,0.0,0.0
1999-05-12 00:00:00-04:00,0.03558146442351415,0.03641776863940487,0.035103706599732734,0.036297641694545746,168480000,0.0,0.0
1999-05-13 00:00:00-04:00,0.036297641694545746,0.03725315392601458,0.03617843026287366,0.036297641694545746,69936000,0.0,0.0
1999-05-14 00:00:00-04:00,0.03629764123815973,0.03629764123815973,0.03390977107855744,0.03438752889633179,28464000,0.0,0.0
1999-05-17 00:00:00-04:00,0.033909761520863085,0.03605920821428299,0.033790550124290435,0.03605920821428299,35760000,0.0,0.0
1999-05-18 00:00:00-04:00,0.03641777043416031,0.03820867145659274,0.03534304330196027,0.03773091360926628,151536000,0.0,0.0
1999-05-19 00:00:00-04:00,0.039402593067078474,0.040834947187413415,0.035462242550688174,0.03605920821428299,451728000,0.0,0.0
1999-05-20 00:00:00-04:00,0.03629763923221383,0.03629763923221383,0.03188044554472138,0.033193591982126236,178176000,0.0,0.0
1999-05-21 00:00:00-04:00,0.03271582803374397,0.03271582803374397,0.0315218932446188,0.03247740864753723,303504000,0.0,0.0
1999-05-24 00:00:00-04:00,0.0327158443164929,0.03343202176060197,0.031880455411902105,0.03235729783773422,162624000,0.0,0.0
1999-05-25 00:00:00-04:00,0.03247742108226057,0.032955175550545904,0.03223808267537191,0.03259662911295891,130080000,0.0,0.0
1999-05-26 00:00:00-04:00,0.03247740864753723,0.0341490977220285,0.03247740864753723,0.03247740864753723,104736000,0.0,0.0
1999-05-27 00:00:00-04:00,0.032715846519596345,0.032715846519596345,0.03223808854818344,0.03223808854818344,82320000,0.0,0.0
1999-05-28 00:00:00-04:00,0.03271584055975166,0.03271584055975166,0.03223808267537191,0.03259662911295891,88656000,0.0,0.0
1999-06-01 00:00:00-04:00,0.03247741894073969,0.03271583840250969,0.03199966108786271,0.03271583840250969,98544000,0.0,0.0
1999-06-02 00:00:00-04:00,0.03271583658967016,0.03271583658967016,0.03152190148830414,0.03152190148830414,130128000,0.0,0.0
1999-06-03 00:00:00-04:00,0.03235729783773422,0.03259663285601117,0.031999666872383835,0.03235729783773422,41568000,0.0,0.0
1999-06-04 00:00:00-04:00,0.03259662911295891,0.03271584055975166,0.03235729412216466,0.03259662911295891,78912000,0.0,0.0
1999-06-07 00:00:00-04:00,0.03277545725918497,0.03343203085980026,0.03271585322076907,0.03295518830418587,125136000,0.0,0.0
1999-06-08 00:00:00-04:00,0.033074388629942,0.03438753538780429,0.03295517717726478,0.03379056602716446,153312000,0.0,0.0
1999-06-09 00:00:00-04:00,0.03390977107855744,0.03510370615835858,0.03390977107855744,0.03438752889633179,95184000,0.0,0.0
1999-06-10 00:00:00-04:00,0.03438753759223863,0.034625957096782504,0.03414911467159996,0.034506745636463165,36096000,0.0,0.0
1999-06-11 00:00:00-04:00,0.03450674342438692,0.03462595487706414,0.032596630721979374,0.03379056602716446,61008000,0.0,0.0
1999-06-14 00:00:00-04:00,0.033850155414247615,0.03390976282286913,0.03223807033228475,0.03247740864753723,51648000,0.0,0.0
1999-06-15 00:00:00-04:00,0.03247740864753723,0.03271582803374397,0.03199965094607801,0.03247740864753723,49296000,0.0,0.0
1999-06-16 00:00:00-04:00,0.03295517196728917,0.03438752995138319,0.03247741755095067,0.0334320142865181,64416000,0.0,0.0
1999-06-17 00:00:00-04:00,0.03319358573520318,0.03367134343666239,0.03247740864753723,0.03247740864753723,74928000,0.0,0.0
1999-06-18 00:00:00-04:00,0.0327158413947941,0.0327158413947941,0.031283486634492874,0.031283486634492874,158736000,0.0,0.0
1999-06-21 00:00:00-04:00,0.03223809515149721,0.03295518830418587,0.03137244624350181,0.03295518830418587,83472000,0.0,0.0
1999-06-22 00:00:00-04:00,0.03295517933476985,0.03295517933476985,0.03164111697753035,0.03235729783773422,193056000,0.0,0.0
1999-06-23 00:00:00-04:00,0.031999675581737885,0.03295518830418587,0.03164112558929782,0.03295518830418587,210912000,0.0,0.0
1999-06-24 00:00:00-04:00,0.03319360449100924,0.03319360449100924,0.03199966902725948,0.03223808854818344,115200000,0.0,0.0
1999-06-25 00:00:00-04:00,0.03199966108786271,0.03307438481645458,0.03199966108786271,0.03271583840250969,73536000,0.0,0.0
1999-06-28 00:00:00-04:00,0.03379055778098923,0.03379055778098923,0.03247741475967812,0.033193591982126236,109152000,0.0,0.0
1999-06-29 00:00:00-04:00,0.03367136264250025,0.034028990217751305,0.033193604668532245,0.033552151173353195,92688000,0.0,0.0
1999-06-30 00:00:00-04:00,0.03462594175304699,0.03653696924448013,0.033909764627271896,0.03653696924448013,269232000,0.0,0.0
1999-07-01 00:00:00-04:00,0.036536975282688594,0.036536975282688594,0.03271583518133076,0.03462594747543335,88992000,0.0,0.0
1999-07-02 00:00:00-04:00,0.0351037146869571,0.03713395446538925,0.034387537250931924,0.03713395446538925,224880000,0.0,0.0
1999-07-06 00:00:00-04:00,0.037491571684660344,0.037491571684660344,0.03677539451114048,0.03725314885377884,198096000,0.0,0.0
1999-07-07 00:00:00-04:00,0.037491569185242,0.037491569185242,0.03653696924448013,0.03653696924448013,63120000,0.0,0.0
1999-07-08 00:00:00-04:00,0.03677538142185471,0.037969312513062736,0.03558144691455438,0.037372346967458725,186048000,0.0,0.0
1999-07-09 00:00:00-04:00,0.037253161340159165,0.040834967337451185,0.037253161340159165,0.040536943823099136,211728000,0.0,0.0
1999-07-12 00:00:00-04:00,0.04298441414888153,0.04417834936024409,0.041312721067099795,0.042387448251247406,401040000,0.0,0.0
1999-07-13 00:00:00-04:00,0.04286520397855598,0.043103626872255045,0.04059654493176691,0.04250665754079819,138864000,0.0,0.0
1999-07-14 00:00:00-04:00,0.04250666028638041,0.043462176117313546,0.04059654755397149,0.04083496704697609,137952000,0.0,0.0
1999-07-15 00:00:00-04:00,0.0411935172282114,0.04250666060030199,0.04107430577278137,0.04107430577278137,137040000,0.0,0.0
1999-07-16 00:00:00-04:00,0.04179046835734139,0.04226822610680567,0.041074291197714025,0.041909679770469666,103872000,0.0,0.0
1999-07-19 00:00:00-04:00,0.042028902370913834,0.04214902933882619,0.04059654755397149,0.04083496704697609,43632000,0.0,0.0
1999-07-20 00:00:00-04:00,0.04083496859865268,0.04083496859865268,0.03868643629159768,0.04011879116296768,178752000,0.0,0.0
1999-07-21 00:00:00-04:00,0.03964102786219074,0.03964102786219074,0.0377309153158177,0.03892485052347183,112080000,0.0,0.0
1999-07-22 00:00:00-04:00,0.0386864363099737,0.0386864363099737,0.03677540799067768,0.03713395446538925,213264000,0.0,0.0
1999-07-23 00:00:00-04:00,0.037014743006253126,0.038208678376126,0.037014743006253126,0.03713395446538925,80256000,0.0,0.0
1999-07-26 00:00:00-04:00,0.03808853744273945,0.03808853744273945,0.03725314885377884,0.03725314885377884,60528000,0.0,0.0
1999-07-27 00:00:00-04:00,0.03725313559444831,0.03749155834046914,0.03677538142185471,0.037372346967458725,98592000,0.0,0.0
1999-07-28 00:00:00-04:00,0.037253162208685735,0.038447097568952024,0.03713395416660355,0.03796933963894844,244224000,0.0,0.0
1999-07-29 00:00:00-04:00,0.0372531603886278,0.038447095690562615,0.037014740900017,0.038327887654304504,388800000,0.0,0.0
1999-07-30 00:00:00-04:00,0.03832789633119078,0.039402620424075045,0.038208684851850326,0.03844710439443588,452304000,0.0,0.0
1999-08-02 00:00:00-04:00,0.038447091403497446,0.0389248492568868,0.03820867194147176,0.03880564123392105,313344000,0.0,0.0
1999-08-03 00:00:00-04:00,0.03880565381658122,0.03880565381658122,0.03749159126939081,0.037850137799978256,255216000,0.0,0.0
1999-08-04 00:00:00-04:00,0.03808855733931103,0.0382086843305657,0.03773092632226422,0.037850137799978256,89952000,0.0,0.0
1999-08-05 00:00:00-04:00,0.0378501383163712,0.03844710439443588,0.03725316882221117,0.03844710439443588,240576000,0.0,0.0
1999-08-06 00:00:00-04:00,0.03832789633119078,0.03856631587377634,0.038208684851850326,0.03844710439443588,183984000,0.0,0.0
1999-08-09 00:00:00-04:00,0.03856631587377634,0.03892486240925547,0.038208684851850326,0.03844710439443588,31056000,0.0,0.0
1999-08-10 00:00:00-04:00,0.0386864375337155,0.04083496990975411,0.038447099094474455,0.03916327655315399,212064000,0.0,0.0
1999-08-11 00:00:00-04:00,0.03988036542517554,0.04226823579041762,0.03940260756625741,0.04179047793149948,197712000,0.0,0.0
1999-08-12 00:00:00-04:00,0.04202890990541678,0.04489453898247882,0.04179049036967082,0.043819814920425415,239616000,0.0,0.0
1999-08-13 00:00:00-04:00,0.04346217057511885,0.044297559331612814,0.04298441272057485,0.0433429591357708,84672000,0.0,0.0
1999-08-16 00:00:00-04:00,0.04370057315992713,0.04370057315992713,0.04023798042150885,0.04167125001549721,223440000,0.0,0.0
1999-08-17 00:00:00-04:00,0.04179047793149948,0.042506655255202384,0.04071575418931794,0.04179047793149948,193536000,0.0,0.0
1999-08-18 00:00:00-04:00,0.04131271540132949,0.043222827691675965,0.040477326731644954,0.04274598881602287,279888000,0.0,0.0
1999-08-19 00:00:00-04:00,0.04573084163389481,0.054208517041589174,0.04417835963437667,0.051819730550050735,1966992000,0.0,0.0
1999-08-20 00:00:00-04:00,0.05193984406312217,0.05229747155127477,0.04943184675104087,0.05134287476539612,353088000,0.0,0.0
1999-08-23 00:00:00-04:00,0.050625786664136106,0.050625786664136106,0.04656622288886275,0.048237916082143784,507984000,0.0,0.0
1999-08-24 00:00:00-04:00,0.047521743279937405,0.048477255760632755,0.04513387246748255,0.04799950122833252,398064000,0.0,0.0
1999-08-25 00:00:00-04:00,0.04811869397297526,0.04859645176944057,0.04585003534473326,0.04776014760136604,350352000,0.0,0.0
1999-08-26 00:00:00-04:00,0.047760160313941,0.04847725324803186,0.04632780547251606,0.04704398289322853,275376000,0.0,0.0
1999-08-27 00:00:00-04:00,0.04799949456510804,0.05158129687047453,0.04776015615937476,0.04967118427157402,552384000,0.0,0.0
1999-08-30 00:00:00-04:00,0.05050656990603591,0.051462085610207445,0.0474025222614816,0.04949145019054413,158640000,0.0,0.0
1999-08-31 00:00:00-04:00,0.049671188379802826,0.053969171815156966,0.04871567595272141,0.05373075231909752,786864000,0.0,0.0
1999-09-01 00:00:00-04:00,0.05373074642734438,0.05373074642734438,0.05038736027231048,0.051222749054431915,565344000,0.0,0.0
1999-09-02 00:00:00-04:00,0.04955105529339359,0.050865117439862884,0.0484772470561686,0.05062578245997429,341088000,0.0,0.0
1999-09-03 00:00:00-04:00,0.05158130768859895,0.05229748519721608,0.050625795140147305,0.05098434165120125,258864000,0.0,0.0
1999-09-07 00:00:00-04:00,0.05181972018596633,0.05181972018596633,0.05050657348854155,0.05074591189622879,124416000,0.0,0.0
1999-09-08 00:00:00-04:00,0.050865117439862884,0.05122274834785073,0.05062578245997429,0.05062578245997429,170064000,0.0,0.0
1999-09-09 00:00:00-04:00,0.05110353417357268,0.051462080551680035,0.04895408351513731,0.049909599125385284,209472000,0.0,0.0
1999-09-10 00:00:00-04:00,0.05074590941459644,0.051342875302472876,0.050387359577252884,0.05062578245997429,167424000,0.0,0.0
1999-09-13 00:00:00-04:00,0.0508651162297428,0.0508651162297428,0.048477245902857784,0.04895408824086189,174432000,0.0,0.0
1999-09-14 00:00:00-04:00,0.04895408734576241,0.04895408734576241,0.04728330987486507,0.04752173274755478,250368000,0.0,0.0
1999-09-15 00:00:00-04:00,0.046924768696727875,0.04847725041746983,0.04656622225061779,0.04788028448820114,212736000,0.0,0.0
1999-09-16 00:00:00-04:00,0.04728330878955032,0.04776015110789045,0.04608845816214129,0.04668542742729187,158112000,0.0,0.0
1999-09-17 00:00:00-04:00,0.046387406398127155,0.04680556027361732,0.04489452870657695,0.04656622186303139,171648000,0.0,0.0
1999-09-20 00:00:00-04:00,0.045730831959009455,0.046327801285273536,0.04489452764391899,0.04489452764391899,229104000,0.0,0.0
1999-09-21 00:00:00-04:00,0.04393992695776518,0.04417834641238052,0.03999957515949321,0.04059654101729393,737328000,0.0,0.0
1999-09-22 00:00:00-04:00,0.04059653269532009,0.04179046758226824,0.03820866292142379,0.04155204817652702,375984000,0.0,0.0
1999-09-23 00:00:00-04:00,0.04167127031870129,0.041790481770090745,0.0377309179904254,0.03808854892849922,379584000,0.0,0.0
1999-09-24 00:00:00-04:00,0.0382086681384958,0.039163264820923846,0.0319996579371981,0.03462594747543335,684912000,0.0,0.0
1999-09-27 00:00:00-04:00,0.03689461822544641,0.037491587653893245,0.03462595881006691,0.036775410175323486,432000000,0.0,0.0
1999-09-28 00:00:00-04:00,0.036835011994701766,0.04059654909658844,0.036775407973209405,0.04011879116296768,413184000,0.0,0.0
1999-09-29 00:00:00-04:00,0.040954175615497246,0.042506657290949025,0.03629764610244013,0.03689461201429367,594048000,0.0,0.0
1999-09-30 00:00:00-04:00,0.03820868064591534,0.03940261608671404,0.03629765221309454,0.036775410175323486,342528000,0.0,0.0
1999-10-01 00:00:00-04:00,0.036178422925091915,0.037491569185242,0.03462594175304699,0.03653696924448013,347760000,0.0,0.0
1999-10-04 00:00:00-04:00,0.03773090661251071,0.03785011802795146,0.03677539451114048,0.03725314885377884,177600000,0.0,0.0
1999-10-05 00:00:00-04:00,0.037253161075162855,0.04107430546943806,0.037253161075162855,0.04083496704697609,478080000,0.0,0.0
1999-10-06 00:00:00-04:00,0.040954173063981386,0.04776015315641389,0.040596542163910336,0.0457308292388916,1508736000,0.0,0.0
1999-10-07 00:00:00-04:00,0.04764093701737777,0.04764093701737777,0.042506650448951626,0.04274598881602287,487296000,0.0,0.0
1999-10-08 00:00:00-04:00,0.0427459955759722,0.046208589839460974,0.04107430245908691,0.04489452764391899,398928000,0.0,0.0
1999-10-11 00:00:00-04:00,0.04525308777171375,0.045372299253598584,0.04250667003316725,0.043700605630874634,544464000,0.0,0.0
1999-10-12 00:00:00-04:00,0.04393991321424097,0.044417670903348035,0.04298439783602684,0.04310360923409462,322992000,0.0,0.0
1999-10-13 00:00:00-04:00,0.04262585693009704,0.04262585693009704,0.041074291197714025,0.041909679770469666,280368000,0.0,0.0
1999-10-14 00:00:00-04:00,0.042028902681307066,0.042028902681307066,0.04059654785378645,0.04107430577278137,192336000,0.0,0.0
1999-10-15 00:00:00-04:00,0.039044065769116794,0.04107430546943806,0.03892485431456717,0.04083496704697609,210720000,0.0,0.0
1999-10-18 00:00:00-04:00,0.040954171512014984,0.040954171512014984,0.03844708983746508,0.03868642821907997,215184000,0.0,0.0
1999-10-19 00:00:00-04:00,0.03988037167984658,0.03988037167984658,0.036417777029364065,0.03713395446538925,308928000,0.0,0.0
1999-10-20 00:00:00-04:00,0.03773092683703075,0.03892486240925547,0.037133960758966064,0.03844710439443588,348720000,0.0,0.0
1999-10-21 00:00:00-04:00,0.03832787710516784,0.04023798927664757,0.03725315013529258,0.04023798927664757,382128000,0.0,0.0
1999-10-22 00:00:00-04:00,0.04011879870971503,0.042387461832100036,0.04011879870971503,0.04119352623820305,286752000,0.0,0.0
1999-10-25 00:00:00-04:00,0.04095418137266117,0.04155206629795544,0.03916327655315399,0.03916327655315399,213840000,0.0,0.0
1999-10-26 00:00:00-04:00,0.04083496031965339,0.04441768463069096,0.04059654086592701,0.042984411120414734,481248000,0.0,0.0
1999-10-27 00:00:00-04:00,0.0432228380140623,0.043462176438291845,0.04035720942955691,0.04107430577278137,214128000,0.0,0.0
1999-10-28 00:00:00-04:00,0.0413127278587144,0.042028905317393936,0.03892485704343474,0.03916327655315399,222768000,0.0,0.0
1999-10-29 00:00:00-04:00,0.03964101603023818,0.04298440118549156,0.03940259663161734,0.04226822406053543,330528000,0.0,0.0
1999-11-01 00:00:00-05:00,0.04155206033953842,0.046566220760804286,0.04155206033953842,0.04489452764391899,782544000,0.0,0.0
1999-11-02 00:00:00-05:00,0.04573082391987716,0.04799948596421294,0.04537227754826795,0.04776014760136604,837504000,0.0,0.0
1999-11-03 00:00:00-05:00,0.04967118454973139,0.053730748175999155,0.049312638111867396,0.052416685968637466,2011680000,0.0,0.0
1999-11-04 00:00:00-05:00,0.05301458350649049,0.05719335616404334,0.05301458350649049,0.055760085582733154,1260336000,0.0,0.0
1999-11-05 00:00:00-05:00,0.057312561319112575,0.05779031584946631,0.05134288431229756,0.05396917462348938,616368000,0.0,0.0
1999-11-08 00:00:00-05:00,0.0522974598714576,0.05707411845144344,0.05062577062392715,0.055521637201309204,470016000,0.0,0.0
1999-11-09 00:00:00-05:00,0.05540243932304859,0.05564085879218215,0.05253681104661908,0.05468534305691719,272352000,0.0,0.0
1999-11-10 00:00:00-05:00,0.05486508301419143,0.05492468703350456,0.053133785753072045,0.054208509624004364,144048000,0.0,0.0
1999-11-11 00:00:00-05:00,0.05420850278173848,0.06089435255951373,0.05301456760678526,0.058028727769851685,562704000,0.0,0.0
1999-11-12 00:00:00-05:00,0.06053675723392088,0.061133719980716705,0.05707415808846763,0.061133719980716705,501504000,0.0,0.0
1999-11-15 00:00:00-05:00,0.06155091595296803,0.06340234306637255,0.058984233981101426,0.05993974953889847,362208000,0.0,0.0
1999-11-16 00:00:00-05:00,0.06137212420664431,0.06686495866739321,0.06113370128699026,0.06567102670669556,723792000,0.0,0.0
1999-11-17 00:00:00-05:00,0.06686494829066318,0.0716406890566887,0.06590943256571591,0.06817809492349625,786384000,0.0,0.0
1999-11-18 00:00:00-05:00,0.06961045215432576,0.07020833699348476,0.06781955100892259,0.06841651350259781,235968000,0.0,0.0
1999-11-19 00:00:00-05:00,0.0766557804915364,0.08477490866542797,0.07641644205730279,0.08190927654504776,2165184000,0.0,0.0
1999-11-22 00:00:00-05:00,0.08399911908851869,0.08405872310977029,0.07689419540947837,0.08179006725549698,540192000,0.0,0.0
1999-11-23 00:00:00-05:00,0.07343158758225277,0.0767749735739436,0.07259620225703887,0.0759395882487297,553248000,0.0,0.0
1999-11-24 00:00:00-05:00,0.07558106024968567,0.07641644577837833,0.06793968622656957,0.07355082035064697,406848000,0.0,0.0
1999-11-26 00:00:00-05:00,0.07283460016097214,0.07355078411893382,0.07068515327064552,0.07307393848896027,71760000,0.0,0.0
1999-11-29 00:00:00-05:00,0.07283463849336172,0.07379015445000668,0.06877508090417822,0.07044677436351776,298608000,0.0,0.0
1999-11-30 00:00:00-05:00,0.07068517436394813,0.07187911298898371,0.06614785641431808,0.06614785641431808,314688000,0.0,0.0
1999-12-01 00:00:00-05:00,0.0661478444017628,0.07044674551675907,0.0661478444017628,0.06949122995138168,223536000,0.0,0.0
1999-12-02 00:00:00-05:00,0.0697305876094375,0.07558106017350624,0.0697305876094375,0.07462554425001144,309888000,0.0,0.0
1999-12-03 00:00:00-05:00,0.07534168042484074,0.07665574212360421,0.0718790874703786,0.07283459603786469,342768000,0.0,0.0
1999-12-06 00:00:00-05:00,0.07307397832175377,0.07522251087024907,0.07307397832175377,0.07486488670110703,178608000,0.0,0.0
1999-12-07 00:00:00-05:00,0.07546183573797755,0.07558105060507786,0.06949124719851058,0.07235687226057053,186384000,0.0,0.0
1999-12-08 00:00:00-05:00,0.0721184359073913,0.07629721376168667,0.07187910436887221,0.07558103650808334,201696000,0.0,0.0
1999-12-09 00:00:00-05:00,0.07546184217931819,0.07737195843408447,0.07068518510447164,0.07331239432096481,214944000,0.0,0.0
1999-12-10 00:00:00-05:00,0.07462551307976152,0.07498405942565035,0.07116291967336023,0.07247605919837952,98304000,0.0,0.0
1999-12-13 00:00:00-05:00,0.07164070101812745,0.07414777984496526,0.07068518513364314,0.07223767042160034,183840000,0.0,0.0
1999-12-14 00:00:00-05:00,0.07235686142372506,0.0741477623801234,0.07032753760102364,0.0710437148809433,273888000,0.0,0.0
1999-12-15 00:00:00-05:00,0.07056595870431832,0.07092450509191948,0.06710336489508809,0.06877505779266357,205968000,0.0,0.0
1999-12-16 00:00:00-05:00,0.0691336119282436,0.07020833569831857,0.06805888815816863,0.06829730421304703,132576000,0.0,0.0
1999-12-17 00:00:00-05:00,0.07020833370613401,0.07295383496995271,0.06984978728852352,0.07187911123037338,262080000,0.0,0.0
1999-12-20 00:00:00-05:00,0.07199923645161199,0.0792527114743071,0.06949124249618548,0.07784970104694366,402432000,0.0,0.0
1999-12-21 00:00:00-05:00,0.07784969609411663,0.08131229005384849,0.07498407140827956,0.08119308203458786,388368000,0.0,0.0
1999-12-22 00:00:00-05:00,0.08143148732236198,0.0840586885702163,0.07832744043605076,0.08310317993164062,251184000,0.0,0.0
1999-12-23 00:00:00-05:00,0.08322241976164921,0.08883446204916386,0.08286478881208924,0.08859604597091675,280224000,0.0,0.0
1999-12-27 00:00:00-05:00,0.0905061374182794,0.09062535226604114,0.08429712698400264,0.08525264263153076,202416000,0.0,0.0
1999-12-28 00:00:00-05:00,0.08525265348859905,0.08835670134444962,0.08477489902008614,0.08501331508159637,179184000,0.0,0.0
1999-12-29 00:00:00-05:00,0.08483447722371192,0.08883442878418482,0.08477487322646948,0.08787892013788223,132144000,0.0,0.0
1999-12-30 00:00:00-05:00,0.08787895304506108,0.08919301534428101,0.08644659138789615,0.08859604597091675,139776000,0.0,0.0
1999-12-31 00:00:00-05:00,0.08841628130923695,0.08978994715792868,0.08811825448122822,0.08966982364654541,127344000,0.0,0.0
2000-01-03 00:00:00-05:00,0.09026772765866353,0.09098390497942697,0.08429713284071526,0.08943141996860504,300912000,0.0,0.0
2000-01-04 00:00:00-05:00,0.08787893828367033,0.08811826983508378,0.08262543650934674,0.08704354614019394,300480000,0.0,0.0
2000-01-05 00:00:00-05:00,0.08453648008788726,0.08596883487943341,0.0829839949144641,0.08417793363332748,188352000,0.0,0.0
2000-01-06 00:00:00-05:00,0.08417791542742371,0.08417791542742371,0.07546182032249481,0.07868508249521255,120480000,0.0,0.0
2000-01-07 00:00:00-05:00,0.0783274486113335,0.08083452661432095,0.07713351019672758,0.07999914139509201,71184000,0.0,0.0
2000-01-10 00:00:00-05:00,0.08023759979695844,0.08596885838935353,0.07880524461370585,0.08262547105550766,239856000,0.0,0.0
2000-01-11 00:00:00-05:00,0.0821477075697783,0.08310322354196965,0.07928207516670227,0.07928207516670227,148128000,0.0,0.0
2000-01-12 00:00:00-05:00,0.07928204704373511,0.07940217740288881,0.07617799962957224,0.07725272327661514,123552000,0.0,0.0
2000-01-13 00:00:00-05:00,0.07713350856940887,0.08119307126454547,0.07617799301907524,0.08047597855329514,132192000,0.0,0.0
2000-01-14 00:00:00-05:00,0.08167085106752617,0.08728197744112612,0.0814315126608069,0.0839385911822319,604560000,0.0,0.0
2000-01-18 00:00:00-05:00,0.08501332826336772,0.08787896050203965,0.08119310245295872,0.08752132952213287,261648000,0.0,0.0
2000-01-19 00:00:00-05:00,0.0878789555318032,0.0878789555318032,0.08596883931853563,0.08668501675128937,164688000,0.0,0.0
2000-01-20 00:00:00-05:00,0.08740212914933584,0.09217787166988395,0.08573043548120539,0.086446613073349,179568000,0.0,0.0
2000-01-21 00:00:00-05:00,0.08620721590676075,0.08656576218714675,0.08334158537019228,0.08549103885889053,544272000,0.0,0.0
2000-01-24 00:00:00-05:00,0.08823751676155846,0.08823751676155846,0.08119311143944735,0.08167087286710739,256944000,0.0,0.0
2000-01-25 00:00:00-05:00,0.08202848587431674,0.08286479372102845,0.07832747504013711,0.08095376193523407,237120000,0.0,0.0
2000-01-26 00:00:00-05:00,0.08095375234601768,0.08310320680176335,0.07617801130626661,0.07761036604642868,232464000,0.0,0.0
2000-01-27 00:00:00-05:00,0.0782073472315289,0.0782073472315289,0.07068518809072566,0.07355082035064697,458208000,0.0,0.0
2000-01-28 00:00:00-05:00,0.07259620523667398,0.07307395968604796,0.06853664177423559,0.07140226662158966,194448000,0.0,0.0
2000-01-31 00:00:00-05:00,0.071759897132594,0.07331238216243788,0.06686494833787951,0.07080530375242233,182400000,0.0,0.0
2000-02-01 00:00:00-05:00,0.07092449684075133,0.07307394388994626,0.06829728861326959,0.07247605919837952,92976000,0.0,0.0
2000-02-02 00:00:00-05:00,0.07283460501657407,0.07593957439984682,0.07247605867328295,0.07450629770755768,149040000,0.0,0.0
2000-02-03 00:00:00-05:00,0.07689420773979695,0.07844669324241545,0.07522251417555972,0.07570027559995651,108240000,0.0,0.0
2000-02-04 00:00:00-05:00,0.07808813359318441,0.07808813359318441,0.07593960131123058,0.0774911642074585,123696000,0.0,0.0
2000-02-07 00:00:00-05:00,0.07784969602549767,0.07784969602549767,0.07259620108090013,0.0727154091000557,217488000,0.0,0.0
2000-02-08 00:00:00-05:00,0.07450632835047581,0.07880523101795688,0.07259621887520905,0.07617802172899246,468816000,0.0,0.0
2000-02-09 00:00:00-05:00,0.07904362776946763,0.08035677422234651,0.07796890416656853,0.07808811217546463,589056000,0.0,0.0
2000-02-10 00:00:00-05:00,0.08286478976371807,0.09552123614126039,0.08286478976371807,0.09408796578645706,970080000,0.0,0.0
2000-02-11 00:00:00-05:00,0.09874449775470656,0.09886462814741373,0.08859605189039953,0.0955212414264679,423792000,0.0,0.0
2000-02-14 00:00:00-05:00,0.09575964663825587,0.11080396175384521,0.09480413091488252,0.11080396175384521,650112000,0.0,0.0
2000-02-15 00:00:00-05:00,0.11104326874997858,0.11116247674130653,0.10196862873200352,0.10650594532489777,450480000,0.0,0.0
2000-02-16 00:00:00-05:00,0.10769988561999452,0.1151028331987772,0.10650594732949539,0.11140089482069016,1019568000,0.0,0.0
2000-02-17 00:00:00-05:00,0.11128172700699955,0.11605838374232187,0.1096100337934201,0.11534129083156586,535776000,0.0,0.0
2000-02-18 00:00:00-05:00,0.11366959156257891,0.13038651597564002,0.11283420617306072,0.12871482968330383,960864000,0.0,0.0
2000-02-22 00:00:00-05:00,0.12465522213751795,0.12632599232765454,0.12035631480625404,0.12513205409049988,542496000,0.0,0.0
2000-02-23 00:00:00-05:00,0.12369981307943005,0.12716240930703407,0.12214733394382696,0.12584926187992096,511392000,0.0,0.0
2000-02-24 00:00:00-05:00,0.12656535489075538,0.12740074010073218,0.11940082263373061,0.12465523928403854,244320000,0.0,0.0
2000-02-25 00:00:00-05:00,0.12477447187520092,0.12477447187520092,0.11175948038008077,0.11689376085996628,278736000,0.0,0.0
2000-02-28 00:00:00-05:00,0.11629678801014176,0.11749072661053184,0.11414734735495201,0.11605837196111679,517872000,0.0,0.0
2000-02-29 00:00:00-05:00,0.11534131807556157,0.12369977928556543,0.11534131807556157,0.1222665086388588,306048000,0.0,0.0
2000-03-01 00:00:00-05:00,0.1222664588045703,0.1222664588045703,0.1167745411264171,0.11868465691804886,383568000,0.0,0.0
2000-03-02 00:00:00-05:00,0.11964016453472755,0.11964016453472755,0.1103271135181817,0.11068473756313324,191040000,0.0,0.0
2000-03-03 00:00:00-05:00,0.11080396290437328,0.11366958775880022,0.10984936268434756,0.11247565597295761,273696000,0.0,0.0
2000-03-06 00:00:00-05:00,0.11319275406447502,0.12178964269033105,0.11080396803668621,0.1117594838142395,432096000,0.0,0.0
2000-03-07 00:00:00-05:00,0.14328138324500164,0.1666841576612543,0.13707237208527365,0.1591619998216629,1952208000,0.0,0.0
2000-03-08 00:00:00-05:00,0.15907216086673767,0.16190843503663824,0.14758029509157158,0.16047516465187073,668736000,0.0,0.0
2000-03-09 00:00:00-05:00,0.16238531447312296,0.2063252524352638,0.16190846853813776,0.1916092187166214,952944000,0.0,0.0
2000-03-10 00:00:00-05:00,0.20154945200339472,0.27701036441774174,0.20011618173427467,0.22542907297611237,2161200000,0.0,0.0
2000-03-13 00:00:00-05:00,0.2044151265154471,0.28656282599794425,0.202504094600262,0.28513047099113464,2415168000,0.0,0.0
2000-03-14 00:00:00-05:00,0.28357790832077445,0.28357790832077445,0.20632517800837677,0.21038474142551422,1567776000,0.0,0.0
2000-03-15 00:00:00-05:00,0.22545936434449487,0.2312804993121484,0.1948627144051482,0.20178790390491486,995616000,0.0,0.0
2000-03-16 00:00:00-05:00,0.2082352961568518,0.21539982969272,0.17695272708783127,0.17990730702877045,750384000,0.0,0.0
2000-03-17 00:00:00-05:00,0.1757587959056939,0.20441507067779152,0.17572852931146507,0.19080311059951782,557616000,0.0,0.0
2000-03-20 00:00:00-05:00,0.19832529762437046,0.2046535173460925,0.18459412746963277,0.19068393111228943,365280000,0.0,0.0
2000-03-21 00:00:00-05:00,0.1910415658321235,0.19271325234721648,0.16620643323859155,0.18125075101852417,536640000,0.0,0.0
2000-03-22 00:00:00-05:00,0.18268403287317228,0.1881759522754699,0.17957906207660213,0.18256482481956482,230592000,0.0,0.0
2000-03-23 00:00:00-05:00,0.1808931009750641,0.19581820969889974,0.18053456134746057,0.18578805029392242,309408000,0.0,0.0
2000-03-24 00:00:00-05:00,0.1845941149596652,0.19295257383360925,0.17193766270957192,0.1780274659395218,231600000,0.0,0.0
2000-03-27 00:00:00-05:00,0.17766888935085065,0.1834001522209795,0.16477403639450108,0.16632559895515442,388944000,0.0,0.0
2000-03-28 00:00:00-05:00,0.16059434908689052,0.1623852570017212,0.150922743997824,0.15390850603580475,393312000,0.0,0.0
2000-03-29 00:00:00-05:00,0.15450546884011684,0.1580872848358514,0.13755013509561306,0.14375914633274078,469440000,0.0,0.0
2000-03-30 00:00:00-05:00,0.13946028283833617,0.1561772196246778,0.13468454028778076,0.14292287826538086,361920000,0.0,0.0
2000-03-31 00:00:00-05:00,0.15268431078972478,0.16787810157058294,0.14996816039832692,0.16140040755271912,962976000,0.0,0.0
2000-04-03 00:00:00-04:00,0.1599377699981226,0.16047513527094587,0.14459451980566257,0.14877420663833618,329952000,0.0,0.0
2000-04-04 00:00:00-04:00,0.15665406376781163,0.1592812598338611,0.10889388543814249,0.14328143000602722,513792000,0.0,0.0
2000-04-05 00:00:00-04:00,0.14471467845258107,0.18626583037720884,0.13731172736437555,0.17516186833381653,639600000,0.0,0.0
2000-04-06 00:00:00-04:00,0.18328097462654114,0.19259402725339292,0.1745648776910098,0.18328097462654114,404592000,0.0,0.0
2000-04-07 00:00:00-04:00,0.19247483026518888,0.20059395831103155,0.18435570221934622,0.19593742489814758,318576000,0.0,0.0
2000-04-10 00:00:00-04:00,0.19928081084949154,0.2108625334911455,0.17492251127669742,0.1786244511604309,395280000,0.0,0.0
2000-04-11 00:00:00-04:00,0.16617621345588923,0.18149013375645143,0.15283384503246858,0.16799737513065338,457584000,0.0,0.0
2000-04-12 00:00:00-04:00,0.16823669122821427,0.17193770246068404,0.1499681928280908,0.15056516230106354,313440000,0.0,0.0
2000-04-13 00:00:00-04:00,0.1517590872619574,0.15713179884297845,0.14160973172248872,0.14411680400371552,313296000,0.0,0.0
2000-04-14 00:00:00-04:00,0.13492289840564178,0.14531159468074634,0.12513207318896985,0.1314309537410736,421920000,0.0,0.0
2000-04-17 00:00:00-04:00,0.12035635372731476,0.1432813799917448,0.12035635372731476,0.13814708590507507,294096000,0.0,0.0
2000-04-18 00:00:00-04:00,0.15205705912901724,0.17145987083598135,0.14758025450386983,0.1626245677471161,477504000,0.0,0.0
2000-04-19 00:00:00-04:00,0.1677588393764304,0.1700274943219074,0.15283373607777134,0.15486305952072144,278352000,0.0,0.0
2000-04-20 00:00:00-04:00,0.15904280309220575,0.16202764993018404,0.15187828249645585,0.15402773022651672,153936000,0.0,0.0
2000-04-24 00:00:00-04:00,0.14519149269322928,0.15163983513404922,0.1387440521012851,0.14638543128967285,205968000,0.0,0.0
2000-04-25 00:00:00-04:00,0.15295302379086703,0.1671619573492507,0.15259448410672116,0.16238529980182648,249696000,0.0,0.0
2000-04-26 00:00:00-04:00,0.17372859155087278,0.17766893397649627,0.16047516837625136,0.16071359813213348,254112000,0.0,0.0
2000-04-27 00:00:00-04:00,0.1499681332115795,0.17551943586027358,0.14913183243951053,0.1738477498292923,280992000,0.0,0.0
2000-04-28 00:00:00-04:00,0.17659419176642394,0.18340017221143798,0.17026597261428833,0.17026597261428833,179040000,0.0,0.0
2000-05-01 00:00:00-04:00,0.17671337230852927,0.1805345192151568,0.17157907893398755,0.17575877904891968,119424000,0.0,0.0
2000-05-02 00:00:00-04:00,0.17575878749762838,0.18602736107594584,0.16405693019471643,0.1689528077840805,234000000,0.0,0.0
2000-05-03 00:00:00-04:00,0.1678780456403732,0.173370877787497,0.1528337345020697,0.16620635986328125,329184000,0.0,0.0
2000-05-04 00:00:00-04:00,0.16584787973340478,0.17528107039781407,0.16441552482566096,0.16823667287826538,241200000,0.0,0.0
2000-05-05 00:00:00-04:00,0.16751951844217228,0.18005676061418718,0.16525086316852153,0.17599719762802124,170592000,0.0,0.0
2000-05-08 00:00:00-04:00,0.17145989530901262,0.1776689063496261,0.16931044777290605,0.16954979300498962,185136000,0.0,0.0
2000-05-09 00:00:00-04:00,0.17241541373149447,0.17384776837890026,0.1623852554822594,0.16716191172599792,176832000,0.0,0.0
2000-05-10 00:00:00-04:00,0.16549022590126006,0.16560943392588237,0.1492510567231395,0.15068432688713074,274080000,0.0,0.0
2000-05-11 00:00:00-04:00,0.15283372366838857,0.15987811758672105,0.15080348487725725,0.15713170170783997,245904000,0.0,0.0
2000-05-12 00:00:00-04:00,0.16143069465082696,0.17002757080797049,0.15235604345798492,0.15235604345798492,187824000,0.0,0.0
2000-05-15 00:00:00-04:00,0.15163982096287554,0.16549020973623535,0.14423687217892828,0.16286300122737885,282096000,0.0,0.0
2000-05-16 00:00:00-04:00,0.17002755211161577,0.18471332889921405,0.1681165205008587,0.17957903444766998,366432000,0.0,0.0
2000-05-17 00:00:00-04:00,0.18913148424974133,0.21898170919226395,0.1890122761817291,0.2111009955406189,1290624000,0.0,0.0
2000-05-18 00:00:00-04:00,0.21229481234331277,0.2157574057254511,0.19545959294318616,0.1967727392911911,509904000,0.0,0.0
2000-05-19 00:00:00-04:00,0.1910415337584438,0.20154943977599601,0.18960917908954406,0.19510109722614288,521184000,0.0,0.0
2000-05-22 00:00:00-04:00,0.19295258551213823,0.20775848627090454,0.17587802897206647,0.20775848627090454,517152000,0.0,0.0
2000-05-23 00:00:00-04:00,0.20250406655342612,0.22530987322176993,0.19916159560784807,0.20608678460121155,778560000,0.0,0.0
2000-05-24 00:00:00-04:00,0.20584742308871298,0.20919080906162665,0.17623654161820845,0.20345954596996307,739632000,0.0,0.0
2000-05-25 00:00:00-04:00,0.20644438959543265,0.2187432027829317,0.1980868334564434,0.20059391856193542,569184000,0.0,0.0
2000-05-26 00:00:00-04:00,0.20160901546478271,0.20716053645824575,0.1891313784173944,0.20160901546478271,183456000,0.0,0.0
2000-05-30 00:00:00-04:00,0.20704132740101883,0.21516045313990553,0.20608673415497866,0.20990696549415588,303648000,0.0,0.0
2000-05-31 00:00:00-04:00,0.2091908553909577,0.22160887951428201,0.2091908553909577,0.21802616119384766,469536000,0.0,0.0
2000-06-01 00:00:00-04:00,0.2244744464697337,0.22650377027117294,0.21850385205484682,0.22411589324474335,418992000,0.0,0.0
2000-06-02 00:00:00-04:00,0.22877245027354073,0.25408535417965966,0.22877245027354073,0.251339852809906,592176000,0.0,0.0
2000-06-05 00:00:00-04:00,0.2509813682935,0.26936906144221734,0.2409512205985208,0.2567419707775116,491904000,0.0,0.0
2000-06-06 00:00:00-04:00,0.25766812780712883,0.2672196116839205,0.24262287979574598,0.2439369559288025,375888000,0.0,0.0
2000-06-07 00:00:00-04:00,0.24214608456244396,0.24417540933243045,0.2294887124191993,0.233071431517601,332352000,0.0,0.0
2000-06-08 00:00:00-04:00,0.239041038311329,0.23928035621725538,0.22542906379053734,0.23486225306987762,460704000,0.0,0.0
2000-06-09 00:00:00-04:00,0.2392803363853079,0.2521752169753483,0.23569761891209642,0.2415480762720108,467280000,0.0,0.0
2000-06-12 00:00:00-04:00,0.24262282950659766,0.24465308272368078,0.22972797503823136,0.2351006716489792,380016000,0.0,0.0
2000-06-13 00:00:00-04:00,0.22853409883047093,0.24262289580173263,0.22734015985101197,0.24250368773937225,447840000,0.0,0.0
2000-06-14 00:00:00-04:00,0.24704090347047078,0.2483540225240894,0.23907123907257768,0.24226514995098114,275088000,0.0,0.0
2000-06-15 00:00:00-04:00,0.24154803627332005,0.24859336018562317,0.2285339771484422,0.24859336018562317,338592000,0.0,0.0
2000-06-16 00:00:00-04:00,0.2476975365707898,0.28656277087788457,0.24763790522637075,0.28608500957489014,987840000,0.0,0.0
2000-06-19 00:00:00-04:00,0.28536887831235863,0.32715936202691065,0.2782043432940935,0.3039950132369995,1052160000,0.0,0.0
2000-06-20 00:00:00-04:00,0.30924951895705605,0.31283130922105973,0.29611531326299917,0.299935519695282,610272000,0.0,0.0
2000-06-21 00:00:00-04:00,0.29527890630900583,0.33623400325768665,0.29527890630900583,0.3303826153278351,614880000,0.0,0.0
2000-06-22 00:00:00-04:00,0.3289501470850636,0.33575612622402035,0.3092493160587325,0.31235334277153015,614352000,0.0,0.0
2000-06-23 00:00:00-04:00,0.3039950522117661,0.30781618723651083,0.28274171888895505,0.2828618288040161,607392000,0.0,0.0
2000-06-26 00:00:00-04:00,0.28847291373684836,0.31880089361642877,0.2839356020317671,0.31700998544692993,618288000,0.0,0.0
2000-06-27 00:00:00-04:00,0.31426347517566156,0.31951789216309345,0.2638761176667775,0.27223458886146545,604608000,0.0,2.0
2000-06-28 00:00:00-04:00,0.27796585422890346,0.28847285779474335,0.2540853342261037,0.26172760128974915,586608000,0.0,0.0
2000-06-29 00:00:00-04:00,0.25719029858991566,0.25719029858991566,0.21969780393394617,0.22399669885635376,1184880000,0.0,0.0
2000-06-30 00:00:00-04:00,0.2345036785006558,0.24692169958840546,0.22304117990948855,0.24286215007305145,1209192000,0.0,0.0
2000-07-03 00:00:00-04:00,0.24453389986119964,0.2521752665350513,0.23116035354193706,0.23354913294315338,232680000,0.0,0.0
2000-07-05 00:00:00-04:00,0.23259360609599972,0.2330713674334596,0.20154946309579538,0.20847466588020325,777936000,0.0,0.0
2000-07-06 00:00:00-04:00,0.20871303588321619,0.22877242139755036,0.2036979640424336,0.22113105654716492,603936000,0.0,0.0
2000-07-07 00:00:00-04:00,0.2292502002100746,0.23307133385269718,0.21778768746669552,0.22232501208782196,346560000,0.0,0.0
2000-07-10 00:00:00-04:00,0.21850387464403104,0.2392803554618761,0.21635534260466552,0.23378752171993256,351264000,0.0,0.0
2000-07-11 00:00:00-04:00,0.23068344399614685,0.26459320141049525,0.22805622206330226,0.25265294313430786,755304000,0.0,0.0
2000-07-12 00:00:00-04:00,0.263160019663374,0.27295084830903554,0.2548024751294365,0.25981664657592773,388152000,0.0,0.0
2000-07-13 00:00:00-04:00,0.26530941195498237,0.2856072140836125,0.26483165070917775,0.2841748595237732,458736000,0.0,0.0
2000-07-14 00:00:00-04:00,0.2899061708728313,0.2953981034317434,0.27510029695634514,0.2820254862308502,280200000,0.0,0.0
2000-07-17 00:00:00-04:00,0.2863242840288467,0.2865627000325588,0.2779658135658323,0.27892133593559265,105552000,0.0,0.0
2000-07-18 00:00:00-04:00,0.2636377037263066,0.2865627273826705,0.2636377037263066,0.2734285295009613,183672000,0.0,0.0
2000-07-19 00:00:00-04:00,0.26363771152603693,0.26554782732691773,0.25050351325575204,0.25599634647369385,189504000,0.0,0.0
2000-07-20 00:00:00-04:00,0.2557570087346287,0.26936896864720483,0.25504083143557155,0.262921541929245,142992000,0.0,0.0
2000-07-21 00:00:00-04:00,0.2636378409317701,0.271279209734853,0.25981670560559733,0.26626506447792053,251928000,0.0,0.0
2000-07-24 00:00:00-04:00,0.2665034685376882,0.2684135851894847,0.23307142596738284,0.24357843399047852,281112000,0.0,0.0
2000-07-25 00:00:00-04:00,0.24739946920005385,0.249309585080211,0.2340259251636281,0.23450368642807007,335304000,0.0,0.0
2000-07-26 00:00:00-04:00,0.2345036650891611,0.2345036650891611,0.21062406228914526,0.21707148849964142,380064000,0.0,0.0
2000-07-27 00:00:00-04:00,0.2101463599495195,0.21301198523634887,0.19868384513782272,0.2015494704246521,331560000,0.0,0.0
2000-07-28 00:00:00-04:00,0.20250403976028353,0.22136948810715232,0.19104152709164476,0.20632517337799072,512664000,0.0,0.0
2000-07-31 00:00:00-04:00,0.21778773690163789,0.22972801362392659,0.20632522155641908,0.2292502522468567,371232000,0.0,0.0
2000-08-01 00:00:00-04:00,0.22925024875098518,0.23116036505230733,0.22304123662817796,0.22471292316913605,350616000,0.0,0.0
2000-08-02 00:00:00-04:00,0.22160888507598742,0.23295127685794625,0.2180261666656378,0.2292502522468567,345432000,0.0,0.0
2000-08-03 00:00:00-04:00,0.2063251476415207,0.24453382816346794,0.2063251476415207,0.2392803132534027,368664000,0.0,0.0
2000-08-04 00:00:00-04:00,0.2450117183628155,0.24835416288019854,0.2397572988376637,0.24357843399047852,194784000,0.0,0.0
2000-08-07 00:00:00-04:00,0.2452500071727566,0.26483163052937453,0.2442944847539569,0.262682169675827,246936000,0.0,0.0
2000-08-08 00:00:00-04:00,0.2569510340690613,0.27127917611955576,0.25599644040713543,0.2569510340690613,128112000,0.0,0.0
2000-08-09 00:00:00-04:00,0.2602942872848702,0.26196595938929584,0.24572773737030376,0.24930952489376068,136248000,0.0,0.0
2000-08-10 00:00:00-04:00,0.24357832440293217,0.2579064611325164,0.2388025976618441,0.2521752119064331,156432000,0.0,0.0
2000-08-11 00:00:00-04:00,0.25265300813504615,0.25456312419197186,0.23450370812982543,0.24620555341243744,131928000,0.0,0.0
2000-08-14 00:00:00-04:00,0.24930953735638725,0.2516974140438895,0.2407126511036674,0.24859336018562317,108576000,0.0,0.0
2000-08-15 00:00:00-04:00,0.2497874343056705,0.2770104348741448,0.24907125674561564,0.27205589413642883,443328000,0.0,0.0
2000-08-16 00:00:00-04:00,0.2868011160362709,0.2868011160362709,0.27056286547257824,0.27892133593559265,266232000,0.0,0.0
2000-08-17 00:00:00-04:00,0.2751002380437137,0.2856072140836125,0.2741447155521045,0.2841748595237732,129816000,0.0,0.0
2000-08-18 00:00:00-04:00,0.28298102067285313,0.29754760599529034,0.28250328658752777,0.2942042052745819,204720000,0.0,0.0
2000-08-21 00:00:00-04:00,0.3049504105009942,0.31020392563612353,0.29802522299104706,0.2987414002418518,464472000,0.0,0.0
2000-08-22 00:00:00-04:00,0.28321944456905324,0.28942845683901264,0.267936682769406,0.2705629765987396,658872000,0.0,0.0
2000-08-23 00:00:00-04:00,0.26626499144011784,0.28680121399860325,0.26077215703274786,0.2863243818283081,352800000,0.0,0.0
2000-08-24 00:00:00-04:00,0.2846526320756813,0.2968313356995864,0.2793991438470689,0.2939656972885132,332616000,0.0,0.0
2000-08-25 00:00:00-04:00,0.2908617565697171,0.29706986790659473,0.2851305048352288,0.28656286001205444,153048000,0.0,0.0
2000-08-28 00:00:00-04:00,0.2879959775261396,0.3018463510513974,0.2846525784797983,0.2980251908302307,189264000,0.0,0.0
2000-08-29 00:00:00-04:00,0.2992191567209408,0.29993533396038297,0.2942040850185524,0.2973090410232544,149376000,0.0,0.0
2000-08-30 00:00:00-04:00,0.29396585103609746,0.3039950988027089,0.2908617949579818,0.299935519695282,178080000,0.0,0.0
2000-08-31 00:00:00-04:00,0.3044727425612078,0.3152190657038967,0.2985030488820607,0.3032788038253784,388896000,0.0,0.0
2000-09-01 00:00:00-04:00,0.30948784548887043,0.3123534572399768,0.3004131942017495,0.30375659465789795,204144000,0.0,0.0
2000-09-05 00:00:00-04:00,0.31092112986468523,0.3111595733138196,0.30208492122186387,0.3042343556880951,246144000,0.0,0.0
2000-09-06 00:00:00-04:00,0.30542821941586784,0.30542821941586784,0.28083151974081527,0.2832193970680237,230136000,0.0,0.0
2000-09-07 00:00:00-04:00,0.28751827362323656,0.29898077273506524,0.2755779859126618,0.29850301146507263,239760000,0.0,0.0
2000-09-08 00:00:00-04:00,0.29515965407083206,0.3018464265063113,0.27987599320052176,0.280831515789032,222648000,0.0,0.0
2000-09-11 00:00:00-04:00,0.2772496257253117,0.27892132521943763,0.25886194245358957,0.2693689167499542,285888000,0.0,0.0
2000-09-12 00:00:00-04:00,0.2696074204033333,0.2836971146840269,0.26363772742948777,0.2676973044872284,125976000,0.0,0.0
2000-09-13 00:00:00-04:00,0.2669811259031166,0.27199619815524956,0.2612498490042816,0.2675780951976776,239976000,0.0,0.0
2000-09-14 00:00:00-04:00,0.2688914177569473,0.28083168598129427,0.2617277815347524,0.26507118344306946,216336000,0.0,0.0
2000-09-15 00:00:00-04:00,0.2636377266810107,0.2746224918995235,0.2617276107703287,0.2708618640899658,242592000,0.0,0.0
2000-09-18 00:00:00-04:00,0.2715183587904478,0.2731900581699321,0.25217515451219263,0.2550407648086548,163488000,0.0,0.0
2000-09-19 00:00:00-04:00,0.24333991655728016,0.2636377192283021,0.24071269422393826,0.262921541929245,301104000,0.0,0.0
2000-09-20 00:00:00-04:00,0.2557570592898922,0.260772159729821,0.2502651540034948,0.25432470440864563,227568000,0.0,0.0
2000-09-21 00:00:00-04:00,0.2562348309812,0.2710407329754466,0.2559964148839672,0.2652498781681061,346824000,0.0,0.0
2000-09-22 00:00:00-04:00,0.23904105476179532,0.2731901672814332,0.23880263868837043,0.26984676718711853,387264000,0.0,0.0
2000-09-25 00:00:00-04:00,0.27820435415549666,0.29324960226076174,0.2760558216275603,0.28919002413749695,467568000,0.0,0.0
2000-09-26 00:00:00-04:00,0.2922940872803902,0.2994586227699794,0.278921468302328,0.2961152493953705,337344000,0.0,0.0
2000-09-27 00:00:00-04:00,0.2937272421535198,0.32620374439004773,0.2937272421535198,0.31235334277153015,676128000,0.0,0.0
2000-09-28 00:00:00-04:00,0.3094877130542024,0.32381584766477894,0.3018463491657887,0.3219057321548462,333816000,0.0,0.0
2000-09-29 00:00:00-04:00,0.31283116340637207,0.3247714516660819,0.30757767487884186,0.31283116340637207,373872000,0.0,0.0
2000-10-02 00:00:00-04:00,0.31712905685542553,0.3295470751695027,0.29754743627852326,0.3054281175136566,340584000,0.0,0.0
2000-10-03 00:00:00-04:00,0.3070999562501707,0.3094878338640623,0.2865628040725098,0.28895068168640137,300264000,0.0,0.0
2000-10-04 00:00:00-04:00,0.28130919443623986,0.2903838141704992,0.2774880343825028,0.28560715913772583,419568000,0.0,0.0
2000-10-05 00:00:00-04:00,0.2877566384060312,0.2877566384060312,0.27295074221952315,0.27892133593559265,525048000,0.0,0.0
2000-10-06 00:00:00-04:00,0.27963759150489337,0.2815477076023519,0.25766808624838117,0.26148831844329834,1027176000,0.0,0.0
2000-10-09 00:00:00-04:00,0.2548024803883026,0.2712791536998608,0.2368916210863625,0.267219603061676,665256000,0.0,0.0
2000-10-10 00:00:00-04:00,0.25599636765769573,0.26889124911270673,0.24453386820623568,0.24692171812057495,415944000,0.0,0.0
2000-10-11 00:00:00-04:00,0.2318773348477271,0.2626821337893034,0.22256337013812388,0.24907110631465912,535776000,0.0,0.0
2000-10-12 00:00:00-04:00,0.254563069448934,0.2693689389585479,0.23689153455258033,0.2392803132534027,401616000,0.0,0.0
2000-10-13 00:00:00-04:00,0.24095118350514866,0.2559964027314723,0.23838449387045846,0.2488318681716919,578976000,0.0,0.0
2000-10-16 00:00:00-04:00,0.24883187901756892,0.24883187901756892,0.23736937749602663,0.2431006282567978,339216000,0.0,0.0
2000-10-17 00:00:00-04:00,0.24214600465652444,0.24310059810115484,0.22280279319562976,0.22542907297611237,463248000,0.0,0.0
2000-10-18 00:00:00-04:00,0.21086248540773317,0.2347430181890074,0.20083232795553985,0.22184723615646362,416952000,0.0,0.0
2000-10-19 00:00:00-04:00,0.23617546484381594,0.24644405599543676,0.23259364793519477,0.24334000051021576,294888000,0.0,0.0
2000-10-20 00:00:00-04:00,0.23760877939612168,0.2722347356377337,0.2359370787901309,0.26602572202682495,387360000,0.0,0.0
2000-10-23 00:00:00-04:00,0.26817505591089974,0.26984672838894974,0.25169745771711743,0.26005592942237854,182112000,0.0,0.0
2000-10-24 00:00:00-04:00,0.25886216773970333,0.2631601362953314,0.25074303570376427,0.2516976296901703,193968000,0.0,0.0
2000-10-25 00:00:00-04:00,0.24477226798845125,0.24835405628624094,0.22805625387783854,0.22972795367240906,385512000,0.0,0.0
2000-10-26 00:00:00-04:00,0.2311603481526141,0.24835409915467999,0.21492209249150335,0.23951882123947144,265776000,0.0,0.0
2000-10-27 00:00:00-04:00,0.23975729381822863,0.2456682867818739,0.22542913727790287,0.2340260148048401,210960000,0.0,0.0
2000-10-30 00:00:00-05:00,0.2302057468866031,0.23539963169073286,0.21730994898510286,0.21754929423332214,192120000,0.0,0.0
2000-10-31 00:00:00-05:00,0.22614607710409446,0.24119038736600076,0.21922089108336065,0.23742885887622833,299256000,0.0,0.0
2000-11-01 00:00:00-05:00,0.23163806461238673,0.24071268602587706,0.22351893835474412,0.23736931383609772,304536000,0.0,0.0
2000-11-02 00:00:00-05:00,0.24572784402046827,0.26172765699779893,0.24166826625723278,0.2555186450481415,192888000,0.0,0.0
2000-11-03 00:00:00-05:00,0.2521752035690024,0.27701031544465815,0.25026508783973234,0.27223458886146545,268632000,0.0,0.0
2000-11-06 00:00:00-05:00,0.27868209181818054,0.3056666720490123,0.2770103916535877,0.29324957728385925,635040000,0.0,0.0
2000-11-07 00:00:00-05:00,0.28847284312704047,0.28847284312704047,0.2636377037263066,0.2734285295009613,258240000,0.0,0.0
2000-11-08 00:00:00-05:00,0.27653353724483415,0.27653353724483415,0.2612498755593784,0.2653094530105591,187080000,0.0,0.0
2000-11-09 00:00:00-05:00,0.2493095549961627,0.26172757500522875,0.2259067849340279,0.2376086413860321,564528000,0.0,0.0
2000-11-10 00:00:00-05:00,0.24572785087304394,0.25790652984485835,0.21874325632012886,0.22471292316913605,805248000,0.0,0.0
2000-11-13 00:00:00-05:00,0.2134897103390274,0.2502651124613755,0.20632517691746255,0.22566840052604675,530040000,0.0,0.0
2000-11-14 00:00:00-05:00,0.24071272651918313,0.2688912707932084,0.2388026377349834,0.2669811546802521,470736000,0.0,0.0
2000-11-15 00:00:00-05:00,0.2622053650345346,0.2705629076220681,0.2514590434792144,0.26345890760421753,423864000,0.0,0.0
2000-11-16 00:00:00-05:00,0.25599636765769573,0.2626822107740738,0.24453386820623568,0.24692171812057495,235536000,0.0,0.0
2000-11-17 00:00:00-05:00,0.24883187426450273,0.26148834171021407,0.23402597261058003,0.24214603006839752,178776000,0.0,0.0
2000-11-20 00:00:00-05:00,0.2331905595671171,0.23330976759891253,0.22089175870491046,0.223518967628479,298752000,0.0,0.0
2000-11-21 00:00:00-05:00,0.2330713587243704,0.23498147482508264,0.2077584806996573,0.21922098100185394,382512000,0.0,0.0
2000-11-22 00:00:00-05:00,0.21014635009087906,0.2168322075471405,0.19868383581692564,0.20775848627090454,409752000,0.0,0.0
2000-11-24 00:00:00-05:00,0.21014633618351355,0.22781786092518208,0.21014633618351355,0.21969781816005707,165072000,0.0,0.0
2000-11-27 00:00:00-05:00,0.23545923608725372,0.23689159086800898,0.2035191756333764,0.21229487657546997,363864000,0.0,0.0
2000-11-28 00:00:00-05:00,0.21551905157073634,0.21778770725524496,0.19175863858818948,0.19647477567195892,382344000,0.0,0.0
2000-11-29 00:00:00-05:00,0.199399991360511,0.19963842107608154,0.16954979070338716,0.18435567617416382,636408000,0.0,0.0
2000-11-30 00:00:00-05:00,0.16859432051574,0.16859432051574,0.13898344222470313,0.15474393963813782,981624000,0.0,0.0
2000-12-01 00:00:00-05:00,0.164296246233626,0.18626574403662616,0.16334072392021506,0.170027494430542,784080000,0.0,0.0
2000-12-04 00:00:00-05:00,0.17110227623758423,0.1767134026154978,0.15951963918535292,0.17265383899211884,474264000,0.0,0.0
2000-12-05 00:00:00-05:00,0.1848333940127497,0.1915192491644628,0.16763963536052792,0.1838778853416443,997224000,0.0,0.0
2000-12-06 00:00:00-05:00,0.1802960683773617,0.1853102376402182,0.15665396897854578,0.1576094776391983,950928000,0.0,0.0
2000-12-07 00:00:00-05:00,0.14996819737397304,0.16310240069787924,0.14184906795303542,0.15474393963813782,785184000,0.0,0.0
2000-12-08 00:00:00-05:00,0.1707437079931027,0.1910415243298244,0.15480348863872861,0.19008693099021912,853392000,0.0,0.0
2000-12-11 00:00:00-05:00,0.1838779203123404,0.1939071490394626,0.17910217974589224,0.19008693099021912,757632000,0.0,0.0
2000-12-12 00:00:00-05:00,0.18531031284968885,0.18865368583805178,0.17862445505761484,0.18483346700668335,409512000,0.0,0.0
2000-12-13 00:00:00-05:00,0.18411632912929166,0.18722128527083556,0.16716189942599413,0.17050528526306152,675072000,0.0,0.0
2000-12-14 00:00:00-05:00,0.16931045396605987,0.17074372421365022,0.15474389932917737,0.15880346298217773,569016000,0.0,0.0
2000-12-15 00:00:00-05:00,0.1487742165689581,0.15808728235397632,0.1423258738577843,0.14304296672344208,1094424000,0.0,0.0
2000-12-18 00:00:00-05:00,0.14901263878396254,0.15283378645286733,0.14566925242893147,0.1477591097354889,658872000,0.0,0.0
2000-12-19 00:00:00-05:00,0.14996815310550501,0.16334076860726054,0.1337289835436535,0.13659460842609406,946200000,0.0,0.0
2000-12-20 00:00:00-05:00,0.12966948715362328,0.148534959795282,0.11510292548192998,0.12178970128297806,1105392000,0.0,0.0
2000-12-21 00:00:00-05:00,0.12011790193576705,0.1365945670480031,0.10507267556121358,0.10650594532489777,845256000,0.0,0.0
2000-12-22 00:00:00-05:00,0.11510286027774332,0.14614699850955112,0.11510286027774332,0.1339683085680008,949080000,0.0,0.0
2000-12-26 00:00:00-05:00,0.13564005264873444,0.13707240773057974,0.11987864000286261,0.12847551703453064,343824000,0.0,0.0
2000-12-27 00:00:00-05:00,0.12704316791147222,0.14232591800509017,0.12178967773053855,0.13707241415977478,339456000,0.0,0.0
2000-12-28 00:00:00-05:00,0.13158046766580891,0.14137128214447162,0.1294310198618547,0.1377885639667511,419232000,0.0,0.0
2000-12-29 00:00:00-05:00,0.1375501356079279,0.14208744689507571,0.12226647444462312,0.12519170343875885,495168000,0.0,0.0
2001-01-02 00:00:00-05:00,0.12608761341572045,0.12775929961024093,0.11390892330341885,0.1143866777420044,290808000,0.0,0.0
2001-01-03 00:00:00-05:00,0.11080392672395102,0.15068427977232998,0.10793829597303997,0.1494903415441513,910368000,0.0,0.0
2001-01-04 00:00:00-05:00,0.1468631268776841,0.17050523708845353,0.14280356491660115,0.166684091091156,815448000,0.0,0.0
2001-01-05 00:00:00-05:00,0.16525089073911686,0.16596798362141582,0.13850564507427746,0.14172890782356262,432768000,0.0,0.0
2001-01-08 00:00:00-05:00,0.13778858737550195,0.16143071353750996,0.13778858737550195,0.15522170066833496,573768000,0.0,0.0
2001-01-09 00:00:00-05:00,0.15737115295399154,0.16143071776023557,0.14972885560326396,0.15832574665546417,302904000,0.0,0.0
2001-01-10 00:00:00-05:00,0.15020658456484023,0.17002755838416556,0.14662478197277684,0.16931046545505524,392928000,0.0,0.0
2001-01-11 00:00:00-05:00,0.1652508835897606,0.19056468893477124,0.1623852587244789,0.18340016901493073,447648000,0.0,0.0
2001-01-12 00:00:00-05:00,0.18650422329698785,0.19772832117326544,0.17766891835025114,0.17957903444766998,669000000,0.0,0.0
2001-01-16 00:00:00-05:00,0.1805345724466213,0.1805345724466213,0.16262461578096965,0.1654902547597885,414984000,0.0,0.0
2001-01-17 00:00:00-05:00,0.1781466398338633,0.18340014114594463,0.17074369132112668,0.1714598685503006,592584000,0.0,0.0
2001-01-18 00:00:00-05:00,0.17145989711753104,0.20919082319680296,0.167639678804813,0.20435547828674316,948168000,0.0,0.0
2001-01-19 00:00:00-05:00,0.21014628293655163,0.2177876469513993,0.195818148088902,0.19892220199108124,1018704000,0.0,0.0
2001-01-22 00:00:00-05:00,0.19295257564737672,0.20059394171343076,0.18554962564647173,0.19104154407978058,377712000,0.0,0.0
2001-01-23 00:00:00-05:00,0.1886536245739836,0.21396652365743898,0.1876990313489396,0.21008668839931488,433632000,0.0,0.0
2001-01-24 00:00:00-05:00,0.20990702291431979,0.212056470702157,0.19701215354968502,0.20919084548950195,451728000,0.0,0.0
2001-01-25 00:00:00-05:00,0.20202722539208529,0.20250407121843425,0.1838779515352609,0.18817593157291412,440016000,0.0,0.0
2001-01-26 00:00:00-05:00,0.17766887307162094,0.19641512437381467,0.17635574032728077,0.19414646923542023,259248000,0.0,0.0
2001-01-29 00:00:00-05:00,0.18817590890737623,0.1953404287916792,0.18149005215414588,0.19510109722614288,354168000,0.0,0.0
2001-01-30 00:00:00-05:00,0.1982061123037856,0.20357880996958058,0.19438496402087937,0.19940003752708435,243720000,0.0,0.0
2001-01-31 00:00:00-05:00,0.1996384825877572,0.20728076607449616,0.19295262380465023,0.1972506046295166,358344000,0.0,0.0
2001-02-01 00:00:00-05:00,0.19725060444997977,0.19963848240604695,0.18865371363014458,0.19826573133468628,371856000,0.0,0.0
2001-02-02 00:00:00-05:00,0.1984444599827675,0.20298177053377897,0.17766888380943935,0.17910216748714447,320520000,0.0,0.0
2001-02-05 00:00:00-05:00,0.17886283993721008,0.180056778531025,0.16835584963371852,0.17886283993721008,367584000,0.0,0.0
2001-02-06 00:00:00-05:00,0.17551946793867726,0.1834001793029748,0.17510223982173348,0.17981837689876556,250440000,0.0,0.0
2001-02-07 00:00:00-05:00,0.17862440104581545,0.18005675550416328,0.16190838835004226,0.1714598685503006,720384000,0.0,0.0
2001-02-08 00:00:00-05:00,0.17241540104493072,0.18220621334742243,0.16978819247886892,0.17050528526306152,384288000,0.0,0.0
2001-02-09 00:00:00-05:00,0.16907204937572606,0.1702659881278734,0.16310236927936794,0.16931046545505524,259608000,0.0,0.0
2001-02-12 00:00:00-05:00,0.16740038543923327,0.16931050201963085,0.15665405982887687,0.1647741049528122,354336000,0.0,0.0
2001-02-13 00:00:00-05:00,0.16787805138671863,0.17766886221309017,0.16596793589282963,0.1697881668806076,467736000,0.0,0.0
2001-02-14 00:00:00-05:00,0.16763971562208851,0.1872213466463905,0.16047518035939273,0.18220627307891846,690888000,0.0,0.0
2001-02-15 00:00:00-05:00,0.20728067832325528,0.2192209375800114,0.20584740831270348,0.21563822031021118,1108512000,0.0,0.0
2001-02-16 00:00:00-05:00,0.2046534912201834,0.23307133690924045,0.20441507517155402,0.22734008729457855,1081176000,0.0,0.0
2001-02-20 00:00:00-05:00,0.22160888109432259,0.22638462275917598,0.2044151152176061,0.2046535313129425,701304000,0.0,0.0
2001-02-21 00:00:00-05:00,0.19701211814510702,0.222563422535882,0.1948626707435419,0.21396654844284058,646512000,0.0,0.0
2001-02-22 00:00:00-05:00,0.21277263164595378,0.22925021788511815,0.20632519063085522,0.22304120659828186,815304000,0.0,0.0
2001-02-23 00:00:00-05:00,0.22184725293278737,0.22542905505078972,0.20059392709491974,0.20763832330703735,1034664000,0.0,0.0
2001-02-26 00:00:00-05:00,0.20154940074591948,0.20728066300257184,0.19414646624292786,0.20298175513744354,751824000,0.0,0.0
2001-02-27 00:00:00-05:00,0.1979667147037369,0.2058474252933417,0.18960917202735575,0.19080311059951782,533832000,0.0,0.0
2001-02-28 00:00:00-05:00,0.18936989968094453,0.20059398612432472,0.16716196027477737,0.17074376344680786,784056000,0.0,0.0
2001-03-01 00:00:00-05:00,0.1685943138819086,0.18722135180428923,0.1528338170886163,0.1842356026172638,915288000,0.0,0.0
2001-03-02 00:00:00-05:00,0.17098217247701059,0.183161766605309,0.16429631469379988,0.166505366563797,1413504000,0.0,0.0
2001-03-05 00:00:00-05:00,0.15999735450521851,0.17241538810625362,0.15904276127470154,0.1681164801120758,742296000,0.0,0.0
2001-03-06 00:00:00-05:00,0.17671339504212952,0.19032535556603383,0.17372856217838306,0.18435567617416382,834408000,0.0,0.0
2001-03-07 00:00:00-05:00,0.18841521042194762,0.19963839013503668,0.185071824821946,0.19916154444217682,938280000,0.0,0.0
2001-03-08 00:00:00-05:00,0.19343032113811087,0.2079968747059345,0.19343032113811087,0.20584742724895477,829344000,0.0,0.0
2001-03-09 00:00:00-05:00,0.1951011188565798,0.19605662786250116,0.1733709444400074,0.19128088653087616,1216776000,0.0,0.0
2001-03-12 00:00:00-05:00,0.18483343745419178,0.19343032563301807,0.17623654927536553,0.18435567617416382,762144000,0.0,0.0
2001-03-13 00:00:00-05:00,0.18674354772166457,0.20919081179343288,0.18578802519064624,0.20632517337799072,1082352000,0.0,0.0
2001-03-14 00:00:00-05:00,0.1970121628746969,0.21874325416599072,0.1970121628746969,0.21802616119384766,1351128000,0.0,0.0
2001-03-15 00:00:00-05:00,0.2313995936273237,0.24351866246328774,0.22304112414471383,0.22877237200737,1875984000,0.0,0.0
2001-03-16 00:00:00-05:00,0.2251906248395758,0.23402591472280762,0.21850385311968623,0.2278178334236145,1225200000,0.0,0.0
2001-03-19 00:00:00-05:00,0.22662299900297148,0.24262282323381865,0.21426549650143661,0.24095115065574646,943896000,0.0,0.0
2001-03-20 00:00:00-05:00,0.23808551811064033,0.25313076299272,0.21587758415643102,0.21850387752056122,1990560000,0.0,0.0
2001-03-21 00:00:00-05:00,0.21898162154849954,0.24119045560027355,0.21778768299028828,0.23474302887916565,1877352000,0.0,0.0
2001-03-22 00:00:00-05:00,0.23689166691554106,0.2593398699077014,0.2349815502021045,0.2583843469619751,1697760000,0.0,0.0
2001-03-23 00:00:00-05:00,0.26315995028142375,0.2679366062212318,0.24310056423692947,0.25599634647369385,1509672000,0.0,0.0
2001-03-26 00:00:00-05:00,0.2559963893205235,0.27127912198312326,0.2559963893205235,0.26984676718711853,1542960000,0.0,0.0
2001-03-27 00:00:00-05:00,0.2645932402581484,0.27390630529758675,0.24883181935939755,0.26005592942237854,1702152000,0.0,0.0
2001-03-28 00:00:00-05:00,0.25289134019653525,0.2669810581644871,0.25217516306029586,0.26023468375205994,1433280000,0.0,0.0
2001-03-29 00:00:00-05:00,0.2579661049613505,0.27319016251786243,0.2526530121494976,0.26411551237106323,1632960000,0.0,0.0
2001-03-30 00:00:00-05:00,0.2622053801331467,0.26721955070061004,0.24644398554265637,0.2480560541152954,1423176000,0.0,0.0
2001-04-02 00:00:00-04:00,0.24739943934649816,0.25336913148763646,0.23450365813064128,0.2376086413860321,1265160000,0.0,0.0
2001-04-03 00:00:00-04:00,0.23402596631179132,0.251936851743223,0.23378755022645561,0.2454884946346283,1991616000,0.0,0.0
2001-04-04 00:00:00-04:00,0.2361754199323007,0.23665318126484894,0.20560902491941765,0.2201755940914154,3362472000,0.0,0.0
2001-04-05 00:00:00-04:00,0.23474307778301629,0.2442945609098069,0.22829473420530647,0.24047432839870453,1724760000,0.0,0.0
2001-04-06 00:00:00-04:00,0.2373693598214923,0.25217526065578205,0.23330978224183596,0.23951882123947144,1547664000,0.0,0.0
2001-04-09 00:00:00-04:00,0.2441514690571672,0.2500734457906351,0.22409206893864042,0.22787469625473022,1097160000,0.0,0.0
2001-04-10 00:00:00-04:00,0.2333381589771891,0.25676018114451427,0.23119878253537818,0.24938565492630005,1186416000,0.0,0.0
2001-04-11 00:00:00-04:00,0.26474543111034154,0.27433634648146715,0.2571425729605203,0.26444005966186523,1426872000,0.0,0.0
2001-04-12 00:00:00-04:00,0.25954978682715746,0.27987601446363175,0.2545823753040007,0.2684135138988495,1440264000,0.0,0.0
2001-04-16 00:00:00-04:00,0.2636376062930953,0.2691781259719514,0.25706548129087553,0.26187971234321594,764112000,0.0,0.0
2001-04-17 00:00:00-04:00,0.25802108980834776,0.27681960999916194,0.25790647301717,0.2747178375720978,1112448000,0.0,0.0
2001-04-18 00:00:00-04:00,0.2862949812724193,0.3224789065562485,0.2862949812724193,0.29519814252853394,2301864000,0.0,0.0
2001-04-19 00:00:00-04:00,0.2968789581191003,0.32564987326242745,0.29554198102660645,0.3205678462982178,1632264000,0.0,0.0
2001-04-20 00:00:00-04:00,0.31670918521500746,0.3438368291822072,0.30834155730073326,0.3322596848011017,1773840000,0.0,0.0
2001-04-23 00:00:00-04:00,0.32503837053114343,0.3253446439627727,0.3113979843669915,0.31472209095954895,1239000000,0.0,0.0
2001-04-24 00:00:00-04:00,0.3138435780222333,0.33734174688577523,0.2875183310232548,0.29244720935821533,1828320000,0.0,0.0
2001-04-25 00:00:00-04:00,0.29321109154243735,0.31632685034544705,0.2921033475632909,0.30589595437049866,1423728000,0.0,0.0
2001-04-26 00:00:00-04:00,0.3125442238461232,0.3125442238461232,0.2789214582654292,0.28178709745407104,1486008000,0.0,0.0
2001-04-27 00:00:00-04:00,0.2926763880760529,0.3031072815232846,0.2869827428166411,0.3018464148044586,915672000,0.0,0.0
2001-04-30 00:00:00-04:00,0.310060742810271,0.33604212201624273,0.30348861791154513,0.31827524304389954,1583280000,0.0,0.0
2001-05-01 00:00:00-04:00,0.31942167063150234,0.34884271622473995,0.31426353190309886,0.3480018377304077,1867368000,0.0,0.0
2001-05-02 00:00:00-04:00,0.3570572624413648,0.3570572624413648,0.33546923705629916,0.340016633272171,1547784000,0.0,0.0
2001-05-03 00:00:00-04:00,0.3297379995187931,0.3400542794396848,0.32767475993187234,0.33852654695510864,960504000,0.0,0.0
2001-05-04 00:00:00-04:00,0.3285916933751898,0.34857497307924157,0.32706398847906276,0.3431876003742218,953520000,0.0,0.0
2001-05-07 00:00:00-04:00,0.34188826939661016,0.36106917913283865,0.3378763799115746,0.358585923910141,975600000,0.0,0.0
2001-05-08 00:00:00-04:00,0.3638961636229367,0.3640493139501524,0.3295856531374787,0.3326420187950134,1620144000,0.0,0.0
2001-05-09 00:00:00-04:00,0.3220579774755725,0.32905009282397724,0.31483660124330615,0.3170529901981354,1319040000,0.0,0.0
2001-05-10 00:00:00-04:00,0.32622312971189427,0.3300818689003052,0.30261036891665105,0.30639299750328064,998904000,0.0,0.0
2001-05-11 00:00:00-04:00,0.30562912163936323,0.30757774428482954,0.29244723041560755,0.2985599637031555,921216000,0.0,0.0
2001-05-14 00:00:00-04:00,0.29943927962328093,0.30467352868325653,0.2886645354781008,0.30112016201019287,702432000,0.0,0.0
2001-05-15 00:00:00-04:00,0.3037564968730236,0.32477140443328173,0.30031772015268676,0.31193336844444275,1242600000,0.0,0.0
2001-05-16 00:00:00-04:00,0.30478807802285063,0.3285915820754619,0.302839456257371,0.3266429603099823,957096000,0.0,0.0
2001-05-17 00:00:00-04:00,0.327713077126424,0.34196510056638646,0.3226695842341077,0.3324127197265625,919056000,0.0,0.0
2001-05-18 00:00:00-04:00,0.3313051589434998,0.3400542707519188,0.32324287357816783,0.32973799109458923,575832000,0.0,0.0
2001-05-21 00:00:00-04:00,0.32901262969901063,0.3515167426472883,0.3224019667546374,0.34463924169540405,1064688000,0.0,0.0
2001-05-22 00:00:00-04:00,0.34968282626814,0.3583943351653147,0.33623409433578894,0.3549555838108063,1049976000,0.0,0.0
2001-05-23 00:00:00-04:00,0.36890220120540995,0.38208409248962616,0.34769653099775005,0.3519376814365387,2244912000,0.0,0.0
2001-05-24 00:00:00-04:00,0.3496065212809498,0.3661886510409308,0.33909954559794103,0.35713326930999756,1680576000,0.0,0.0
2001-05-25 00:00:00-04:00,0.3499504485978332,0.3551470933738442,0.3438753209878681,0.3503704369068146,947952000,0.0,0.0
2001-05-29 00:00:00-04:00,0.3483842207548542,0.34846033134019866,0.33126658117267593,0.33600470423698425,920568000,0.0,0.0
2001-05-30 00:00:00-04:00,0.32809564182179946,0.3447538886140822,0.3262992403184,0.32973799109458923,3308904000,0.0,0.0
2001-05-31 00:00:00-04:00,0.3323742233790048,0.3343228452297547,0.3200332431642541,0.327101469039917,1262928000,0.0,0.0
2001-06-01 00:00:00-04:00,0.3293564668764372,0.34800183867456536,0.32744542161948387,0.34521231055259705,1022472000,0.0,0.0
2001-06-04 00:00:00-04:00,0.34544154619051265,0.34727555154969814,0.33531692601372226,0.3398634195327759,621552000,0.0,0.0
2001-06-05 00:00:00-04:00,0.3394809883659737,0.36125976139870947,0.3389078771434018,0.35770636796951294,987168000,0.0,0.0
2001-06-06 00:00:00-04:00,0.359044442539176,0.36393481538254435,0.3538092900204199,0.3592351973056793,698976000,0.0,0.0
2001-06-07 00:00:00-04:00,0.35606412138075877,0.3805553600025627,0.35342774361512386,0.37952375411987305,1141152000,0.0,0.0
2001-06-08 00:00:00-04:00,0.3783774829524657,0.37895059426316957,0.3657301999568313,0.3696659505367279,712680000,0.0,0.0
2001-06-11 00:00:00-04:00,0.3702005359600025,0.37062142605468223,0.353121378343595,0.35885265469551086,581928000,0.0,0.0
2001-06-12 00:00:00-04:00,0.35132592970498244,0.37616104314657217,0.3505620637348674,0.37081217765808105,1102728000,0.0,0.0
2001-06-13 00:00:00-04:00,0.37352480633730833,0.3791799746168151,0.35514719698003366,0.3583567142486572,938712000,0.0,0.0
2001-06-14 00:00:00-04:00,0.3537330696746191,0.36370546888324995,0.34865104179219003,0.35759180784225464,946152000,0.0,0.0
2001-06-15 00:00:00-04:00,0.35342766354164373,0.3694751601052861,0.34685550913633256,0.3631707727909088,1094544000,0.0,0.0
2001-06-18 00:00:00-04:00,0.36225376861341824,0.36813723827417866,0.34483076214894925,0.3488041162490845,856656000,0.0,0.0
2001-06-19 00:00:00-04:00,0.3553764417055863,0.36366703154750385,0.3226697621131839,0.32973799109458923,1513128000,0.0,0.0
2001-06-20 00:00:00-04:00,0.32366272267892987,0.34769639072007935,0.3169383744023262,0.3439137637615204,1759200000,0.0,0.0
2001-06-21 00:00:00-04:00,0.34253834204976014,0.35648406908929686,0.33336831494880614,0.3504089415073395,1484568000,0.0,0.0
2001-06-22 00:00:00-04:00,0.3486509941219092,0.3579741428320375,0.34425765145687376,0.34884265065193176,761184000,0.0,0.0
2001-06-25 00:00:00-04:00,0.3527400523615319,0.3541916468311995,0.3379909933334626,0.34815505146980286,640032000,0.0,0.0
2001-06-26 00:00:00-04:00,0.34043652519107126,0.3599227995002366,0.3390995480122728,0.3582034111022949,757920000,0.0,0.0
2001-06-27 00:00:00-04:00,0.35648405156432134,0.35724791755814733,0.3410481975877629,0.34712332487106323,895752000,0.0,0.0
2001-06-28 00:00:00-04:00,0.3517844182251145,0.35629330709041585,0.34769641947487984,0.351211279630661,909336000,0.0,0.0
2001-06-29 00:00:00-04:00,0.3524721904288801,0.35992282853984714,0.34849880827640345,0.35438230633735657,730920000,0.0,0.0
2001-07-02 00:00:00-04:00,0.34036050208132773,0.34322611370927675,0.33355911197210714,0.3386787176132202,1040016000,0.0,0.0
2001-07-03 00:00:00-04:00,0.3363485402686001,0.3465501723017005,0.33462917912941326,0.3429968059062958,406296000,0.0,0.0
2001-07-05 00:00:00-04:00,0.33890803508649375,0.3410097809366652,0.3177023633937392,0.3181232810020447,1020096000,0.0,0.0
2001-07-06 00:00:00-04:00,0.31334652097628163,0.3157921711830237,0.3022278720175978,0.30834153294563293,802824000,0.0,0.0
2001-07-09 00:00:00-04:00,0.30432964713816224,0.3117041748589693,0.2953503749612201,0.29825451970100403,1014072000,0.0,0.0
2001-07-10 00:00:00-04:00,0.30222792242462737,0.30623981152821095,0.2970698105243155,0.30070021748542786,1221744000,0.0,0.0
2001-07-11 00:00:00-04:00,0.2995538883693848,0.3049412598056801,0.29084238424710357,0.3001269996166229,904632000,0.0,0.0
2001-07-12 00:00:00-04:00,0.3142634571726188,0.31808461758979545,0.30662209284449904,0.31586822867393494,981552000,0.0,0.0
2001-07-13 00:00:00-04:00,0.3135380901431742,0.3169768389876944,0.3028009262558772,0.30933454632759094,690144000,0.0,0.0
2001-07-16 00:00:00-04:00,0.3058583502562656,0.309487855616004,0.2829333461822184,0.28446105122566223,1191696000,0.0,0.0
2001-07-17 00:00:00-04:00,0.27968523794903194,0.3031448674324905,0.2770103270086081,0.30035626888275146,1169904000,0.0,0.0
2001-07-18 00:00:00-04:00,0.293211029474183,0.3013108897767206,0.28381176886999565,0.2899630069732666,840984000,0.0,0.0
2001-07-19 00:00:00-04:00,0.2941664922702485,0.30688988455350946,0.28965760350934056,0.29462501406669617,840024000,0.0,0.0
2001-07-20 00:00:00-04:00,0.28728904632329794,0.293822668848621,0.2770103729561775,0.2861427962779999,742464000,0.0,0.0
2001-07-23 00:00:00-04:00,0.28656278157260684,0.2869451655333082,0.25870887570566864,0.25905275344848633,1547976000,0.0,0.0
2001-07-24 00:00:00-04:00,0.2625299511765483,0.27681958084825475,0.2569894569675757,0.27659034729003906,1365312000,0.0,0.0
2001-07-25 00:00:00-04:00,0.276093352685302,0.2766288869425583,0.2647078659541294,0.27391546964645386,1245888000,0.0,0.0
2001-07-26 00:00:00-04:00,0.27131762779186214,0.3037565307297598,0.2699421169504128,0.3018464148044586,1714152000,0.0,0.0
2001-07-27 00:00:00-04:00,0.3012733724737308,0.3128120133197699,0.2922940975775193,0.30948787927627563,1094688000,0.0,0.0
2001-07-30 00:00:00-04:00,0.30987020719738895,0.3111310740908499,0.298789161160035,0.30211329460144043,582288000,0.0,0.0
2001-07-31 00:00:00-04:00,0.3025343159131847,0.31044345240272325,0.291530278540009,0.3091055452823639,1187760000,0.0,0.0
2001-08-01 00:00:00-04:00,0.3151805582497336,0.3295857099806675,0.31300267495540274,0.32798096537590027,1204944000,0.0,0.0
2001-08-02 00:00:00-04:00,0.3321450877175816,0.33695932171052806,0.32091182040985744,0.3357754945755005,1097928000,0.0,0.0
2001-08-03 00:00:00-04:00,0.3324127408309576,0.33829711230700704,0.32614686002542514,0.33313900232315063,820344000,0.0,0.0
2001-08-06 00:00:00-04:00,0.3307694890280688,0.3466262587256148,0.3272161228802532,0.34322601556777954,1292568000,0.0,0.0
2001-08-07 00:00:00-04:00,0.3431490520599114,0.34483083628684913,0.3341321754512556,0.33814406394958496,1088616000,0.0,0.0
2001-08-08 00:00:00-04:00,0.33520248773682043,0.34387549110080884,0.32805721719839076,0.32954734563827515,1125696000,0.0,0.0
2001-08-09 00:00:00-04:00,0.32801855953151754,0.33447607129673135,0.3178939386367798,0.323777437210083,1643616000,0.0,0.0
2001-08-10 00:00:00-04:00,0.32362517127453,0.3278277871522807,0.31369040378326335,0.3233959376811981,1036488000,0.0,0.0
2001-08-13 00:00:00-04:00,0.32893552314160857,0.3406272833175139,0.32404515194155065,0.33695927262306213,1514784000,0.0,0.0
2001-08-14 00:00:00-04:00,0.3308465803214286,0.3329859299143529,0.32385443638797695,0.32801854610443115,2321160000,0.0,0.0
2001-08-15 00:00:00-04:00,0.3354314987378702,0.33936634657375114,0.32549670620178955,0.3284008502960205,1816392000,0.0,0.0
2001-08-16 00:00:00-04:00,0.3223642884171926,0.34272904674370924,0.32106491551734123,0.34223201870918274,1026096000,0.0,0.0
2001-08-17 00:00:00-04:00,0.33355901445297054,0.33791475269236476,0.3173583398610721,0.3200717568397522,1668840000,0.0,0.0
2001-08-20 00:00:00-04:00,0.3180461451080273,0.3212941676135223,0.3081122793896017,0.3178554177284241,1183320000,0.0,0.0
2001-08-21 00:00:00-04:00,0.3186578158945158,0.3270639775759549,0.31067257172842977,0.3111686706542969,1186656000,0.0,0.0
2001-08-22 00:00:00-04:00,0.3166705593662801,0.3243128245441674,0.3066220527640624,0.32396894693374634,1498104000,0.0,0.0
2001-08-23 00:00:00-04:00,0.3228604945413035,0.32702550722843493,0.3152191266478353,0.31678536534309387,1013592000,0.0,0.0
2001-08-24 00:00:00-04:00,0.32018647334240746,0.3323743346520122,0.31831396143311386,0.32584071159362793,1110936000,0.0,0.0
2001-08-27 00:00:00-04:00,0.3185431104957579,0.3414295990111963,0.31732075019250605,0.3371123671531677,1279608000,0.0,0.0
2001-08-28 00:00:00-04:00,0.33619547730020233,0.34368462266301153,0.3301203491766077,0.3327181935310364,1178760000,0.0,0.0
2001-08-29 00:00:00-04:00,0.3336351589599532,0.33573690405894596,0.3192309109876052,0.32202041149139404,1435800000,0.0,0.0
2001-08-30 00:00:00-04:00,0.31598294331566906,0.32324282787759073,0.30853230402292786,0.32098883390426636,1431312000,0.0,0.0
2001-08-31 00:00:00-04:00,0.3188484974040328,0.3266054086890627,0.3146458817569822,0.32366275787353516,887904000,0.0,0.0
2001-09-04 00:00:00-04:00,0.3227843565804678,0.3227843565804678,0.29890383023042505,0.30115872621536255,1856136000,0.0,0.0
2001-09-05 00:00:00-04:00,0.30089101394907225,0.30987028960692375,0.28866464375417844,0.30757778882980347,2395584000,0.0,0.0
2001-09-06 00:00:00-04:00,0.3015024674917513,0.31101634240547166,0.29363094099345105,0.2950064241886139,1950768000,0.0,0.0
2001-09-07 00:00:00-04:00,0.29038394746676816,0.30261034253971314,0.2888553133053464,0.29810142517089844,1970256000,0.0,0.0
2001-09-10 00:00:00-04:00,0.29557958873837226,0.3001269834239049,0.2834678420107036,0.28946685791015625,1872360000,0.0,2.0
2001-09-17 00:00:00-04:00,0.2714322002958849,0.27808046517308116,0.25844104198777745,0.2597404420375824,1138596000,0.0,0.0
2001-09-18 00:00:00-04:00,0.26478399849961165,0.2666941145682948,0.23819098731292854,0.24407538771629333,894372000,0.0,0.0
2001-09-19 00:00:00-04:00,0.24545083432647402,0.2482779390462214,0.20678367030811703,0.24109509587287903,1561908000,0.0,0.0
2001-09-20 00:00:00-04:00,0.2281801202385827,0.23651014510126012,0.21396660948454438,0.22069188952445984,1470696000,0.0,0.0
2001-09-21 00:00:00-04:00,0.20365028262741514,0.21610682361029676,0.19875991170502702,0.20609591901302338,1226304000,0.0,0.0
2001-09-24 00:00:00-04:00,0.22244886183411694,0.23261289215534475,0.21259109125846365,0.2292502522468567,1507500000,0.0,0.0
2001-09-25 00:00:00-04:00,0.22993794322728575,0.2398718079440469,0.2196216809478366,0.22030943632125854,941724000,0.0,0.0
2001-09-26 00:00:00-04:00,0.22313660209314556,0.2239013837633295,0.21014636818323582,0.21236184239387512,430812000,0.0,0.0
2001-09-27 00:00:00-04:00,0.21159792278027112,0.21396654676074434,0.19493877978760565,0.20059391856193542,907296000,0.0,0.0
2001-09-28 00:00:00-04:00,0.20632510994620595,0.22015622874150328,0.19753749736085408,0.20991700887680054,1044876000,0.0,0.0
2001-10-01 00:00:00-04:00,0.2097639417191901,0.21320269150203494,0.18874903176786847,0.19211167097091675,972804000,0.0,0.0
2001-10-02 00:00:00-04:00,0.19180633203398761,0.19944769835457143,0.17316003068077984,0.18248318135738373,1123032000,0.0,0.0
2001-10-03 00:00:00-04:00,0.18156616886901641,0.22993796991391416,0.18156616886901641,0.21839934587478638,1798824000,0.0,0.0
2001-10-04 00:00:00-04:00,0.23001407204061186,0.2582888657148963,0.2220673349108436,0.24674932658672333,1980576000,0.0,0.0
2001-10-05 00:00:00-04:00,0.24300518835036278,0.2574479693452256,0.23375907891787215,0.2514113485813141,1078212000,0.0,0.0
2001-10-08 00:00:00-04:00,0.24147659080852127,0.2666180081907055,0.24147659080852127,0.25706562399864197,765900000,0.0,0.0
2001-10-09 00:00:00-04:00,0.25775331387126416,0.2628738475372492,0.2385733395981958,0.24590933322906494,917556000,0.0,0.0
2001-10-10 00:00:00-04:00,0.24155359802993162,0.2636377171312409,0.2399488536711541,0.26172760128974915,968124000,0.0,0.0
2001-10-11 00:00:00-04:00,0.2757119123542943,0.2908424517952181,0.274259388875908,0.29007765650749207,918000000,0.0,0.0
2001-10-12 00:00:00-04:00,0.28274166689812186,0.3094878307836027,0.28174853981946063,0.3089532256126404,1253100000,0.0,0.0
2001-10-15 00:00:00-04:00,0.29993549101114175,0.31712927416830905,0.29153025606119637,0.30757778882980347,908568000,0.0,0.0
2001-10-16 00:00:00-04:00,0.3071953778042325,0.34097126873859124,0.3008524813293266,0.33852654695510864,1383852000,0.0,0.0
2001-10-17 00:00:00-04:00,0.3460146613514107,0.34616781169111904,0.31712915177619744,0.318657785654068,1695540000,0.0,0.0
2001-10-18 00:00:00-04:00,0.31865774161147925,0.33523987098862695,0.31789387570256783,0.33210739493370056,1020864000,0.0,0.0
2001-10-19 00:00:00-04:00,0.3273692868125706,0.3438753077040037,0.32324278158971237,0.3389849364757538,1059264000,0.0,0.0
2001-10-22 00:00:00-04:00,0.3364631059890529,0.351516571930927,0.3289739363797709,0.3470085859298706,970824000,0.0,0.0
2001-10-23 00:00:00-04:00,0.35144056716868044,0.35770642199795016,0.3331766512686108,0.34089505672454834,953028000,0.0,0.0
2001-10-24 00:00:00-04:00,0.3347052892336995,0.35678940819559807,0.33088412839724596,0.35594943165779114,1212144000,0.0,0.0
2001-10-25 00:00:00-04:00,0.34769646637824064,0.38315323173066856,0.3423466984099638,0.37681126594543457,1152396000,0.0,0.0
2001-10-26 00:00:00-04:00,0.37421250137427964,0.385445769001736,0.3476964999724379,0.34991198778152466,1097124000,0.0,0.0
2001-10-29 00:00:00-05:00,0.35113523114805884,0.35724796358393845,0.3211034685698637,0.32148492336273193,1004796000,0.0,0.0
2001-10-30 00:00:00-05:00,0.3156014627752909,0.33577549737300877,0.30834157817673635,0.32095032930374146,1153380000,0.0,0.0
2001-10-31 00:00:00-05:00,0.3329473726926,0.3419651498882555,0.3228603581243635,0.3275223970413208,989292000,0.0,0.0
2001-11-01 00:00:00-05:00,0.3317250764363551,0.3581649646651064,0.3266815545131881,0.3554909825325012,1093776000,0.0,0.0
2001-11-02 00:00:00-05:00,0.3538862237031867,0.364813189096187,0.3408189522114463,0.3604574501514435,1087248000,0.0,0.0
2001-11-05 00:00:00-05:00,0.3667241520237951,0.376734126129389,0.3594642425798584,0.36175674200057983,933456000,0.0,0.0
2001-11-06 00:00:00-05:00,0.36106907195718646,0.38827372525960374,0.35915895608308296,0.38659194111824036,1415376000,0.0,0.0
2001-11-07 00:00:00-05:00,0.3836117501126291,0.40179955763709757,0.38139628970866457,0.3868982791900635,1419144000,0.0,0.0
2001-11-08 00:00:00-05:00,0.3917125075694544,0.39690822322625896,0.3687104680136835,0.3801729679107666,1915188000,0.0,0.0
2001-11-09 00:00:00-05:00,0.3969852756269676,0.4068430313180586,0.38964928092502427,0.4065367579460144,2270484000,0.0,0.0
2001-11-12 00:00:00-05:00,0.40500898781637434,0.42785700109049657,0.39262947229746176,0.41746461391448975,1458636000,0.0,0.0
2001-11-13 00:00:00-05:00,0.4187641134872192,0.41884022408447313,0.4080654504305045,0.4140259623527527,1446516000,0.0,0.0
2001-11-14 00:00:00-05:00,0.4170823470885794,0.42105663221893225,0.3912540986375859,0.4024873673915863,1150224000,0.0,0.0
2001-11-15 00:00:00-05:00,0.39790217270955935,0.41012856354104715,0.39285867922622686,0.4046265482902527,874944000,0.0,0.0
2001-11-16 00:00:00-05:00,0.40500896604068864,0.4092876921420153,0.39568581685654525,0.4011117219924927,496128000,0.0,0.0
2001-11-19 00:00:00-05:00,0.4050851260492542,0.40882924755530714,0.3706214882284237,0.39232322573661804,1943052000,0.0,0.0
2001-11-20 00:00:00-05:00,0.39423421402371345,0.40111171301199133,0.3769634268020554,0.38131916522979736,937884000,0.0,0.0
2001-11-21 00:00:00-05:00,0.374900208624406,0.38643974816403714,0.3652717142759472,0.37642884254455566,728412000,0.0,0.0
2001-11-23 00:00:00-05:00,0.3778805138555966,0.38208405955676406,0.3713853970742006,0.38170164823532104,254016000,0.0,0.0
2001-11-26 00:00:00-05:00,0.3881205231657313,0.40951691171705207,0.38705038399179587,0.4089823067188263,1215780000,0.0,0.0
2001-11-27 00:00:00-05:00,0.40875315437149384,0.42258429283650883,0.40118789860400167,0.41333815455436707,1183992000,0.0,0.0
2001-11-28 00:00:00-05:00,0.4080653544596756,0.4148667434060036,0.39155933373503615,0.392476350069046,740844000,0.0,0.0
2001-11-29 00:00:00-05:00,0.42097946052564333,0.42311973913480855,0.4080653403468143,0.4096700847148895,5135472000,0.0,0.0
2001-11-30 00:00:00-05:00,0.40951689183882295,0.4205208942875365,0.4034802719778164,0.41754063963890076,1034028000,0.0,0.0
2001-12-03 00:00:00-05:00,0.40875314445664446,0.4138727496555094,0.4038627728641087,0.41119879484176636,851496000,0.0,0.0
2001-12-04 00:00:00-05:00,0.4132619972348688,0.44474540470679275,0.4132619972348688,0.44428688287734985,1384644000,0.0,0.0
2001-12-05 00:00:00-05:00,0.4478018489727588,0.4810431317197967,0.44742039413862983,0.48012614250183105,1707036000,0.0,0.0
2001-12-06 00:00:00-05:00,0.47638195431353136,0.4776043148577439,0.4605636884389602,0.4725607931613922,1138944000,0.0,0.0
2001-12-07 00:00:00-05:00,0.469045824070583,0.4733254514219836,0.4499419357468299,0.45811793208122253,807036000,0.0,0.0
2001-12-10 00:00:00-05:00,0.4558256666816359,0.47317254401422754,0.4520054336307742,0.4627031683921814,695868000,0.0,0.0
2001-12-11 00:00:00-05:00,0.4708038010587413,0.490213009564389,0.46614178904123327,0.4792860448360443,792252000,0.0,0.0
2001-12-12 00:00:00-05:00,0.48295420536872324,0.49441670790424685,0.4736310529595279,0.49418747425079346,1004628000,0.0,0.0
2001-12-13 00:00:00-05:00,0.48448178012623333,0.49067152401512804,0.47806274800098664,0.47997379302978516,881400000,0.0,0.0
2001-12-14 00:00:00-05:00,0.4798967362848977,0.50396800888091,0.47768124915403376,0.5015993714332581,754680000,0.0,0.0
2001-12-17 00:00:00-05:00,0.49777839846827343,0.5268932029060774,0.49777839846827343,0.5196342468261719,1080960000,0.0,0.0
2001-12-18 00:00:00-05:00,0.5082476423754166,0.5154305125619754,0.5019817610876213,0.5062605142593384,886968000,0.0,0.0
2001-12-19 00:00:00-05:00,0.4979315444740321,0.5080946731979603,0.49051943808466386,0.49242955446243286,854652000,0.0,0.0
2001-12-20 00:00:00-05:00,0.49441672424242156,0.5033574929128378,0.47126248475278093,0.47301945090293884,951228000,0.0,0.0
2001-12-21 00:00:00-05:00,0.48333555074222034,0.49670909589920703,0.47775747844751476,0.49349960684776306,723972000,0.0,0.0
2001-12-24 00:00:00-05:00,0.49327038447986077,0.5083238285831475,0.4930410962155994,0.5058020949363708,265308000,0.0,0.0
2001-12-26 00:00:00-05:00,0.508323812053524,0.5268170167794701,0.5082477287988224,0.5181816220283508,642156000,0.0,0.0
2001-12-27 00:00:00-05:00,0.5226905069682174,0.5325482627178177,0.5219266682246246,0.5301796793937683,730152000,0.0,0.0
2001-12-28 00:00:00-05:00,0.5333121329795663,0.5368278680330444,0.5122981238567706,0.5174177289009094,757680000,0.0,0.0
2001-12-31 00:00:00-05:00,0.5212390529629,0.5242193093162152,0.5100818664987197,0.5112281441688538,737580000,0.0,0.0
2002-01-02 00:00:00-05:00,0.5134443956266622,0.5230729182702039,0.5005293712146615,0.5142843723297119,1298904000,0.0,0.0
2002-01-03 00:00:00-05:00,0.5153545199021643,0.5502005997931606,0.5150492030140388,0.5479841828346252,1414752000,0.0,0.0
2002-01-04 00:00:00-05:00,0.5552440267683504,0.5552440267683504,0.5226905041438846,0.5320136547088623,936288000,0.0,0.0
2002-01-07 00:00:00-05:00,0.5341530896615108,0.5349169831804043,0.5105403298748945,0.5177232027053833,973068000,0.0,0.0
2002-01-08 00:00:00-05:00,0.516653802119205,0.536292296982901,0.5148959075633697,0.5238366723060608,774360000,0.0,0.0
2002-01-09 00:00:00-05:00,0.5310966507781112,0.5406481055065793,0.5093178735485066,0.5166538953781128,1141188000,0.0,0.0
2002-01-10 00:00:00-05:00,0.5139028904218331,0.5209326117901324,0.499765506071793,0.5042743682861328,992508000,0.0,0.0
2002-01-11 00:00:00-05:00,0.5076359210568782,0.5077890166865997,0.47997365601106456,0.48195990920066833,1380852000,0.0,0.0
2002-01-14 00:00:00-05:00,0.4808907463920539,0.4842525106878218,0.45666635036468506,0.45666635036468506,1369560000,0.0,0.0
2002-01-15 00:00:00-05:00,0.4756943629753703,0.49961249741817026,0.47515975768975555,0.49930712580680847,1838808000,0.0,0.0
2002-01-16 00:00:00-05:00,0.49250564448463546,0.49571513379109977,0.47798675002902674,0.47982072830200195,1115388000,0.0,0.0
2002-01-17 00:00:00-05:00,0.49571528854279356,0.4967092904288381,0.47775766555499233,0.49663227796554565,1121544000,0.0,0.0
2002-01-18 00:00:00-05:00,0.477910590427827,0.4909778899956115,0.4776043443827272,0.4875391125679016,803676000,0.0,0.0
2002-01-22 00:00:00-05:00,0.49212405225446193,0.4934225506303003,0.469809742727811,0.4753117859363556,1085028000,0.0,0.0
2002-01-23 00:00:00-05:00,0.47959113923206215,0.48769099441399844,0.4701157740360995,0.48425227403640747,889164000,0.0,0.0
2002-01-24 00:00:00-05:00,0.48906673448194987,0.506642892304637,0.4787504591815159,0.5015993714332581,1137684000,0.0,0.0
2002-01-25 00:00:00-05:00,0.49441655183954963,0.5127566047647948,0.48830294579610556,0.5003000497817993,817752000,0.0,0.0
2002-01-28 00:00:00-05:00,0.5100816877928499,0.5196341258981914,0.505038220852304,0.5195570588111877,924288000,0.0,0.0
2002-01-29 00:00:00-05:00,0.5207804630787072,0.522308195435254,0.4860105186488706,0.49411043524742126,1381932000,0.0,0.0
2002-01-30 00:00:00-05:00,0.49670910498380066,0.5004532538772457,0.4848642208804552,0.5000708699226379,1218456000,0.0,0.0
2002-01-31 00:00:00-05:00,0.5065668144073051,0.5104640586369171,0.4856280153502349,0.5023633241653442,973980000,0.0,0.0
2002-02-01 00:00:00-05:00,0.5015233908262994,0.5068722295908523,0.48715671850102205,0.49006083607673645,688272000,0.0,0.0
2002-02-04 00:00:00-05:00,0.48899064150148963,0.5009116621157043,0.46621879423386026,0.4669826328754425,1104864000,0.0,0.0
2002-02-05 00:00:00-05:00,0.4638493434727318,0.4678996838084313,0.4442108171026666,0.4623976945877075,1474620000,0.0,0.0
2002-02-06 00:00:00-05:00,0.4746240449708599,0.48211316204668425,0.4653779076458771,0.4739362895488739,1242528000,0.0,0.0
2002-02-07 00:00:00-05:00,0.4745479524196189,0.4745479524196189,0.4563611021855357,0.45857658982276917,964476000,0.0,0.0
2002-02-08 00:00:00-05:00,0.46163379602142346,0.4642316672727446,0.4235782616399176,0.4410773813724518,1871292000,0.0,0.0
2002-02-11 00:00:00-05:00,0.4403895830409089,0.4661417376818103,0.4387848388266761,0.46545398235321045,1249224000,0.0,0.0
2002-02-12 00:00:00-05:00,0.4584242835609044,0.48410033033784483,0.4531515285910534,0.4753117859363556,1216500000,0.0,0.0
2002-02-13 00:00:00-05:00,0.4814253685685142,0.48952528265490236,0.4646140322456203,0.4691990315914154,1230432000,0.0,0.0
2002-02-14 00:00:00-05:00,0.47317239865393235,0.48486418623036726,0.46721194272855343,0.47500643134117126,1225692000,0.0,0.0
2002-02-15 00:00:00-05:00,0.4531515809163781,0.45582556307436367,0.43366530317022056,0.4382503032684326,3988548000,0.0,0.0
2002-02-19 00:00:00-05:00,0.4195279741009439,0.42388371383568113,0.40584905526450904,0.4092116951942444,1972524000,0.0,0.0
2002-02-20 00:00:00-05:00,0.40195170062458735,0.4351929739814146,0.401187834665506,0.43060797452926636,1838736000,0.0,0.0
2002-02-21 00:00:00-05:00,0.42472450666565464,0.42487672781760466,0.400653232065622,0.40118783712387085,1531044000,0.0,0.0
2002-02-22 00:00:00-05:00,0.39316407869290526,0.3977490780642216,0.37635268761893137,0.38147231936454773,2585616000,0.0,0.0
2002-02-25 00:00:00-05:00,0.38323022548137237,0.41433122064623457,0.3831531857273323,0.41135096549987793,1599564000,0.0,0.0
2002-02-26 00:00:00-05:00,0.4203687615782094,0.4275516326357485,0.4092116064778497,0.4202917218208313,1902672000,0.0,0.0
2002-02-27 00:00:00-05:00,0.4298441828622966,0.4316781884258867,0.4050090381583027,0.4061552882194519,1723224000,0.0,0.0
2002-02-28 00:00:00-05:00,0.4034804536567197,0.41074036621361415,0.38636278389809303,0.389801561832428,1585440000,0.0,0.0
2002-03-01 00:00:00-05:00,0.3935464821952681,0.4279340065219624,0.3924002322953367,0.4274755120277405,1311396000,0.0,0.0
2002-03-04 00:00:00-05:00,0.42877400437255037,0.4562079200838132,0.4246474990621626,0.45131754875183105,1484724000,0.0,0.0
2002-03-05 00:00:00-05:00,0.4443630612100325,0.4622445680933989,0.443981606407839,0.4501713514328003,1379448000,0.0,0.0
2002-03-06 00:00:00-05:00,0.43672174956633647,0.44115362745781406,0.4266347310987719,0.4360339939594269,1446060000,0.0,0.0
2002-03-07 00:00:00-05:00,0.4422237419445775,0.4436753363473107,0.42044496138434395,0.4325191080570221,1346532000,0.0,0.0
2002-03-08 00:00:00-05:00,0.44077199999380096,0.4546031361869853,0.4386317214291926,0.445433109998703,1270356000,0.0,0.0
2002-03-11 00:00:00-05:00,0.44054272006278905,0.4454330631273342,0.43290042658938327,0.4402364194393158,810540000,0.0,0.0
2002-03-12 00:00:00-05:00,0.42678772243948465,0.4290802220557351,0.41417897455010727,0.41715922951698303,1255032000,0.0,0.0
2002-03-13 00:00:00-05:00,0.41326204023281615,0.41624229579050787,0.408065395191352,0.40959402918815613,1031616000,0.0,0.0
2002-03-14 00:00:00-05:00,0.40653677916181197,0.40653677916181197,0.38605740064306426,0.3868982791900635,1139460000,0.0,0.0
2002-03-15 00:00:00-05:00,0.38964931979129236,0.4037096930312826,0.382236284585865,0.40325117111206055,1248288000,0.0,0.0
2002-03-18 00:00:00-05:00,0.410587193874505,0.4194518507740149,0.3986661705499123,0.40325117111206055,1236996000,0.0,0.0
2002-03-19 00:00:00-05:00,0.4061552482690312,0.4069191142849996,0.39232320912938795,0.3946927487850189,846072000,0.0,0.0
2002-03-20 00:00:00-05:00,0.3881967259548475,0.3889615211920181,0.3541915821701017,0.3554909825325012,2292588000,0.0,0.0
2002-03-21 00:00:00-05:00,0.3615275874699628,0.378645226301174,0.3519751765175631,0.37436559796333313,1721712000,0.0,0.0
2002-03-22 00:00:00-05:00,0.38109005109412913,0.38109005109412913,0.36832905047409953,0.37115615606307983,1249140000,0.0,0.0
2002-03-25 00:00:00-05:00,0.36939817896009586,0.3698566734349787,0.3515166484808972,0.35197514295578003,884160000,0.0,0.0
2002-03-26 00:00:00-05:00,0.34830723726557505,0.36809976246825876,0.3463210104462065,0.35915902256965637,1123512000,0.0,0.0
2002-03-27 00:00:00-05:00,0.3536569034911906,0.36083977359908215,0.34158276097719814,0.3476963937282562,1068012000,0.0,0.0
2002-03-28 00:00:00-05:00,0.35006505187391407,0.35228144115885085,0.31995718213000746,0.3389849364757538,3124080000,0.0,0.0
2002-04-01 00:00:00-05:00,0.320186476753114,0.3360047452345521,0.30994633598849564,0.3334059715270996,2365344000,0.0,0.0
2002-04-02 00:00:00-05:00,0.3233959536874859,0.34150672023730366,0.32278430880118525,0.32469442486763,1438008000,0.0,0.0
2002-04-03 00:00:00-05:00,0.3261469330728817,0.3350106593701747,0.31942165449828724,0.33080804347991943,1094640000,0.0,0.0
2002-04-04 00:00:00-05:00,0.3282862591324334,0.34043651225364335,0.323777370587082,0.3292032480239868,1130964000,0.0,0.0
2002-04-05 00:00:00-05:00,0.33134268457461213,0.33669245241004675,0.3183524253002061,0.3217141628265381,1026900000,0.0,0.0
2002-04-08 00:00:00-04:00,0.3068129310043581,0.3324889540672302,0.30673682041619843,0.3324889540672302,1151316000,0.0,0.0
2002-04-09 00:00:00-04:00,0.3357752961791701,0.3385262893109377,0.31071000279813443,0.3114747703075409,1380768000,0.0,0.0
2002-04-10 00:00:00-04:00,0.3139966323802973,0.3163652425300111,0.27204385728853786,0.29428112506866455,3689724000,0.0,0.0
2002-04-11 00:00:00-04:00,0.29191171284187367,0.2956567371499214,0.2781567093783358,0.2813661992549896,1437288000,0.0,0.0
2002-04-12 00:00:00-04:00,0.287632946939814,0.2899254472126896,0.2715084052582184,0.2802969515323639,1376880000,0.0,0.0
2002-04-15 00:00:00-04:00,0.28572190401946096,0.2964205383141853,0.28503414853152664,0.29160627722740173,1157208000,0.0,0.0
2002-04-16 00:00:00-04:00,0.30467345334888796,0.30780685827361925,0.29833056026513793,0.3042910695075989,854856000,0.0,0.0
2002-04-17 00:00:00-04:00,0.307883083820343,0.312391973641962,0.2982545610898707,0.307883083820343,944484000,0.0,0.0
2002-04-18 00:00:00-04:00,0.3047496289580644,0.3080361575590294,0.29611516385842374,0.3027634024620056,693156000,0.0,0.0
2002-04-19 00:00:00-04:00,0.29252328498573144,0.2961151853420448,0.28174851309448734,0.2821308970451355,1125672000,0.0,0.0
2002-04-22 00:00:00-04:00,0.27899756289346017,0.2892377039631373,0.2789214522965617,0.28350645303726196,808176000,0.0,0.0
2002-04-23 00:00:00-04:00,0.2857218701886015,0.28900839873625983,0.26952212308625506,0.2720438838005066,773508000,0.0,0.0
2002-04-24 00:00:00-04:00,0.27517621696571115,0.2792266093901187,0.24751398524610685,0.24820171296596527,1582956000,0.0,0.0
2002-04-25 00:00:00-04:00,0.24720785943811427,0.2627968937938533,0.24713174884588893,0.257830411195755,1168296000,0.0,0.0
2002-04-26 00:00:00-04:00,0.26065751464428705,0.26096288618868646,0.23207734525203705,0.23207734525203705,1191120000,0.0,0.0
2002-04-29 00:00:00-04:00,0.25951117919583117,0.27464168655346805,0.2507996757877599,0.2707444429397583,3930852000,0.0,0.0
2002-04-30 00:00:00-04:00,0.27716359923414907,0.2808316113154051,0.26019907751929505,0.2660064399242401,1776504000,0.0,0.0
2002-05-01 00:00:00-04:00,0.26165058887576537,0.2745656108291604,0.2548501020526184,0.27082058787345886,1718904000,0.0,0.0
2002-05-02 00:00:00-04:00,0.27212001942583414,0.27884436911857186,0.25981661354066043,0.25989362597465515,1125084000,0.0,0.0
2002-05-03 00:00:00-04:00,0.2601989561896892,0.2621861116986205,0.24896569150934103,0.25026509165763855,852756000,0.0,0.0
2002-05-06 00:00:00-04:00,0.24376917374955,0.25523170526652167,0.23872567737249253,0.24071280658245087,1102044000,0.0,0.0
2002-05-07 00:00:00-04:00,0.2460615711587659,0.2511821051739264,0.2346761115467188,0.24674932658672333,1412448000,0.0,0.0
2002-05-08 00:00:00-04:00,0.2635615950238213,0.27937985899935275,0.25523157293407617,0.2751002311706543,1688688000,0.0,0.0
2002-05-09 00:00:00-04:00,0.2742593932795607,0.2799145332270414,0.26287390464185795,0.26333242654800415,1230840000,0.0,0.0
2002-05-10 00:00:00-04:00,0.26875749411205585,0.2697515233708001,0.24071282226188273,0.2436169683933258,1321548000,0.0,0.0
2002-05-13 00:00:00-04:00,0.24613863850583745,0.25920591111544117,0.24407539931945646,0.2583650052547455,800892000,0.0,0.0
2002-05-14 00:00:00-04:00,0.27487098829433326,0.28694513211853223,0.27013283836220314,0.28404098749160767,1526112000,0.0,0.0
2002-05-15 00:00:00-04:00,0.2796852526576155,0.2949688854799212,0.2757879810820787,0.289619117975235,1504548000,0.0,0.0
2002-05-16 00:00:00-04:00,0.28969602483715534,0.2961150548190759,0.28381165439732947,0.2901545464992523,985560000,0.0,0.0
2002-05-17 00:00:00-04:00,0.2980252315261607,0.30016460820823254,0.29061312744594525,0.299324631690979,934404000,0.0,0.0
2002-05-20 00:00:00-04:00,0.2968029738947938,0.3045204521208625,0.29542749000846386,0.3025342524051666,953412000,0.0,0.0
2002-05-21 00:00:00-04:00,0.30643137693336253,0.3106339921933027,0.2791506156669841,0.2794559597969055,1382604000,0.0,0.0
2002-05-22 00:00:00-04:00,0.28167244552464926,0.29244721906133825,0.2812139509191808,0.2907654345035553,1547988000,0.0,0.0
2002-05-23 00:00:00-04:00,0.29160634162781035,0.29221798666376686,0.2644016789296187,0.2730370759963989,2556780000,0.0,0.0
2002-05-24 00:00:00-04:00,0.2678404061708819,0.2692159173291795,0.261498439421759,0.26768818497657776,737784000,0.0,0.0
2002-05-28 00:00:00-04:00,0.2700567582779731,0.27020990862875904,0.251716757812546,0.25706562399864197,1367088000,0.0,0.0
2002-05-29 00:00:00-04:00,0.252939126938023,0.2678403778175184,0.24904185484499528,0.2667711675167084,1311012000,0.0,0.0
2002-05-30 00:00:00-04:00,0.2613453132769952,0.2692159422861943,0.25622570683941814,0.26287394762039185,1066080000,0.0,0.0
2002-05-31 00:00:00-04:00,0.2644015721592932,0.26554782198653365,0.2552315735413696,0.2556900680065155,674112000,0.0,0.0
2002-06-03 00:00:00-04:00,0.24950040213688,0.25064665232123406,0.23757937835658968,0.2406366467475891,901248000,0.0,0.0
2002-06-04 00:00:00-04:00,0.23910790251719743,0.25408528594697305,0.23872551868202074,0.2527868151664734,1095432000,0.0,0.0
2002-06-05 00:00:00-04:00,0.2533214197171418,0.2533975302788379,0.24033026234866375,0.24911880493164062,1114308000,0.0,0.0
2002-06-06 00:00:00-04:00,0.2465200221281652,0.25255754342579484,0.24644391156962464,0.2491949051618576,739356000,0.0,0.0
2002-06-07 00:00:00-04:00,0.22894477838909216,0.24988265603476464,0.22886775231889256,0.24682629108428955,1371300000,0.0,0.0
2002-06-10 00:00:00-04:00,0.25011200244987536,0.2570656409995775,0.2441515183016711,0.24476313591003418,749148000,0.0,0.0
2002-06-11 00:00:00-04:00,0.24881257179909758,0.24988271106505988,0.23314743060747564,0.2337590754032135,859308000,0.0,0.0
2002-06-12 00:00:00-04:00,0.22818011607690192,0.2323066222092857,0.20380347695839893,0.21358512341976166,2267544000,0.0,0.0
2002-06-13 00:00:00-04:00,0.21518979692072057,0.21916315111278378,0.20464428844896793,0.2113686501979828,1265892000,0.0,0.0
2002-06-14 00:00:00-04:00,0.2035742168564086,0.21694683422641614,0.1966967025133352,0.21534208953380585,1116444000,0.0,0.0
2002-06-17 00:00:00-04:00,0.2201562894086734,0.22298432336941487,0.2135080374652185,0.21725307404994965,1054140000,0.0,0.0
2002-06-18 00:00:00-04:00,0.21457824372248516,0.22237276162684458,0.21205649596776918,0.21610689163208008,1008300000,0.0,0.0
2002-06-19 00:00:00-04:00,0.20556135499518255,0.20556135499518255,0.18064918356941997,0.18225394189357758,2593620000,0.0,0.0
2002-06-20 00:00:00-04:00,0.18263634401007744,0.1876028269924877,0.17820356439232973,0.18057309091091156,1425048000,0.0,0.0
2002-06-21 00:00:00-04:00,0.1796560787198443,0.1866097038435254,0.16949204861051115,0.17316004633903503,1484364000,0.0,0.0
2002-06-24 00:00:00-04:00,0.16872818090306224,0.18179544062453357,0.16353153541630244,0.1763695478439331,1379592000,0.0,0.0
2002-06-25 00:00:00-04:00,0.17957902338045453,0.17957902338045453,0.16070439163099925,0.16177453100681305,1172232000,0.0,0.0
2002-06-26 00:00:00-04:00,0.14343453305950676,0.1587943059647976,0.13946024849327374,0.15336841344833374,2067828000,0.0,0.0
2002-06-27 00:00:00-04:00,0.15902351603581352,0.16024587641733,0.12838010164996846,0.13051946461200714,3182808000,0.0,0.0
2002-06-28 00:00:00-04:00,0.12838013642611024,0.136709258814619,0.12555301734676433,0.13128428161144257,1991184000,0.0,0.0
2002-07-01 00:00:00-04:00,0.13067264524051675,0.1344937935055033,0.12822700814136168,0.13097800314426422,1164372000,0.0,0.0
2002-07-02 00:00:00-04:00,0.12945025875772947,0.12990875327909637,0.11936325630826097,0.1227249801158905,1368180000,0.0,0.0
2002-07-03 00:00:00-04:00,0.12196117714984445,0.13357683317653096,0.12188506652802521,0.13334758579730988,1073304000,0.0,0.0
2002-07-05 00:00:00-04:00,0.14289894233608244,0.14519144136777037,0.13877243861329536,0.14511533081531525,739524000,0.0,0.0
2002-07-08 00:00:00-04:00,0.14343449857192492,0.1546677630305064,0.1432813619158322,0.14947111904621124,1587180000,0.0,0.0
2002-07-09 00:00:00-04:00,0.14985355149901344,0.15176366783880302,0.1389256549619863,0.1421351581811905,1075080000,0.0,0.0
2002-07-10 00:00:00-04:00,0.14557390258326705,0.14672015270877473,0.1372447801551718,0.13823789358139038,926988000,0.0,0.0
2002-07-11 00:00:00-04:00,0.13747400529006498,0.1528337611681914,0.136250715712579,0.1522982269525528,1143948000,0.0,0.0
2002-07-12 00:00:00-04:00,0.1604751007315733,0.16108674542376228,0.14901259060838087,0.15214598178863525,1344900000,0.0,0.0
2002-07-15 00:00:00-04:00,0.1525274773090331,0.16735262712458457,0.1456499651589561,0.1672765165567398,1495272000,0.0,0.0
2002-07-16 00:00:00-04:00,0.1631500463071378,0.17843277825656026,0.16009276477373247,0.16276764869689941,1773432000,0.0,0.0
2002-07-17 00:00:00-04:00,0.1592527885773484,0.16238526518975968,0.14259363015172485,0.14893652498722076,1922364000,0.0,0.0
2002-07-18 00:00:00-04:00,0.1464908275014536,0.1551262187351614,0.14473293336280954,0.14511533081531525,1243188000,0.0,0.0
2002-07-19 00:00:00-04:00,0.1406835105925457,0.1462616231884123,0.13755011884962387,0.13854321837425232,845772000,0.0,0.0
2002-07-22 00:00:00-04:00,0.13793248889059653,0.14182974619346564,0.12646997786079753,0.13212420046329498,1290744000,0.0,0.0
2002-07-23 00:00:00-04:00,0.13288904855908676,0.13372902542263418,0.11775853350998168,0.1222665086388588,1409652000,0.0,0.0
2002-07-24 00:00:00-04:00,0.12058565605779671,0.1320481594619066,0.12050954545059063,0.13006103038787842,1175100000,0.0,0.0
2002-07-25 00:00:00-04:00,0.12501749296321366,0.12539987694160845,0.11088100296749065,0.11508361250162125,1796448000,0.0,0.0
2002-07-26 00:00:00-04:00,0.11844624913861505,0.12119724349192586,0.10927623607736613,0.11240871250629425,1221900000,0.0,0.0
2002-07-29 00:00:00-04:00,0.11707074020439755,0.11768146954200864,0.11179799183175283,0.11554210633039474,1227720000,0.0,0.0
2002-07-30 00:00:00-04:00,0.11500748081148222,0.1297556061963889,0.1146250969032414,0.12394824624061584,1818012000,0.0,0.0
2002-07-31 00:00:00-04:00,0.09032455868167064,0.09215856361874106,0.08360019730259488,0.08459330350160599,4837140000,0.0,0.0
2002-08-01 00:00:00-04:00,0.08528108774549442,0.08528108774549442,0.07641643830841884,0.07649346441030502,1725708000,0.0,0.0
2002-08-02 00:00:00-04:00,0.07893819524935917,0.07947372275969711,0.06953893351081615,0.07144996523857117,1795260000,0.0,0.0
2002-08-05 00:00:00-04:00,0.07037984437544854,0.0705329811116858,0.06487783288044477,0.06571872532367706,1330716000,0.0,0.0
2002-08-06 00:00:00-04:00,0.06877506003705657,0.07175530831160988,0.06770492075057138,0.0691574439406395,1168800000,0.0,0.0
2002-08-07 00:00:00-04:00,0.07221381803718646,0.07290156666803722,0.06495392045178479,0.06755270063877106,892980000,0.0,0.0
2002-08-08 00:00:00-04:00,0.0682404593512807,0.0732069348367129,0.06648256439335565,0.07198457419872284,755424000,0.0,0.0
2002-08-09 00:00:00-04:00,0.07007445421815457,0.0725962082891731,0.0688511781339615,0.07030370831489563,581304000,0.0,0.0
2002-08-12 00:00:00-04:00,0.06953892675980697,0.07297767672122317,0.06770492814682276,0.07030370831489563,592800000,0.0,0.0
2002-08-13 00:00:00-04:00,0.07076221280423038,0.07420097008186234,0.06877507723074096,0.06885118782520294,654420000,0.0,0.0
2002-08-14 00:00:00-04:00,0.07015054233513364,0.07412390980125,0.06953890448892334,0.07351318746805191,632688000,0.0,0.0
2002-08-15 00:00:00-04:00,0.07626422798050604,0.08016148010210156,0.07549944626864706,0.07863283902406693,1140120000,0.0,0.0
2002-08-16 00:00:00-04:00,0.0744302181765535,0.08444020304765747,0.0721377178550171,0.08168920129537582,1657428000,0.0,0.0
2002-08-19 00:00:00-04:00,0.08520496302619707,0.10278019994963034,0.08505181952899629,0.09666746854782104,2243928000,0.0,0.0
2002-08-20 00:00:00-04:00,0.0974313406404832,0.09934144976042576,0.09116547217946011,0.09238783270120621,1429488000,0.0,0.0
2002-08-21 00:00:00-04:00,0.0965904662666456,0.09850149808285509,0.09208249176884269,0.09727821499109268,1194876000,0.0,0.0
2002-08-22 00:00:00-04:00,0.09437498917544816,0.09819521483156221,0.09338096024380117,0.09399259835481644,1358496000,0.0,0.0
2002-08-23 00:00:00-04:00,0.0913176868956345,0.09192932486997245,0.08726821485403663,0.08780281990766525,919932000,0.0,0.0
2002-08-26 00:00:00-04:00,0.08948370381964277,0.09009534189879026,0.08436408478372773,0.08849059045314789,698568000,0.0,0.0
2002-08-27 00:00:00-04:00,0.09001924131680038,0.09047774275683425,0.0829124792445604,0.08344709128141403,686712000,0.0,0.0
2002-08-28 00:00:00-04:00,0.0829885659870841,0.08314170948235661,0.07794506526079921,0.07825042307376862,700356000,0.0,0.0
2002-08-29 00:00:00-04:00,0.07725734377707069,0.08283545834050243,0.07664569875930263,0.07924447953701019,815520000,0.0,0.0
2002-08-30 00:00:00-04:00,0.07847968371719746,0.08176621240611415,0.07565257188820151,0.07718121260404587,1065888000,0.0,0.0
2002-09-03 00:00:00-04:00,0.07351321493863061,0.07389468339105765,0.07122070800970495,0.07244307547807693,847284000,0.0,0.0
2002-09-04 00:00:00-04:00,0.07267232286232278,0.07458243216391278,0.06885118191359789,0.07198457419872284,930552000,0.0,0.0
2002-09-05 00:00:00-04:00,0.07129681169212139,0.07160217635934725,0.06877506456282889,0.06923355907201767,714312000,0.0,0.0
2002-09-06 00:00:00-04:00,0.0721376834277117,0.07274840575754886,0.06969204073715488,0.07076217979192734,746460000,0.0,0.0
2002-09-09 00:00:00-04:00,0.07022667667176798,0.07290156747257713,0.06808731333911397,0.07068517804145813,578040000,0.0,0.0
2002-09-10 00:00:00-04:00,0.07030371274281796,0.08444019557526534,0.07022667980872303,0.08077219128608704,2317632000,0.0,0.0
2002-09-11 00:00:00-04:00,0.08329394964369717,0.0909362319816758,0.08329394964369717,0.08474647998809814,1657536000,0.0,0.0
2002-09-12 00:00:00-04:00,0.08268320302484529,0.08719117607400284,0.0811545625322344,0.08207156509160995,1294932000,0.0,0.0
2002-09-13 00:00:00-04:00,0.08123069267625799,0.08512794424442714,0.0802375793073735,0.08077219128608704,796872000,0.0,0.0
2002-09-16 00:00:00-04:00,0.07954982060923049,0.07985517843826694,0.07374245362397959,0.07565256953239441,925464000,0.0,0.0
2002-09-17 00:00:00-04:00,0.07901519270762691,0.08092530139730499,0.07404780330016461,0.07450629770755768,884052000,0.0,0.0
2002-09-18 00:00:00-04:00,0.07336007141745798,0.07481168616262791,0.07022667913696583,0.07244307547807693,811692000,0.0,0.0
2002-09-19 00:00:00-04:00,0.07083835287553344,0.07336010835084304,0.06961599162394894,0.06999746710062027,618492000,0.0,0.0
2002-09-20 00:00:00-04:00,0.07053294520338804,0.07198455965747062,0.06885116800530695,0.07037980854511261,687312000,0.0,0.0
2002-09-23 00:00:00-04:00,0.06923355528303174,0.06992131067355281,0.06686494495751905,0.06732344627380371,521676000,0.0,0.0
2002-09-24 00:00:00-04:00,0.06655869114917758,0.07106758868895627,0.06533633021426156,0.06785808503627777,624444000,0.0,0.0
2002-09-25 00:00:00-04:00,0.07183142039390349,0.07297767027986879,0.06900430872411807,0.07160217314958572,896616000,0.0,0.0
2002-09-26 00:00:00-04:00,0.07297767753933047,0.07374245910299264,0.06671181558835193,0.0677819550037384,739560000,0.0,0.0
2002-09-27 00:00:00-04:00,0.0676288294085677,0.06938672475548613,0.06533632880114902,0.06541243940591812,650688000,0.0,0.0
2002-09-30 00:00:00-04:00,0.06518319207805255,0.06824047445177678,0.0638076876142869,0.06541243940591812,584124000,0.0,0.0
2002-10-01 00:00:00-04:00,0.06594794903389312,0.06953892700780248,0.0635784229541109,0.06892820447683334,888360000,0.0,0.0
2002-10-02 00:00:00-04:00,0.06946282595339143,0.07297768699329556,0.06885118782520294,0.06885118782520294,749100000,0.0,0.0
2002-10-03 00:00:00-04:00,0.06801120272302173,0.06915745273063102,0.06533631192342983,0.06548944860696793,590568000,0.0,0.0
2002-10-04 00:00:00-04:00,0.06533628794179121,0.06739953993104832,0.06113367340610516,0.06220289692282677,529788000,0.0,0.0
2002-10-07 00:00:00-04:00,0.061362945660176374,0.06258530616751923,0.058688055047409635,0.05914654955267906,493068000,0.0,0.0
2002-10-08 00:00:00-04:00,0.06113370526707762,0.06128592646075422,0.055020060086330994,0.05738867446780205,714252000,0.0,0.0
2002-10-09 00:00:00-04:00,0.056548681109440474,0.06021668791692843,0.05532540183151849,0.056319430470466614,573132000,0.0,0.0
2002-10-10 00:00:00-04:00,0.05578392223756713,0.06105667849369316,0.05578392223756713,0.05922267958521843,538032000,0.0,0.0
2002-10-11 00:00:00-04:00,0.06151516397903463,0.06839267005892816,0.061133688752243086,0.06732344627380371,994140000,0.0,0.0
2002-10-14 00:00:00-04:00,0.06533630192279816,0.06732344378010253,0.06396080485708161,0.06533630192279816,611484000,0.0,0.0
2002-10-15 00:00:00-04:00,0.07259624482669043,0.07519411078895763,0.07114371391470094,0.0721377432346344,852768000,0.0,0.0
2002-10-16 00:00:00-04:00,0.06724641440564133,0.06785805233513693,0.0649539080212194,0.06610015779733658,578124000,0.0,0.0
2002-10-17 00:00:00-04:00,0.07183143548098533,0.07450632655852814,0.07007446275110922,0.07114368677139282,585792000,0.0,0.0
2002-10-18 00:00:00-04:00,0.07076218159381924,0.0725961864882329,0.06808729164527813,0.07183140516281128,498372000,0.0,0.0
2002-10-21 00:00:00-04:00,0.07083830399454821,0.08092531210319447,0.06923355285981331,0.07832745462656021,930624000,0.0,0.0
2002-10-22 00:00:00-04:00,0.07473556487691074,0.08558643256478353,0.07465945429999093,0.08092531561851501,1272168000,0.0,0.0
2002-10-23 00:00:00-04:00,0.08214770161225074,0.08535720475175883,0.08100145146702498,0.08421095460653305,925428000,0.0,0.0
2002-10-24 00:00:00-04:00,0.08589271659537173,0.08680971927693465,0.07870892996793347,0.07993221282958984,1055172000,0.0,0.0
2002-10-25 00:00:00-04:00,0.08023759462523013,0.08520499344468607,0.07916745495014364,0.08482260257005692,745956000,0.0,0.0
2002-10-28 00:00:00-05:00,0.08871983142286947,0.08940758004147177,0.08474646955825742,0.08528108149766922,1070544000,0.0,0.0
2002-10-29 00:00:00-05:00,0.08543423031874076,0.08604495292789559,0.07725733581979705,0.08153697848320007,772728000,0.0,0.0
2002-10-30 00:00:00-05:00,0.08413481935299769,0.08864370801813322,0.0838294547198929,0.0858927071094513,1139496000,0.0,0.0
2002-10-31 00:00:00-05:00,0.08650344242885144,0.09154694370734011,0.08627419516572465,0.09093622118234634,1255476000,0.0,0.0
2002-11-01 00:00:00-05:00,0.08956072300710463,0.10904699296106435,0.08940757949665856,0.10774759948253632,2128836000,0.0,0.0
2002-11-04 00:00:00-05:00,0.11424270216724544,0.12616371549030544,0.11393734435926241,0.11951546370983124,2688132000,0.0,0.0
2002-11-05 00:00:00-05:00,0.11921010620721555,0.1211972483036834,0.10965771567441147,0.11477824300527573,2034540000,0.0,0.0
2002-11-06 00:00:00-05:00,0.11867552098620064,0.12379514049374613,0.11401348739651579,0.12364199012517929,1646016000,0.0,0.0
2002-11-07 00:00:00-05:00,0.12043248174780037,0.12043248174780037,0.11049861472015024,0.11118637025356293,1660560000,0.0,0.0
2002-11-08 00:00:00-05:00,0.09399258928921186,0.09957070946681694,0.0841348337740888,0.08680972456932068,3798900000,0.0,0.0
2002-11-11 00:00:00-05:00,0.08268318497774671,0.08390554506427272,0.07809818001381666,0.0800844058394432,1378452000,0.0,0.0
2002-11-12 00:00:00-05:00,0.08199547165744604,0.09017144982059647,0.08130771617808817,0.08719119429588318,1381188000,0.0,0.0
2002-11-13 00:00:00-05:00,0.08512791923550776,0.09246392565868905,0.08344705769126577,0.08994217216968536,1802112000,0.0,0.0
2002-11-14 00:00:00-05:00,0.09590268135070801,0.097736679534521,0.09299945269483083,0.09590268135070801,1138728000,0.0,0.0
2002-11-15 00:00:00-05:00,0.10087009451553186,0.10629598660274578,0.09972384452843086,0.10293334722518921,2054328000,0.0,0.0
2002-11-18 00:00:00-05:00,0.11118633611625714,0.1115687199861196,0.10644819359014891,0.10675446689128876,1982472000,0.0,0.0
2002-11-19 00:00:00-05:00,0.10614284524357913,0.11370810029074946,0.10499659530700042,0.10828220844268799,1971948000,0.0,0.0
2002-11-20 00:00:00-05:00,0.11156872337571519,0.114625088881222,0.1101161934374205,0.11370808631181717,1292796000,0.0,0.0
2002-11-21 00:00:00-05:00,0.1182931050451571,0.12899176618455033,0.11806385778101129,0.12333661317825317,2053920000,0.0,0.0
2002-11-22 00:00:00-05:00,0.11584749109386572,0.12257278481942682,0.11462513028563251,0.1201271340250969,1251900000,0.0,0.0
2002-11-25 00:00:00-05:00,0.12570526835749093,0.12753927445048546,0.12081490883322514,0.1244829073548317,1230084000,0.0,0.0
2002-11-26 00:00:00-05:00,0.125094475315902,0.12753919581388382,0.12073872377894442,0.12112019211053848,1084332000,0.0,0.0
2002-11-27 00:00:00-05:00,0.12624073868792976,0.1326597430872094,0.12463598075592207,0.13051946461200714,1088556000,0.0,0.0
2002-11-29 00:00:00-05:00,0.13395823922897712,0.1358692708344758,0.12990875977250896,0.13090187311172485,519396000,0.0,0.0
2002-12-02 00:00:00-05:00,0.13785549289588706,0.13961338775663737,0.12929712421196524,0.1299087554216385,1167504000,0.0,0.0
2002-12-03 00:00:00-05:00,0.12746313972739462,0.12776849762579146,0.12112024387682789,0.12134949117898941,1046220000,0.0,0.0
2002-12-04 00:00:00-05:00,0.11279111556392779,0.11462511427687957,0.10644822040821025,0.10683060437440872,2206548000,0.0,0.0
2002-12-05 00:00:00-05:00,0.11370810821302271,0.11447197427433263,0.10522584989273795,0.10782371461391449,1594872000,0.0,0.0
2002-12-06 00:00:00-05:00,0.10316259244710808,0.11004009906572787,0.10148173054826366,0.10797684639692307,1159224000,0.0,0.0
2002-12-09 00:00:00-05:00,0.1044619862766825,0.10614284818124256,0.09850148234219414,0.09934145212173462,969792000,0.0,0.0
2002-12-10 00:00:00-05:00,0.10186323002282507,0.10965774119898228,0.10056475858523066,0.10767151415348053,1389888000,0.0,0.0
2002-12-11 00:00:00-05:00,0.10690667801805594,0.11004006921914498,0.10331570793435389,0.10705982148647308,1364208000,0.0,0.0
2002-12-12 00:00:00-05:00,0.11103321040592058,0.11233260385750184,0.10507270659618989,0.10530195385217667,1302552000,0.0,0.0
2002-12-13 00:00:00-05:00,0.10339183897294286,0.10339183897294286,0.10041158381783769,0.1011754497885704,707724000,0.0,0.0
2002-12-16 00:00:00-05:00,0.10469124565402,0.10774761197358858,0.10201635463657216,0.10713597387075424,1056972000,0.0,0.0
2002-12-17 00:00:00-05:00,0.10904698875322479,0.11271498577667315,0.10614284406500762,0.1069837361574173,1077744000,0.0,0.0
2002-12-18 00:00:00-05:00,0.10362105820476639,0.1037742016621154,0.09857755872742238,0.09880680590867996,1126836000,0.0,0.0
2002-12-19 00:00:00-05:00,0.09704894377272427,0.10216947748381364,0.0956734398306791,0.09666746854782104,1100604000,0.0,0.0
2002-12-20 00:00:00-05:00,0.09972382858115762,0.10079396781338155,0.09315168072563475,0.09796594083309174,804576000,0.0,0.0
2002-12-23 00:00:00-05:00,0.09773673074186932,0.10102326048862842,0.09743137280503787,0.09865373373031616,498648000,0.0,0.0
2002-12-24 00:00:00-05:00,0.09918922235880981,0.10117544876667169,0.09613194114469416,0.09666746854782104,300336000,0.0,0.0
2002-12-26 00:00:00-05:00,0.09827223294606939,0.09972384765922322,0.09406870129773462,0.09490959346294403,719760000,0.0,0.0
2002-12-27 00:00:00-05:00,0.09750744066879921,0.09773668789932576,0.09047771378965606,0.09131768345832825,702528000,0.0,0.0
2002-12-30 00:00:00-05:00,0.0917000981868422,0.09269321160578044,0.08604495136150764,0.08810820430517197,784740000,0.0,0.0
2002-12-31 00:00:00-05:00,0.08719117032215461,0.09017142502742923,0.08551030880002214,0.08795595169067383,825396000,0.0,0.0
2003-01-02 00:00:00-05:00,0.09170010254698423,0.09513885306180353,0.08856670992960775,0.09406871348619461,1302540000,0.0,0.0
2003-01-03 00:00:00-05:00,0.09437499372928014,0.09743136023720635,0.09246396187950762,0.09406871348619461,1037496000,0.0,0.0
2003-01-06 00:00:00-05:00,0.09636120132940873,0.10323870097926878,0.09628508391649211,0.1017109826207161,1033428000,0.0,0.0
2003-01-07 00:00:00-05:00,0.10369721169460308,0.10606674471823581,0.100258461558876,0.10140471160411835,1498272000,0.0,0.0
2003-01-08 00:00:00-05:00,0.09880682714388186,0.10171097156140173,0.09062993493456074,0.09131768345832825,1852524000,0.0,0.0
2003-01-09 00:00:00-05:00,0.09414574030335192,0.09513885377697595,0.0920054611360453,0.09292246401309967,1436076000,0.0,0.0
2003-01-10 00:00:00-05:00,0.09170008794041674,0.09590270395053026,0.09047772736751808,0.09452719986438751,924492000,0.0,0.0
2003-01-13 00:00:00-05:00,0.09811908903930991,0.09895998114263319,0.09330483519733962,0.0937633365392685,849120000,0.0,0.0
2003-01-14 00:00:00-05:00,0.09406868655283025,0.0953680798900374,0.09162396571758488,0.09445107728242874,868524000,0.0,0.0
2003-01-15 00:00:00-05:00,0.0945271930455252,0.0952919745467034,0.0915469378232956,0.0915469378232956,904584000,0.0,0.0
2003-01-16 00:00:00-05:00,0.09017145088017828,0.09131770091632528,0.08413483600589733,0.0853571966290474,2039976000,0.0,0.0
2003-01-17 00:00:00-05:00,0.0830646986023406,0.08421095559318623,0.08107847852465418,0.08214770257472992,1058832000,0.0,0.0
2003-01-21 00:00:00-05:00,0.08367629789055998,0.08543418522323028,0.07985515183354433,0.0800844058394432,967356000,0.0,0.0
2003-01-22 00:00:00-05:00,0.07985517214306836,0.08222470471030112,0.0796259249110513,0.080161452293396,550992000,0.0,0.0
2003-01-23 00:00:00-05:00,0.08230081656324396,0.08367632047330273,0.08016145354011889,0.08237692713737488,918456000,0.0,0.0
2003-01-24 00:00:00-05:00,0.08168919037347289,0.08207158115781435,0.07634032428805664,0.07771582156419754,897108000,0.0,0.0
2003-01-27 00:00:00-05:00,0.07603497492994682,0.08000834454020941,0.07465947737652084,0.0765695869922638,889116000,0.0,0.0
2003-01-28 00:00:00-05:00,0.07557645763766559,0.0807721869986494,0.07305471037386518,0.07932057231664658,1785480000,0.0,0.0
2003-01-29 00:00:00-05:00,0.07718120814474212,0.08153696043791984,0.07718120814474212,0.08092531561851501,1022040000,0.0,0.0
2003-01-30 00:00:00-05:00,0.08253010145425407,0.08321785025004902,0.07679884327012133,0.07763972878456116,743064000,0.0,0.0
2003-01-31 00:00:00-05:00,0.07534721816280805,0.08100144947435252,0.07465946945902947,0.07886208593845367,949656000,0.0,0.0
2003-02-03 00:00:00-05:00,0.08031366629632337,0.08191841727428253,0.07870891531836421,0.08039069920778275,755556000,0.0,0.0
2003-02-04 00:00:00-05:00,0.07985515473768638,0.0802375453776146,0.0756525470791252,0.07679879665374756,627720000,0.0,0.0
2003-02-05 00:00:00-05:00,0.07847968797833936,0.0806199668329478,0.07718121679468583,0.07748657464981079,581508000,0.0,0.0
2003-02-06 00:00:00-05:00,0.08283543546339157,0.08298857213782583,0.07679882109827355,0.07809820771217346,1226184000,0.0,0.0
2003-02-07 00:00:00-05:00,0.07962596767750137,0.0800083586061552,0.07443023631476828,0.07458245754241943,915156000,0.0,0.0
2003-02-10 00:00:00-05:00,0.0745062949412316,0.07603493524336719,0.07129679321552275,0.07549940794706345,982632000,0.0,0.0
2003-02-11 00:00:00-05:00,0.07611106921505081,0.07832746544885476,0.07374245864517646,0.07412393391132355,850716000,0.0,0.0
2003-02-12 00:00:00-05:00,0.07412391386370933,0.07725730514503827,0.0735131914970398,0.07450629770755768,641400000,0.0,0.0
2003-02-13 00:00:00-05:00,0.07580573587283156,0.0761872044301166,0.07374248248574644,0.07542334496974945,889164000,0.0,0.0
2003-02-14 00:00:00-05:00,0.08573959849649944,0.0920824943968773,0.08367634543208309,0.09200546145439148,3548844000,0.0,0.0
2003-02-18 00:00:00-05:00,0.09552124222326798,0.0991122206992047,0.09437499207179288,0.09727821499109268,1740516000,0.0,0.0
2003-02-19 00:00:00-05:00,0.096667477414662,0.09880684068376999,0.09559733802346052,0.09819520264863968,1141212000,0.0,0.0
2003-02-20 00:00:00-05:00,0.09857759342182879,0.10117545804700795,0.09781372738874557,0.09819520264863968,978132000,0.0,0.0
2003-02-21 00:00:00-05:00,0.09811910495283957,0.09850149577625236,0.09475645833962813,0.09827224165201187,913260000,0.0,0.0
2003-02-24 00:00:00-05:00,0.09743134545870182,0.10308648486295809,0.09689673350871432,0.09949459135532379,1137012000,0.0,0.0
2003-02-25 00:00:00-05:00,0.09628507897350981,0.09934144471135692,0.09475643834797522,0.09888294339179993,1239204000,0.0,0.0
2003-02-26 00:00:00-05:00,0.09758449694265414,0.09918924854934114,0.09383946618474931,0.09406871348619461,746892000,0.0,0.0
2003-02-27 00:00:00-05:00,0.09498569613763999,0.09651433682294205,0.09345797096559583,0.09605583548545837,675312000,0.0,0.0
2003-02-28 00:00:00-05:00,0.09307561890367567,0.09666751368487402,0.09032461656724534,0.09643826633691788,1653336000,0.0,0.0
2003-03-03 00:00:00-05:00,0.09758448728827351,0.09934145991313201,0.09361020278992353,0.09483348578214645,702036000,0.0,0.0
2003-03-04 00:00:00-05:00,0.09513885306180353,0.09605585593196465,0.09315171061603349,0.09406871348619461,538392000,0.0,0.0
2003-03-05 00:00:00-05:00,0.09315168358437355,0.0961319386314629,0.09292243634945344,0.09559732675552368,522156000,0.0,0.0
2003-03-06 00:00:00-05:00,0.09483349058840487,0.0957504934143183,0.09361020753418471,0.09399259835481644,548064000,0.0,0.0
2003-03-07 00:00:00-05:00,0.09254095864019621,0.09575046766788528,0.09170007346490379,0.09544418752193451,581148000,0.0,0.0
2003-03-10 00:00:00-05:00,0.0944510806301862,0.09490958195024181,0.09261708218215198,0.09277021884918213,344796000,0.0,0.0
2003-03-11 00:00:00-05:00,0.09345798939466476,0.09498571486796258,0.09238784983582457,0.09345798939466476,417144000,0.0,0.0
2003-03-12 00:00:00-05:00,0.09422183696771215,0.09628508273810596,0.09338094487254137,0.09605583548545837,493920000,0.0,0.0
2003-03-13 00:00:00-05:00,0.09888294709233514,0.10621895481540886,0.09842444575561947,0.10560823231935501,1362732000,0.0,0.0
2003-03-14 00:00:00-05:00,0.10598971802594422,0.10698374689042676,0.1017871018331604,0.10255096107721329,1094220000,0.0,0.0
2003-03-17 00:00:00-05:00,0.10087008975345918,0.110574707969326,0.10064084249973727,0.10851145535707474,1307808000,0.0,0.0
2003-03-18 00:00:00-05:00,0.10813001561468864,0.1093523764519484,0.10545512427996497,0.10767151415348053,932280000,0.0,0.0
2003-03-19 00:00:00-05:00,0.10790072122757778,0.10896994495190784,0.10438494571413348,0.10820608586072922,712992000,0.0,0.0
2003-03-20 00:00:00-05:00,0.10820609773998857,0.11149171087196234,0.10537898594856573,0.10919921100139618,780060000,0.0,0.0
2003-03-21 00:00:00-05:00,0.11294422858775492,0.1133256969606686,0.10331572198980343,0.10820608586072922,1681800000,0.0,0.0
2003-03-24 00:00:00-05:00,0.10377424338285174,0.1069837462039041,0.10316259848489938,0.10415571182966232,839016000,0.0,0.0
2003-03-25 00:00:00-05:00,0.10446199836670272,0.10874072537854368,0.10407960755118566,0.10713597387075424,672828000,0.0,0.0
2003-03-26 00:00:00-05:00,0.10950549102172834,0.11195021903406097,0.10866460570188242,0.11011621356010437,1107840000,0.0,0.0
2003-03-27 00:00:00-05:00,0.10866459799679329,0.11095709784449562,0.10667745598053245,0.1069837361574173,1392732000,0.0,0.0
2003-03-28 00:00:00-05:00,0.10698376810769498,0.1073652366326072,0.10094622967627893,0.10262800753116608,1290684000,0.0,0.0
2003-03-31 00:00:00-05:00,0.09949458895044906,0.10071695633528706,0.09796595504076305,0.09842444956302643,680508000,0.0,0.0
2003-04-01 00:00:00-05:00,0.10048769694023411,0.10239872835312164,0.09827222321295573,0.10132858902215958,533808000,0.0,0.0
2003-04-02 00:00:00-05:00,0.1047673422677166,0.10683059490705976,0.10339184506294691,0.10507270693778992,771900000,0.0,0.0
2003-04-03 00:00:00-05:00,0.10698372323880413,0.10698372323880413,0.10423271555512778,0.10644819587469101,702780000,0.0,0.0
2003-04-04 00:00:00-05:00,0.10675448538611425,0.10690670654993126,0.10186320536203967,0.10232170671224594,513840000,0.0,0.0
2003-04-07 00:00:00-04:00,0.10919918437510721,0.11004006943867989,0.10239870568296634,0.10339181870222092,671256000,0.0,0.0
2003-04-08 00:00:00-04:00,0.10430885434957558,0.10484345947799481,0.10171098961916716,0.10239873826503754,475032000,0.0,0.0
2003-04-09 00:00:00-04:00,0.10278021565159513,0.10553121712377406,0.10171099170841565,0.10186321288347244,694260000,0.0,0.0
2003-04-10 00:00:00-04:00,0.10323870808283793,0.10339185160028906,0.10140470941645394,0.10239873826503754,364104000,0.0,0.0
2003-04-11 00:00:00-04:00,0.10354497360681955,0.10438495013773232,0.10025844518311319,0.1012524738907814,374184000,0.0,0.0
2003-04-14 00:00:00-04:00,0.09972384171807513,0.1033157350911407,0.0994184770462008,0.10300945490598679,445776000,0.0,0.0
2003-04-15 00:00:00-04:00,0.10232170182546788,0.10377423190190714,0.09979994793586408,0.10247483849525452,490212000,0.0,0.0
2003-04-16 00:00:00-04:00,0.10484344888288331,0.10507270296313186,0.10163394641691062,0.10247483849525452,671988000,0.0,0.0
2003-04-17 00:00:00-04:00,0.10323870483022955,0.10453809832725601,0.10109934837405538,0.1043088510632515,520740000,0.0,0.0
2003-04-21 00:00:00-04:00,0.10446198222563163,0.1072890939888588,0.10346795346087378,0.1069837361574173,597144000,0.0,0.0
2003-04-22 00:00:00-04:00,0.10644823723100344,0.10843537294714727,0.10469125750944697,0.10835926234722137,787392000,0.0,0.0
2003-04-23 00:00:00-04:00,0.10820609722887466,0.11149171034532876,0.10736520513205049,0.11080396175384521,606204000,0.0,0.0
2003-04-24 00:00:00-04:00,0.11088099958434186,0.11088099958434186,0.1060667452699679,0.10751836001873016,660912000,0.0,0.0
2003-04-25 00:00:00-04:00,0.10690671937507708,0.10874072499592002,0.10255096627385932,0.10354499518871307,884652000,0.0,0.0
2003-04-28 00:00:00-04:00,0.1047673490533405,0.1085884967416321,0.10354498844497978,0.10667746514081955,674988000,0.0,0.0
2003-04-29 00:00:00-04:00,0.10912309065342787,0.11149170089228427,0.1082821986279004,0.10996397584676743,670344000,0.0,0.0
2003-04-30 00:00:00-04:00,0.10935236766786269,0.11233262351022147,0.1088938662434852,0.10950550436973572,466620000,0.0,0.0
2003-05-01 00:00:00-04:00,0.1087407369844338,0.11126249157501802,0.10813001432981341,0.11019326746463776,733368000,0.0,0.0
2003-05-02 00:00:00-04:00,0.11164483215854112,0.12226645161104265,0.11103319422841287,0.121502585709095,1691088000,0.0,0.0
2003-05-05 00:00:00-04:00,0.12264891492621968,0.13021417297934398,0.12043251108841854,0.1244829073548317,1576164000,0.0,0.0
2003-05-06 00:00:00-04:00,0.12387126360251319,0.1278455351984328,0.12264890272149044,0.12463603168725967,1143864000,0.0,0.0
2003-05-07 00:00:00-04:00,0.12280203149658452,0.12570524771624195,0.12050953108896932,0.12264889478683472,897372000,0.0,0.0
2003-05-08 00:00:00-04:00,0.12112022196235149,0.12761625334350704,0.11959250356894441,0.1227249801158905,1957452000,0.0,0.0
2003-05-09 00:00:00-04:00,0.14389302144961597,0.16452553366931658,0.13984262685207416,0.1633022576570511,9230856000,0.0,0.0
2003-05-12 00:00:00-04:00,0.16368462805489478,0.1673526384264825,0.15741876022813758,0.15871724486351013,3007860000,0.0,0.0
2003-05-13 00:00:00-04:00,0.15329223380513338,0.15818260388605382,0.15237524500574584,0.15573696792125702,1824108000,0.0,0.0
2003-05-14 00:00:00-04:00,0.1562725241187364,0.15818264004516086,0.1535976403426387,0.15558478236198425,965580000,0.0,0.0
2003-05-15 00:00:00-04:00,0.15787724857628768,0.16123897154401737,0.15703635666173113,0.16093361377716064,1105656000,0.0,0.0
2003-05-16 00:00:00-04:00,0.15894648881080833,0.16528938259264225,0.1587172415834157,0.1624622642993927,1028916000,0.0,0.0
2003-05-19 00:00:00-04:00,0.16032200287691117,0.16185063672407046,0.1513812507434647,0.15329226851463318,1220484000,0.0,0.0
2003-05-20 00:00:00-04:00,0.15352152355283233,0.15550773631419978,0.15283376815952382,0.15436148643493652,884124000,0.0,0.0
2003-05-21 00:00:00-04:00,0.15443853573925892,0.15986351213826125,0.15359764362756012,0.1597874015569687,905472000,0.0,0.0
2003-05-22 00:00:00-04:00,0.16001662292575436,0.1617745037816676,0.1562725021782409,0.16032198071479797,888816000,0.0,0.0
2003-05-23 00:00:00-04:00,0.16047511535949668,0.16353148074422807,0.1587942606067055,0.15948200225830078,867612000,0.0,0.0
2003-05-27 00:00:00-04:00,0.1578002460081957,0.17423014150337904,0.1547438803519982,0.17361851036548615,1677408000,0.0,0.0
2003-05-28 00:00:00-04:00,0.17308393574485814,0.17499405203548676,0.1688813191658546,0.17316004633903503,1235556000,0.0,0.0
2003-05-29 00:00:00-04:00,0.17308393960561844,0.19088935078805933,0.17270155559934283,0.18500494956970215,2297736000,0.0,0.0
2003-05-30 00:00:00-04:00,0.20250407647149485,0.20349810539614235,0.1975375939018658,0.19998231530189514,2142312000,0.0,0.0
2003-06-02 00:00:00-04:00,0.20517891327287732,0.20540817417306148,0.1876797941472348,0.18890215456485748,1566144000,0.0,0.0
2003-06-03 00:00:00-04:00,0.1867628415598922,0.19853071462021318,0.18447034125906342,0.19279946386814117,1596804000,0.0,0.0
2003-06-04 00:00:00-04:00,0.1921878162687818,0.19753759846103558,0.1892075604528592,0.19738446176052094,1175604000,0.0,0.0
2003-06-05 00:00:00-04:00,0.19478653174708213,0.2037272822322406,0.19218774537099975,0.2030395269393921,1204404000,0.0,0.0
2003-06-06 00:00:00-04:00,0.21098633629072716,0.2120564758113215,0.19532120503607578,0.19684985280036926,1378836000,0.0,0.0
2003-06-09 00:00:00-04:00,0.19562652000858125,0.20067002759674046,0.19150001504230332,0.1944802701473236,720588000,0.0,0.0
2003-06-10 00:00:00-04:00,0.1944802680026072,0.19746052307476145,0.19234090496767056,0.19730830192565918,563304000,0.0,0.0
2003-06-11 00:00:00-04:00,0.19608506463418676,0.1992184569861741,0.1925701901566896,0.19746056199073792,943836000,0.0,0.0
2003-06-12 00:00:00-04:00,0.19883602235297781,0.2009763009247121,0.19386955451779012,0.1944802701473236,1046688000,0.0,0.0
2003-06-13 00:00:00-04:00,0.18607505881326206,0.19142392478389567,0.17805130893284946,0.17934978008270264,1826808000,0.0,0.0
2003-06-16 00:00:00-04:00,0.18149009030424867,0.18546345971619577,0.1694920541092201,0.18317095935344696,1904868000,0.0,0.0
2003-06-17 00:00:00-04:00,0.1873735364042013,0.18874903359779935,0.18187152030105486,0.187526673078537,999852000,0.0,0.0
2003-06-18 00:00:00-04:00,0.18569269037843222,0.19845459160100432,0.1841640426595185,0.19470955431461334,1122072000,0.0,0.0
2003-06-19 00:00:00-04:00,0.19555045032188975,0.196543563726817,0.18187154603761668,0.18286557495594025,1190532000,0.0,0.0
2003-06-20 00:00:00-04:00,0.1848517282217675,0.18492875429582348,0.17805125642646513,0.1809544712305069,937848000,0.0,0.0
2003-06-23 00:00:00-04:00,0.18080232777356786,0.18171933061626305,0.17094457112725864,0.17453554272651672,734784000,0.0,0.0
2003-06-24 00:00:00-04:00,0.17346628777212342,0.17728651964929776,0.16857501469328412,0.17415404319763184,1008816000,0.0,0.0
2003-06-25 00:00:00-04:00,0.17461254349004912,0.181719290020644,0.17392478809557563,0.17530028522014618,1060620000,0.0,0.0
2003-06-26 00:00:00-04:00,0.17583492600904513,0.17789817878695457,0.17033290949170124,0.17552955448627472,960540000,0.0,0.0
2003-06-27 00:00:00-04:00,0.1775927672324533,0.17919752510437306,0.17155524509656783,0.17239612340927124,709104000,0.0,0.0
2003-06-30 00:00:00-04:00,0.17468866182933177,0.17812741162575266,0.17270151979870088,0.17507104575634003,544128000,0.0,0.0
2003-07-01 00:00:00-04:00,0.17285468022682574,0.18248318917863468,0.17124992190266813,0.18225394189357758,977016000,0.0,0.0
2003-07-02 00:00:00-04:00,0.18393477696341676,0.1863043166510933,0.1791975559433922,0.18171930313110352,846828000,0.0,0.0
2003-07-03 00:00:00-04:00,0.17751572079558614,0.18431712171081338,0.17713425248065828,0.1796559989452362,420912000,0.0,0.0
2003-07-07 00:00:00-04:00,0.18210080050675667,0.19241705104791082,0.18202468991816126,0.1914239376783371,832200000,0.0,0.0
2003-07-08 00:00:00-04:00,0.1861511855915646,0.19180633907904276,0.18569269102426098,0.1892845779657364,602856000,0.0,0.0
2003-07-09 00:00:00-04:00,0.1892075862408353,0.1967728436265862,0.18890222831161066,0.19364036619663239,755352000,0.0,0.0
2003-07-10 00:00:00-04:00,0.1876028290752684,0.19004846621911672,0.18240709872735195,0.1856927126646042,644568000,0.0,0.0
2003-07-11 00:00:00-04:00,0.1879091067107833,0.189055356952701,0.18508107181737737,0.18668583035469055,495000000,0.0,0.0
2003-07-14 00:00:00-04:00,0.19142387216956055,0.19257012183742103,0.18431712696170036,0.18523412942886353,694344000,0.0,0.0
2003-07-15 00:00:00-04:00,0.18798513402949132,0.1888260259827,0.1774396255442592,0.1791975200176239,1143456000,0.0,0.0
2003-07-16 00:00:00-04:00,0.18255929449908925,0.18340018668886524,0.17270153854679585,0.17698118090629578,880476000,0.0,0.0
2003-07-17 00:00:00-04:00,0.17163226911635726,0.1738477425407757,0.16582398060634582,0.1681164801120758,853764000,0.0,0.0
2003-07-18 00:00:00-04:00,0.16483087447348155,0.1653654931640541,0.15642472831636325,0.1624622642993927,1280832000,0.0,0.0
2003-07-21 00:00:00-04:00,0.16337935619763905,0.16391396151612056,0.1561955664856819,0.1600167155265808,985140000,0.0,0.0
2003-07-22 00:00:00-04:00,0.1645255389618535,0.1657478995001889,0.1617745308673551,0.16269153356552124,582444000,0.0,0.0
2003-07-23 00:00:00-04:00,0.16253843749564528,0.16582405150960247,0.15764807860726823,0.16483093798160553,605328000,0.0,0.0
2003-07-24 00:00:00-04:00,0.16781116655158626,0.16903352719478867,0.15703640783642175,0.158411905169487,1116828000,0.0,0.0
2003-07-25 00:00:00-04:00,0.158717224977783,0.161850602590792,0.15283374177944492,0.16093361377716064,1002084000,0.0,0.0
2003-07-28 00:00:00-04:00,0.16223306703112658,0.16261453551881486,0.15527852633252384,0.15596628189086914,703752000,0.0,0.0
2003-07-29 00:00:00-04:00,0.14182977894390125,0.15405614500734546,0.1403011313282408,0.1457270234823227,2794788000,0.0,0.0
2003-07-30 00:00:00-04:00,0.14519148157526965,0.14687325196281478,0.14320525522921973,0.14412225782871246,788724000,0.0,0.0
2003-07-31 00:00:00-04:00,0.14748401204545655,0.14962429101195657,0.14435153521188276,0.14587925374507904,897600000,0.0,0.0
2003-08-01 00:00:00-04:00,0.14595625594967881,0.1519167520607688,0.1445037192019765,0.15069347620010376,767556000,0.0,0.0
2003-08-04 00:00:00-04:00,0.1505413137664803,0.15909968422729726,0.14962431085385644,0.15634867548942566,1428852000,0.0,0.0
2003-08-05 00:00:00-04:00,0.16039902598640832,0.1640670366037691,0.15459075038593117,0.15589013695716858,1063488000,0.0,0.0
2003-08-06 00:00:00-04:00,0.1538269063729457,0.15589015922382277,0.1458031422496729,0.1495472639799118,1025868000,0.0,0.0
2003-08-07 00:00:00-04:00,0.14916574360139306,0.1513051062965744,0.14549773373684036,0.1474839597940445,1040340000,0.0,0.0
2003-08-08 00:00:00-04:00,0.1264700268561002,0.12700464572356623,0.11661226983712687,0.11844627559185028,3767580000,0.0,0.0
2003-08-11 00:00:00-04:00,0.1203563533920227,0.1264700007051805,0.11959250104363735,0.12486525624990463,1675752000,0.0,0.0
2003-08-12 00:00:00-04:00,0.12646998463807085,0.12769234500722654,0.12440673226885396,0.12738698720932007,764160000,0.0,0.0
2003-08-13 00:00:00-04:00,0.12792159299754463,0.13029020292579585,0.12471209115403542,0.12822695076465607,693552000,0.0,0.0
2003-08-14 00:00:00-04:00,0.12394825858938428,0.12578226403926557,0.12241961098858804,0.12379512190818787,1527696000,0.0,0.0
2003-08-15 00:00:00-04:00,0.12303123015399692,0.1241774799045408,0.12226644875676508,0.12341269850730896,217716000,0.0,0.0
2003-08-18 00:00:00-04:00,0.12539986973150619,0.1270807385444641,0.12318348027690942,0.1270807385444641,717684000,0.0,0.0
2003-08-19 00:00:00-04:00,0.129908739517611,0.1375501182081826,0.12983171343001607,0.13678625226020813,1403976000,0.0,0.0
2003-08-20 00:00:00-04:00,0.13487528264522552,0.13739703072782353,0.13189502621573007,0.13487528264522552,870348000,0.0,0.0
2003-08-21 00:00:00-04:00,0.13816174998727065,0.13984261855305494,0.13602147143335339,0.13854321837425232,644748000,0.0,0.0
2003-08-22 00:00:00-04:00,0.14687326916383694,0.14885949574250323,0.13946023507738078,0.1395372748374939,1002396000,0.0,0.0
2003-08-25 00:00:00-04:00,0.14221123740279246,0.14221123740279246,0.13755012714023268,0.13877248764038086,434028000,0.0,0.0
2003-08-26 00:00:00-04:00,0.13701556710006563,0.1390788205744161,0.13281203402576508,0.13655707240104675,768984000,0.0,0.0
2003-08-27 00:00:00-04:00,0.137474043521769,0.14213515469844798,0.1360215063078401,0.14068354666233063,567816000,0.0,0.0
2003-08-28 00:00:00-04:00,0.14205902985990015,0.14282289593069109,0.1354107769491536,0.13701552152633667,828312000,0.0,0.0
2003-08-29 00:00:00-04:00,0.1367863032210522,0.13946027229520414,0.1362507687967659,0.13884955644607544,532884000,0.0,0.0
2003-09-02 00:00:00-04:00,0.1412941816488475,0.14251745720266173,0.13693843085337926,0.13762618601322174,711456000,0.0,0.0
2003-09-03 00:00:00-04:00,0.13968949676928866,0.14007188071019697,0.13426452025829486,0.13495226204395294,849972000,0.0,0.0
2003-09-04 00:00:00-04:00,0.1354868523190347,0.13946020651140778,0.13449373923312333,0.13625070452690125,740064000,0.0,0.0
2003-09-05 00:00:00-04:00,0.1364799922733672,0.14595627895874402,0.13487523413300254,0.14274677634239197,1198740000,0.0,0.0
2003-09-08 00:00:00-04:00,0.1450392539899595,0.15099975012551398,0.14328135944253867,0.14931797981262207,1508712000,0.0,0.0
2003-09-09 00:00:00-04:00,0.14519152746754838,0.16406707864912695,0.14320530049368993,0.15848803520202637,2489436000,0.0,0.0
2003-09-10 00:00:00-04:00,0.1539800698820567,0.15810657630250097,0.14641481266603587,0.14763717353343964,1380624000,0.0,0.0
2003-09-11 00:00:00-04:00,0.149624281685122,0.15398003442266106,0.13984263679350106,0.1457270234823227,2612736000,0.0,0.0
2003-09-12 00:00:00-04:00,0.14450377298254274,0.15107591630213457,0.1428990281622885,0.1478664129972458,1162404000,0.0,0.0
2003-09-15 00:00:00-04:00,0.1490887421575113,0.14985352369516897,0.1448861399144758,0.14542074501514435,596028000,0.0,0.0
2003-09-16 00:00:00-04:00,0.14572705550137957,0.1503881807794903,0.14572705550137957,0.14992967247962952,620736000,0.0,0.0
2003-09-17 00:00:00-04:00,0.15084665534246708,0.15459077718702324,0.14962429465063326,0.15168754756450653,902784000,0.0,0.0
2003-09-18 00:00:00-04:00,0.15084666207687436,0.15290991508285962,0.14916580673553032,0.15283380448818207,603492000,0.0,0.0
2003-09-19 00:00:00-04:00,0.15459073364661696,0.15558476228464407,0.15023498175843086,0.15161047875881195,648096000,0.0,0.0
2003-09-22 00:00:00-04:00,0.14863027009595622,0.14893654349685814,0.14442765355355439,0.1456500142812729,735504000,0.0,0.0
2003-09-23 00:00:00-04:00,0.14587920140271254,0.14786634296398254,0.14396909958098145,0.1470254510641098,628932000,0.0,0.0
2003-09-24 00:00:00-04:00,0.14389302807464432,0.14519149921271526,0.13564001734103362,0.13586926460266113,1600668000,0.0,0.0
2003-09-25 00:00:00-04:00,0.136938490828454,0.1393841274942917,0.13334751968374528,0.13395823538303375,736776000,0.0,0.0
2003-09-26 00:00:00-04:00,0.13357676383339173,0.13395823225822123,0.12708073246556845,0.12883861362934113,895908000,0.0,0.0
2003-09-29 00:00:00-04:00,0.12234351860964161,0.12669927195297254,0.11997399217963578,0.1218850240111351,1944996000,0.0,0.0
2003-09-30 00:00:00-04:00,0.12081485654733866,0.12616372211217855,0.12035634839033053,0.12203721702098846,1020888000,0.0,0.0
2003-10-01 00:00:00-04:00,0.12226647700911744,0.12448286645431149,0.12196111915328489,0.12303125858306885,877224000,0.0,0.0
2003-10-02 00:00:00-04:00,0.122266466510404,0.12669924502016058,0.12188499810170104,0.12494136393070221,857628000,0.0,0.0
2003-10-03 00:00:00-04:00,0.1283800874047428,0.13143645260816528,0.12616369860351628,0.12822695076465607,862812000,0.0,0.0
2003-10-06 00:00:00-04:00,0.1284561782314796,0.12975556435429028,0.12616367921897398,0.1272338181734085,377028000,0.0,0.0
2003-10-07 00:00:00-04:00,0.12723384029271956,0.12838008999824524,0.12547594586317865,0.12838008999824524,510588000,0.0,0.0
2003-10-08 00:00:00-04:00,0.12838012658147294,0.12952637661363425,0.12310737096777953,0.12387123703956604,739440000,0.0,0.0
2003-10-09 00:00:00-04:00,0.1257052077972478,0.13051946805592557,0.12463598404459747,0.12562909722328186,852408000,0.0,0.0
2003-10-10 00:00:00-04:00,0.12761618918917209,0.12876243858073214,0.126087556050939,0.12784543633460999,413976000,0.0,0.0
2003-10-13 00:00:00-04:00,0.12929717947653013,0.13181892779224602,0.12830406574609587,0.12914404273033142,434904000,0.0,0.0
2003-10-14 00:00:00-04:00,0.1277685128301203,0.1318950194175976,0.12700466023650275,0.1315135508775711,623556000,0.0,0.0
2003-10-15 00:00:00-04:00,0.13304117298627385,0.13548682221959404,0.12899170912666436,0.12983167171478271,703488000,0.0,0.0
2003-10-16 00:00:00-04:00,0.12998489010579325,0.13189500648813685,0.12799776127652368,0.1314365118741989,446088000,0.0,0.0
2003-10-17 00:00:00-04:00,0.1306726325716694,0.1331943800239074,0.12715777172905154,0.12730999290943146,459696000,0.0,0.0
2003-10-20 00:00:00-04:00,0.1273869725863291,0.13029020110918577,0.12662219124524668,0.13013797998428345,467388000,0.0,0.0
2003-10-21 00:00:00-04:00,0.13250663006278346,0.13663313557891069,0.1306726245746429,0.13411137461662292,758724000,0.0,0.0
2003-10-22 00:00:00-04:00,0.13204816772346525,0.13510453487271346,0.13113117832527077,0.13181892037391663,620952000,0.0,0.0
2003-10-23 00:00:00-04:00,0.1299087872735053,0.13372902026655414,0.12967953995283263,0.13120727241039276,451524000,0.0,0.0
2003-10-24 00:00:00-04:00,0.12990877204659143,0.13189499891268655,0.12868549580631958,0.13074874877929688,447084000,0.0,0.0
2003-10-27 00:00:00-05:00,0.1314365118741989,0.13296514608953053,0.1305195089819428,0.1314365118741989,254460000,0.0,0.0
2003-10-28 00:00:00-05:00,0.13319433252166119,0.14045422807945207,0.13258270147812415,0.13968946039676666,956064000,0.0,0.0
2003-10-29 00:00:00-05:00,0.13556295609977256,0.14137123055260342,0.13548684553672657,0.13968946039676666,494004000,0.0,0.0
2003-10-30 00:00:00-05:00,0.1432814108010994,0.1433575213985346,0.1368624042531004,0.13709165155887604,581256000,0.0,0.0
2003-10-31 00:00:00-05:00,0.1383140256926503,0.13946027599648683,0.13296515822447205,0.13510452210903168,598152000,0.0,0.0
2003-11-03 00:00:00-05:00,0.13441668470790977,0.14022495822234918,0.13380595561172526,0.13762618601322174,773724000,0.0,0.0
2003-11-04 00:00:00-05:00,0.14060651701805094,0.14098891470819253,0.13716776633355368,0.1380847692489624,700896000,0.0,0.0
2003-11-05 00:00:00-05:00,0.1352575902113384,0.13999573941035418,0.13304120133289285,0.13862024247646332,882024000,0.0,0.0
2003-11-06 00:00:00-05:00,0.14068356234929189,0.1413713043147122,0.13632779491305755,0.13884955644607544,1175280000,0.0,0.0
2003-11-07 00:00:00-05:00,0.16551860462143203,0.16857496967677224,0.16200374518110794,0.16620635986328125,4292820000,0.0,0.0
2003-11-10 00:00:00-05:00,0.16674108404699167,0.16903358494005763,0.16475485663828057,0.1657479703426361,1210056000,0.0,0.0
2003-11-11 00:00:00-05:00,0.16200377443063646,0.16483087913954067,0.15871724607640914,0.16162137687206268,799140000,0.0,0.0
2003-11-12 00:00:00-05:00,0.16108675393202426,0.16429625584288737,0.1603219725642291,0.1637607216835022,617664000,0.0,0.0
2003-11-13 00:00:00-05:00,0.16376076439091822,0.16613030416428795,0.16284376165375733,0.16383779048919678,580332000,0.0,0.0
2003-11-14 00:00:00-05:00,0.16429630479248905,0.16429630479248905,0.15367376731887003,0.15413226187229156,888420000,0.0,0.0
2003-11-17 00:00:00-05:00,0.15122901040008918,0.15436147276328055,0.14977647365231672,0.15252748131752014,599880000,0.0,0.0
2003-11-18 00:00:00-05:00,0.1562725180225885,0.15818263387449988,0.149776487133794,0.15031202137470245,991428000,0.0,0.0
2003-11-19 00:00:00-05:00,0.15138119027839356,0.1551262118965067,0.15084657174454597,0.15451458096504211,567552000,0.0,0.0
2003-11-20 00:00:00-05:00,0.15206894629808987,0.1554315844664244,0.14977644714828237,0.15038809180259705,738852000,0.0,0.0
2003-11-21 00:00:00-05:00,0.15222214510016785,0.15245140604029028,0.1480956531436395,0.1509997844696045,543240000,0.0,0.0
2003-11-24 00:00:00-05:00,0.15245137639904133,0.16047512514066808,0.15138123715147533,0.16009274125099182,940644000,0.0,0.0
2003-11-25 00:00:00-05:00,0.16078049634584715,0.16421925975754711,0.15894650467923427,0.1628437489271164,822804000,0.0,0.0
2003-11-26 00:00:00-05:00,0.16551866533417053,0.16605327047507396,0.15994055178660355,0.16299691796302795,430032000,0.0,0.0
2003-11-28 00:00:00-05:00,0.1629208101437156,0.1633793047046676,0.16085755729067425,0.16223305463790894,206136000,0.0,0.0
2003-12-01 00:00:00-05:00,0.16406701444755029,0.16574786919545875,0.1621559833056208,0.16452550888061523,526980000,0.0,0.0
2003-12-02 00:00:00-05:00,0.1635315171227225,0.1671995144069881,0.16284376165375733,0.16383779048919678,574740000,0.0,0.0
2003-12-03 00:00:00-05:00,0.16429629441970436,0.16964516035603106,0.16177453354196109,0.16215601563453674,710028000,0.0,0.0
2003-12-04 00:00:00-05:00,0.16269150434371807,0.16559473308019768,0.15749486059266204,0.16131600737571716,521952000,0.0,0.0
2003-12-05 00:00:00-05:00,0.15749485846926958,0.16200376050772222,0.1548199751373828,0.15611936151981354,559848000,0.0,0.0
2003-12-08 00:00:00-05:00,0.15611942782602872,0.15887043655770933,0.15474393029237865,0.15726567804813385,340980000,0.0,0.0
2003-12-09 00:00:00-05:00,0.15696021972913,0.15848793748419385,0.14901257019350878,0.14908868074417114,598128000,0.0,0.0
2003-12-10 00:00:00-05:00,0.14908872397339068,0.15321522879548596,0.14901261340065958,0.152375265955925,568656000,0.0,0.0
2003-12-11 00:00:00-05:00,0.1522982260761607,0.16200377251495246,0.15199286827232295,0.16009274125099182,694872000,0.0,0.0
2003-12-12 00:00:00-05:00,0.16223309365640262,0.1633023178779145,0.1566540631588744,0.1592528373003006,700692000,0.0,0.0
2003-12-15 00:00:00-05:00,0.16391385765799138,0.1641431185298403,0.15558475197348612,0.15604324638843536,622752000,0.0,0.0
2003-12-16 00:00:00-05:00,0.15512629935781963,0.15917577911982914,0.15237530455578854,0.15818266570568085,601728000,0.0,0.0
2003-12-17 00:00:00-05:00,0.15688322273966637,0.15741874323226968,0.15252747114196075,0.15512624382972717,499116000,0.0,0.0
2003-12-18 00:00:00-05:00,0.15543164190464817,0.16024590282980455,0.1552785052223285,0.15864114463329315,436728000,0.0,0.0
2003-12-19 00:00:00-05:00,0.16261448809197257,0.16506013805485695,0.15925276471774763,0.1610097438097,916956000,0.0,0.0
2003-12-22 00:00:00-05:00,0.1586411122904642,0.1616213671446899,0.15703636808549656,0.16123898327350616,371184000,0.0,0.0
2003-12-23 00:00:00-05:00,0.16062824114952023,0.16941586835638053,0.16055121507358386,0.16781111061573029,722760000,0.0,0.0
2003-12-24 00:00:00-05:00,0.16773500315591883,0.1682696217964658,0.16613025904995501,0.16658875346183777,210852000,0.0,0.0
2003-12-26 00:00:00-05:00,0.16788727871711917,0.17476479277581586,0.1671995232119359,0.1737716794013977,363960000,0.0,0.0
2003-12-29 00:00:00-05:00,0.1770572753568515,0.18171930125995223,0.17621729875699568,0.18110767006874084,756624000,0.0,0.0
2003-12-30 00:00:00-05:00,0.1791975489280779,0.18492879852322355,0.17904441225637394,0.18149004876613617,550884000,0.0,0.0
2003-12-31 00:00:00-05:00,0.18141302584675117,0.1822539179503314,0.1743832913867896,0.1772865206003189,497268000,0.0,0.0
2004-01-02 00:00:00-05:00,0.18011458530979668,0.18255930676390775,0.1763695478439331,0.1763695478439331,436416000,0.0,0.0
2004-01-05 00:00:00-05:00,0.17904440711104602,0.18332404883401848,0.17743964907189622,0.18210077285766602,575292000,0.0,0.0
2004-01-06 00:00:00-05:00,0.18156620750652466,0.1920356098909185,0.18072531519460242,0.18951386213302612,1093344000,0.0,0.0
2004-01-07 00:00:00-05:00,0.18737352009818856,0.19211165611510378,0.18607503544701406,0.19119465351104736,673032000,0.0,0.0
2004-01-08 00:00:00-05:00,0.19356330161973878,0.19448030440314124,0.19004844084146685,0.1918824464082718,433752000,0.0,0.0
2004-01-09 00:00:00-05:00,0.1905830869651812,0.1970020937044794,0.18905535456136713,0.19463346898555756,766584000,0.0,0.0
2004-01-12 00:00:00-05:00,0.19532120503607578,0.19746056856385877,0.19348719939003753,0.19684985280036926,541980000,0.0,0.0
2004-01-13 00:00:00-05:00,0.19585583229003203,0.1977668642570277,0.18462257718636257,0.18668583035469055,865800000,0.0,0.0
2004-01-14 00:00:00-05:00,0.18760277412349544,0.19027765779419664,0.18355329517795452,0.1853102743625641,544872000,0.0,0.0
2004-01-15 00:00:00-05:00,0.18393484249280503,0.18714434626804027,0.18064922810824824,0.1856166273355484,609204000,0.0,0.0
2004-01-16 00:00:00-05:00,0.18752665812534713,0.19004840505659146,0.1857687634783389,0.18844366073608398,451728000,0.0,0.0
2004-01-20 00:00:00-05:00,0.19073618123072608,0.19402179446888226,0.18859681796489677,0.19371643662452698,487764000,0.0,0.0
2004-01-21 00:00:00-05:00,0.19211167322380338,0.19287553923487752,0.18447030756638733,0.18477566540241241,494460000,0.0,0.0
2004-01-22 00:00:00-05:00,0.18576877725983815,0.18874903254973305,0.17828054833386428,0.18049602210521698,605724000,0.0,0.0
2004-01-23 00:00:00-05:00,0.17957909440767708,0.18317099604238685,0.17606423256288495,0.17644661664962769,482472000,0.0,0.0
2004-01-26 00:00:00-05:00,0.17759279503896536,0.18416402136499682,0.1762172978365056,0.18340016901493073,393684000,0.0,0.0
2004-01-27 00:00:00-05:00,0.17973216647976475,0.18263631135726696,0.17155527980750893,0.1729307770729065,934104000,0.0,0.0
2004-01-28 00:00:00-05:00,0.1751471962099193,0.17789820487196856,0.1715553089223246,0.1724722981452942,615204000,0.0,0.0
2004-01-29 00:00:00-05:00,0.1730077747260221,0.17384775122182156,0.16162137353261324,0.16742874681949615,929700000,0.0,0.0
2004-01-30 00:00:00-05:00,0.16704723990239626,0.17384772532938325,0.1660532113843292,0.170027494430542,466464000,0.0,0.0
2004-02-02 00:00:00-05:00,0.17140307918221312,0.17614030091325691,0.16964518409257723,0.17277857661247253,560844000,0.0,0.0
2004-02-03 00:00:00-05:00,0.17231999077487878,0.1753002452522739,0.16987435490341515,0.1721668541431427,418032000,0.0,0.0
2004-02-04 00:00:00-05:00,0.1697213199217663,0.17109681755654604,0.16727659809911344,0.16750584542751312,436800000,0.0,0.0
2004-02-05 00:00:00-05:00,0.16842275040115492,0.17193760987996262,0.16735261132242982,0.170027494430542,331980000,0.0,0.0
2004-02-06 00:00:00-05:00,0.1722430342174344,0.17636953998009447,0.17132603141857894,0.17392481863498688,471132000,0.0,0.0
2004-02-09 00:00:00-05:00,0.1752232698682524,0.17805130404501346,0.17262541212656,0.17270152270793915,373992000,0.0,0.0
2004-02-10 00:00:00-05:00,0.1732370512196121,0.1791975621705389,0.1731600251214425,0.1790444254875183,509700000,0.0,0.0
2004-02-11 00:00:00-05:00,0.18133690599368904,0.18592190551555177,0.18072526117632493,0.1853102743625641,737808000,0.0,0.0
2004-02-12 00:00:00-05:00,0.18431715696100542,0.18531027015235582,0.17690503911913502,0.17973214387893677,974892000,0.0,0.0
2004-02-13 00:00:00-05:00,0.174993982362935,0.18255923576827457,0.1734662506783076,0.17805126309394836,1747500000,0.0,0.0
2004-02-17 00:00:00-05:00,0.17873907310196574,0.18057307876999862,0.17629343614970258,0.18003755807876587,575976000,0.0,0.0
2004-02-18 00:00:00-05:00,0.18057307876999862,0.18149008160401506,0.17881518369496327,0.18003755807876587,320244000,0.0,0.0
2004-02-19 00:00:00-05:00,0.1822539280514407,0.18546343079161615,0.17957903043133294,0.1799614280462265,631032000,0.0,0.0
2004-02-20 00:00:00-05:00,0.17965603552643405,0.18492879038775753,0.1786620068095876,0.1844702959060669,618120000,0.0,0.0
2004-02-23 00:00:00-05:00,0.18416397986546826,0.18447026681147127,0.17560561341312647,0.17805126309394836,853332000,0.0,0.0
2004-02-24 00:00:00-05:00,0.1749940055941067,0.1772103947001007,0.16903349549467864,0.17094452679157257,708384000,0.0,0.0
2004-02-25 00:00:00-05:00,0.17201375505763394,0.17522325742667988,0.1701036392238109,0.17193764448165894,652512000,0.0,0.0
2004-02-26 00:00:00-05:00,0.17445938355300672,0.17476475502064956,0.17094452352621106,0.17308388650417328,344976000,0.0,0.0
2004-02-27 00:00:00-05:00,0.1734662433486916,0.1736184781343813,0.1674287218830879,0.170027494430542,595548000,0.0,0.0
2004-03-01 00:00:00-05:00,0.16956908119420694,0.1728546950504669,0.1693398338894901,0.17254933714866638,506628000,0.0,0.0
2004-03-02 00:00:00-05:00,0.17277857103952912,0.1740009317296779,0.16865206521747111,0.16933982074260712,813348000,0.0,0.0
2004-03-03 00:00:00-05:00,0.16888122676008505,0.16888122676008505,0.16437233924461425,0.16712333261966705,552492000,0.0,0.0
2004-03-04 00:00:00-05:00,0.16880430462819188,0.17109680507369607,0.16742880709376548,0.17079144716262817,413352000,0.0,0.0
2004-03-05 00:00:00-05:00,0.1669703170908589,0.17346635062828689,0.16635960120184398,0.16956910490989685,354888000,0.0,0.0
2004-03-08 00:00:00-05:00,0.16964517756587535,0.17193767774956897,0.16238527937012992,0.1636846661567688,465168000,0.0,0.0
2004-03-09 00:00:00-05:00,0.1650601399959632,0.16521327665624014,0.15978738529613035,0.16253837943077087,371232000,0.0,0.0
2004-03-10 00:00:00-05:00,0.16360849955023246,0.1653654784572987,0.15902350075264468,0.16016975045204163,481692000,0.0,0.0
2004-03-11 00:00:00-05:00,0.15802952622481464,0.16368466609107762,0.15802952622481464,0.15894652903079987,526872000,0.0,0.0
2004-03-12 00:00:00-05:00,0.1610867795014049,0.16429628192171383,0.1593288847914543,0.16230913996696472,377952000,0.0,0.0
2004-03-15 00:00:00-05:00,0.16131604224379104,0.16200379770863563,0.15764804498150156,0.15864114463329315,421224000,0.0,0.0
2004-03-16 00:00:00-05:00,0.16062828050454234,0.16620640726115513,0.15955814113235725,0.1654425412416458,597504000,0.0,0.0
2004-03-17 00:00:00-05:00,0.1681165398813995,0.17109679576414843,0.16742879798379726,0.16949205100536346,524592000,0.0,0.0
2004-03-18 00:00:00-05:00,0.16857506023113555,0.17346633463127425,0.16811655193547892,0.17140309512615204,528048000,0.0,0.0
2004-03-19 00:00:00-05:00,0.17048603042460397,0.17224299586324318,0.16842277800270844,0.1694158911705017,452964000,0.0,0.0
2004-03-22 00:00:00-05:00,0.16681800922282433,0.1694158801788205,0.16429626249939633,0.1681164801120758,576708000,0.0,0.0
2004-03-23 00:00:00-05:00,0.17040901617637177,0.17224300782872481,0.16689414221299068,0.16880425810813904,576036000,0.0,0.0
2004-03-24 00:00:00-05:00,0.16849893360922155,0.17919758247005457,0.16811653595063356,0.1763695478439331,787344000,0.0,0.0
2004-03-25 00:00:00-05:00,0.17835668850823447,0.18752670315307296,0.17805133062385817,0.18660970032215118,997128000,0.0,0.0
2004-03-26 00:00:00-05:00,0.1860750913619995,0.18897832119440228,0.183553343691349,0.1860750913619995,551604000,0.0,0.0
2004-03-29 00:00:00-05:00,0.188748961579652,0.19662048698625692,0.18836749330926414,0.19409874081611633,985764000,0.0,0.0
2004-03-30 00:00:00-05:00,0.19279939490810305,0.2008231430910883,0.19264624459588528,0.1999061405658722,724956000,0.0,0.0
2004-03-31 00:00:00-05:00,0.20089932792041193,0.2038795838129151,0.19983010386522504,0.20174022018909454,604752000,0.0,0.0
2004-04-01 00:00:00-05:00,0.2019694898070101,0.2060959963196342,0.19310484540982384,0.19814835488796234,1319508000,0.0,0.0
2004-04-02 00:00:00-05:00,0.2025040591761255,0.20380344587035398,0.1963913270203441,0.20097632706165314,649740000,0.0,0.0
2004-04-05 00:00:00-04:00,0.19990616828833113,0.2090000705698686,0.19990616828833113,0.2081591784954071,576744000,0.0,0.0
2004-04-06 00:00:00-04:00,0.20403264245601246,0.2054842636246005,0.19868377768617304,0.19975300133228302,624096000,0.0,0.0
2004-04-07 00:00:00-04:00,0.20128166947702347,0.20135778005130722,0.19516802269189548,0.19868379831314087,447864000,0.0,0.0
2004-04-08 00:00:00-04:00,0.2031156981868206,0.20632520107167998,0.20158706416478722,0.20433805882930756,447096000,0.0,0.0
2004-04-12 00:00:00-04:00,0.2059428558488407,0.20685985879766,0.19929460155037695,0.20051787793636322,443784000,0.0,0.0
2004-04-13 00:00:00-04:00,0.2023517955575212,0.20250401669616652,0.1948626521799219,0.1958557516336441,442704000,0.0,0.0
2004-04-14 00:00:00-04:00,0.1948627104567558,0.20051785042806655,0.1926463071591032,0.19684985280036926,512016000,0.0,0.0
2004-04-15 00:00:00-04:00,0.1941749518722185,0.19501584408993947,0.18569269297305205,0.186533585190773,828084000,0.0,0.0
2004-04-16 00:00:00-04:00,0.18576880325950618,0.18584582936366006,0.18003755279556125,0.1804199367761612,654864000,0.0,0.0
2004-04-19 00:00:00-04:00,0.18026676318405713,0.18149003913061862,0.17698115027311073,0.18019065260887146,522804000,0.0,0.0
2004-04-20 00:00:00-04:00,0.1806491990615008,0.18263634153562902,0.1724722973737368,0.17254933714866638,513804000,0.0,0.0
2004-04-21 00:00:00-04:00,0.17323707120109919,0.17881518518014608,0.17147918977584278,0.17277857661247253,688812000,0.0,0.0
2004-04-22 00:00:00-04:00,0.17117380773634486,0.17667582444905364,0.16758192084788429,0.1737716794013977,695520000,0.0,0.0
2004-04-23 00:00:00-04:00,0.1759109989561435,0.18057302415829846,0.1753763802756358,0.17759276926517487,443928000,0.0,0.0
2004-04-26 00:00:00-04:00,0.17797428636131454,0.17873905426435638,0.17017976992584166,0.1706382781267166,429912000,0.0,0.0
2004-04-27 00:00:00-04:00,0.1726253696763125,0.17721036835461465,0.16857497596275384,0.16918660700321198,494568000,0.0,0.0
2004-04-28 00:00:00-04:00,0.16926272591409014,0.17186151232254496,0.16719947367421764,0.16849887371063232,468768000,0.0,0.0
2004-04-29 00:00:00-04:00,0.16750580143784033,0.16865205144319695,0.1616214010634421,0.16383779048919678,645048000,0.0,0.0
2004-04-30 00:00:00-04:00,0.16292081756684237,0.16391391732303046,0.1561955243735599,0.15680716931819916,512928000,0.0,0.0
2004-05-03 00:00:00-04:00,0.15848799205937036,0.16009275009497256,0.15206898724571452,0.15481999516487122,610668000,0.0,0.0
2004-05-04 00:00:00-04:00,0.15703641698500817,0.16666492620615708,0.15665403299475406,0.16467778384685516,772380000,0.0,0.0
2004-05-05 00:00:00-04:00,0.16483087515306324,0.1675057723145174,0.1634553781186611,0.16605323553085327,464280000,0.0,0.0
2004-05-06 00:00:00-04:00,0.1643723812754851,0.1687281332867505,0.16085752127318315,0.16742874681949615,711348000,0.0,0.0
2004-05-07 00:00:00-04:00,0.17232005970725614,0.17552956265963163,0.1678111699834933,0.16872817277908325,956772000,0.0,0.0
2004-05-10 00:00:00-04:00,0.1642192683234278,0.16597714950272358,0.15856503087750584,0.16215601563453674,669072000,0.0,0.0
2004-05-11 00:00:00-04:00,0.16421930222146602,0.16773507897015943,0.16353154662841043,0.16613033413887024,399936000,0.0,0.0
2004-05-12 00:00:00-04:00,0.16521330142712706,0.16544254869532282,0.15810654046241363,0.16383779048919678,482328000,0.0,0.0
2004-05-13 00:00:00-04:00,0.1624623129602475,0.16735268509354997,0.16200381836813357,0.16437242925167084,347952000,0.0,0.0
2004-05-14 00:00:00-04:00,0.16506018480422127,0.16796431638751227,0.16353153699727202,0.16437242925167084,459000000,0.0,0.0
2004-05-17 00:00:00-04:00,0.16200379192983522,0.16414315516818095,0.15932889441475298,0.16177453100681305,308340000,0.0,0.0
2004-05-18 00:00:00-04:00,0.16322617910700649,0.1662825455430942,0.16261453414866464,0.16437242925167084,204420000,0.0,0.0
2004-05-19 00:00:00-04:00,0.16804038533820295,0.17040900929913094,0.16315002808120108,0.16398999094963074,498276000,0.0,0.0
2004-05-20 00:00:00-04:00,0.16368462930575395,0.1664356371054676,0.16078048484572455,0.16162137687206268,421488000,0.0,0.0
2004-05-21 00:00:00-04:00,0.16353151873143987,0.1637607660018908,0.1597874108253835,0.1620038002729416,282096000,0.0,0.0
2004-05-24 00:00:00-04:00,0.16169751471333696,0.16330227294988078,0.15955815134530976,0.1614682674407959,301620000,0.0,0.0
2004-05-25 00:00:00-04:00,0.16215598034508444,0.16926272591409014,0.15887036781268543,0.16849887371063232,681264000,0.0,0.0
2004-05-26 00:00:00-04:00,0.16849889487147607,0.17423014422178085,0.16750578166657704,0.17193764448165894,524568000,0.0,0.0
2004-05-27 00:00:00-04:00,0.17476481219585865,0.17736358599867943,0.1722430508395518,0.1724722981452942,556548000,0.0,0.0
2004-05-28 00:00:00-04:00,0.17461252108121852,0.18019063310472724,0.17323701046879716,0.1791975200176239,637980000,0.0,0.0
2004-06-01 00:00:00-04:00,0.17614028059690587,0.18087841729486834,0.17591103332903435,0.1790444254875183,318420000,0.0,0.0
2004-06-02 00:00:00-04:00,0.1834001317250211,0.18424102366278713,0.17751573285120614,0.17766886949539185,643800000,0.0,0.0
2004-06-03 00:00:00-04:00,0.17774503116532286,0.17812742879356339,0.16857503082440156,0.16911055147647858,700824000,0.0,0.0
2004-06-04 00:00:00-04:00,0.17254928026773125,0.17293074864086427,0.16727652567550855,0.16742874681949615,649608000,0.0,0.0
2004-06-07 00:00:00-04:00,0.17017976523658046,0.17338926789675638,0.1680404019675615,0.17147916555404663,571956000,0.0,0.0
2004-06-08 00:00:00-04:00,0.17048604093061773,0.1707913987551379,0.16590102767476142,0.16842278838157654,615000000,0.0,0.0
2004-06-09 00:00:00-04:00,0.16941588946718064,0.16964513669744732,0.1600166300468659,0.16055123507976532,498336000,0.0,0.0
2004-06-10 00:00:00-04:00,0.16315006092960352,0.16345541880567607,0.1574949073989616,0.15894652903079987,564516000,0.0,0.0
2004-06-14 00:00:00-04:00,0.15810653700431554,0.15810653700431554,0.15275675553265544,0.15398003160953522,424752000,0.0,0.0
2004-06-15 00:00:00-04:00,0.15657794685543455,0.1586411864652667,0.15482005151306538,0.15627257525920868,394584000,0.0,0.0
2004-06-16 00:00:00-04:00,0.15581406464436348,0.15680717812067996,0.15321527719929406,0.15382692217826843,252576000,0.0,0.0
2004-06-17 00:00:00-04:00,0.15283378281807644,0.15657790429891125,0.1500057485481718,0.15077053010463715,482376000,0.0,0.0
2004-06-18 00:00:00-04:00,0.1516105138604003,0.15520240067797583,0.14901264224661578,0.1509997844696045,534336000,0.0,0.0
2004-06-21 00:00:00-04:00,0.15122897597720086,0.15359758556338254,0.14733171942135384,0.14832483232021332,266568000,0.0,0.0
2004-06-22 00:00:00-04:00,0.1491657580672804,0.1532152229855396,0.14817172942922943,0.15252748131752014,430308000,0.0,0.0
2004-06-23 00:00:00-04:00,0.1520689630628277,0.15573697303839512,0.15168749472591342,0.15512624382972717,264660000,0.0,0.0
2004-06-24 00:00:00-04:00,0.15925277962867693,0.15978739837801761,0.1526045273172275,0.15375077724456787,590652000,0.0,0.0
2004-06-25 00:00:00-04:00,0.15482005024208514,0.156577945570023,0.15298604431019994,0.15474393963813782,329124000,0.0,0.0
2004-06-28 00:00:00-04:00,0.1569603202628457,0.157494925485714,0.1528338139942128,0.1534445434808731,299376000,0.0,0.0
2004-06-29 00:00:00-04:00,0.1543614791311558,0.15894649209564043,0.15375076352092565,0.15871724486351013,363852000,0.0,0.0
2004-06-30 00:00:00-04:00,0.15451465836666997,0.15887041124967474,0.15451465836666997,0.15642476081848145,329268000,0.0,0.0
2004-07-01 00:00:00-04:00,0.15818263123736717,0.15841187847685315,0.14901261867854293,0.1492418795824051,505620000,0.0,0.0
2004-07-02 00:00:00-04:00,0.1508466625681014,0.15092277316302682,0.1460324146480448,0.14717866480350494,294948000,0.0,0.0
2004-07-06 00:00:00-04:00,0.14542073114892154,0.14694936490081598,0.136938474047601,0.13854321837425232,575388000,0.0,0.0
2004-07-07 00:00:00-04:00,0.14030115083682024,0.14320529612489308,0.1385432557093583,0.13923101127147675,344136000,0.0,0.0
2004-07-08 00:00:00-04:00,0.1379325174416039,0.14022501738921925,0.1347230147820669,0.13495226204395294,430056000,0.0,0.0
2004-07-09 00:00:00-04:00,0.1347991844972452,0.13495232124344395,0.12662228075023202,0.12914404273033142,1114500000,0.0,0.0
2004-07-12 00:00:00-04:00,0.1255530362642565,0.12914402201503056,0.12448289657553006,0.1261637657880783,676044000,0.0,0.0
2004-07-13 00:00:00-04:00,0.12769236277228682,0.12990875210538685,0.12455897074036057,0.12593448162078857,567108000,0.0,0.0
2004-07-14 00:00:00-04:00,0.12150265371004604,0.12486530801847821,0.11791076571510914,0.12035640329122543,901608000,0.0,0.0
2004-07-15 00:00:00-04:00,0.1215787161471337,0.12287810264351041,0.1187515977689055,0.11951546370983124,611352000,0.0,0.0
2004-07-16 00:00:00-04:00,0.12318345545370053,0.12333659210807126,0.11600058525800705,0.11600058525800705,464700000,0.0,0.0
2004-07-19 00:00:00-04:00,0.11630598235045778,0.11859848243427273,0.1147012240931603,0.11730001121759415,461088000,0.0,0.0
2004-07-20 00:00:00-04:00,0.11722293829766242,0.12012708246359234,0.11607668857995516,0.11966858804225922,341544000,0.0,0.0
2004-07-21 00:00:00-04:00,0.12150260132356926,0.12165575166039563,0.11202723726286541,0.11240871250629425,613416000,0.0,0.0
2004-07-22 00:00:00-04:00,0.11370810361777717,0.11538897235718655,0.11004009961408867,0.11477824300527573,521460000,0.0,0.0
2004-07-23 00:00:00-04:00,0.11554208880619819,0.11569522545791573,0.11095708289629944,0.11172094196081161,371496000,0.0,0.0
2004-07-26 00:00:00-04:00,0.11317352540970321,0.1141666389972682,0.10751838445633775,0.10858852416276932,503208000,0.0,0.0
2004-07-27 00:00:00-04:00,0.10912311362700797,0.11248575325949314,0.10576046716233344,0.1121794730424881,789888000,0.0,0.0
2004-07-28 00:00:00-04:00,0.11195024534336859,0.11233263621677958,0.10621898713864075,0.10935238003730774,505116000,0.0,0.0
2004-07-29 00:00:00-04:00,0.11088100752962878,0.11936327354716612,0.11034548000297575,0.1165352389216423,747360000,0.0,0.0
2004-07-30 00:00:00-04:00,0.11508361178931685,0.11997398364282692,0.11485436450637579,0.11783462017774582,403956000,0.0,0.0
2004-08-02 00:00:00-04:00,0.11791070409657783,0.11982173535982761,0.11592447777386172,0.11936324089765549,420984000,0.0,0.0
2004-08-03 00:00:00-04:00,0.1198978622611851,0.11997397284418858,0.11225649637141022,0.11317349225282669,741540000,0.0,0.0
2004-08-04 00:00:00-04:00,0.111950213453558,0.11546599622414037,0.11179799229125906,0.1143958568572998,507816000,0.0,0.0
2004-08-05 00:00:00-04:00,0.1156182232395242,0.11615374387450328,0.10927624383839478,0.11126247048377991,859920000,0.0,0.0
2004-08-06 00:00:00-04:00,0.07725733476586528,0.07794508347282801,0.07106757590663172,0.07206068933010101,5088948000,0.0,0.0
2004-08-09 00:00:00-04:00,0.07389465735987577,0.07695193797555226,0.07267229715429899,0.0752701610326767,1579212000,0.0,0.0
2004-08-10 00:00:00-04:00,0.07947369807296256,0.08199545160547256,0.07817430485031096,0.08123067021369934,2051916000,0.0,0.0
2004-08-11 00:00:00-04:00,0.08016147275363733,0.08016147275363733,0.07832747393283125,0.07886208593845367,963816000,0.0,0.0
2004-08-12 00:00:00-04:00,0.07909131082845913,0.07932055805406056,0.07687492181451126,0.0770280584692955,654384000,0.0,0.0
2004-08-13 00:00:00-04:00,0.07886208493586516,0.08077219432476117,0.07817432940864054,0.08023758232593536,815700000,0.0,0.0
2004-08-16 00:00:00-04:00,0.07932056060775283,0.08145992360660954,0.07886206614178892,0.07947370409965515,531732000,0.0,0.0
2004-08-17 00:00:00-04:00,0.08123067530175236,0.08428795636974984,0.08046681620743053,0.08382945507764816,744912000,0.0,0.0
2004-08-18 00:00:00-04:00,0.08421095432205632,0.08940759301185608,0.08352319877149236,0.08940759301185608,872424000,0.0,0.0
2004-08-19 00:00:00-04:00,0.08887299111280143,0.09047774273646368,0.08772673409687982,0.08910223841667175,724404000,0.0,0.0
2004-08-20 00:00:00-04:00,0.08864373437099912,0.09567346329254037,0.08833745413367704,0.09437499195337296,1199040000,0.0,0.0
2004-08-23 00:00:00-04:00,0.09590273868373655,0.0974313800045643,0.09536812654419373,0.09643826633691788,800028000,0.0,0.0
2004-08-24 00:00:00-04:00,0.0978137480511488,0.09827224950407489,0.09101235735278795,0.0928463563323021,939420000,0.0,0.0
2004-08-25 00:00:00-04:00,0.09490959693465052,0.09750746176591896,0.09315170195379363,0.09681970626115799,721308000,0.0,0.0
2004-08-26 00:00:00-04:00,0.09666744080721026,0.09766055372614804,0.09590266638263688,0.09704891592264175,612720000,0.0,0.0
2004-08-27 00:00:00-04:00,0.09712597103580303,0.1002584473504709,0.09704894494576018,0.09888294339179993,565128000,0.0,0.0
2004-08-30 00:00:00-04:00,0.09850147122870202,0.09903608310464124,0.09552121618161268,0.09559732675552368,628056000,0.0,0.0
2004-08-31 00:00:00-04:00,0.09597971459014572,0.09643821587835151,0.09223468503191115,0.09521493315696716,587064000,0.0,0.0
2004-09-01 00:00:00-04:00,0.09399255109882071,0.09842441263777314,0.09277019100475642,0.09704891592264175,591744000,0.0,0.0
2004-09-02 00:00:00-04:00,0.09750744387361257,0.101787085479328,0.09659044125699122,0.10102321952581406,770088000,0.0,0.0
2004-09-03 00:00:00-04:00,0.09796594083309174,0.09995307580904236,0.09712596434191152,0.09796594083309174,715056000,0.0,0.0
2004-09-07 00:00:00-04:00,0.09857760937315437,0.10064086239324535,0.09483349416803803,0.09613196551799774,727332000,0.0,0.0
2004-09-08 00:00:00-04:00,0.09620898297231952,0.09704895964864685,0.09391648285940975,0.09414573013782501,834984000,0.0,0.0
2004-09-09 00:00:00-04:00,0.09643824048842038,0.10522585728189507,0.09597973908320964,0.10354499518871307,1299324000,0.0,0.0
2004-09-10 00:00:00-04:00,0.10178710293051663,0.10805297199365285,0.10148173823295922,0.10751836001873016,1039344000,0.0,0.0
2004-09-13 00:00:00-04:00,0.10736521511409745,0.1117209679854407,0.10721299394005257,0.1095816045999527,967752000,0.0,0.0
2004-09-14 00:00:00-04:00,0.10858849798277445,0.11080397195323817,0.10774760580854702,0.1100401058793068,683556000,0.0,0.0
2004-09-15 00:00:00-04:00,0.1066774740145997,0.10698375424326191,0.1025509681253896,0.10392647236585617,1163904000,0.0,0.0
2004-09-16 00:00:00-04:00,0.10568435126575186,0.1088938540446602,0.10530196047843249,0.10782371461391449,810024000,0.0,0.0
2004-09-17 00:00:00-04:00,0.10866461810509305,0.11286723465394549,0.10774761526344609,0.11225651204586029,1003800000,0.0,0.0
2004-09-20 00:00:00-04:00,0.11004011244207904,0.11531287521723359,0.1086646150504644,0.11210336536169052,794628000,0.0,0.0
2004-09-21 00:00:00-04:00,0.11462511793290131,0.11600061530343998,0.1132496137301732,0.11508361250162125,503904000,0.0,0.0
2004-09-22 00:00:00-04:00,0.11202725142311253,0.11477825295633848,0.10919922378729803,0.10973475128412247,625920000,0.0,0.0
2004-09-23 00:00:00-04:00,0.11103319697183267,0.1113394771171271,0.10782369478320918,0.11072783917188644,578664000,0.0,0.0
2004-09-24 00:00:00-04:00,0.11118633014373042,0.11133946678607438,0.10576043258682913,0.107365183532238,476316000,0.0,0.0
2004-09-27 00:00:00-04:00,0.10652524745817867,0.10774760810658111,0.10354499183687693,0.10545510798692703,406020000,0.0,0.0
2004-09-28 00:00:00-04:00,0.1052258413930513,0.10790073199718515,0.10377423363775863,0.1069837361574173,474840000,0.0,0.0
2004-09-29 00:00:00-04:00,0.10690671373308408,0.11263797074746744,0.10553121642223313,0.1095816045999527,537228000,0.0,0.0
2004-09-30 00:00:00-04:00,0.11080395687045076,0.11347884737073843,0.10874070435474409,0.11095709353685379,619680000,0.0,0.0
2004-10-01 00:00:00-04:00,0.11149171164967689,0.11615373751689907,0.110957099725091,0.11554210633039474,590412000,0.0,0.0
2004-10-04 00:00:00-04:00,0.1165352157061091,0.1203563493390323,0.11630596845798631,0.1188277155160904,673932000,0.0,0.0
2004-10-05 00:00:00-04:00,0.11592448469739906,0.11898085044982316,0.11508359263109531,0.11615373194217682,633180000,0.0,0.0
2004-10-06 00:00:00-04:00,0.1159244852700046,0.11714684574149145,0.11324959473570151,0.11661224067211151,498504000,0.0,0.0
2004-10-07 00:00:00-04:00,0.118751619122393,0.12142650316983407,0.11668836631408387,0.11730001121759415,798072000,0.0,0.0
2004-10-08 00:00:00-04:00,0.11607669238110571,0.11653520048182801,0.10988694233635396,0.11088097095489502,693420000,0.0,0.0
2004-10-11 00:00:00-04:00,0.11103322356939316,0.11324961313987275,0.10904700362764777,0.11103322356939316,373848000,0.0,0.0
2004-10-12 00:00:00-04:00,0.10728909472573532,0.11026935001396795,0.1055312067814844,0.10942845791578293,827232000,0.0,0.0
2004-10-13 00:00:00-04:00,0.11271497924136273,0.11416659374467802,0.10782369965267376,0.10874070227146149,672816000,0.0,0.0
2004-10-14 00:00:00-04:00,0.1097347503585701,0.1097347503585701,0.10469124189670398,0.10545510798692703,513264000,0.0,0.0
2004-10-15 00:00:00-04:00,0.10568435333167892,0.1058374968515795,0.09995309630525347,0.10255096107721329,1280484000,0.0,0.0
2004-10-18 00:00:00-04:00,0.1019402308439094,0.10545509811512341,0.10109934556265321,0.10438495874404907,573972000,0.0,0.0
2004-10-19 00:00:00-04:00,0.10675449987115596,0.10782372388046373,0.10293335870612061,0.10369721800088882,618480000,0.0,0.0
2004-10-20 00:00:00-04:00,0.10339185812117271,0.10537900043033611,0.10278022002269158,0.10492049902677536,540204000,0.0,0.0
2004-10-21 00:00:00-04:00,0.10598971891628889,0.10866460981124766,0.10514974224580845,0.10728910565376282,1013964000,0.0,0.0
2004-10-22 00:00:00-04:00,0.10828223247478994,0.10851147978010928,0.10117547719141926,0.10148175060749054,686460000,0.0,0.0
2004-10-25 00:00:00-04:00,0.10064085027869311,0.10415571092948453,0.10041159617506266,0.10194023698568344,529164000,0.0,0.0
2004-10-26 00:00:00-04:00,0.11195019954920732,0.11607669748301772,0.1082821960718965,0.11072783917188644,2455776000,0.0,0.0
2004-10-27 00:00:00-04:00,0.10874069365337376,0.11584744630527301,0.10874069365337376,0.11378419399261475,1074036000,0.0,0.0
2004-10-28 00:00:00-04:00,0.11225649390129218,0.11462510438400056,0.11149171237052233,0.11256185173988342,561552000,0.0,0.0
2004-10-29 00:00:00-04:00,0.11149171757569756,0.11302035836313944,0.10958160151833728,0.11057471483945847,742860000,0.0,0.0
2004-11-01 00:00:00-05:00,0.11210334581013828,0.1130203484660765,0.11065173808020212,0.11294423788785934,653892000,0.0,0.0
2004-11-02 00:00:00-05:00,0.11263797189753665,0.11691761422555395,0.11172096912614703,0.11454900354146957,1095756000,0.0,0.0
2004-11-03 00:00:00-05:00,0.11921010810792367,0.11959250571807536,0.11500749210012451,0.11561822146177292,910356000,0.0,0.0
2004-11-04 00:00:00-05:00,0.11645911095594091,0.11921010539983966,0.11401346752155204,0.11775849759578705,995544000,0.0,0.0
2004-11-05 00:00:00-05:00,0.13602148334387035,0.1434345173305407,0.13327048892461682,0.13479912281036377,3849012000,0.0,0.0
2004-11-08 00:00:00-05:00,0.13334748950039774,0.13808470956501204,0.13273584476186853,0.13625070452690125,718620000,0.0,0.0
2004-11-09 00:00:00-05:00,0.13418743673501346,0.13739693834783098,0.13411132617697177,0.13541072607040405,615936000,0.0,0.0
2004-11-10 00:00:00-05:00,0.13525757577695138,0.13670919678646706,0.13464594477362915,0.13541072607040405,645912000,0.0,0.0
2004-11-11 00:00:00-05:00,0.136250763418145,0.1380847692489624,0.13533376050273627,0.1380847692489624,507000000,0.0,0.0
2004-11-12 00:00:00-05:00,0.1402250103343013,0.1406064787427226,0.13693848174395568,0.13831397891044617,647076000,0.0,0.0
2004-11-15 00:00:00-05:00,0.13693848847537818,0.1413712671997621,0.13609851186058514,0.1403772383928299,536472000,0.0,0.0
2004-11-16 00:00:00-05:00,0.14083579227593276,0.14236442668486302,0.13732091697089369,0.13991878926753998,472728000,0.0,0.0
2004-11-17 00:00:00-05:00,0.14213513093608524,0.1460323889782105,0.1407596337241964,0.14228826761245728,602772000,0.0,0.0
2004-11-18 00:00:00-05:00,0.14351061303653118,0.14534461823551664,0.14053035800427377,0.14412225782871246,532524000,0.0,0.0
2004-11-19 00:00:00-05:00,0.15512629080365328,0.15688327024562493,0.14373988724340722,0.14488615095615387,2126052000,0.0,0.0
2004-11-22 00:00:00-05:00,0.14542070972639334,0.14901259541511536,0.1440452128398401,0.14901259541511536,733788000,0.0,0.0
2004-11-23 00:00:00-05:00,0.1477902383804626,0.15122900116813737,0.14656696259441476,0.14962424337863922,676896000,0.0,0.0
2004-11-24 00:00:00-05:00,0.1494711312913893,0.1526806337332922,0.14908873371203357,0.15023499727249146,428580000,0.0,0.0
2004-11-26 00:00:00-05:00,0.15092275563009264,0.15313914508860604,0.14962428443562714,0.1517636477947235,350760000,0.0,0.0
2004-11-29 00:00:00-05:00,0.15290996769112183,0.15398010761635042,0.14748407295786747,0.14878346025943756,704388000,0.0,0.0
2004-11-30 00:00:00-05:00,0.14939509587348782,0.14954731710547492,0.14534469932181646,0.14618559181690216,576540000,0.0,0.0
2004-12-01 00:00:00-05:00,0.1474839721366347,0.14985349774360657,0.14641474845608787,0.14985349774360657,514572000,0.0,0.0
2004-12-02 00:00:00-05:00,0.14840098362888568,0.1529859829554105,0.14725473379725446,0.1518397331237793,758652000,0.0,0.0
2004-12-03 00:00:00-05:00,0.15550776014911516,0.16047515800127413,0.15497315500463463,0.158411905169487,1347312000,0.0,0.0
2004-12-06 00:00:00-05:00,0.15917576090274616,0.1672765505264691,0.15634864216787772,0.16597715020179749,970500000,0.0,0.0
2004-12-07 00:00:00-05:00,0.17568175570010766,0.19073616832968382,0.1722430060157177,0.174306258559227,2927052000,0.0,0.0
2004-12-08 00:00:00-05:00,0.1767519455025211,0.17957905095084076,0.17499405041650964,0.1763695478439331,872724000,0.0,0.0
2004-12-09 00:00:00-05:00,0.17323705009455767,0.1765987739857624,0.1698744106900402,0.17476478219032288,869964000,0.0,0.0
2004-12-10 00:00:00-05:00,0.17881519465049645,0.1800375691091907,0.1770573131321397,0.1781274527311325,652848000,0.0,0.0
2004-12-13 00:00:00-05:00,0.17545249932118445,0.17774499899144613,0.17239613371043827,0.17323702573776245,738024000,0.0,0.0
2004-12-14 00:00:00-05:00,0.17338931728341755,0.17690510796748288,0.17308395935163157,0.176751971244812,512988000,0.0,0.0
2004-12-15 00:00:00-05:00,0.17850979906908837,0.1788912811547267,0.17575880464351276,0.17835666239261627,432768000,0.0,0.0
2004-12-16 00:00:00-05:00,0.18355328044245947,0.18997228472350589,0.18041988887249208,0.18072524666786194,1524036000,0.0,0.0
2004-12-17 00:00:00-05:00,0.1840879158438137,0.1848517818792526,0.17415404998742673,0.17621730268001556,1214244000,0.0,0.0
2004-12-20 00:00:00-05:00,0.17828054249101066,0.18103155043714858,0.17338925591051435,0.174306258559227,898728000,0.0,0.0
2004-12-21 00:00:00-05:00,0.1743062532913374,0.17682801391517858,0.17002752717839575,0.1756056398153305,899400000,0.0,0.0
2004-12-22 00:00:00-05:00,0.17912055251354833,0.17996144474174544,0.1754525412334118,0.17583493888378143,421824000,0.0,0.0
2004-12-23 00:00:00-05:00,0.17484182472902404,0.17828057504125674,0.1740009325043998,0.17629343271255493,366972000,0.0,0.0
2004-12-27 00:00:00-05:00,0.17873905280963184,0.17950291885751446,0.17384777946041421,0.17476478219032288,308208000,0.0,0.0
2004-12-28 00:00:00-05:00,0.17514713628613846,0.1765226333143688,0.17315999448298938,0.1738477498292923,291612000,0.0,0.0
2004-12-29 00:00:00-05:00,0.17331313305304266,0.1775157484199084,0.17285463859336062,0.17537638545036316,294732000,0.0,0.0
2004-12-30 00:00:00-05:00,0.17545256432152323,0.17690510168014567,0.17392484553895238,0.17468871176242828,259812000,0.0,0.0
2004-12-31 00:00:00-05:00,0.17721043898371902,0.18095454724840296,0.17652268344211186,0.18003755807876587,575964000,0.0,0.0
2005-01-03 00:00:00-05:00,0.18630429946644778,0.18890215699673968,0.17942678665303127,0.18019065260887146,1066716000,0.0,0.0
2005-01-04 00:00:00-05:00,0.18149012798334913,0.18179548594678935,0.16895747031859612,0.17170847952365875,790224000,0.0,0.0
2005-01-05 00:00:00-05:00,0.1698743912733172,0.17537639335950994,0.16895738864822238,0.17331314086914062,724812000,0.0,0.0
2005-01-06 00:00:00-05:00,0.17636954123249274,0.17843279412847393,0.17040904349417516,0.171632319688797,563568000,0.0,0.0
2005-01-07 00:00:00-05:00,0.1720137308113384,0.1733131171634055,0.1658239741868642,0.16834573447704315,763092000,0.0,0.0
2005-01-10 00:00:00-05:00,0.16888130947207788,0.17040904167726853,0.16773505939368513,0.16872817277908325,579552000,0.0,0.0
2005-01-11 00:00:00-05:00,0.16712336815237586,0.16804037069381808,0.1610097354790112,0.16353148221969604,1093380000,0.0,0.0
2005-01-12 00:00:00-05:00,0.16498403620641633,0.16559476556122932,0.15818264693601158,0.16215601563453674,1057800000,0.0,0.0
2005-01-13 00:00:00-05:00,0.162538403800603,0.168116517144149,0.15894651710129595,0.16383779048919678,898764000,0.0,0.0
2005-01-14 00:00:00-05:00,0.1668941768370565,0.1672765744993414,0.16276767085051302,0.16437242925167084,573912000,0.0,0.0
2005-01-18 00:00:00-05:00,0.16253839002806308,0.16735265057413137,0.16215600610903114,0.16697025299072266,464556000,0.0,0.0
2005-01-19 00:00:00-05:00,0.1677350880971123,0.16811655662480968,0.16246233136846117,0.16315008699893951,336492000,0.0,0.0
2005-01-20 00:00:00-05:00,0.15986348571830217,0.16750576568657038,0.15986348571830217,0.16353148221969604,640080000,0.0,0.0
2005-01-21 00:00:00-05:00,0.16376076439091822,0.16704729323707093,0.16322615926956813,0.16383779048919678,596352000,0.0,0.0
2005-01-24 00:00:00-05:00,0.16292083222368942,0.16528944326725029,0.15634867513757364,0.15726567804813385,463704000,0.0,0.0
2005-01-25 00:00:00-05:00,0.15795346202325503,0.1622331057696117,0.1570364589479566,0.1600167155265808,439704000,0.0,0.0
2005-01-26 00:00:00-05:00,0.16055129724648567,0.16429633512389774,0.15787732820468703,0.16207994520664215,429120000,0.0,0.0
2005-01-27 00:00:00-05:00,0.16238525674506119,0.17583491176147206,0.16139214348637648,0.17507104575634003,1002912000,0.0,0.0
2005-01-28 00:00:00-05:00,0.17575883897060518,0.17644658087913187,0.17102068788547975,0.17484183609485626,671052000,0.0,0.0
2005-01-31 00:00:00-05:00,0.1762934558456897,0.17843281963814497,0.17270156836570533,0.17514720559120178,562968000,0.0,0.0
2005-02-01 00:00:00-05:00,0.1749940421861396,0.1791975740419828,0.17392481820974,0.17843279242515564,507180000,0.0,0.0
2005-02-02 00:00:00-05:00,0.18546345986632046,0.189819213291945,0.18019070356197808,0.18836760520935059,2035404000,0.0,0.0
2005-02-03 00:00:00-05:00,0.18638040125370026,0.18767978771418067,0.18378253018152318,0.18638040125370026,690120000,0.0,0.0
2005-02-04 00:00:00-05:00,0.18645644182842216,0.19761357788168962,0.1863803312853975,0.19707897305488586,806448000,0.0,0.0
2005-02-07 00:00:00-05:00,0.19730834152235302,0.20097633904116138,0.1929525884906024,0.19470955431461334,521628000,0.0,0.0
2005-02-08 00:00:00-05:00,0.19348717654671885,0.1997530452061426,0.19287554534203355,0.19662056863307953,455772000,0.0,0.0
2005-02-09 00:00:00-05:00,0.19715519054947475,0.19776682176391278,0.18874904296750625,0.1897430717945099,783756000,0.0,0.0
2005-02-10 00:00:00-05:00,0.19073618054861746,0.19516804374325133,0.19004842510192987,0.19417493045330048,602376000,0.0,0.0
2005-02-11 00:00:00-05:00,0.19295261347888432,0.20128173664516302,0.19226485787687442,0.19983011484146118,556512000,0.0,0.0
2005-02-14 00:00:00-05:00,0.19975300175528385,0.20051778313748497,0.1948626450639487,0.19562649726867676,432900000,0.0,0.0
2005-02-15 00:00:00-05:00,0.1969259671724003,0.20365033127997223,0.1966205956204148,0.19738446176052094,748500000,0.0,0.0
2005-02-16 00:00:00-05:00,0.1967728092562438,0.19960084377654772,0.1931818378029146,0.1966966986656189,466464000,0.0,0.0
2005-02-17 00:00:00-05:00,0.1993715419448477,0.19944765251464938,0.19341103217248742,0.1949387639760971,1017408000,0.0,0.0
2005-02-18 00:00:00-05:00,0.20991709075178058,0.21625907009253098,0.20410880101428727,0.2160298228263855,3132120000,0.0,0.0
2005-02-22 00:00:00-05:00,0.21457817037266813,0.22382429324880362,0.2126680546059241,0.2187807857990265,1420800000,0.0,0.0
2005-02-23 00:00:00-05:00,0.21526594971025856,0.21794083356064248,0.20815918904248043,0.2116740494966507,1107840000,0.0,0.0
2005-02-24 00:00:00-05:00,0.2087708168585154,0.21755843186541848,0.2087708168585154,0.21725307404994965,695496000,0.0,0.0
2005-02-25 00:00:00-05:00,0.21755849183051526,0.22153186123711258,0.21518988087430949,0.2203856110572815,525132000,0.0,0.0
2005-02-28 00:00:00-05:00,0.21931639366385464,0.2216088940933048,0.21740536174219457,0.22153186798095703,758064000,0.0,0.0
2005-03-01 00:00:00-05:00,0.22252584697289476,0.2261938441025525,0.21878081008382785,0.22099719941616058,737148000,0.0,0.0
2005-03-02 00:00:00-05:00,0.2185515604469882,0.21977483648574986,0.21320269465530237,0.21450208127498627,947460000,0.0,0.0
2005-03-03 00:00:00-05:00,0.21396657354339266,0.21534207082676443,0.20846455708114947,0.21159794926643372,761292000,0.0,0.0
2005-03-04 00:00:00-05:00,0.21220961059618415,0.2140436162256919,0.2089230814719389,0.2106809765100479,593124000,0.0,0.0
2005-03-07 00:00:00-05:00,0.21159794584107247,0.2172530988961,0.21014633799569746,0.21282030642032623,511176000,0.0,0.0
2005-03-08 00:00:00-05:00,0.21228566653755648,0.2127441609947108,0.20067001814379562,0.2020455151796341,1332384000,0.0,0.0
2005-03-09 00:00:00-05:00,0.20074702248908113,0.2044911429701575,0.19616202375656328,0.1967727392911911,910140000,0.0,0.0
2005-03-10 00:00:00-05:00,0.19738445418578635,0.19914234920602203,0.19356330626942725,0.1966966986656189,689280000,0.0,0.0
2005-03-11 00:00:00-05:00,0.19845456809469303,0.1987599259312042,0.19050691541095474,0.19226481020450592,732180000,0.0,0.0
2005-03-14 00:00:00-05:00,0.19623814919061752,0.19853064873059698,0.19486265219950488,0.19768975675106049,572148000,0.0,0.0
2005-03-15 00:00:00-05:00,0.1986838204542488,0.20059393645848822,0.19356328628132502,0.19371643662452698,378108000,0.0,0.0
2005-03-16 00:00:00-05:00,0.19295253569935678,0.19600890112321437,0.19035374920263742,0.19043077528476715,535356000,0.0,0.0
2005-03-17 00:00:00-05:00,0.1910415077591748,0.1917292630955837,0.18806125285390327,0.18851976096630096,442584000,0.0,0.0
2005-03-18 00:00:00-05:00,0.1886728883085982,0.18928451938015725,0.1812607712851278,0.18469952046871185,639012000,0.0,0.0
2005-03-21 00:00:00-05:00,0.18462253860084094,0.19150003861497147,0.18347628859848583,0.19104154407978058,654456000,0.0,0.0
2005-03-22 00:00:00-05:00,0.19119467478756605,0.19295256961738982,0.1869150327642441,0.18760278820991516,622992000,0.0,0.0
2005-03-23 00:00:00-05:00,0.1873735206806046,0.19295254874500659,0.18699203863230074,0.19165316224098206,728784000,0.0,0.0
2005-03-24 00:00:00-05:00,0.19218780682146966,0.19738445205775904,0.19188244894887402,0.19203558564186096,865356000,0.0,0.0
2005-03-28 00:00:00-05:00,0.1921116614201906,0.1948626693083278,0.1880612669961857,0.18989527225494385,511188000,0.0,0.0
2005-03-29 00:00:00-05:00,0.18966608219734069,0.19180636143186122,0.18485182035771186,0.1856927126646042,587400000,0.0,0.0
2005-03-30 00:00:00-05:00,0.18576882326356406,0.18836761078320088,0.17934981658697924,0.1856927126646042,858708000,0.0,0.0
2005-03-31 00:00:00-05:00,0.18462249950460008,0.18592188591462916,0.18072524212326152,0.18156613409519196,518316000,0.0,0.0
2005-04-01 00:00:00-05:00,0.18378249721126574,0.18485172073881975,0.17873899077927732,0.17980821430683136,510756000,0.0,0.0
2005-04-04 00:00:00-04:00,0.1788151367618714,0.179349755463747,0.17476475616145568,0.1787390261888504,421428000,0.0,0.0
2005-04-05 00:00:00-04:00,0.17881514215663874,0.18255926321595178,0.1745355005304931,0.1756056398153305,430128000,0.0,0.0
2005-04-06 00:00:00-04:00,0.17889129154156638,0.18187153339825013,0.17766891726989953,0.1782805621623993,567468000,0.0,0.0
2005-04-07 00:00:00-04:00,0.1791975240073068,0.18340013917633655,0.17614024308477497,0.18156613409519196,506352000,0.0,0.0
2005-04-08 00:00:00-04:00,0.18232999592593194,0.18638038986749933,0.1788151224923059,0.1791975200176239,621540000,0.0,0.0
2005-04-11 00:00:00-04:00,0.18049601541571025,0.18110766023809843,0.17514714987921584,0.17568175494670868,328380000,0.0,0.0
2005-04-12 00:00:00-04:00,0.1751471706592183,0.17812742619224634,0.17124991237261408,0.1778220683336258,512232000,0.0,0.0
2005-04-13 00:00:00-04:00,0.1780512739057696,0.17850976834298782,0.16926273053763144,0.17040899395942688,498408000,0.0,0.0
2005-04-14 00:00:00-04:00,0.1707914072854266,0.17239615175684386,0.16842279679356345,0.16903351247310638,352080000,0.0,0.0
2005-04-15 00:00:00-04:00,0.166894195747434,0.16811655662480968,0.16162143901878284,0.16315008699893951,630156000,0.0,0.0
2005-04-18 00:00:00-04:00,0.16215602144435623,0.16567179759329062,0.16123901869817447,0.1620038002729416,473100000,0.0,0.0
2005-04-19 00:00:00-04:00,0.16467771681303903,0.16888124711202102,0.1639138509925041,0.1676579713821411,365460000,0.0,0.0
2005-04-20 00:00:00-04:00,0.17048603135607301,0.1715552551028394,0.16238524277049393,0.16253837943077087,564672000,0.0,0.0
2005-04-21 00:00:00-04:00,0.16582400259556515,0.17216689695027027,0.16437239486431734,0.1715552657842636,538152000,0.0,0.0
2005-04-22 00:00:00-04:00,0.17048601941072303,0.17163226916390556,0.16796425902222148,0.1699504852294922,336276000,0.0,0.0
2005-04-25 00:00:00-04:00,0.17140300268901273,0.1739247491298211,0.17056211081628025,0.1726253628730774,318168000,0.0,0.0
2005-04-26 00:00:00-04:00,0.17270150586775326,0.17629339204789066,0.168345753744101,0.17186152935028076,353148000,0.0,0.0
2005-04-27 00:00:00-04:00,0.16735262445136231,0.16796425552369293,0.1618506093534377,0.16528937220573425,609348000,0.0,0.0
2005-04-28 00:00:00-04:00,0.16475474268564524,0.16804035501057263,0.16314999863617374,0.16582396626472473,372948000,0.0,0.0
2005-04-29 00:00:00-04:00,0.16742874939357935,0.1687281358808107,0.1598634950648415,0.16758188605308533,478356000,0.0,0.0
2005-05-02 00:00:00-04:00,0.16956903981208235,0.1714791557095108,0.16444850592549157,0.16697025299072266,334908000,0.0,0.0
2005-05-03 00:00:00-04:00,0.16712337476519198,0.17017974029843524,0.16536549384583998,0.16605323553085327,439512000,0.0,0.0
2005-05-04 00:00:00-04:00,0.1668180232100068,0.1725492861192556,0.16628250264839745,0.17132599651813507,468816000,0.0,0.0
2005-05-05 00:00:00-04:00,0.17232008697662488,0.17682807556476995,0.17140309770030165,0.17468871176242828,619272000,0.0,0.0
2005-05-06 00:00:00-04:00,0.1767519530385025,0.17713433704901435,0.17270155751263316,0.17705731093883514,355728000,0.0,0.0
2005-05-09 00:00:00-04:00,0.177822103622611,0.18156621230188094,0.17675196397068602,0.1803438514471054,745332000,0.0,0.0
2005-05-10 00:00:00-04:00,0.17805129065913725,0.17812740123479442,0.17132599895442852,0.17331314086914062,735120000,0.0,0.0
2005-05-11 00:00:00-04:00,0.17423012710041078,0.17499399298910875,0.17010362250794708,0.17040899395942688,555420000,0.0,0.0
2005-05-12 00:00:00-04:00,0.17040902005172184,0.17644654306349047,0.1702567852270459,0.17415404319763184,835584000,0.0,0.0
2005-05-13 00:00:00-04:00,0.18989528538305542,0.19463342185837598,0.18187152206956053,0.1935632824897766,2650320000,0.0,0.0
2005-05-16 00:00:00-04:00,0.19127079013174542,0.19555043226161156,0.19119467954746985,0.19425104558467865,664104000,0.0,0.0
2005-05-17 00:00:00-04:00,0.1931048002729074,0.1973083319204447,0.19295257910066452,0.19639132916927338,639804000,0.0,0.0
2005-05-18 00:00:00-04:00,0.19593282347162622,0.19830143396864439,0.19386957081504408,0.19784292578697205,550056000,0.0,0.0
2005-05-19 00:00:00-04:00,0.19830145419368042,0.19914234639662293,0.19524508794461948,0.19746056199073792,452880000,0.0,0.0
2005-05-20 00:00:00-04:00,0.19723130366286892,0.20105243764694178,0.1949388036422144,0.20097632706165314,517008000,0.0,0.0
2005-05-23 00:00:00-04:00,0.20235181225527982,0.20770067767315548,0.20174016744645573,0.20563742518424988,703668000,0.0,0.0
2005-05-24 00:00:00-04:00,0.20464429968915582,0.20930540944256434,0.20365027103562225,0.20854155719280243,522192000,0.0,0.0
2005-05-25 00:00:00-04:00,0.208083083840834,0.20915230773088317,0.2038795523244675,0.20586669445037842,535272000,0.0,0.0
2005-05-26 00:00:00-04:00,0.20770069452524578,0.21327880763572657,0.20731829692541237,0.2116740494966507,788784000,0.0,0.0
2005-05-27 00:00:00-04:00,0.2122856651076016,0.2122856651076016,0.20808304979221426,0.21029852330684662,322740000,0.0,0.0
2005-05-31 00:00:00-04:00,0.20938156660676563,0.21113946156561664,0.20365031635343187,0.20708906650543213,763176000,0.0,0.0
2005-06-01 00:00:00-04:00,0.2057135961208625,0.21282034463292765,0.2032688745233971,0.2090001255273819,796632000,0.0,0.0
2005-06-02 00:00:00-04:00,0.20823529637578161,0.21679458022117615,0.20823529637578161,0.21679458022117615,684348000,0.0,0.0
2005-06-03 00:00:00-04:00,0.2160298448030473,0.21801697348060659,0.21396659186908823,0.21625909209251404,559620000,0.0,0.0
2005-06-06 00:00:00-04:00,0.2123617679274146,0.21656529860252322,0.21220954679038595,0.21419577300548553,512892000,0.0,0.0
2005-06-07 00:00:00-04:00,0.2127442340349919,0.2162591088996988,0.2082353438297398,0.2090001255273819,974136000,0.0,0.0
2005-06-08 00:00:00-04:00,0.20953464363667074,0.2124387878193111,0.20533204226150867,0.20754751563072205,618720000,0.0,0.0
2005-06-09 00:00:00-04:00,0.20594282742271872,0.21633611819793958,0.20571358013325197,0.21625909209251404,619908000,0.0,0.0
2005-06-10 00:00:00-04:00,0.21602980556000784,0.21625905280783053,0.21236179493733814,0.21381431818008423,465096000,0.0,0.0
2005-06-13 00:00:00-04:00,0.21396659061864748,0.22458912862125596,0.21335586119486274,0.21855159103870392,1409916000,0.0,0.0
2005-06-14 00:00:00-04:00,0.21862857126213123,0.2222195420067215,0.19875991233310586,0.20563742518424988,2408412000,0.0,0.0
2005-06-15 00:00:00-04:00,0.2043379921445301,0.20594274989544364,0.19692588909358935,0.20502574741840363,1669788000,0.0,0.0
2005-06-16 00:00:00-04:00,0.2049496691521842,0.20747141611315514,0.20196941404825192,0.20609591901302338,489240000,0.0,0.0
2005-06-17 00:00:00-04:00,0.20861768029759975,0.20900006420203057,0.20510280646423643,0.20563742518424988,456348000,0.0,0.0
2005-06-20 00:00:00-04:00,0.2056374051836039,0.2101462936273037,0.2022747664928792,0.20877079665660858,606060000,0.0,0.0
2005-06-21 00:00:00-04:00,0.21014631763196387,0.21175107566806273,0.20815917568494638,0.2107570469379425,428172000,0.0,0.0
2005-06-22 00:00:00-04:00,0.21297342767392996,0.21442503532101226,0.20792992018632792,0.21052777767181396,700668000,0.0,0.0
2005-06-23 00:00:00-04:00,0.21014632122179122,0.21641218947745852,0.20938153972251317,0.21381431818008423,836976000,0.0,0.0
2005-06-24 00:00:00-04:00,0.2134319877090835,0.21350809830633738,0.20586673098584865,0.20701298117637634,475632000,0.0,0.0
2005-06-27 00:00:00-04:00,0.20571350912858244,0.20739527934416968,0.20349803577528133,0.20533204078674316,354588000,0.0,0.0
2005-06-28 00:00:00-04:00,0.20617201985186684,0.20800602500834867,0.2038795202384523,0.20663052797317505,262308000,0.0,0.0
2005-06-29 00:00:00-04:00,0.20670759463108415,0.20708906307796257,0.20303958359815594,0.20472045242786407,283572000,0.0,0.0
2005-06-30 00:00:00-04:00,0.2060959295817982,0.2080060454982064,0.202581069243673,0.20418581366539001,593232000,0.0,0.0
2005-07-01 00:00:00-04:00,0.20349807180324075,0.20540818771862582,0.2009763110499264,0.2051028162240982,315168000,0.0,0.0
2005-07-05 00:00:00-04:00,0.20586668123103796,0.20915229430056329,0.20387953923272764,0.20831231772899628,388440000,0.0,0.0
2005-07-06 00:00:00-04:00,0.2090000769758878,0.21480743722873702,0.20663055101333172,0.2138904482126236,703632000,0.0,0.0
2005-07-07 00:00:00-04:00,0.2105278366726947,0.21396660081600294,0.20984009477553686,0.21236184239387512,465900000,0.0,0.0
2005-07-08 00:00:00-04:00,0.21366120904451175,0.21572446186955618,0.21091021438737145,0.21503672003746033,408132000,0.0,0.0
2005-07-11 00:00:00-04:00,0.21694677670825074,0.22046256588537075,0.21602978779237886,0.21824617683887482,399492000,0.0,0.0
2005-07-12 00:00:00-04:00,0.21809302976062367,0.21870467454906375,0.2125910278616969,0.2170238196849823,564252000,0.0,0.0
2005-07-13 00:00:00-04:00,0.21794079045209863,0.21855151967646583,0.213661149309149,0.21732915937900543,594780000,0.0,0.0
2005-07-14 00:00:00-04:00,0.2196216445878027,0.22390128545301863,0.20739526853859663,0.20770063996315002,1871496000,0.0,0.0
2005-07-15 00:00:00-04:00,0.20708906031015764,0.20770070520004394,0.2018933308680979,0.2054843157529831,1223352000,0.0,0.0
2005-07-18 00:00:00-04:00,0.2048735681774146,0.20494967875634387,0.19830142651905733,0.20036467909812927,1044900000,0.0,0.0
2005-07-19 00:00:00-04:00,0.20158705283811063,0.20357419496883047,0.20005933441527501,0.20311568677425385,517896000,0.0,0.0
2005-07-20 00:00:00-04:00,0.20074707255725277,0.20701294117110455,0.19799607809736827,0.20617204904556274,526500000,0.0,0.0
2005-07-21 00:00:00-04:00,0.2034980701262446,0.2044150727867678,0.19845456232555553,0.20265717804431915,594528000,0.0,0.0
2005-07-22 00:00:00-04:00,0.20365033127997223,0.20655447650234915,0.19593285373823383,0.19738446176052094,699264000,0.0,0.0
2005-07-25 00:00:00-04:00,0.19509195351950284,0.2046443518655853,0.1942510613067875,0.19853070378303528,974952000,0.0,0.0
2005-07-26 00:00:00-04:00,0.19768978082222777,0.20296253587195348,0.19692592849652024,0.20265717804431915,759492000,0.0,0.0
2005-07-27 00:00:00-04:00,0.2029624909378778,0.20770063986194887,0.19952374197050665,0.20678363740444183,807828000,0.0,0.0
2005-07-28 00:00:00-04:00,0.20640124654145048,0.20938150120807597,0.20357414218065864,0.20838838815689087,411240000,0.0,0.0
2005-07-29 00:00:00-04:00,0.20754750322541307,0.2097638919752463,0.2051027691259635,0.20678363740444183,351660000,0.0,0.0
2005-08-01 00:00:00-04:00,0.20800597806666035,0.2108340112480972,0.20663048134190157,0.20991700887680054,389040000,0.0,0.0
2005-08-02 00:00:00-04:00,0.21014630406571386,0.21343191683832294,0.20984003075146163,0.21274416148662567,422652000,0.0,0.0
2005-08-03 00:00:00-04:00,0.21274416148662567,0.21473130330536078,0.21083405941741112,0.21274416148662567,518256000,0.0,0.0
2005-08-04 00:00:00-04:00,0.2111394224667336,0.21205642507033176,0.21006928320220283,0.21052777767181396,356424000,0.0,0.0
2005-08-05 00:00:00-04:00,0.210222525606709,0.21633617543405545,0.20877091722945634,0.21587766706943512,684096000,0.0,0.0
2005-08-08 00:00:00-04:00,0.21732919640896295,0.2213795910287727,0.21511280713657113,0.21664144098758698,725544000,0.0,0.0
2005-08-09 00:00:00-04:00,0.21694685476506995,0.2174823891651633,0.2137373514116221,0.21610689163208008,291900000,0.0,0.0
2005-08-10 00:00:00-04:00,0.21702386604667281,0.21809307635072406,0.2106809707719289,0.21289736032485962,440556000,0.0,0.0
2005-08-11 00:00:00-04:00,0.21289742418912547,0.2162591493082511,0.2108341707092909,0.21587766706943512,701556000,0.0,0.0
2005-08-12 00:00:00-04:00,0.22856241269382024,0.2308549121875973,0.22076791168210327,0.2288677841424942,2295420000,0.0,0.0
2005-08-15 00:00:00-04:00,0.22963263000242554,0.23704476333519012,0.22672849843884368,0.23467615246772766,882804000,0.0,0.0
2005-08-16 00:00:00-04:00,0.23245978885624966,0.2345230284025161,0.2290210243955832,0.23070189356803894,637488000,0.0,0.0
2005-08-17 00:00:00-04:00,0.22970876635621168,0.23352992851945087,0.22955564330261044,0.23070189356803894,607572000,0.0,0.0
2005-08-18 00:00:00-04:00,0.22894485626314054,0.23009109257615698,0.2237482114844789,0.22474132478237152,822732000,0.0,0.0
2005-08-19 00:00:00-04:00,0.22512367110344508,0.22581142644069985,0.2224487876535594,0.2231365293264389,422232000,0.0,0.0
2005-08-22 00:00:00-04:00,0.22275507596606298,0.22634604670623812,0.218704681568835,0.22130253911018372,547224000,0.0,0.0
2005-08-23 00:00:00-04:00,0.2210733495711182,0.22390138426790837,0.22030949707703582,0.22275513410568237,254460000,0.0,0.0
2005-08-24 00:00:00-04:00,0.22130259108349862,0.22764548669647108,0.2202333807224328,0.22290734946727753,514620000,0.0,0.0
2005-08-25 00:00:00-04:00,0.22390137990425427,0.22565835948650576,0.2219903481073653,0.2244359850883484,296484000,0.0,0.0
2005-08-26 00:00:00-04:00,0.22466521021019567,0.22466521021019567,0.2188578361788597,0.22099719941616058,323436000,0.0,0.0
2005-08-29 00:00:00-04:00,0.2189339722767627,0.2216088701022905,0.21717609092099677,0.2213796228170395,343392000,0.0,0.0
2005-08-30 00:00:00-04:00,0.22099714395636796,0.22986179721218777,0.22069178619271493,0.2293262630701065,948852000,0.0,0.0
2005-08-31 00:00:00-04:00,0.22879168514433657,0.23735003880614078,0.22810392979567481,0.23444682359695435,906804000,0.0,0.0
2005-09-01 00:00:00-04:00,0.23375914705630674,0.23666236324426426,0.23253588441862194,0.2345230132341385,556884000,0.0,0.0
2005-09-02 00:00:00-04:00,0.2349815230429351,0.2349815230429351,0.22993802734080218,0.23070189356803894,469800000,0.0,0.0
2005-09-06 00:00:00-04:00,0.23154263474834005,0.2338351339178289,0.2280277754370767,0.23261277377605438,423096000,0.0,0.0
2005-09-07 00:00:00-04:00,0.23230659270480328,0.24063661635758446,0.23169587698025307,0.24002499878406525,588012000,0.0,0.0
2005-09-08 00:00:00-04:00,0.23857348233062123,0.24583246788029897,0.23857348233062123,0.24285221099853516,646116000,0.0,0.0
2005-09-09 00:00:00-04:00,0.24545081355997006,0.24652005088502088,0.24147653016072373,0.24598541855812073,454236000,0.0,0.0
2005-09-12 00:00:00-04:00,0.24621468523091566,0.24697855112677952,0.24224133091566613,0.2451445460319519,556584000,0.0,0.0
2005-09-13 00:00:00-04:00,0.2439984659970335,0.2537801157042989,0.2439984659970335,0.25255775451660156,854724000,0.0,0.0
2005-09-14 00:00:00-04:00,0.25064664401385567,0.25400928385862326,0.2483541163923705,0.24950039386749268,503448000,0.0,0.0
2005-09-15 00:00:00-04:00,0.25332151656621127,0.2567602668459496,0.2517928824922127,0.2539331614971161,759756000,0.0,0.0
2005-09-16 00:00:00-04:00,0.2560724604056435,0.2574479711755292,0.2520220660003991,0.25408533215522766,519828000,0.0,0.0
2005-09-19 00:00:00-04:00,0.25377999037769666,0.25462086886120927,0.2491188797952124,0.2504943907260895,428316000,0.0,0.0
2005-09-20 00:00:00-04:00,0.2524044287432921,0.25821181548741107,0.2520990846174196,0.2553846836090088,522192000,0.0,0.0
2005-09-21 00:00:00-04:00,0.2543916043082684,0.25943509822661315,0.25095285472820344,0.2531683146953583,625656000,0.0,0.0
2005-09-22 00:00:00-04:00,0.2537799304222124,0.2537799304222124,0.24185891138096605,0.24636782705783844,739152000,0.0,0.0
2005-09-23 00:00:00-04:00,0.2458323963713824,0.25209918182256025,0.24376912959397953,0.24995890259742737,314640000,0.0,0.0
2005-09-26 00:00:00-04:00,0.25186992597829777,0.25378004241948454,0.24736103564032777,0.2520221471786499,406776000,0.0,0.0
2005-09-27 00:00:00-04:00,0.2530923428121566,0.25530873317145153,0.2509529922479672,0.2528631091117859,404160000,0.0,0.0
2005-09-28 00:00:00-04:00,0.25362684518149703,0.25507939590413375,0.2507236294204037,0.2543916404247284,353556000,0.0,0.0
2005-09-29 00:00:00-04:00,0.2544676833045575,0.25981654803793064,0.252404417415315,0.2596643269062042,513372000,0.0,0.0
2005-09-30 00:00:00-04:00,0.2598165918908114,0.2643254809570723,0.2592819868133557,0.2619568705558777,458832000,0.0,0.0
2005-10-03 00:00:00-04:00,0.2650132611608674,0.2710498827742499,0.262873884144536,0.26913976669311523,549888000,0.0,0.0
2005-10-04 00:00:00-04:00,0.2702859910071493,0.27471784031019425,0.26501323595787385,0.26562488079071045,514476000,0.0,0.0
2005-10-05 00:00:00-04:00,0.26593018236870564,0.26593018236870564,0.25523155097735145,0.25683629512786865,599184000,0.0,0.0
2005-10-06 00:00:00-04:00,0.2565310443734961,0.2605044277403108,0.24820192093052157,0.2559194266796112,685512000,0.0,0.0
2005-10-07 00:00:00-04:00,0.2563778418581899,0.2589766150189728,0.2506465923086587,0.2526337206363678,551952000,0.0,0.0
2005-10-10 00:00:00-04:00,0.2539331843668867,0.2543916789797266,0.24613866663356732,0.24621477723121643,459216000,0.0,0.0
2005-10-11 00:00:00-04:00,0.247131710251528,0.24927108711353685,0.24033032121714334,0.24315835535526276,540048000,0.0,0.0
2005-10-12 00:00:00-04:00,0.24247069541771454,0.24980671975882568,0.24216442194921242,0.24606166779994965,657660000,0.0,0.0
2005-10-13 00:00:00-04:00,0.24552700203029137,0.24590938601493018,0.23536387411838372,0.24476313591003418,509304000,0.0,0.0
2005-10-14 00:00:00-04:00,0.24652012910303106,0.24957739728210063,0.2407127406582249,0.24476313591003418,311256000,0.0,0.0
2005-10-17 00:00:00-04:00,0.24491525696734995,0.24957729525035427,0.24491525696734995,0.24713164567947388,243912000,0.0,0.0
2005-10-18 00:00:00-04:00,0.24804866654476282,0.2485071609423253,0.24147651269140333,0.2430812567472458,299832000,0.0,0.0
2005-10-19 00:00:00-04:00,0.23994887644953855,0.24140047061596304,0.23314745980342946,0.24101808667182922,635952000,0.0,0.0
2005-10-20 00:00:00-04:00,0.24140047607012374,0.24774337100314822,0.2403303366459744,0.24269987642765045,359520000,0.0,0.0
2005-10-21 00:00:00-04:00,0.24682638227694015,0.24759024833462412,0.24239360340361,0.24407538771629333,298368000,0.0,0.0
2005-10-24 00:00:00-04:00,0.24621474067114374,0.25072363018989563,0.2439983512049416,0.25072363018989563,291012000,0.0,0.0
2005-10-25 00:00:00-04:00,0.24904183724862705,0.2530922320826502,0.24797262702336342,0.25232836604118347,334680000,0.0,0.0
2005-10-26 00:00:00-04:00,0.25240449511692026,0.25293912759747644,0.24506850013056322,0.24545088410377502,415344000,0.0,0.0
2005-10-27 00:00:00-04:00,0.24590929116165822,0.24667315698727355,0.23956639814666705,0.2403302639722824,227784000,0.0,0.0
2005-10-28 00:00:00-04:00,0.24094196426406772,0.2482018477527814,0.2349814537110001,0.24774335324764252,464640000,0.0,0.0
2005-10-31 00:00:00-05:00,0.2487364804293022,0.25813574077397533,0.2487364804293022,0.25637784600257874,432420000,0.0,0.0
2005-11-01 00:00:00-05:00,0.2563779807966693,0.2582889995813928,0.2512583459769833,0.2532455027103424,400488000,0.0,0.0
2005-11-02 00:00:00-05:00,0.2533215173927498,0.2682227686535691,0.25217526729576367,0.2679174244403839,523668000,0.0,0.0
2005-11-03 00:00:00-05:00,0.2697513590509597,0.2712790635500151,0.2626445993889526,0.26478394865989685,465072000,0.0,0.0
2005-11-04 00:00:00-05:00,0.2649370745970278,0.26554779013518437,0.25752404230691633,0.2602750360965729,570276000,0.0,0.0
2005-11-07 00:00:00-05:00,0.2616505694438033,0.2625675583439697,0.2580595989337907,0.2591288089752197,370824000,0.0,0.0
2005-11-08 00:00:00-05:00,0.2601228608333573,0.2603521217432303,0.2531683217271748,0.2543145716190338,538968000,0.0,0.0
2005-11-09 00:00:00-05:00,0.25485017566407586,0.26745895525660335,0.25194603026151935,0.2657771706581116,818880000,0.0,0.0
2005-11-10 00:00:00-05:00,0.2750242263273859,0.2809847113090381,0.25095294342995095,0.2559194266796112,2503620000,0.0,0.0
2005-11-11 00:00:00-05:00,0.2581358258308296,0.26317932171204866,0.2569895755246997,0.26012295484542847,545928000,0.0,0.0
2005-11-14 00:00:00-05:00,0.26019897540663245,0.2674588861116002,0.25622562060162146,0.26562488079071045,493668000,0.0,0.0
2005-11-15 00:00:00-05:00,0.2672296785364084,0.26975143977206156,0.2653956728494569,0.2662356495857239,496200000,0.0,0.0
2005-11-16 00:00:00-05:00,0.26654183221211225,0.26799345340892267,0.26012282815826826,0.26531854271888733,455280000,0.0,0.0
2005-11-17 00:00:00-05:00,0.2675350068644108,0.2773166513449335,0.26440160118009476,0.27708739042282104,703260000,0.0,0.0
2005-11-18 00:00:00-05:00,0.27800439588322984,0.2802969232535743,0.27112689575846505,0.27655187249183655,465768000,0.0,0.0
2005-11-21 00:00:00-05:00,0.27685815115414864,0.2819016732050469,0.27502417294882936,0.28144317865371704,454704000,0.0,0.0
2005-11-22 00:00:00-05:00,0.2828948069191136,0.2916824243537388,0.2806784171545793,0.2889314293861389,731700000,0.0,0.0
2005-11-23 00:00:00-05:00,0.28923761134078685,0.2922939769061548,0.2865627278155932,0.28809136152267456,411948000,0.0,0.0
2005-11-25 00:00:00-05:00,0.28946690757070265,0.29137702355112327,0.2874797518308062,0.2909185290336609,116676000,0.0,0.0
2005-11-28 00:00:00-05:00,0.29168231768666575,0.29420407809321114,0.28427021411079756,0.28946685791015625,424524000,0.0,0.0
2005-11-29 00:00:00-05:00,0.2723492567514708,0.28006766271508676,0.26990363368549286,0.2711268961429596,1043136000,0.0,0.0
2005-11-30 00:00:00-05:00,0.2692160129061261,0.2776221512261254,0.2691399022819533,0.27624666690826416,575448000,0.0,0.0
2005-12-01 00:00:00-05:00,0.2785389457493146,0.2808314451111404,0.2755586911131914,0.2795320451259613,562032000,0.0,0.0
2005-12-02 00:00:00-05:00,0.28083165389869735,0.2815194096843147,0.27586424031001644,0.2796092927455902,334476000,0.0,0.0
2005-12-05 00:00:00-05:00,0.28021987325712344,0.28021987325712344,0.2734954963988334,0.27441251277923584,387708000,0.0,0.0
2005-12-06 00:00:00-05:00,0.27487089532070513,0.27930277041554447,0.2744885115338717,0.2755586504936218,375252000,0.0,0.0
2005-12-07 00:00:00-05:00,0.27662895321798325,0.27830980861622384,0.2712791571007019,0.27601730823516846,352668000,0.0,0.0
2005-12-08 00:00:00-05:00,0.2745656775206569,0.27815667649835935,0.2706684324657541,0.27380090951919556,386664000,0.0,0.0
2005-12-09 00:00:00-05:00,0.27464176323373884,0.27808054071035687,0.2708206291197898,0.2776981294155121,262896000,0.0,0.0
2005-12-12 00:00:00-05:00,0.2784629628069433,0.28236020804242556,0.27800444086143666,0.28174856305122375,281136000,0.0,0.0
2005-12-13 00:00:00-05:00,0.28228299007365415,0.28786204371523993,0.2802197519363465,0.2854163944721222,443412000,0.0,0.0
2005-12-14 00:00:00-05:00,0.28327720271690066,0.2846527139223192,0.2793799574065629,0.2827416956424713,287472000,0.0,0.0
2005-12-15 00:00:00-05:00,0.28251234484235715,0.2846526234188742,0.276246490467924,0.2791506350040436,332724000,0.0,0.0
2005-12-16 00:00:00-05:00,0.2801438465968243,0.28281873129863416,0.2774689618950144,0.28159546852111816,1065600000,0.0,0.0
2005-12-19 00:00:00-05:00,0.28220699146562717,0.284270257750108,0.2762465081886646,0.2769342362880707,292296000,0.0,0.0
2005-12-20 00:00:00-05:00,0.2766288907954843,0.2808315065960516,0.2731131012421524,0.2767811119556427,304356000,0.0,0.0
2005-12-21 00:00:00-05:00,0.2780806733275157,0.2803731745193876,0.2737249046656971,0.27624666690826416,289380000,0.0,0.0
2005-12-22 00:00:00-05:00,0.27601719788744566,0.2849579621964283,0.27594108732061967,0.28465259075164795,318336000,0.0,0.0
2005-12-23 00:00:00-05:00,0.28541650378336425,0.287250509123787,0.2835063878635397,0.2868681252002716,214536000,0.0,0.0
2005-12-27 00:00:00-05:00,0.2865626577404565,0.291759300526227,0.2856456690417047,0.28862589597702026,367968000,0.0,0.0
2005-12-28 00:00:00-05:00,0.28862595230570215,0.2922178519052853,0.2867919745502767,0.29130086302757263,264420000,0.0,0.0
2005-12-29 00:00:00-05:00,0.29114774508342456,0.29206476139184456,0.28358249035053656,0.2848048508167267,310464000,0.0,0.0
2005-12-30 00:00:00-05:00,0.28320004577553237,0.28327705818511645,0.27823356521977527,0.27937981486320496,229608000,0.0,0.0
2006-01-03 00:00:00-05:00,0.2809846140479335,0.29420410556251175,0.2800676250847085,0.29206475615501404,472812000,0.0,0.0
2006-01-04 00:00:00-05:00,0.29428119502782024,0.3007002008409923,0.29122389963430023,0.3002416789531708,510072000,0.0,0.0
2006-01-05 00:00:00-05:00,0.30031771637729865,0.3075776262799461,0.2997831113597546,0.30704209208488464,646092000,0.0,0.0
2006-01-06 00:00:00-05:00,0.3105579262787907,0.3132319082610827,0.29840767135110813,0.31208565831184387,623388000,0.0,0.0
2006-01-09 00:00:00-05:00,0.31193347923014225,0.32247899204116387,0.31124575097057344,0.32079723477363586,560484000,0.0,0.0
2006-01-10 00:00:00-05:00,0.3192693805575548,0.3208741247653961,0.31521898650026325,0.3208741247653961,339660000,0.0,0.0
2006-01-11 00:00:00-05:00,0.3211795765568748,0.3343229322899294,0.3206449714130403,0.3324889540672302,626304000,0.0,0.0
2006-01-12 00:00:00-05:00,0.3324128341095698,0.3375324393233632,0.32538218363228905,0.32775169610977173,495504000,0.0,0.0
2006-01-13 00:00:00-05:00,0.3269868687012567,0.32966175221381433,0.32026249281819436,0.3248475193977356,421296000,0.0,0.0
2006-01-17 00:00:00-05:00,0.32041566429285917,0.3247714302659138,0.3161360088969953,0.32461827993392944,329232000,0.0,0.0
2006-01-18 00:00:00-05:00,0.31476055034463957,0.3273693001148085,0.31178029493321224,0.32629916071891785,459948000,0.0,0.0
2006-01-19 00:00:00-05:00,0.3306550566933501,0.34891895293748015,0.3300443407615533,0.3444100618362427,914760000,0.0,0.0
2006-01-20 00:00:00-05:00,0.34494546693038036,0.34891882204427804,0.3347053275277509,0.3347814381122589,461604000,0.0,0.0
2006-01-23 00:00:00-05:00,0.33738014816191103,0.33951949741087784,0.33279514902804036,0.3366923928260803,334884000,0.0,0.0
2006-01-24 00:00:00-05:00,0.33745622520226265,0.34540386232662856,0.33653923639810135,0.33837321400642395,388896000,0.0,0.0
2006-01-25 00:00:00-05:00,0.34005418158917244,0.34227057092370866,0.33134267644124454,0.3353930711746216,400236000,0.0,0.0
2006-01-26 00:00:00-05:00,0.34028339580579,0.3471609224919844,0.3381440463525669,0.3468555510044098,448836000,0.0,0.0
2006-01-27 00:00:00-05:00,0.3513644123047717,0.35732492220959444,0.3484602679238535,0.3534276783466339,385044000,0.0,0.0
2006-01-30 00:00:00-05:00,0.3549553474137331,0.35533773125933416,0.3478485884159467,0.3494533598423004,315780000,0.0,0.0
2006-01-31 00:00:00-05:00,0.3476963792483828,0.3496064948447084,0.34089499144965413,0.34356987476348877,384456000,0.0,0.0
2006-02-01 00:00:00-05:00,0.3373801691789008,0.34517468458928807,0.33608076899651895,0.3437991738319397,450852000,0.0,0.0
2006-02-02 00:00:00-05:00,0.3469316109108573,0.34716087178745525,0.3327951321956094,0.3333297371864319,473736000,0.0,0.0
2006-02-03 00:00:00-05:00,0.33119042905864854,0.34051264914974966,0.3301202897670119,0.33638614416122437,504252000,0.0,0.0
2006-02-06 00:00:00-05:00,0.33546918602876113,0.34624393030713335,0.3340175645471288,0.3458624482154846,363468000,0.0,0.0
2006-02-07 00:00:00-05:00,0.34655013761778586,0.34655013761778586,0.33340585613848617,0.3335590064525604,399408000,0.0,0.0
2006-02-08 00:00:00-05:00,0.3345522047911731,0.3431876003742218,0.3345522047911731,0.3431876003742218,393072000,0.0,0.0
2006-02-09 00:00:00-05:00,0.34425766998487867,0.3496065353840633,0.3352398922519063,0.33738017082214355,437100000,0.0,0.0
2006-02-10 00:00:00-05:00,0.33860247447601927,0.34013110798322566,0.327598472195208,0.3354690968990326,414996000,0.0,0.0
2006-02-13 00:00:00-05:00,0.3343998964559085,0.3389848956336104,0.3321073968670576,0.3366153836250305,280740000,0.0,0.0
2006-02-14 00:00:00-05:00,0.3366154587129043,0.3384494369300849,0.33279522644516824,0.33722707629203796,342348000,0.0,0.0
2006-02-15 00:00:00-05:00,0.3365393207145207,0.3446391809935479,0.33569841493359426,0.3437221646308899,493296000,0.0,0.0
2006-02-16 00:00:00-05:00,0.35014120774279434,0.3614515146995244,0.34777259699124546,0.360686719417572,1305888000,0.0,0.0
2006-02-17 00:00:00-05:00,0.3872036573316448,0.3875860413165074,0.3606867272138414,0.36274999380111694,2356956000,0.0,0.0
2006-02-21 00:00:00-05:00,0.3619861449642414,0.36259778993092506,0.3518991271563699,0.3550325334072113,684060000,0.0,0.0
2006-02-22 00:00:00-05:00,0.34998899316470106,0.3572479759139675,0.3415828584640037,0.35442087054252625,939756000,0.0,0.0
2006-02-23 00:00:00-05:00,0.3533507371839183,0.35572027719918026,0.34800187056253407,0.3489949703216553,385128000,0.0,0.0
2006-02-24 00:00:00-05:00,0.35052353738555425,0.35472615275302294,0.3470847879443186,0.34891876578330994,416412000,0.0,0.0
2006-02-27 00:00:00-05:00,0.3515937421910338,0.3652717300855728,0.34792573117155073,0.3630562424659729,666468000,0.0,0.0
2006-02-28 00:00:00-05:00,0.3614514959272583,0.36450786203429836,0.35663723490646665,0.36015209555625916,563316000,0.0,0.0
2006-03-01 00:00:00-05:00,0.36145154519474826,0.3759704134933694,0.35915904483975136,0.3738310635089874,703932000,0.0,0.0
2006-03-02 00:00:00-05:00,0.3734485815973754,0.3796383532491372,0.36955133719613054,0.37436559796333313,545460000,0.0,0.0
2006-03-03 00:00:00-05:00,0.3709268268320959,0.3821600922024845,0.3702390714292144,0.37566494941711426,595800000,0.0,0.0
2006-03-06 00:00:00-05:00,0.38300119439357966,0.385522956568003,0.3730663942688878,0.3749004006385803,529020000,0.0,0.0
2006-03-07 00:00:00-05:00,0.3749771732082296,0.3778803882736156,0.3610690259180632,0.3684811294078827,606204000,0.0,0.0
2006-03-08 00:00:00-05:00,0.3685582589711949,0.3704683750672405,0.3535038582641816,0.36664721369743347,670800000,0.0,0.0
2006-03-09 00:00:00-05:00,0.37107993146093265,0.37726970245160457,0.36832893731438504,0.36855819821357727,536700000,0.0,0.0
2006-03-10 00:00:00-05:00,0.36817584916445506,0.3728369872080592,0.3588527258857967,0.3621392548084259,521580000,0.0,0.0
2006-03-13 00:00:00-05:00,0.36580713873034393,0.36825185930100174,0.3630561448696289,0.36649489402770996,372132000,0.0,0.0
2006-03-14 00:00:00-05:00,0.36680041436159466,0.37818680561122214,0.3654249032085117,0.376658171415329,627792000,0.0,0.0
2006-03-15 00:00:00-05:00,0.37742205408331636,0.38323034503511,0.3759704322699292,0.382694810628891,510600000,0.0,0.0
2006-03-16 00:00:00-05:00,0.3833825955627945,0.3838410902260129,0.36840520343645805,0.36970460414886475,568416000,0.0,0.0
2006-03-17 00:00:00-05:00,0.36794659674361363,0.37367784661074444,0.36244458047391503,0.3726847469806671,618588000,0.0,0.0
2006-03-20 00:00:00-05:00,0.3759703187558381,0.3760464293330483,0.36947520333635436,0.36985668540000916,293772000,0.0,0.0
2006-03-21 00:00:00-05:00,0.3881206214427948,0.3950742595479142,0.3779575215094259,0.3881206214427948,1235472000,0.0,0.0
2006-03-22 00:00:00-05:00,0.37826286927442815,0.38009687480806115,0.3684812240312329,0.3769634962081909,1158576000,0.0,0.0
2006-03-23 00:00:00-05:00,0.37826294059229165,0.3855228535081909,0.3739833111431121,0.3839941918849945,661992000,0.0,0.0
2006-03-24 00:00:00-05:00,0.3849871995526833,0.3976729882373769,0.3843764839011063,0.3969852328300476,687936000,0.0,0.0
2006-03-27 00:00:00-05:00,0.3972906248290781,0.4079892584222044,0.39599122452547975,0.40768298506736755,651444000,0.0,0.0
2006-03-28 00:00:00-05:00,0.4058490854204152,0.4193748548915339,0.4050091085945651,0.4139498770236969,795204000,0.0,0.0
2006-03-29 00:00:00-05:00,0.41570678074874295,0.43695095459886296,0.41226803048324456,0.43618708848953247,987096000,0.0,0.0
2006-03-30 00:00:00-05:00,0.43664547084321426,0.44153584148009056,0.4287739434276245,0.43916723132133484,1063308000,0.0,0.0
2006-03-31 00:00:00-05:00,0.4388609963214753,0.44497462970565094,0.4348876142413792,0.4375625252723694,835560000,0.0,0.0
2006-04-03 00:00:00-04:00,0.439855033761477,0.4485665385938018,0.4343530177642833,0.44245287775993347,968916000,0.0,0.0
2006-04-04 00:00:00-04:00,0.44306445277330125,0.4638492238132182,0.44260595834464517,0.4631614685058594,1200612000,0.0,0.0
2006-04-05 00:00:00-04:00,0.4623215185374617,0.46919901734736563,0.4524637374487648,0.46690651774406433,1112976000,0.0,0.0
2006-04-06 00:00:00-04:00,0.46568319728092666,0.4713383353423536,0.45926416602328357,0.46782347559928894,789312000,0.0,0.0
2006-04-07 00:00:00-04:00,0.4658363708976298,0.46996284825310536,0.4574302112112837,0.4666002094745636,682674000,0.0,2.0
2006-04-10 00:00:00-04:00,0.4655311558715738,0.4682821781379829,0.45498564339369807,0.4585005044937134,634230000,0.0,0.0
2006-04-11 00:00:00-04:00,0.46002913782899646,0.46002913782899646,0.44459232488525685,0.4473433196544647,702072000,0.0,0.0
2006-04-12 00:00:00-04:00,0.45024727206729515,0.4678234273238492,0.447801622558311,0.4653777778148651,598308000,0.0,0.0
2006-04-13 00:00:00-04:00,0.4554439743163636,0.46063968891445656,0.45055270199191366,0.4523867070674896,738360000,0.0,0.0
2006-04-17 00:00:00-04:00,0.45162293412906374,0.4649194668313879,0.4499420516931096,0.45361006259918213,443868000,0.0,0.0
2006-04-18 00:00:00-04:00,0.44550920043436537,0.4456623507552942,0.43083718652512204,0.4429113566875458,1165488000,0.0,0.0
2006-04-19 00:00:00-04:00,0.4401603340142216,0.4505527201351426,0.43404670111903093,0.44566234946250916,517476000,0.0,0.0
2006-04-20 00:00:00-04:00,0.44168909538540824,0.4529984456575215,0.4343530731208695,0.44505080580711365,552684000,0.0,0.0
2006-04-21 00:00:00-04:00,0.4464262168598173,0.44826022201532134,0.4238074667223769,0.42900320887565613,770016000,0.0,0.0
2006-04-24 00:00:00-04:00,0.4317543508104469,0.4464263697505559,0.4241129834357425,0.4421476423740387,676848000,0.0,0.0
2006-04-25 00:00:00-04:00,0.4371039967108302,0.44291138399748364,0.42946172963625484,0.4418412446975708,719766000,0.0,0.0
2006-04-26 00:00:00-04:00,0.4435229899082678,0.4502473659889609,0.4340467178131816,0.4387848675251007,330528000,0.0,0.0
2006-04-27 00:00:00-04:00,0.4371040891106106,0.44994210137053453,0.42762781476500394,0.4458156228065491,462966000,0.0,0.0
2006-04-28 00:00:00-04:00,0.4461209617530725,0.45223462359183575,0.44229982745319174,0.4465794563293457,284736000,0.0,0.0
2006-05-01 00:00:00-04:00,0.44963586781563286,0.48096706244103477,0.44963586781563286,0.47225552797317505,902472000,0.0,0.0
2006-05-02 00:00:00-04:00,0.4757703436427033,0.4814254836024684,0.46354400374418836,0.47164386510849,539700000,0.0,0.0
2006-05-03 00:00:00-04:00,0.46629509130735447,0.4798970004304259,0.46583662393965203,0.47470125555992126,378114000,0.0,0.0
2006-05-04 00:00:00-04:00,0.4653779820577239,0.4768404831611128,0.4629323314754044,0.47164386510849,511128000,0.0,0.0
2006-05-05 00:00:00-04:00,0.4740894215256202,0.4797445603621432,0.4675172390569591,0.4780627489089966,338184000,0.0,0.0
2006-05-08 00:00:00-04:00,0.47684025871224717,0.48723267006303184,0.4714914219934648,0.4759232699871063,503622000,0.0,0.0
2006-05-09 00:00:00-04:00,0.47531199154270776,0.4777576427175136,0.4607930932486334,0.4614047110080719,561648000,0.0,0.0
2006-05-10 00:00:00-04:00,0.4559024870146808,0.4612513794700961,0.44657933827778584,0.4511643648147583,753264000,0.0,0.0
2006-05-11 00:00:00-04:00,0.4557494755101923,0.4600291316307,0.4316020858597906,0.4351169466972351,1201110000,0.0,0.0
2006-05-12 00:00:00-04:00,0.424724456008591,0.42686380516401357,0.3933932746900242,0.4024101495742798,1568172000,0.0,0.0
2006-05-15 00:00:00-04:00,0.40164637699041966,0.4117333933839961,0.398131516407098,0.40821853280067444,553380000,0.0,0.0
2006-05-16 00:00:00-04:00,0.410511017480217,0.41066323864368665,0.3949220126019054,0.3975198566913605,497532000,0.0,0.0
2006-05-17 00:00:00-04:00,0.3961443337500113,0.39843683343566944,0.37444166998167344,0.38147231936454773,841074000,0.0,0.0
2006-05-18 00:00:00-04:00,0.3845287227601847,0.3881967062202173,0.36374397507091627,0.36420246958732605,686730000,0.0,0.0
2006-05-19 00:00:00-04:00,0.36756412784965764,0.3805552584955544,0.3638961178509599,0.37184375524520874,932808000,0.0,0.0
2006-05-22 00:00:00-04:00,0.3698567039365301,0.3706214717998688,0.35671332210681733,0.36680033802986145,734886000,0.0,0.0
2006-05-23 00:00:00-04:00,0.3744417524661151,0.38315325865639327,0.36129836892538586,0.36282700300216675,532314000,0.0,0.0
2006-05-24 00:00:00-04:00,0.36603649901572466,0.37841601574415645,0.3577834878634368,0.36756423115730286,579522000,0.0,0.0
2006-05-25 00:00:00-04:00,0.374441661388658,0.37994364957647236,0.3635907806779117,0.36557793617248535,423666000,0.0,0.0
2006-05-26 00:00:00-04:00,0.3669535363560644,0.3693982852408655,0.362520756823859,0.3663419187068939,294642000,0.0,0.0
2006-05-30 00:00:00-04:00,0.3669534632811268,0.3671056844441058,0.35090596393757645,0.3510581851005554,448788000,0.0,0.0
2006-05-31 00:00:00-04:00,0.35579630640003196,0.3591589454051787,0.34907193023856636,0.351211279630661,598422000,0.0,0.0
2006-06-01 00:00:00-04:00,0.3551846866624452,0.36955133080482483,0.3496826705481191,0.36955133080482483,537126000,0.0,0.0
2006-06-02 00:00:00-04:00,0.37551184612915706,0.3773458515235507,0.36053445879853874,0.36420246958732605,673710000,0.0,0.0
2006-06-05 00:00:00-04:00,0.362215296417256,0.3689396449777134,0.3478486265418004,0.34891876578330994,581052000,0.0,0.0
2006-06-06 00:00:00-04:00,0.3533507029323234,0.3536569763003751,0.33012033118801404,0.3395956754684448,824130000,0.0,0.0
2006-06-07 00:00:00-04:00,0.34326363547087635,0.34387528026722086,0.3308841207900261,0.33348292112350464,565380000,0.0,0.0
2006-06-08 00:00:00-04:00,0.3296618324972312,0.3339414886528023,0.314225976141534,0.3273693323135376,730572000,0.0,0.0
2006-06-09 00:00:00-04:00,0.3316489558494499,0.33730316598408905,0.32354816623481386,0.32629916071891785,433824000,0.0,0.0
2006-06-12 00:00:00-04:00,0.3206449953175711,0.32492372247146256,0.3064314717307157,0.30826547741889954,463230000,0.0,0.0
2006-06-13 00:00:00-04:00,0.30811229567864085,0.314378178248141,0.3006231506518033,0.303527295589447,532548000,0.0,0.0
2006-06-14 00:00:00-04:00,0.30536131575993425,0.31330895571173156,0.3021517991460649,0.3123919665813446,480492000,0.0,0.0
2006-06-15 00:00:00-04:00,0.32385448069615286,0.34081899893722467,0.3212557070486575,0.3397488594055176,837336000,0.0,0.0
2006-06-16 00:00:00-04:00,0.33745625736863605,0.3383732462602049,0.32782773736341153,0.3310372531414032,503448000,0.0,0.0
2006-06-19 00:00:00-04:00,0.3347053307312517,0.3363861858640954,0.32033865840175546,0.32110345363616943,388044000,0.0,0.0
2006-06-20 00:00:00-04:00,0.3122387539636044,0.3232427579778335,0.31101639354024124,0.3160598874092102,535818000,0.0,0.0
2006-06-21 00:00:00-04:00,0.3146844318105346,0.32461829742882387,0.3146844318105346,0.3195748031139374,441174000,0.0,0.0
2006-06-22 00:00:00-04:00,0.32308960149741134,0.32400659034992085,0.3081122171118367,0.3102515935897827,532338000,0.0,0.0
2006-06-23 00:00:00-04:00,0.3096409115064206,0.3168237827411866,0.3067367940677767,0.31040477752685547,335202000,0.0,0.0
2006-06-26 00:00:00-04:00,0.3099463108905609,0.31330895047672286,0.30597295556993026,0.3075006604194641,281736000,0.0,0.0
2006-06-27 00:00:00-04:00,0.3093346466763075,0.309640920037793,0.29359342022419427,0.29771992564201355,608514000,0.0,0.0
2006-06-28 00:00:00-04:00,0.3000124204435554,0.3191162859426806,0.2922179042712074,0.3142259418964386,833376000,0.0,0.0
2006-06-29 00:00:00-04:00,0.3056667214345574,0.32843953371047974,0.3045975109096829,0.32843953371047974,687666000,0.0,0.0
2006-06-30 00:00:00-04:00,0.3316488965179223,0.3368446111971638,0.32293739276943956,0.3253821134567261,468240000,0.0,0.0
2006-07-03 00:00:00-04:00,0.3328713496496195,0.33317669386189247,0.32782782737494237,0.33012035489082336,174696000,0.0,0.0
2006-07-05 00:00:00-04:00,0.32492371234990575,0.32782783016405187,0.31529518961906433,0.31529518961906433,459708000,0.0,0.0
2006-07-06 00:00:00-04:00,0.3152950452657993,0.3183523120409233,0.3023048179416443,0.30551430583000183,470634000,0.0,0.0
2006-07-07 00:00:00-04:00,0.30765370845400614,0.3082653531627934,0.29267632476126165,0.29603806138038635,541230000,0.0,0.0
2006-07-10 00:00:00-04:00,0.2968028304204998,0.2989422068092582,0.2806021845648949,0.28320005536079407,449922000,0.0,0.0
2006-07-11 00:00:00-04:00,0.28228310009498586,0.29374562671800397,0.278156622212054,0.2926763892173767,600582000,0.0,0.0
2006-07-12 00:00:00-04:00,0.29160625023940456,0.2949688894520513,0.27830974557536625,0.2786151170730591,461034000,0.0,0.0
2006-07-13 00:00:00-04:00,0.2743364858585505,0.28121398782955515,0.2700568288194048,0.2714323401451111,540582000,0.0,0.0
2006-07-14 00:00:00-04:00,0.2764756988645709,0.2780043324933927,0.26241533029940567,0.27005669474601746,572148000,0.0,0.0
2006-07-17 00:00:00-04:00,0.2688344061081987,0.2752534119385125,0.26745892242733255,0.2721961438655853,502806000,0.0,0.0
2006-07-18 00:00:00-04:00,0.2815194069699584,0.2899255447481391,0.2714323859786201,0.2870213985443115,979332000,0.0,0.0
2006-07-19 00:00:00-04:00,0.2857988751716154,0.30322188414831985,0.28365859658095266,0.29955390095710754,1055550000,0.0,0.0
2006-07-20 00:00:00-04:00,0.30490287585687326,0.3102517432271617,0.29313500143682214,0.29359349608421326,505602000,0.0,0.0
2006-07-21 00:00:00-04:00,0.2836586176447378,0.2848819073606241,0.26944509632097735,0.2715853750705719,633918000,0.0,0.0
2006-07-24 00:00:00-04:00,0.28167235315955474,0.3058197369054822,0.2801437194737252,0.2989422380924225,983178000,0.0,0.0
2006-07-25 00:00:00-04:00,0.3026103775282782,0.3126973691605027,0.2981784994200082,0.30948787927627563,574104000,0.0,0.0
2006-07-26 00:00:00-04:00,0.30948787927627563,0.313155891140046,0.3003178496168497,0.30948787927627563,495318000,0.0,0.0
2006-07-27 00:00:00-04:00,0.31346110935820143,0.32629911839030423,0.3082653944234593,0.3139196038246155,694338000,0.0,0.0
2006-07-28 00:00:00-04:00,0.32202040094449386,0.34708480221275934,0.32018639570135643,0.34647315740585327,815298000,0.0,0.0
2006-07-31 00:00:00-04:00,0.34280508971072254,0.3463208784595377,0.33745622520226265,0.33837321400642395,594762000,0.0,0.0
2006-08-01 00:00:00-04:00,0.3342469308032815,0.33485857591265955,0.3186579195206318,0.32477158308029175,600966000,0.0,0.0
2006-08-02 00:00:00-04:00,0.33195433454755785,0.3513645029561565,0.33119049576045934,0.3496827185153961,756774000,0.0,0.0
2006-08-03 00:00:00-04:00,0.3484603498189676,0.3811670240819674,0.3435699779958792,0.3716907501220703,890568000,0.0,0.0
2006-08-04 00:00:00-04:00,0.3814723807962167,0.38208402569199595,0.35717184195466944,0.36664721369743347,818232000,0.0,0.0
2006-08-07 00:00:00-04:00,0.36022818572075355,0.366953464295021,0.355337814391185,0.36236846446990967,436146000,0.0,0.0
2006-08-08 00:00:00-04:00,0.365271778507926,0.37979154868030585,0.36435476196711253,0.37199705839157104,619806000,0.0,0.0
2006-08-09 00:00:00-04:00,0.37933289822180755,0.3897252834922988,0.36909276141055974,0.37184375524520874,584706000,0.0,0.0
2006-08-10 00:00:00-04:00,0.3677173719475595,0.3713853831544263,0.3614515163583181,0.3692460060119629,1072140000,0.0,0.0
2006-08-11 00:00:00-04:00,0.34234673621302697,0.36695352354403854,0.34112437547768465,0.3576303720474243,1603272000,0.0,0.0
2006-08-14 00:00:00-04:00,0.36206207071456625,0.36573008028637843,0.3538090628423617,0.355796217918396,809412000,0.0,0.0
2006-08-15 00:00:00-04:00,0.36496630797781693,0.3920178376718392,0.36145144779606625,0.3900306820869446,902172000,0.0,0.0
2006-08-16 00:00:00-04:00,0.3921710513373558,0.41968108187304365,0.3820840610929854,0.4179992973804474,1029246000,0.0,0.0
2006-08-17 00:00:00-04:00,0.41280360508207403,0.42365448942574646,0.4073015877234075,0.4114280939102173,814224000,0.0,0.0
2006-08-18 00:00:00-04:00,0.4118864488306937,0.42029165166299276,0.3975197799361599,0.4181523025035858,665898000,0.0,0.0
2006-08-21 00:00:00-04:00,0.4118865143166538,0.41265035298342545,0.4017994986434247,0.4027164876461029,500220000,0.0,0.0
2006-08-22 00:00:00-04:00,0.40149329657132193,0.4132620711807582,0.40118792502292777,0.402104914188385,473928000,0.0,0.0
2006-08-23 00:00:00-04:00,0.4051613001512201,0.4092878062528091,0.39293493221695075,0.40179958939552307,485412000,0.0,0.0
2006-08-24 00:00:00-04:00,0.4028687829864131,0.4080654284514389,0.396449776799444,0.40592607855796814,260802000,0.0,0.0
2006-08-25 00:00:00-04:00,0.4028686286500899,0.4118864323681889,0.39889527460697105,0.40470263361930847,238314000,0.0,0.0
2006-08-28 00:00:00-04:00,0.41142794112959635,0.4305318307528049,0.41066317338066083,0.4186108112335205,764562000,0.0,0.0
2006-08-29 00:00:00-04:00,0.42258423689546476,0.43954875172361363,0.41952787112780415,0.4375625252723694,727962000,0.0,0.0
2006-08-30 00:00:00-04:00,0.4400073272430674,0.4511644840783526,0.43893808957860475,0.4465794563293457,681564000,0.0,0.0
2006-08-31 00:00:00-04:00,0.44550932111200015,0.44749647712595053,0.43527010983705955,0.4448986053466797,511278000,0.0,0.0
2006-09-01 00:00:00-04:00,0.43832639039661947,0.44184127819716074,0.4245713908381138,0.42625224590301514,605742000,0.0,0.0
2006-09-05 00:00:00-04:00,0.42762781518164206,0.4372563107215868,0.421361959408322,0.4355754554271698,549354000,0.0,0.0
2006-09-06 00:00:00-04:00,0.4279340400876117,0.42854475578565276,0.4126503789446902,0.4137205183506012,493572000,0.0,0.0
2006-09-07 00:00:00-04:00,0.4069952369452342,0.43129577483280307,0.4025633873601034,0.4219735264778137,742836000,0.0,0.0
2006-09-08 00:00:00-04:00,0.42869794900785213,0.43053195464077587,0.41402593127322035,0.4233490824699402,447978000,0.0,0.0
2006-09-11 00:00:00-04:00,0.4138727006558811,0.4348114991979207,0.40913547997349203,0.4299202263355255,598266000,0.0,0.0
2006-09-12 00:00:00-04:00,0.4279340593627338,0.4439815872720552,0.4268639199086213,0.44123056530952454,498432000,0.0,0.0
2006-09-13 00:00:00-04:00,0.44229983042674864,0.4505528421701841,0.4409243193599233,0.4447454810142517,476286000,0.0,0.0
2006-09-14 00:00:00-04:00,0.44260613541949817,0.4508591477521147,0.43725633928321544,0.4430646300315857,428814000,0.0,0.0
2006-09-15 00:00:00-04:00,0.4445922841611899,0.45391543445037946,0.4424529071925762,0.45177605748176575,649764000,0.0,0.0
2006-09-18 00:00:00-04:00,0.4529983200741146,0.4696574612487291,0.4516228367774027,0.4688926935195923,793896000,0.0,0.0
2006-09-19 00:00:00-04:00,0.46583637605830375,0.4691990148740979,0.45284521709639775,0.45666635036468506,708054000,0.0,0.0
2006-09-20 00:00:00-04:00,0.4626268024820747,0.47393620403235986,0.46170981363738983,0.4733254611492157,511884000,0.0,0.0
2006-09-21 00:00:00-04:00,0.4728669949855559,0.47760421500784733,0.4650724531466604,0.46950435638427734,539106000,0.0,0.0
2006-09-22 00:00:00-04:00,0.4681290261218308,0.4710331440898614,0.4504006411369328,0.45559635758399963,653334000,0.0,0.0
2006-09-25 00:00:00-04:00,0.462473779160909,0.4739362781559492,0.4499420153644002,0.4719500243663788,684486000,0.0,0.0
2006-09-26 00:00:00-04:00,0.47149157133385333,0.47271393184792715,0.45605476059924244,0.4620152711868286,516120000,0.0,0.0
2006-09-27 00:00:00-04:00,0.4606398046016693,0.475311848891082,0.4562079547783865,0.4606398046016693,578142000,0.0,0.0
2006-09-28 00:00:00-04:00,0.4426060372578519,0.4537622633125624,0.44061890887730965,0.4519282579421997,647346000,0.0,0.0
2006-09-29 00:00:00-04:00,0.45498547069820816,0.458500330464114,0.44978882702748574,0.4522344768047333,373890000,0.0,0.0
2006-10-02 00:00:00-04:00,0.45009439641283355,0.45299851456594525,0.43710413429632355,0.440772145986557,647442000,0.0,0.0
2006-10-03 00:00:00-04:00,0.4325191080570221,0.4358808461222871,0.4228906120941225,0.4325191080570221,907692000,0.0,0.0
2006-10-04 00:00:00-04:00,0.4331297615805278,0.47515958167911326,0.43190737373866356,0.47500643134117126,1460382000,0.0,0.0
2006-10-05 00:00:00-04:00,0.473172412463425,0.4779105626714844,0.4603344019081093,0.4615567624568939,662682000,0.0,0.0
2006-10-06 00:00:00-04:00,0.46232152867727994,0.47760425846862115,0.4609460179536305,0.4727138876914978,593610000,0.0,0.0
2006-10-09 00:00:00-04:00,0.4716437451120979,0.5093938785568998,0.47026823439814763,0.5031280517578125,932304000,0.0,0.0
2006-10-10 00:00:00-04:00,0.5005294825404485,0.5025166116273995,0.48601058475512743,0.491665780544281,624648000,0.0,0.0
2006-10-11 00:00:00-04:00,0.48906682664965867,0.5031281272287529,0.48157858367853335,0.49441659450531006,481944000,0.0,0.0
2006-10-12 00:00:00-04:00,0.4971674485087488,0.5066428167488006,0.4892198118412008,0.49640268087387085,414720000,0.0,0.0
2006-10-13 00:00:00-04:00,0.4947217263856362,0.5190222253482335,0.48662186979051575,0.5161181092262268,584190000,0.0,0.0
2006-10-16 00:00:00-04:00,0.5178002557142687,0.5262054900114522,0.5060314519450188,0.5152015089988708,478968000,0.0,0.0
2006-10-17 00:00:00-04:00,0.5067960240667724,0.5103108838316206,0.4905953774982761,0.49548569321632385,526506000,0.0,0.0
2006-10-18 00:00:00-04:00,0.5028217691575383,0.5081715364026966,0.4788275618536849,0.4823424220085144,822750000,0.0,0.0
2006-10-19 00:00:00-04:00,0.4805084738188493,0.49518051832737164,0.4766873669941656,0.4915125072002411,473040000,0.0,0.0
2006-10-20 00:00:00-04:00,0.4953335229071082,0.49563889438332615,0.4788275578576048,0.4858572781085968,359478000,0.0,0.0
2006-10-23 00:00:00-04:00,0.4847879356023832,0.49655580369404323,0.4814252971655126,0.4826476573944092,280248000,0.0,0.0
2006-10-24 00:00:00-04:00,0.4835648221114893,0.5022111220549391,0.48218931123533926,0.49670907855033875,519288000,0.0,0.0
2006-10-25 00:00:00-04:00,0.501446416850703,0.5089355905114515,0.493041183121686,0.5012941956520081,389436000,0.0,0.0
2006-10-26 00:00:00-04:00,0.5025166198327656,0.5188694965786789,0.5025166198327656,0.5171886682510376,366690000,0.0,0.0
2006-10-27 00:00:00-04:00,0.517188702931382,0.5286512073658253,0.4890670198421793,0.49487531185150146,566988000,0.0,0.0
2006-10-30 00:00:00-05:00,0.49823667840606517,0.5096991749037703,0.4928878413187709,0.5008354783058167,479592000,0.0,0.0
2006-10-31 00:00:00-05:00,0.5118395914438724,0.5329306125640869,0.5092408454991084,0.5329306125640869,996174000,0.0,0.0
2006-11-01 00:00:00-05:00,0.5258998634530367,0.5307902338761958,0.4844817223626543,0.49181774258613586,1176540000,0.0,0.0
2006-11-02 00:00:00-05:00,0.4941103652667322,0.5048089721640033,0.481730821220918,0.4884561002254486,862944000,0.0,0.0
2006-11-03 00:00:00-05:00,0.4939579583808867,0.4988483281847008,0.4860102670907454,0.49823665618896484,548070000,0.0,0.0
2006-11-06 00:00:00-05:00,0.4996124125211267,0.5202449154511676,0.4933465291836953,0.5133674144744873,739602000,0.0,0.0
2006-11-07 00:00:00-05:00,0.517188531206299,0.5266639032419342,0.5142843588371607,0.5211619138717651,553254000,0.0,0.0
2006-11-08 00:00:00-05:00,0.5174937868783053,0.5352230408488076,0.5162714265003532,0.5288040637969971,648324000,0.0,0.0
2006-11-09 00:00:00-05:00,0.5396550467008899,0.5532568966326861,0.5347646750845834,0.5393496751785278,1207758000,0.0,0.0
2006-11-10 00:00:00-05:00,0.534764464549084,0.5373623350956428,0.5130617785757934,0.5263583064079285,1317192000,0.0,0.0
2006-11-13 00:00:00-05:00,0.5274285615169966,0.5517290687281744,0.5272754111935439,0.5502004623413086,852282000,0.0,0.0
2006-11-14 00:00:00-05:00,0.5482131592612528,0.5567724676987883,0.536445292127885,0.5557023286819458,628530000,0.0,0.0
2006-11-15 00:00:00-05:00,0.5540216893569723,0.5616630832348354,0.543476177737165,0.5465325713157654,491892000,0.0,0.0
2006-11-16 00:00:00-05:00,0.5488248500272429,0.5555491974061226,0.5440867012828182,0.5535629987716675,457182000,0.0,0.0
2006-11-17 00:00:00-05:00,0.5497420651210734,0.5566195656266062,0.5463794254585044,0.5550909042358398,361608000,0.0,0.0
2006-11-20 00:00:00-05:00,0.5482133629904411,0.5633438739097093,0.5440868848567821,0.5602875351905823,608634000,0.0,0.0
2006-11-21 00:00:00-05:00,0.5619684945949689,0.5628854837883012,0.547754970797002,0.5515760779380798,387384000,0.0,0.0
2006-11-22 00:00:00-05:00,0.5535630627958752,0.5616629215778666,0.5506588912322903,0.5610512495040894,240258000,0.0,0.0
2006-11-24 00:00:00-05:00,0.5583003584755466,0.5664011475314488,0.5532568370523405,0.565177857875824,144336000,0.0,0.0
2006-11-27 00:00:00-05:00,0.5618162528633985,0.5693044419837144,0.5358339277194731,0.5396550893783569,585294000,0.0,0.0
2006-11-28 00:00:00-05:00,0.5378209041341052,0.5546322944275476,0.5294147443986225,0.5497419238090515,480966000,0.0,0.0
2006-11-29 00:00:00-05:00,0.5547853803907875,0.5645669950131262,0.5526459767210276,0.5578417181968689,579792000,0.0,0.0
2006-11-30 00:00:00-05:00,0.5578418698108939,0.569916041685616,0.5511175203444628,0.5653310418128967,583632000,0.0,0.0
2006-12-01 00:00:00-05:00,0.5590650723782126,0.5598289109595204,0.5382794258489131,0.5431697964668274,785010000,0.0,0.0
2006-12-04 00:00:00-05:00,0.550200498597257,0.5722085076096459,0.5482133156291344,0.565177857875824,621570000,0.0,0.0
2006-12-05 00:00:00-05:00,0.5592173673917108,0.5625800066337107,0.5531046356062107,0.5593705177307129,663354000,0.0,0.0
2006-12-06 00:00:00-05:00,0.5612044361045587,0.5612044361045587,0.5509642983059584,0.5586065649986267,478242000,0.0,0.0
2006-12-07 00:00:00-05:00,0.5586065825007522,0.5616629754930559,0.5402665848217968,0.5451569557189941,486894000,0.0,0.0
2006-12-08 00:00:00-05:00,0.5411837495360347,0.5508122733075712,0.5333892589225405,0.5433230996131897,564858000,0.0,0.0
2006-12-11 00:00:00-05:00,0.5434762184449939,0.5592174746152,0.5422529285112258,0.5526462197303772,515484000,0.0,0.0
2006-12-12 00:00:00-05:00,0.5485197714254512,0.5503537499211978,0.5396551412075138,0.5469911098480225,568116000,0.0,0.0
2006-12-13 00:00:00-05:00,0.5514228059248034,0.5578417828833482,0.5514228059248034,0.5534099340438843,491952000,0.0,0.0
2006-12-14 00:00:00-05:00,0.5578420024841304,0.5702215488107452,0.5573835351823258,0.5631917715072632,715380000,0.0,0.0
2006-12-15 00:00:00-05:00,0.5668598356802136,0.5731257200241089,0.5633440448539091,0.5731257200241089,746094000,0.0,0.0
2006-12-18 00:00:00-05:00,0.573737271756161,0.5899370506218309,0.5734310256624242,0.583059549331665,688356000,0.0,0.0
2006-12-19 00:00:00-05:00,0.5755712995031141,0.5945220459128182,0.5748065314675216,0.5914656519889832,545622000,0.0,0.0
2006-12-20 00:00:00-05:00,0.5884093659054098,0.5954390889628606,0.5842828320024799,0.5847413539886475,306594000,0.0,0.0
2006-12-21 00:00:00-05:00,0.587950679391268,0.589631561820009,0.5731255401422704,0.5796976685523987,367920000,0.0,0.0
2006-12-22 00:00:00-05:00,0.5787806553242264,0.5807669091826988,0.5631916233556934,0.565942645072937,370170000,0.0,0.0
2006-12-26 00:00:00-05:00,0.5689991243867515,0.5740425920881596,0.5634970801197365,0.5657895803451538,228192000,0.0,0.0
2006-12-27 00:00:00-05:00,0.5682350848754018,0.5752648049289328,0.5682350848754018,0.5732786059379578,264954000,0.0,0.0
2006-12-28 00:00:00-05:00,0.5738893375505939,0.5745010097096083,0.5665533709554343,0.5691521167755127,213912000,0.0,0.0
2006-12-29 00:00:00-05:00,0.569152186307388,0.5810732086349552,0.5650257080095835,0.565636396408081,386094000,0.0,0.0
2007-01-03 00:00:00-05:00,0.5665535270517241,0.5734310283744165,0.5317074438295523,0.5514230132102966,1154820000,0.0,0.0
2007-01-04 00:00:00-05:00,0.5494366430996253,0.5514228970268388,0.5353753426642152,0.5488250255584717,797298000,0.0,0.0
2007-01-05 00:00:00-05:00,0.5358338906932447,0.5379741695892579,0.5107694856188653,0.5144374966621399,1243344000,0.0,0.0
2007-01-08 00:00:00-05:00,0.5162714434117108,0.528192408992351,0.5074067614785797,0.5182585716247559,657270000,0.0,0.0
2007-01-09 00:00:00-05:00,0.5190223790928709,0.5225372389874449,0.5075598813431609,0.5081714987754822,764166000,0.0,0.0
2007-01-10 00:00:00-05:00,0.5028218531899834,0.5379741773233141,0.49518051412568287,0.533236026763916,1108746000,0.0,0.0
2007-01-11 00:00:00-05:00,0.5332360557976039,0.5373625890018612,0.522537393456862,0.531248927116394,924504000,0.0,0.0
2007-01-12 00:00:00-05:00,0.5233022052041308,0.5405720671443321,0.52085655466526,0.5384327173233032,698190000,0.0,0.0
2007-01-16 00:00:00-05:00,0.5425591643127865,0.5428645358351486,0.5332360137748601,0.5393496751785278,711864000,0.0,0.0
2007-01-17 00:00:00-05:00,0.5318603824342001,0.535069925499525,0.5260530230450414,0.528039276599884,707934000,0.0,0.0
2007-01-18 00:00:00-05:00,0.5234544192281988,0.5234544192281988,0.47775751195541105,0.4843296408653259,1501638000,0.0,0.0
2007-01-19 00:00:00-05:00,0.4791330950057952,0.49732000530411086,0.475770454483311,0.4872330129146576,942606000,0.0,0.0
2007-01-22 00:00:00-05:00,0.4918180144241845,0.49976565645619564,0.4853989795163292,0.4872330129146576,730644000,0.0,0.0
2007-01-23 00:00:00-05:00,0.4849402190765283,0.4951804114861365,0.4759233708880217,0.4873858690261841,630354000,0.0,0.0
2007-01-24 00:00:00-05:00,0.4936517616481225,0.509088571116028,0.4913592619685144,0.5025163888931274,685722000,0.0,0.0
2007-01-25 00:00:00-05:00,0.5071014202273202,0.5089354528811528,0.482495539667037,0.4849402606487274,616284000,0.0,0.0
2007-01-26 00:00:00-05:00,0.4890668460657733,0.4938049965621275,0.47225545215638387,0.4809669852256775,829584000,0.0,0.0
2007-01-29 00:00:00-05:00,0.4788275671867767,0.479132884011439,0.45712487552580683,0.4612514078617096,1258284000,0.0,0.0
2007-01-30 00:00:00-05:00,0.4643077008971158,0.4731723275300741,0.46018122362173,0.47011598944664,636174000,0.0,0.0
2007-01-31 00:00:00-05:00,0.4678235014745378,0.4728670224089639,0.4620152127816236,0.46843424439430237,467976000,0.0,0.0
2007-02-01 00:00:00-05:00,0.46400249574413577,0.4768405085962261,0.4630855065384549,0.47439485788345337,650898000,0.0,0.0
2007-02-02 00:00:00-05:00,0.4769934948339208,0.48906673551794067,0.47301923863910594,0.4867742359638214,586590000,0.0,0.0
2007-02-05 00:00:00-05:00,0.4890667510013151,0.49884842161840665,0.4883029124040975,0.4947218894958496,579906000,0.0,0.0
2007-02-06 00:00:00-05:00,0.5058790746557549,0.51871708498117,0.4983899574569263,0.5122981071472168,775386000,0.0,0.0
2007-02-07 00:00:00-05:00,0.5164243738274117,0.5335411309123119,0.5133671073231395,0.5323187708854675,761058000,0.0,0.0
2007-02-08 00:00:00-05:00,0.5242190478184623,0.5329305242042929,0.5196340487401303,0.5254414081573486,726276000,0.0,0.0
2007-02-09 00:00:00-05:00,0.5280394734082821,0.5324722529787542,0.49701455298917896,0.499001681804657,937956000,0.0,0.0
2007-02-12 00:00:00-05:00,0.5026695719839372,0.52085647493828,0.4973198044835987,0.5100055932998657,789360000,0.0,0.0
2007-02-13 00:00:00-05:00,0.5182587356468235,0.5237607257066959,0.5130620625005583,0.5196342468261719,849732000,0.0,0.0
2007-02-14 00:00:00-05:00,0.5242191455114444,0.5272754841882397,0.5115333559351097,0.5127566456794739,1081848000,0.0,0.0
2007-02-15 00:00:00-05:00,0.5124505904911479,0.5184111041907928,0.5075602167038874,0.5158132314682007,488682000,0.0,0.0
2007-02-16 00:00:00-05:00,0.513673648929942,0.5142843373125653,0.4985431378021059,0.5000708699226379,915060000,0.0,0.0
2007-02-20 00:00:00-05:00,0.5008357154119504,0.5072546946265467,0.4973199250594325,0.5045037269592285,625578000,0.0,0.0
2007-02-21 00:00:00-05:00,0.5003768022756078,0.5057256923708943,0.49197064615796493,0.4970141649246216,655332000,0.0,0.0
2007-02-22 00:00:00-05:00,0.5048089344261072,0.5129088492719458,0.4990015741256203,0.5002239346504211,655452000,0.0,0.0
2007-02-23 00:00:00-05:00,0.504962193730763,0.5052675652978242,0.4988485860897226,0.499001681804657,403050000,0.0,0.0
2007-02-26 00:00:00-05:00,0.5003770109107644,0.5041972422590016,0.4905953952850561,0.49135923385620117,494070000,0.0,0.0
2007-02-27 00:00:00-05:00,0.4860103979557143,0.4974729516862321,0.47577025936845235,0.4765350818634033,714630000,0.0,0.0
2007-02-28 00:00:00-05:00,0.47515959999250645,0.4840232991219132,0.4693513103460616,0.47378408908843994,780048000,0.0,0.0
2007-03-01 00:00:00-05:00,0.4635439162237414,0.47668729745497535,0.45743025551113753,0.46797576546669006,837228000,0.0,0.0
2007-03-02 00:00:00-05:00,0.4638493429886867,0.4695044825546457,0.4540685723673182,0.4549855887889862,682728000,0.0,0.0
2007-03-05 00:00:00-05:00,0.44703793530322977,0.4559025637483206,0.4380210583608439,0.4395487904548645,663558000,0.0,0.0
2007-03-06 00:00:00-05:00,0.44917722299011714,0.4705745425018362,0.44734321778536595,0.46553102135658264,805974000,0.0,0.0
2007-03-07 00:00:00-05:00,0.46323848905537385,0.4653778382533389,0.4504004808550921,0.4523867070674896,811656000,0.0,0.0
2007-03-08 00:00:00-05:00,0.46186318359757317,0.47622892995547744,0.46155688283286533,0.4710331857204437,770622000,0.0,0.0
2007-03-09 00:00:00-05:00,0.47760434903250154,0.4829541171378215,0.4609461053587558,0.46629494428634644,555306000,0.0,0.0
2007-03-12 00:00:00-04:00,0.4609459911320392,0.4702682103501257,0.4603343190501569,0.4635438621044159,428010000,0.0,0.0
2007-03-13 00:00:00-04:00,0.45880576441530285,0.46155673135481123,0.44367522761798234,0.4439815282821655,617070000,0.0,0.0
2007-03-14 00:00:00-04:00,0.4452038837500881,0.44780172765709086,0.4285447133379614,0.4418412446975708,971610000,0.0,0.0
2007-03-15 00:00:00-04:00,0.4407721603699232,0.4447455437690885,0.4306851415570003,0.43740952014923096,655752000,0.0,0.0
2007-03-16 00:00:00-04:00,0.43771475867107795,0.4384795265210257,0.4302265161220219,0.43328288197517395,525648000,0.0,0.0
2007-03-19 00:00:00-04:00,0.43557548394122547,0.4424529851098016,0.4340468497318448,0.4354223608970642,461508000,0.0,0.0
2007-03-20 00:00:00-04:00,0.43404674797624204,0.4439815425632795,0.43160202696477384,0.43328288197517395,656490000,0.0,0.0
2007-03-21 00:00:00-04:00,0.45085900607606255,0.46522471970416396,0.44229972301604026,0.45804187655448914,1268376000,0.0,0.0
2007-03-22 00:00:00-04:00,0.4585004569300118,0.4708799465295964,0.4563611071851319,0.4681289792060852,810954000,0.0,0.0
2007-03-23 00:00:00-04:00,0.4646140404571111,0.4728670503569049,0.4595705192245969,0.4629322290420532,524640000,0.0,0.0
2007-03-26 00:00:00-04:00,0.46323856310665873,0.46767041252536223,0.45544404712165126,0.4638493061065674,447336000,0.0,0.0
2007-03-27 00:00:00-04:00,0.4627800570043879,0.4636970460555683,0.45467929472383,0.45513778924942017,469020000,0.0,0.0
2007-03-28 00:00:00-04:00,0.45131754553833187,0.45513777746800677,0.4456624063761174,0.44642627239227295,459504000,0.0,0.0
2007-03-29 00:00:00-04:00,0.45315150654647,0.4537622221627775,0.43144884289921775,0.43863171339035034,719016000,0.0,0.0
2007-03-30 00:00:00-04:00,0.44459219975559966,0.4478016881949112,0.43756247996449593,0.4398549795150757,581244000,0.0,0.0
2007-04-02 00:00:00-04:00,0.4387848558046221,0.4424528388178299,0.43221270104828524,0.4393965005874634,400830000,0.0,0.0
2007-04-03 00:00:00-04:00,0.43939659954476773,0.44428694404747715,0.43358830940791654,0.4377148151397705,473724000,0.0,0.0
2007-04-04 00:00:00-04:00,0.43710407106399096,0.4406189591959365,0.435575437019281,0.4367977976799011,361692000,0.0,0.0
2007-04-05 00:00:00-04:00,0.43863186023617967,0.4727140499242547,0.43863186023617967,0.47225552797317505,1332900000,0.0,0.0
2007-04-09 00:00:00-04:00,0.4722554890319694,0.47760438299746155,0.46278011647710904,0.4636971056461334,640950000,0.0,0.0
2007-04-10 00:00:00-04:00,0.4630854317065117,0.46843432502147453,0.4580419372327472,0.4589589536190033,794220000,0.0,0.0
2007-04-11 00:00:00-04:00,0.459875912504289,0.46446091214848373,0.44917725205612513,0.450705885887146,810150000,0.0,0.0
2007-04-12 00:00:00-04:00,0.4482602040248493,0.4649193727480269,0.44535696160028093,0.4635438621044159,743640000,0.0,0.0
2007-04-13 00:00:00-04:00,0.46201528848540263,0.4682820999837535,0.45636107836223944,0.4673650562763214,638694000,0.0,0.0
2007-04-16 00:00:00-04:00,0.4661418980672509,0.4696576336805919,0.45895902551213363,0.4649195373058319,671838000,0.0,0.0
2007-04-17 00:00:00-04:00,0.4766873130810547,0.4875390694002793,0.46705879179350746,0.46935129165649414,1059108000,0.0,0.0
2007-04-18 00:00:00-04:00,0.4685875496169439,0.47928621371023183,0.466141953284104,0.47515973448753357,683802000,0.0,0.0
2007-04-19 00:00:00-04:00,0.47133845794873963,0.4844818406684274,0.469962946988763,0.4817308187484741,568056000,0.0,0.0
2007-04-20 00:00:00-04:00,0.4887613797342641,0.4890667512007682,0.4809668919318142,0.4873858690261841,590052000,0.0,0.0
2007-04-23 00:00:00-04:00,0.4850933839631103,0.48601037291019467,0.47806273454709963,0.47943824529647827,595272000,0.0,0.0
2007-04-24 00:00:00-04:00,0.487539166324459,0.501904911354039,0.4843296768097236,0.4974730610847473,1028088000,0.0,0.0
2007-04-25 00:00:00-04:00,0.4967089374405187,0.5087821765570065,0.4944164381840466,0.5060311555862427,509640000,0.0,0.0
2007-04-26 00:00:00-04:00,0.5060312958177743,0.5161183390675703,0.5014462960342337,0.5122981071472168,500070000,0.0,0.0
2007-04-27 00:00:00-04:00,0.5106164283964548,0.5162715684102547,0.4973198941949657,0.5054206848144531,554058000,0.0,0.0
2007-04-30 00:00:00-04:00,0.512298154737736,0.5187171331679874,0.5025164820809488,0.502669632434845,563388000,0.0,0.0
2007-05-01 00:00:00-04:00,0.5118396602570262,0.5152014254858106,0.5038920200530286,0.5080185532569885,544554000,0.0,0.0
2007-05-02 00:00:00-04:00,0.5106165334989237,0.5127568129967363,0.4994602760583618,0.5020581483840942,659658000,0.0,0.0
2007-05-03 00:00:00-04:00,0.5067961582362486,0.5148960190761197,0.5058791144813387,0.5115333795547485,500250000,0.0,0.0
2007-05-04 00:00:00-04:00,0.5142844650332177,0.5178002557142687,0.5093940922391488,0.5152015089988708,405246000,0.0,0.0
2007-05-07 00:00:00-04:00,0.5226902215358937,0.5284975791164166,0.5043502310229623,0.5049618482589722,557100000,0.0,0.0
2007-05-08 00:00:00-04:00,0.5019048861686684,0.51000567665078,0.49212414226736645,0.5087823867797852,737100000,0.0,0.0
2007-05-09 00:00:00-04:00,0.505114212278395,0.5139788933425863,0.4993068530546006,0.5110747218132019,417870000,0.0,0.0
2007-05-10 00:00:00-04:00,0.5132150194963612,0.5199393678273624,0.49716752265151987,0.5015993714332581,802584000,0.0,0.0
2007-05-11 00:00:00-04:00,0.5286507654097558,0.542252608953695,0.5205509084631401,0.5370569229125977,1530630000,0.0,0.0
2007-05-14 00:00:00-04:00,0.534916770265887,0.5399602363868113,0.5266637611091477,0.531707227230072,731568000,0.0,0.0
2007-05-15 00:00:00-04:00,0.533235970549974,0.5364454594240667,0.5257468534512117,0.5269700884819031,621360000,0.0,0.0
2007-05-16 00:00:00-04:00,0.5274285645623817,0.5336944460868835,0.5173415769799248,0.5336944460868835,523104000,0.0,0.0
2007-05-17 00:00:00-04:00,0.5321659471232814,0.5349169694189176,0.521773584904353,0.5248299241065979,443664000,0.0,0.0
2007-05-18 00:00:00-04:00,0.5288042661130693,0.5367509780476567,0.5243714863357312,0.5352232456207275,604266000,0.0,0.0
2007-05-21 00:00:00-04:00,0.5336943700464326,0.5502003871259611,0.5310964992831956,0.5369038581848145,645768000,0.0,0.0
2007-05-22 00:00:00-04:00,0.5373624989789721,0.5446984656839269,0.5286509667788596,0.5398080945014954,401736000,0.0,0.0
2007-05-23 00:00:00-04:00,0.5401133942765108,0.5433228826998432,0.5239127471862356,0.5254414081573486,448248000,0.0,0.0
2007-05-24 00:00:00-04:00,0.5278873210595957,0.5294149989569455,0.5043506418526299,0.5064899921417236,607800000,0.0,0.0
2007-05-25 00:00:00-04:00,0.5101578680478354,0.5170353682574079,0.5086301359005739,0.5144374966621399,308976000,0.0,0.0
2007-05-29 00:00:00-04:00,0.5122981433117949,0.5216203646989773,0.5107694819976494,0.5199394822120667,316242000,0.0,0.0
2007-05-30 00:00:00-04:00,0.51382589160653,0.5211619138717651,0.5074068584600708,0.5211619138717651,331650000,0.0,0.0
2007-05-31 00:00:00-04:00,0.5249827465913485,0.5326241363996104,0.5225370973873095,0.5294145941734314,481572000,0.0,0.0
2007-06-01 00:00:00-04:00,0.5353752230632908,0.543322860557169,0.5321657347707586,0.5330827236175537,429084000,0.0,0.0
2007-06-04 00:00:00-04:00,0.5281927108394996,0.5390435980090831,0.5260533602554186,0.5359872579574585,322002000,0.0,0.0
2007-06-05 00:00:00-04:00,0.5375154557744843,0.5527981828836841,0.5365984670054853,0.5518811941146851,698586000,0.0,0.0
2007-06-06 00:00:00-04:00,0.548061097839995,0.5648724898564139,0.5457685980258195,0.5560078620910645,950736000,0.0,0.0
2007-06-07 00:00:00-04:00,0.5534099770683618,0.5616629871263306,0.5498951168557865,0.5500473380088806,791862000,0.0,0.0
2007-06-08 00:00:00-04:00,0.5454623101061596,0.5593704582571267,0.5387379068572514,0.5586065649986267,533268000,0.0,0.0
2007-06-11 00:00:00-04:00,0.5586066952770699,0.5639555890591235,0.5555494271474672,0.5605929493904114,434634000,0.0,0.0
2007-06-12 00:00:00-04:00,0.5576894275424742,0.5654839133043669,0.5544799398355169,0.5547853112220764,526770000,0.0,0.0
2007-06-13 00:00:00-04:00,0.5608991040958861,0.5682351253167082,0.5537153586884511,0.5680819749832153,587232000,0.0,0.0
2007-06-14 00:00:00-04:00,0.5654840164485969,0.5803082777589549,0.5647192487342438,0.5781689286231995,508548000,0.0,0.0
2007-06-15 00:00:00-04:00,0.5847413266404747,0.6090418429627805,0.5845881762596006,0.6044568419456482,1081998000,0.0,0.0
2007-06-18 00:00:00-04:00,0.6105693175425518,0.6127095959442465,0.5998715875866076,0.6047619581222534,685662000,0.0,0.0
2007-06-19 00:00:00-04:00,0.6009407719907093,0.6099585486291047,0.5968142948569415,0.6085830926895142,491952000,0.0,0.0
2007-06-20 00:00:00-04:00,0.6113340802639865,0.6143904730052065,0.6050673246041108,0.6091938018798828,822792000,0.0,0.0
2007-06-21 00:00:00-04:00,0.6209628733390948,0.6622279375408077,0.616224721896308,0.6568781137466431,1297326000,0.0,0.0
2007-06-22 00:00:00-04:00,0.6571841051259577,0.6704806347361587,0.6472493396058832,0.6666594743728638,882618000,0.0,0.0
2007-06-25 00:00:00-04:00,0.6480141063461067,0.663908452168829,0.6420535968510276,0.6490833163261414,819702000,0.0,0.0
2007-06-26 00:00:00-04:00,0.6474027548461024,0.6492367881067503,0.6174470968856224,0.6189757585525513,868482000,0.0,0.0
2007-06-27 00:00:00-04:00,0.6189754286052388,0.6363984346776016,0.6159190360785329,0.6356345415115356,613140000,0.0,0.0
2007-06-28 00:00:00-04:00,0.6374686567911403,0.6486249090959744,0.6312018460976825,0.6417473554611206,597534000,0.0,0.0
2007-06-29 00:00:00-04:00,0.646027272920325,0.646180368642628,0.6310498544581277,0.6313552260398865,516570000,0.0,0.0
2007-07-02 00:00:00-04:00,0.6403719920414894,0.6579480985918349,0.6383857380857489,0.6576427817344666,563850000,0.0,0.0
2007-07-03 00:00:00-04:00,0.6571843567419737,0.6639087073592512,0.6518345880756006,0.6587120890617371,238770000,0.0,0.0
2007-07-05 00:00:00-04:00,0.6588650768334026,0.6678819255541805,0.6556555334392533,0.6657425761222839,373290000,0.0,0.0
2007-07-06 00:00:00-04:00,0.6648256886935476,0.671550038678437,0.6636033280486318,0.6689521670341492,282720000,0.0,0.0
2007-07-09 00:00:00-04:00,0.6713976362560915,0.6915716645999788,0.6712444859429789,0.6883621215820312,536784000,0.0,0.0
2007-07-10 00:00:00-04:00,0.6848465776030804,0.6992131959791759,0.6775105553194687,0.6950867176055908,552654000,0.0,0.0
2007-07-11 00:00:00-04:00,0.6949334939184612,0.6996716440370363,0.6824017296271327,0.6920302510261536,582612000,0.0,0.0
2007-07-12 00:00:00-04:00,0.6969206934511898,0.7060906939454138,0.6920303216715145,0.7053268551826477,438732000,0.0,0.0
2007-07-13 00:00:00-04:00,0.703339502662867,0.7117456070604804,0.7002831100921231,0.7010470032691956,372630000,0.0,0.0
2007-07-16 00:00:00-04:00,0.701658820492789,0.7166361813816903,0.7015056701427781,0.7137320637702942,541710000,0.0,0.0
2007-07-17 00:00:00-04:00,0.7166359874209319,0.731002656034323,0.7100638605822855,0.7106754779815674,643812000,0.0,0.0
2007-07-18 00:00:00-04:00,0.7004353738796414,0.7025756522747163,0.6839293553769431,0.6976844072341919,550656000,0.0,0.0
2007-07-19 00:00:00-04:00,0.707619173208588,0.7111340330781184,0.6920301435855554,0.6969205141067505,407376000,0.0,0.0
2007-07-20 00:00:00-04:00,0.701505717251528,0.7039513678123508,0.6859167377509492,0.6892793774604797,505650000,0.0,0.0
2007-07-23 00:00:00-04:00,0.6868336496790394,0.7103703213014944,0.6853049884387914,0.6961567997932434,360474000,0.0,0.0
2007-07-24 00:00:00-04:00,0.6934057201186017,0.6992130800735046,0.673537060994586,0.6778166890144348,457560000,0.0,0.0
2007-07-25 00:00:00-04:00,0.677968987171519,0.6875975090841069,0.6590182440417194,0.6746072769165039,437196000,0.0,0.0
2007-07-26 00:00:00-04:00,0.6674235267024913,0.687445339946333,0.6584066763204787,0.6779690384864807,710268000,0.0,0.0
2007-07-27 00:00:00-04:00,0.6762881278991699,0.707466137540242,0.6759827563957037,0.6762881278991699,615480000,0.0,0.0
2007-07-30 00:00:00-04:00,0.6787337615569378,0.6963089925006929,0.6785806112201201,0.695239782333374,538158000,0.0,0.0
2007-07-31 00:00:00-04:00,0.7227499153923286,0.7325306596058376,0.6984494015258589,0.6993663907051086,711492000,0.0,0.0
2007-08-01 00:00:00-04:00,0.6892792693641392,0.7062437572560787,0.661769216614565,0.6941696405410767,705828000,0.0,0.0
2007-08-02 00:00:00-04:00,0.7021173864851291,0.7027280749106104,0.6817902016534009,0.6911133527755737,468606000,0.0,0.0
2007-08-03 00:00:00-04:00,0.6888206952477107,0.6938642163780954,0.6498481462513365,0.6501535177230835,623412000,0.0,0.0
2007-08-06 00:00:00-04:00,0.6556556224822998,0.660545994156901,0.6373156218879038,0.6556556224822998,524724000,0.0,0.0
2007-08-07 00:00:00-04:00,0.6556555168134335,0.6768996862880358,0.6469440397980878,0.6660479307174683,565764000,0.0,0.0
2007-08-08 00:00:00-04:00,0.6781221373754431,0.7175532140906548,0.6729255197973917,0.6967675089836121,660744000,0.0,0.0
2007-08-09 00:00:00-04:00,0.7015055675618194,0.7244306193327802,0.6854580695823999,0.7050204277038574,1251834000,0.0,0.0
2007-08-10 00:00:00-04:00,0.6472494272426386,0.6768997029872774,0.6325773850437721,0.6723147034645081,1141014000,0.0,0.0
2007-08-13 00:00:00-04:00,0.6776637184119447,0.6822487187609992,0.65107065079841,0.6649788022041321,700410000,0.0,0.0
2007-08-14 00:00:00-04:00,0.6695637421678229,0.7015056460294445,0.6675766137118601,0.6908069849014282,1092174000,0.0,0.0
2007-08-15 00:00:00-04:00,0.6871390121611587,0.6969206293409201,0.6606990979262739,0.6616160869598389,695142000,0.0,0.0
2007-08-16 00:00:00-04:00,0.6550440253999953,0.6597821760486675,0.618975640655192,0.6506121754646301,780030000,0.0,0.0
2007-08-17 00:00:00-04:00,0.6686466401334977,0.6895845078174974,0.6478609935908439,0.6889728903770447,728712000,0.0,0.0
2007-08-20 00:00:00-04:00,0.6894313809909416,0.6969204968341162,0.6778166078150283,0.6862218379974365,519684000,0.0,0.0
2007-08-21 00:00:00-04:00,0.6903484962466877,0.7288625273028261,0.680109231813632,0.723360538482666,715338000,0.0,0.0
2007-08-22 00:00:00-04:00,0.7417007717888224,0.7441464227973578,0.726723407152307,0.7398667931556702,566154000,0.0,0.0
2007-08-23 00:00:00-04:00,0.7433822931522636,0.7520938255372251,0.7303911871421092,0.7336006760597229,667986000,0.0,0.0
2007-08-24 00:00:00-04:00,0.7314612952829966,0.7387972618304588,0.7261114732060685,0.7374217510223389,361644000,0.0,0.0
2007-08-27 00:00:00-04:00,0.7374217558915475,0.761874540617832,0.7340591167555731,0.7540799975395203,635946000,0.0,0.0
2007-08-28 00:00:00-04:00,0.7565256564015584,0.7595820495619159,0.706395976848036,0.7080777883529663,560022000,0.0,0.0
2007-08-29 00:00:00-04:00,0.7229021812302009,0.7491898254442315,0.7213744488506155,0.7482728362083435,538560000,0.0,0.0
2007-08-30 00:00:00-04:00,0.741089979089753,0.762486376828166,0.7407837329910711,0.7439932227134705,465660000,0.0,0.0
2007-08-31 00:00:00-04:00,0.759581980224858,0.7847994761180569,0.7554554481023785,0.7818962335586548,720834000,0.0,0.0
2007-09-04 00:00:00-04:00,0.7854112449075966,0.809406383368913,0.7731848520146256,0.8060437440872192,683268000,0.0,0.0
2007-09-05 00:00:00-04:00,0.8025290756989384,0.825300929896225,0.7993195859899782,0.7999302744865417,656274000,0.0,0.0
2007-09-06 00:00:00-04:00,0.8098647880459939,0.8172007538984633,0.8000831176401925,0.8034457564353943,425496000,0.0,0.0
2007-09-07 00:00:00-04:00,0.7811315142263542,0.7892323031717712,0.7591235055141282,0.7741017937660217,602304000,0.0,0.0
2007-09-10 00:00:00-04:00,0.7909132870162103,0.8046682873955325,0.7698222645715777,0.7762412428855896,872112000,0.0,0.0
2007-09-11 00:00:00-04:00,0.7856403481847224,0.7987075900318967,0.7773873389503227,0.7927470803260803,405424000,0.0,1.5
2007-09-12 00:00:00-04:00,0.8012296439515458,0.8051269439024787,0.7537748901733711,0.7615693807601929,554452000,0.0,0.0
2007-09-13 00:00:00-04:00,0.7760119020972847,0.7769288910644199,0.7562963933451032,0.7617983818054199,452864000,0.0,0.0
2007-09-14 00:00:00-04:00,0.7542331777543184,0.7551501667829463,0.7370394011731315,0.7393319010734558,487308000,0.0,0.0
2007-09-17 00:00:00-04:00,0.7404781869976798,0.7482726758182837,0.729703442806108,0.737727165222168,374828000,0.0,0.0
2007-09-18 00:00:00-04:00,0.7455216478982152,0.8138381729483513,0.7443753706994016,0.8023756742477417,844740000,0.0,0.0
2007-09-19 00:00:00-04:00,0.8097116402493699,0.8253006155597362,0.779909090995726,0.7877036333084106,521360000,0.0,0.0
2007-09-20 00:00:00-04:00,0.7881623066960547,0.7966445519121217,0.774407305590403,0.7831187844276428,324172000,0.0,0.0
2007-09-21 00:00:00-04:00,0.7909133326409223,0.8023758336182513,0.7831187882503258,0.7906840443611145,457532000,0.0,0.0
2007-09-24 00:00:00-04:00,0.7954981497317873,0.8230081457384757,0.7897668732349755,0.810857892036438,456360000,0.0,0.0
2007-09-25 00:00:00-04:00,0.8060436949421443,0.8246129266743722,0.8037511951730728,0.8211742043495178,360748000,0.0,0.0
2007-09-26 00:00:00-04:00,0.8253006556891711,0.8424944307363421,0.8232374442232137,0.8406604528427124,518032000,0.0,0.0
2007-09-27 00:00:00-04:00,0.8486841346294681,0.8528106666827767,0.8342413817578911,0.8431821465492249,378280000,0.0,0.0
2007-09-28 00:00:00-04:00,0.8482255655606021,0.8512058201328588,0.8289685276079448,0.8308025598526001,404292000,0.0,0.0
2007-10-01 00:00:00-04:00,0.8379094666250371,0.8700045183749558,0.8369924776396123,0.8658779859542847,398200000,0.0,0.0
2007-10-02 00:00:00-04:00,0.863814631763171,0.8654194306460963,0.8450161681753413,0.857624888420105,284960000,0.0,0.0
2007-10-03 00:00:00-04:00,0.842494457667634,0.842494457667634,0.8076484393147438,0.8211742043495178,467196000,0.0,0.0
2007-10-04 00:00:00-04:00,0.8202574521413226,0.8296566875103606,0.7966446375807723,0.8248424530029297,378976000,0.0,0.0
2007-10-05 00:00:00-04:00,0.8379095041342657,0.85120603631942,0.8289687381467489,0.846621036529541,344840000,0.0,0.0
2007-10-08 00:00:00-04:00,0.8525816892086149,0.8617516903158866,0.8424946442646016,0.8603761792182922,252484000,0.0,0.0
2007-10-09 00:00:00-04:00,0.8603759292961594,0.864273173168926,0.8326366457441111,0.8452454209327698,403008000,0.0,0.0
2007-10-10 00:00:00-04:00,0.8509764915093858,0.8509764915093858,0.8257590002678544,0.8461622595787048,389136000,0.0,0.0
2007-10-11 00:00:00-04:00,0.838367866196258,0.8489133746346701,0.7993953207523444,0.8085653185844421,529104000,0.0,0.0
2007-10-12 00:00:00-04:00,0.8175061236219844,0.8282808661460876,0.8048973486455331,0.8282808661460876,409952000,0.0,0.0
2007-10-15 00:00:00-04:00,0.8310320204543358,0.8450163083430471,0.8271347760236323,0.834241509437561,355900000,0.0,0.0
2007-10-16 00:00:00-04:00,0.8333247610313214,0.8567082890254772,0.8303445047841482,0.8418070077896118,276360000,0.0,0.0
2007-10-17 00:00:00-04:00,0.8745897450313679,0.908977250844204,0.8736727558078631,0.9064555168151855,717944000,0.0,0.0
2007-10-18 00:00:00-04:00,0.9034749412194035,0.9094354510497905,0.8807791790148538,0.9057674407958984,340620000,0.0,0.0
2007-10-19 00:00:00-04:00,0.9037042810425553,0.9041628028747705,0.8569372404569208,0.8571665287017822,505768000,0.0,0.0
2007-10-22 00:00:00-04:00,0.851664646469693,0.8995779733717228,0.8447871456303738,0.8977439403533936,537656000,0.0,0.0
2007-10-23 00:00:00-04:00,0.9094356914264429,0.9094356914264429,0.8775699224933424,0.9020996689796448,294292000,0.0,0.0
2007-10-24 00:00:00-04:00,0.8826135495970947,0.8826135495970947,0.8287397582455944,0.8716095685958862,565500000,0.0,0.0
2007-10-25 00:00:00-04:00,0.8447870917180055,0.852810869513911,0.7700515217778351,0.7954983115196228,806192000,0.0,0.0
2007-10-26 00:00:00-04:00,0.8207158322022082,0.8262178763773627,0.7771583286465022,0.7886208295822144,616580000,0.0,0.0
2007-10-29 00:00:00-04:00,0.761569175830883,0.7737194303939471,0.7464386660234819,0.7700514197349548,813896000,0.0,0.0
2007-10-30 00:00:00-04:00,0.7762412382306328,0.8145260382485888,0.7634032270220831,0.7982493042945862,525212000,0.0,0.0
2007-10-31 00:00:00-04:00,0.8030634148336024,0.8115456582499598,0.7780751517296014,0.8110871911048889,455188000,0.0,0.0
2007-11-01 00:00:00-04:00,0.7984784154378686,0.827363922562493,0.7874743840936047,0.8110871911048889,587236000,0.0,0.0
2007-11-02 00:00:00-04:00,0.8223206833154991,0.8482259989068759,0.8108581808959853,0.8422654867172241,491844000,0.0,0.0
2007-11-05 00:00:00-05:00,0.8351586969568594,0.8624395237700824,0.8298859403781307,0.8422654867172241,436636000,0.0,0.0
2007-11-06 00:00:00-05:00,0.8502891034247394,0.87573583754118,0.8463918041543042,0.8688583374023438,554620000,0.0,0.0
2007-11-07 00:00:00-05:00,0.8684000421335084,0.8718387655550482,0.82071594427729,0.8275934457778931,546768000,0.0,0.0
2007-11-08 00:00:00-05:00,0.819569615733693,0.8344708943933549,0.7521700113303836,0.7757828235626221,996824000,0.0,0.0
2007-11-09 00:00:00-05:00,0.792059376609082,0.7977906531327165,0.7485018827279739,0.7647786140441895,871056000,0.0,0.0
2007-11-12 00:00:00-05:00,0.7645492939261314,0.7700512815988891,0.6884382367134094,0.6884382367134094,715732000,0.0,0.0
2007-11-13 00:00:00-05:00,0.6996716648369001,0.7498774303073334,0.6884383986470176,0.7491896748542786,726696000,0.0,0.0
2007-11-14 00:00:00-05:00,0.7682174061755355,0.775553372496451,0.7336006220894016,0.737497866153717,666720000,0.0,0.0
2007-11-15 00:00:00-05:00,0.7326835534747745,0.7395610518977638,0.7106754929322103,0.7276400327682495,496436000,0.0,0.0
2007-11-16 00:00:00-05:00,0.7336005886024719,0.7459800756131486,0.727640078661775,0.7439168095588684,423592000,0.0,0.0
2007-11-19 00:00:00-05:00,0.7333713537691482,0.7370393643579515,0.6898138578386869,0.6937111020088196,568412000,0.0,0.0
2007-11-20 00:00:00-05:00,0.7067782320609336,0.7079245090989027,0.6673472202007577,0.6884382367134094,622628000,0.0,0.0
2007-11-21 00:00:00-05:00,0.6739956024141475,0.6973791224218627,0.6719323361805972,0.6811023354530334,648452000,0.0,0.0
2007-11-23 00:00:00-05:00,0.6859167035000822,0.6957744593358594,0.6772051703785745,0.6927942037582397,141976000,0.0,0.0
2007-11-26 00:00:00-05:00,0.6923354563135726,0.7065489740793075,0.6753709721353538,0.6767464280128479,385896000,0.0,0.0
2007-11-27 00:00:00-05:00,0.6863752870871261,0.707924835275424,0.6811025305295394,0.7058615684509277,458856000,0.0,0.0
2007-11-28 00:00:00-05:00,0.7280986602568079,0.7631739127732485,0.7246598832172026,0.7530869245529175,574548000,0.0,0.0
2007-11-29 00:00:00-05:00,0.7519407256927899,0.7817432809505666,0.7487312365596486,0.7592767477035522,489084000,0.0,0.0
2007-11-30 00:00:00-05:00,0.7840358774130675,0.7840358774130675,0.7207628027686782,0.7230553030967712,652656000,0.0,0.0
2007-12-03 00:00:00-05:00,0.7336006760597229,0.7471264418211051,0.7223674101905662,0.7336006760597229,490688000,0.0,0.0
2007-12-04 00:00:00-05:00,0.7368100823731247,0.739331815574607,0.7186993188577003,0.7329128384590149,371712000,0.0,0.0
2007-12-05 00:00:00-05:00,0.7608814485033752,0.7851819585265315,0.7514822152519692,0.7709684371948242,666704000,0.0,0.0
2007-12-06 00:00:00-05:00,0.7691345430180572,0.789079288982207,0.7622570425249877,0.7865575551986694,371152000,0.0,0.0
2007-12-07 00:00:00-05:00,0.7897669659852463,0.7906839550283264,0.7686759447068533,0.7766997218132019,320292000,0.0,0.0
2007-12-10 00:00:00-05:00,0.7792214881890308,0.7943519993388657,0.7769289881559501,0.785181999206543,336360000,0.0,0.0
2007-12-11 00:00:00-05:00,0.8019174054710383,0.816589452163391,0.784265157367919,0.7860991358757019,582436000,0.0,0.0
2007-12-12 00:00:00-05:00,0.8193404499192759,0.8273642291639839,0.7973324337326053,0.8131507039070129,617504000,0.0,0.0
2007-12-13 00:00:00-05:00,0.8032928337224429,0.8085655897096901,0.7675298192538393,0.7909133434295654,500364000,0.0,0.0
2007-12-14 00:00:00-05:00,0.78724539016312,0.812692182815847,0.781972633787218,0.8039806485176086,354016000,0.0,0.0
2007-12-17 00:00:00-05:00,0.7954981561284432,0.8030634105568656,0.7611106061860666,0.7629446387290955,507408000,0.0,0.0
2007-12-18 00:00:00-05:00,0.7746364038365562,0.7909131905606496,0.7668419155036837,0.7824309468269348,396896000,0.0,0.0
2007-12-19 00:00:00-05:00,0.7796799784909502,0.7971029889684423,0.7764704895060854,0.7897669672966003,253536000,0.0,0.0
2007-12-20 00:00:00-05:00,0.802376035726045,0.8081073149871001,0.7856407746180046,0.8062732815742493,279940000,0.0,0.0
2007-12-21 00:00:00-05:00,0.8159014991610121,0.8230082324811848,0.7987077225159053,0.8060437440872192,433408000,0.0,0.0
2007-12-24 00:00:00-05:00,0.8120042360810118,0.8241544907838273,0.8060437255237802,0.8202572464942932,104008000,0.0,0.0
2007-12-26 00:00:00-05:00,0.8218622203760855,0.8312614560127258,0.8138384413110701,0.8312614560127258,215340000,0.0,0.0
2007-12-27 00:00:00-05:00,0.8298859606273481,0.8344710163645519,0.8035222317479525,0.8055854439735413,241368000,0.0,0.0
2007-12-28 00:00:00-05:00,0.8042098581970326,0.8138383814351545,0.7906840898680689,0.7975616455078125,262064000,0.0,0.0
2007-12-31 00:00:00-05:00,0.7911424593528165,0.8055852140982925,0.779679959924463,0.7799091935157776,276236000,0.0,0.0
2008-01-02 00:00:00-05:00,0.7822016662377475,0.7851819214513741,0.7464386583317336,0.7567549347877502,483964000,0.0,0.0
2008-01-03 00:00:00-05:00,0.7611107531637258,0.776241264942415,0.7480435078978163,0.750794529914856,475308000,0.0,0.0
2008-01-04 00:00:00-05:00,0.7283278725185482,0.7319958830342443,0.6831655784463919,0.6877505779266357,736092000,0.0,0.0
2008-01-07 00:00:00-05:00,0.6923356162132213,0.6980668932135244,0.6040742892851039,0.6166830658912659,1006800000,0.0,0.0
2008-01-08 00:00:00-05:00,0.6201218487308209,0.67147389451274,0.6056790926868453,0.6297503709793091,1106956000,0.0,0.0
2008-01-09 00:00:00-05:00,0.6382324728476753,0.6625330339646748,0.6288332409746623,0.6623037457466125,741036000,0.0,0.0
2008-01-10 00:00:00-05:00,0.6441931936634974,0.6588652394946979,0.6357109479121892,0.64854896068573,554432000,0.0,0.0
2008-01-11 00:00:00-05:00,0.6331890752622574,0.6464855523947893,0.615536777404015,0.6201217770576477,572612000,0.0,0.0
2008-01-14 00:00:00-05:00,0.6292918510582426,0.662303896208744,0.6192048615544843,0.6613869071006775,539188000,0.0,0.0
2008-01-15 00:00:00-05:00,0.6361695221473189,0.6437347793205781,0.6020111933828863,0.6127859950065613,725692000,0.0,0.0
2008-01-16 00:00:00-05:00,0.5742716342386577,0.5813783654942578,0.530943327493972,0.5435521006584167,1464472000,0.0,0.0
2008-01-17 00:00:00-05:00,0.5520344555693258,0.5667064428001447,0.5327774142552775,0.5341529250144958,1133900000,0.0,0.0
2008-01-18 00:00:00-05:00,0.535757732059844,0.5724377864166615,0.5162715095483429,0.5694575309753418,920428000,0.0,0.0
2008-01-22 00:00:00-05:00,0.5151253258065098,0.5543271208667887,0.5119158361812877,0.5410305857658386,709092000,0.0,0.0
2008-01-23 00:00:00-05:00,0.5190224790086585,0.5671650334827499,0.5139790118223806,0.5508882999420166,929880000,0.0,0.0
2008-01-24 00:00:00-05:00,0.561663025287121,0.593299556882549,0.5563902700212163,0.5930702686309814,597092000,0.0,0.0
2008-01-25 00:00:00-05:00,0.6157661283556393,0.6295211287173257,0.5692283170086695,0.571979284286499,688012000,0.0,0.0
2008-01-28 00:00:00-05:00,0.5699160307789253,0.575647253181389,0.5529514878485124,0.5651017427444458,577608000,0.0,0.0
2008-01-29 00:00:00-05:00,0.5751888093000834,0.5848173311016148,0.5602875320664648,0.5825247764587402,414484000,0.0,0.0
2008-01-30 00:00:00-05:00,0.5731255037645338,0.5861927473227027,0.5609752492063664,0.5774812698364258,530476000,0.0,0.0
2008-01-31 00:00:00-05:00,0.5648725286185983,0.5742718167619624,0.5463032405892764,0.5637263059616089,588708000,0.0,0.0
2008-02-01 00:00:00-05:00,0.5625800863284474,0.6189756569983381,0.5577658522919694,0.615766167640686,593104000,0.0,0.0
2008-02-04 00:00:00-05:00,0.6290625596804137,0.6325013368417809,0.5932995504897378,0.5965090394020081,565128000,0.0,0.0
2008-02-05 00:00:00-05:00,0.5845879428006304,0.5848172310201857,0.5589119254955636,0.5591411590576172,494928000,0.0,0.0
2008-02-06 00:00:00-05:00,0.565101913215375,0.5806909499814455,0.5469911422041044,0.5573074221611023,557380000,0.0,0.0
2008-02-07 00:00:00-05:00,0.5412596840511025,0.5786274328804079,0.529567897867285,0.56280916929245,664128000,0.0,0.0
2008-02-08 00:00:00-05:00,0.5575366768753786,0.5772521935742103,0.5502007075239131,0.5728964805603027,393932000,0.0,0.0
2008-02-11 00:00:00-05:00,0.5777104725406446,0.5871097595963698,0.5708329734220065,0.5747302174568176,503732000,0.0,0.0
2008-02-12 00:00:00-05:00,0.5834416624777855,0.6043033903085291,0.5802321196397897,0.5960503816604614,609688000,0.0,0.0
2008-02-13 00:00:00-05:00,0.6006354793040118,0.6212680316506799,0.5942165018859411,0.6194339990615845,742312000,0.0,0.0
2008-02-14 00:00:00-05:00,0.6013231187748311,0.6017816404980914,0.5169591116920531,0.5183345675468445,2184296000,0.0,0.0
2008-02-15 00:00:00-05:00,0.5162715244102595,0.5302557583009312,0.5022872358620752,0.510540246963501,817364000,0.0,0.0
2008-02-19 00:00:00-05:00,0.5199394763023785,0.5208565200394071,0.4986192205804354,0.5029749870300293,558608000,0.0,0.0
2008-02-20 00:00:00-05:00,0.48830314423726745,0.506643149958188,0.4862398771964054,0.49930712580680847,759016000,0.0,0.0
2008-02-21 00:00:00-05:00,0.5043504949861816,0.506872228604271,0.4850934511430084,0.4880737066268921,644272000,0.0,0.0
2008-02-22 00:00:00-05:00,0.4919709959874069,0.512603552649406,0.4883030393570678,0.5116865634918213,723052000,0.0,0.0
2008-02-25 00:00:00-05:00,0.5112279712252574,0.5171884819155035,0.49793143896893793,0.5114572048187256,671784000,0.0,0.0
2008-02-26 00:00:00-05:00,0.5084772061982473,0.5236077241565655,0.5006827135098825,0.5158132314682007,565420000,0.0,0.0
2008-02-27 00:00:00-05:00,0.5132911633260919,0.5279631496794175,0.5100816201940352,0.5238366723060608,537816000,0.0,0.0
2008-02-28 00:00:00-05:00,0.5192517493585598,0.520168738391936,0.5041211843490601,0.5041211843490601,503608000,0.0,0.0
2008-02-29 00:00:00-05:00,0.49586817397880456,0.5025163847343961,0.4883029196329561,0.490366131067276,540576000,0.0,0.0
2008-03-03 00:00:00-05:00,0.4896785230415692,0.49311730089596045,0.47821602128946467,0.48463505506515503,449028000,0.0,0.0
2008-03-04 00:00:00-05:00,0.48142547295523413,0.48234251674923717,0.4610222050451867,0.47982072830200195,778888000,0.0,0.0
2008-03-05 00:00:00-05:00,0.4844054916925677,0.4967850302809406,0.4793620265801646,0.4853225350379944,644656000,0.0,0.0
2008-03-06 00:00:00-05:00,0.47936214006619093,0.48257162856254476,0.4541445899041212,0.4548323452472687,1075284000,0.0,0.0
2008-03-07 00:00:00-05:00,0.4465793906043985,0.46583643326131696,0.43557538574955523,0.44818416237831116,767500000,0.0,0.0
2008-03-10 00:00:00-04:00,0.4426821550858872,0.44818417128705174,0.4218203948978867,0.4225081503391266,776100000,0.0,0.0
2008-03-11 00:00:00-04:00,0.4355753374331266,0.44084809202126773,0.4181523294015518,0.43649235367774963,857940000,0.0,0.0
2008-03-12 00:00:00-04:00,0.44061895281708446,0.44451619753727806,0.4209034136161617,0.4245714247226715,743320000,0.0,0.0
2008-03-13 00:00:00-04:00,0.4179231342643192,0.458041938556662,0.41540140068452586,0.45162293314933777,1220528000,0.0,0.0
2008-03-14 00:00:00-04:00,0.4539154614315544,0.4543739559902186,0.4167769102621283,0.41998642683029175,1154972000,0.0,0.0
2008-03-17 00:00:00-04:00,0.40164638824294485,0.4236544271117576,0.3968321271783211,0.40944090485572815,800952000,0.0,0.0
2008-03-18 00:00:00-04:00,0.4190693240435756,0.43557534338481635,0.40714833133059736,0.4348875880241394,1075256000,0.0,0.0
2008-03-19 00:00:00-04:00,0.4248007107584311,0.430761194997654,0.4048559367656708,0.4048559367656708,880476000,0.0,0.0
2008-03-20 00:00:00-04:00,0.4096701466829483,0.4254884138349205,0.4023341517986856,0.4245714247226715,633460000,0.0,0.0
2008-03-24 00:00:00-04:00,0.43397075023139836,0.4617100165854817,0.43236600538344766,0.4591882824897766,887440000,0.0,0.0
2008-03-25 00:00:00-04:00,0.4612513767703816,0.4745478525333985,0.456895611150815,0.46583637595176697,735388000,0.0,0.0
2008-03-26 00:00:00-04:00,0.4596467178111755,0.46285620690217316,0.4458916903859909,0.4509351849555969,721652000,0.0,0.0
2008-03-27 00:00:00-04:00,0.4440576278625923,0.4566663763312328,0.4371801013691269,0.444516122341156,601308000,0.0,0.0
2008-03-28 00:00:00-04:00,0.45253984817997417,0.4628561237272234,0.4479548489717527,0.4511643648147583,561788000,0.0,0.0
2008-03-31 00:00:00-04:00,0.4559785878788993,0.46446085809653237,0.44795483943532777,0.45368608832359314,569992000,0.0,0.0
2008-04-01 00:00:00-04:00,0.46721214076604517,0.48257189091248803,0.4605638719396263,0.48142561316490173,676872000,0.0,0.0
2008-04-02 00:00:00-04:00,0.4828009840091185,0.4828009840091185,0.46308547161498276,0.4667534828186035,616536000,0.0,0.0
2008-04-03 00:00:00-04:00,0.4628561367904958,0.46354389215688985,0.4445161121112451,0.45804187655448914,841984000,0.0,0.0
2008-04-04 00:00:00-04:00,0.4488718880842638,0.45116441527352447,0.42938563926995726,0.43053188920021057,1535528000,0.0,0.0
2008-04-07 00:00:00-04:00,0.4410773730101119,0.44749637769991857,0.4374093625220074,0.44084811210632324,729496000,0.0,0.0
2008-04-08 00:00:00-04:00,0.43557542377810887,0.4525399407146577,0.43557542377810887,0.4383264183998108,639476000,0.0,0.0
2008-04-09 00:00:00-04:00,0.44336992434189176,0.4516229352364131,0.4392434188946311,0.447037935256958,675232000,0.0,0.0
2008-04-10 00:00:00-04:00,0.45185212107587364,0.470192173712601,0.44222362760253264,0.45574939250946045,1092184000,0.0,0.0
2008-04-11 00:00:00-04:00,0.4470378732613082,0.4497888674017196,0.4220495831126697,0.4248006045818329,1106280000,0.0,0.0
2008-04-14 00:00:00-04:00,0.4231958509046525,0.4241128672095329,0.408065341497279,0.4105871021747589,780004000,0.0,0.0
2008-04-15 00:00:00-04:00,0.4126502588880647,0.417006023979439,0.4037095225000424,0.41540127992630005,439916000,0.0,0.0
2008-04-16 00:00:00-04:00,0.43121965747205304,0.43740940181409005,0.4236544022412279,0.43190738558769226,646836000,0.0,0.0
2008-04-17 00:00:00-04:00,0.4119626311672028,0.427551635751324,0.41173337024866624,0.4259468913078308,596968000,0.0,0.0
2008-04-18 00:00:00-04:00,0.43901425003686095,0.44291152269976164,0.43007350913331993,0.4360339939594269,573540000,0.0,0.0
2008-04-21 00:00:00-04:00,0.4325951271637377,0.45850040832331623,0.4325951271637377,0.4555201530456543,679892000,0.0,0.0
2008-04-22 00:00:00-04:00,0.44726716885867746,0.4520814297686075,0.43740941343709794,0.447037935256958,587668000,0.0,0.0
2008-04-23 00:00:00-04:00,0.4532276837314773,0.47363095021593615,0.44726717277449923,0.4685874283313751,1020496000,0.0,0.0
2008-04-24 00:00:00-04:00,0.4713383874913186,0.4736308871960841,0.4504766292464519,0.4573541283607483,655764000,0.0,0.0
2008-04-25 00:00:00-04:00,0.4617099273993055,0.4630854383339976,0.44726717190006127,0.4619392156600952,552208000,0.0,0.0
2008-04-28 00:00:00-04:00,0.45987585898592004,0.4667533576518385,0.45185208321359815,0.45368608832359314,535700000,0.0,0.0
2008-04-29 00:00:00-04:00,0.4486427737620302,0.46881681069203124,0.4486427737620302,0.4630855321884155,573408000,0.0,0.0
2008-04-30 00:00:00-04:00,0.4685873935586318,0.4761526484953182,0.4653779047145849,0.47110918164253235,1068320000,0.0,0.0
2008-05-01 00:00:00-04:00,0.4768405638783006,0.49403434577261984,0.4745480632695598,0.49288812279701233,1014624000,0.0,0.0
2008-05-02 00:00:00-04:00,0.5064137757762277,0.5162715315818787,0.4988485200496232,0.5162715315818787,1131016000,0.0,0.0
2008-05-05 00:00:00-04:00,0.512832698871615,0.5151251987036213,0.5022871887128848,0.5034334659576416,943392000,0.0,0.0
2008-05-06 00:00:00-04:00,0.502058072856209,0.5176470535063606,0.49426352787361294,0.5165008306503296,729036000,0.0,0.0
2008-05-07 00:00:00-04:00,0.5178763167816094,0.5247538175580595,0.5002240155969548,0.5045797824859619,715632000,0.0,0.0
2008-05-08 00:00:00-04:00,0.5084769218551276,0.5100816662372597,0.48165467986340876,0.5032041668891907,1360000000,0.0,0.0
2008-05-09 00:00:00-04:00,0.5045798068654934,0.5371333339765704,0.5036628176491645,0.5165008306503296,2030352000,0.0,0.0
2008-05-12 00:00:00-04:00,0.5231489792163466,0.5231489792163466,0.49678520362943585,0.501828670501709,1006652000,0.0,0.0
2008-05-13 00:00:00-04:00,0.504350518816441,0.504350518816441,0.4878444960731105,0.4915125072002411,854108000,0.0,0.0
2008-05-14 00:00:00-04:00,0.4977023258823605,0.5190225856473565,0.4915125800999452,0.5059553384780884,751148000,0.0,0.0
2008-05-15 00:00:00-04:00,0.5048088952362867,0.5474494554288636,0.5025163955264172,0.5451569557189941,1165464000,0.0,0.0
2008-05-16 00:00:00-04:00,0.5543271200313811,0.5607461539296723,0.5417183405344838,0.5595998764038086,1091556000,0.0,0.0
2008-05-19 00:00:00-04:00,0.5598292180728622,0.5802324919156556,0.5440109459032225,0.5479082465171814,1158532000,0.0,0.0
2008-05-20 00:00:00-04:00,0.5330066907224543,0.5391964343448143,0.5275047024645235,0.5336944460868835,771404000,0.0,0.0
2008-05-21 00:00:00-04:00,0.5350701750970451,0.5557026804744215,0.5281926186470607,0.5293388962745667,1066660000,0.0,0.0
2008-05-22 00:00:00-04:00,0.5369040274845365,0.5465325495932993,0.5284217827337869,0.5421767830848694,693108000,0.0,0.0
2008-05-23 00:00:00-04:00,0.5412598772580903,0.545615644436593,0.5220028300781423,0.529797375202179,802672000,0.0,0.0
2008-05-27 00:00:00-04:00,0.5307142476002328,0.5362162364443221,0.5206272042856417,0.5355284810066223,832856000,0.0,0.0
2008-05-28 00:00:00-04:00,0.5502003268325064,0.5515757825571588,0.5343820667528533,0.5405718088150024,751736000,0.0,0.0
2008-05-29 00:00:00-04:00,0.5408012357086235,0.5417182247387897,0.5293387361877716,0.5391964912414551,693460000,0.0,0.0
2008-05-30 00:00:00-04:00,0.5545561540024518,0.5680819178554994,0.5529514097700564,0.5662479400634766,830244000,0.0,0.0
2008-06-02 00:00:00-04:00,0.5662481323773847,0.5728963997820347,0.560058386905218,0.568540632724762,734660000,0.0,0.0
2008-06-03 00:00:00-04:00,0.5703745264119442,0.5712915701406863,0.5426352927265289,0.549283504486084,840696000,0.0,0.0
2008-06-04 00:00:00-04:00,0.5371330473374937,0.5568485509262996,0.5341527929816864,0.5557023286819458,831724000,0.0,0.0
2008-06-05 00:00:00-04:00,0.5749595860722566,0.5811493859245973,0.5632678512217587,0.5696868300437927,827860000,0.0,0.0
2008-06-06 00:00:00-04:00,0.5628093458645775,0.5634971014239565,0.5483665884326573,0.5515760779380798,784876000,0.0,0.0
2008-06-09 00:00:00-04:00,0.5483661953205046,0.5559314463927854,0.5320894711703598,0.5430934429168701,637916000,0.0,0.0
2008-06-10 00:00:00-04:00,0.5284217357170958,0.5291094911392077,0.5075599487805539,0.5109987258911133,1225208000,0.0,0.0
2008-06-11 00:00:00-04:00,0.5109989192141631,0.5233784121806179,0.4864691122986508,0.48715686798095703,999428000,0.0,0.0
2008-06-12 00:00:00-04:00,0.49816090996954854,0.507789380317513,0.4860105958807534,0.49013713002204895,825992000,0.0,0.0
2008-06-13 00:00:00-04:00,0.49082474525130676,0.49655596815294395,0.4740894891128051,0.48853224515914917,705748000,0.0,0.0
2008-06-16 00:00:00-04:00,0.4832594240792214,0.4878444236430228,0.4779866691150991,0.4818839132785797,630496000,0.0,0.0
2008-06-17 00:00:00-04:00,0.48876130242510557,0.4889905359543594,0.4690457978144391,0.4701920747756958,687912000,0.0,0.0
2008-06-18 00:00:00-04:00,0.46537784825951706,0.48142534519053465,0.44887182955318433,0.4564371109008789,1065272000,0.0,0.0
2008-06-19 00:00:00-04:00,0.4589589217410231,0.46537789935519464,0.4442868792100476,0.45529088377952576,784928000,0.0,0.0
2008-06-20 00:00:00-04:00,0.4452039988981346,0.45804201176465853,0.44497473793207676,0.45299848914146423,741008000,0.0,0.0
2008-06-23 00:00:00-04:00,0.45643726420764286,0.4568957588082053,0.43970197899265573,0.44359922409057617,776616000,0.0,0.0
2008-06-24 00:00:00-04:00,0.4410774256494151,0.46881671386695994,0.4410774256494151,0.45827117562294006,1078928000,0.0,0.0
2008-06-25 00:00:00-04:00,0.46537801914783955,0.4688167970816814,0.4534570225159764,0.46079301834106445,900976000,0.0,0.0
2008-06-26 00:00:00-04:00,0.44703785300575444,0.45047660235764475,0.4371800720691681,0.4371800720691681,845532000,0.0,0.0
2008-06-27 00:00:00-04:00,0.439014143478262,0.4445161596693146,0.42892715478779764,0.44199439883232117,584140000,0.0,0.0
2008-06-30 00:00:00-04:00,0.4369509393419428,0.44084818404101017,0.42617616702326205,0.42915642261505127,653940000,0.0,0.0
2008-07-01 00:00:00-04:00,0.4241129206637595,0.43030266535464345,0.4163184040692613,0.4298441708087921,881464000,0.0,0.0
2008-07-02 00:00:00-04:00,0.42778093792492583,0.4305319325688984,0.4126503990611847,0.41333815455436707,763196000,0.0,0.0
2008-07-03 00:00:00-04:00,0.297566922161543,0.3010056738188015,0.2842704102877231,0.2863336503505707,2987520000,0.0,0.0
2008-07-07 00:00:00-04:00,0.29068915543609997,0.29252316012382296,0.26959814252040143,0.2773926556110382,2202692000,0.0,0.0
2008-07-08 00:00:00-04:00,0.27922681676593464,0.2861043177022053,0.27051528278548054,0.2757880389690399,1805288000,0.0,0.0
2008-07-09 00:00:00-04:00,0.2764757913674623,0.2806022973477981,0.270973801612854,0.270973801612854,1413168000,0.0,0.0
2008-07-10 00:00:00-04:00,0.27234914265196936,0.2755586577673856,0.2652423845588106,0.2702859044075012,1056992000,0.0,0.0
2008-07-11 00:00:00-04:00,0.26478397934907033,0.274183239690963,0.25951122421407574,0.267535001039505,807760000,0.0,0.0
2008-07-14 00:00:00-04:00,0.2695982026103114,0.27166144126340364,0.25355067851251006,0.2553846836090088,882316000,0.0,0.0
2008-07-15 00:00:00-04:00,0.2530922437540319,0.2634085214384974,0.24529775441677673,0.25813576579093933,1122484000,0.0,0.0
2008-07-16 00:00:00-04:00,0.2590527081065217,0.2663887015688494,0.2519459482134454,0.25951120257377625,1034392000,0.0,0.0
2008-07-17 00:00:00-04:00,0.26363779915673474,0.26363779915673474,0.25034129100795877,0.2604283094406128,862080000,0.0,0.0
2008-07-18 00:00:00-04:00,0.2585942715649794,0.2666180221899034,0.25125824913061406,0.26501327753067017,899720000,0.0,0.0
2008-07-21 00:00:00-04:00,0.26913977442655734,0.27303701913559164,0.26432551327914294,0.266618013381958,571636000,0.0,0.0
2008-07-22 00:00:00-04:00,0.264096247722255,0.2652424977536317,0.2558432638935964,0.2608867585659027,555924000,0.0,0.0
2008-07-23 00:00:00-04:00,0.26272080553274146,0.2714323126114176,0.26157455532051466,0.2686813175678253,594876000,0.0,0.0
2008-07-24 00:00:00-04:00,0.26593035921100633,0.26845212121645556,0.25217535335313906,0.2528631091117859,705628000,0.0,0.0
2008-07-25 00:00:00-04:00,0.2553847549177551,0.2659302666705869,0.2501119990413392,0.26501327753067017,1039600000,0.0,0.0
2008-07-28 00:00:00-04:00,0.26157456400433127,0.27303706650713455,0.2604283137540509,0.2643255591392517,734808000,0.0,0.0
2008-07-29 00:00:00-04:00,0.2647839627943855,0.2737247280718004,0.2618037077019138,0.2670764625072479,764636000,0.0,0.0
2008-07-30 00:00:00-04:00,0.27234914978164737,0.2728076714735279,0.257218644496972,0.26317915320396423,588492000,0.0,0.0
2008-07-31 00:00:00-04:00,0.2624914885496606,0.26799350479161294,0.25951123316803076,0.2622622549533844,487236000,0.0,0.0
2008-08-01 00:00:00-04:00,0.2553845782400365,0.25630159407430997,0.24529759536420104,0.2485070824623108,881060000,0.0,0.0
2008-08-04 00:00:00-04:00,0.2485072179127441,0.24988272874951573,0.2418589519733531,0.2425467073917389,522052000,0.0,0.0
2008-08-05 00:00:00-04:00,0.24713170994182804,0.2565309703350067,0.24438071556513682,0.2565309703350067,685844000,0.0,0.0
2008-08-06 00:00:00-04:00,0.25721879822932103,0.2657010719962878,0.2489657854453174,0.2634085714817047,814864000,0.0,0.0
2008-08-07 00:00:00-04:00,0.26111599827917154,0.27280775858036566,0.25630173760720826,0.2592819929122925,819232000,0.0,0.0
2008-08-08 00:00:00-04:00,0.2613452106681664,0.26363771035859973,0.2512581956330086,0.2521752119064331,853764000,0.0,0.0
2008-08-11 00:00:00-04:00,0.2540092085726778,0.26363770148258014,0.2530921923301269,0.2574479579925537,1196436000,0.0,0.0
2008-08-12 00:00:00-04:00,0.25951125774333456,0.2601990132548023,0.25011199618704266,0.2537800073623657,1410868000,0.0,0.0
2008-08-13 00:00:00-04:00,0.27395407978901304,0.2851873211743023,0.26730581202059256,0.2810608148574829,2095260000,0.0,0.0
2008-08-14 00:00:00-04:00,0.2789974406290594,0.3092584541194755,0.2789974406290594,0.2980251908302307,1635304000,0.0,0.0
2008-08-15 00:00:00-04:00,0.30329815898089024,0.3067369377861595,0.29504514450577884,0.29710841178894043,777652000,0.0,0.0
2008-08-18 00:00:00-04:00,0.2991715445222089,0.3058198113913442,0.29596205522590746,0.3030688166618347,893968000,0.0,0.0
2008-08-19 00:00:00-04:00,0.29687907077022135,0.3094878501156178,0.29687907077022135,0.30765384435653687,1014140000,0.0,0.0
2008-08-20 00:00:00-04:00,0.3122387072491368,0.32370120402221536,0.30994620789452115,0.3227842152118683,1143692000,0.0,0.0
2008-08-21 00:00:00-04:00,0.31705298285928524,0.3195747432083918,0.3058197190563326,0.3122387230396271,1021560000,0.0,0.0
2008-08-22 00:00:00-04:00,0.31453121405481405,0.31819922404059137,0.30536121641911934,0.31200945377349854,459264000,0.0,0.0
2008-08-25 00:00:00-04:00,0.31017550711211944,0.31751150048817506,0.306507496759716,0.30742448568344116,471600000,0.0,0.0
2008-08-26 00:00:00-04:00,0.30902929077274816,0.3092585243641385,0.29687900858016647,0.3000885248184204,613112000,0.0,0.0
2008-08-27 00:00:00-04:00,0.293210980899599,0.30604898925723784,0.2904599595881406,0.3023809790611267,454620000,0.0,0.0
2008-08-28 00:00:00-04:00,0.3028394962729462,0.3060490122680439,0.29825449684745153,0.30123475193977356,365192000,0.0,0.0
2008-08-29 00:00:00-04:00,0.29710829675611294,0.2980252858633048,0.288855285476359,0.28977230191230774,516004000,0.0,0.0
2008-09-02 00:00:00-04:00,0.2945864442411478,0.29710820449598596,0.2785389485471739,0.28243619203567505,693928000,0.0,0.0
2008-09-03 00:00:00-04:00,0.27853896606037903,0.2796852158248765,0.26478394155765966,0.2673057019710541,714856000,0.0,0.0
2008-09-04 00:00:00-04:00,0.26432559646086184,0.2670765919842108,0.2620330956366102,0.26363784074783325,716128000,0.0,0.0
2008-09-05 00:00:00-04:00,0.2613452295647809,0.2682227291333597,0.261115995976414,0.267535001039505,791100000,0.0,0.0
2008-09-08 00:00:00-04:00,0.27005673595759927,0.27005673595759927,0.2521752315159751,0.2565309703350067,1314840000,0.0,0.0
2008-09-09 00:00:00-04:00,0.2556139229452032,0.2712029239581098,0.246902419967807,0.24781940877437592,1098296000,0.0,0.0
2008-09-10 00:00:00-04:00,0.2507997622806596,0.25584328469172263,0.24644402273884186,0.24804876744747162,644284000,0.0,0.0
2008-09-11 00:00:00-04:00,0.23383526354623316,0.2411712868183759,0.2283332597565066,0.23612776398658752,1066976000,0.0,0.0
2008-09-12 00:00:00-04:00,0.23406450526001832,0.2356692499704557,0.2203094900854463,0.2336060106754303,1209200000,0.0,0.0
2008-09-15 00:00:00-04:00,0.22535301820418735,0.22879178275014625,0.21045175071963668,0.21320275962352753,863984000,0.0,0.0
2008-09-16 00:00:00-04:00,0.20563742133914856,0.2214556855701889,0.2017401636742271,0.21985092759132385,1240840000,0.0,0.0
2008-09-17 00:00:00-04:00,0.21480748099886782,0.2342937475206739,0.21274422796344084,0.2292502522468567,1392580000,0.0,0.0
2008-09-18 00:00:00-04:00,0.23200128553400676,0.261803822159267,0.2315427908567366,0.24965356290340424,1611060000,0.0,0.0
2008-09-19 00:00:00-04:00,0.261574387550354,0.26363762567752586,0.24988263195306482,0.261574387550354,1107344000,0.0,0.0
2008-09-22 00:00:00-04:00,0.25951124141967297,0.26707649691243696,0.25469698047098066,0.2560724914073944,700072000,0.0,0.0
2008-09-23 00:00:00-04:00,0.2540092867412328,0.26340854897958,0.24781951401762106,0.24873653054237366,821468000,0.0,0.0
2008-09-24 00:00:00-04:00,0.24552709358763042,0.26295011261061696,0.24415160934609048,0.25790661573410034,866036000,0.0,0.0
2008-09-25 00:00:00-04:00,0.25790650837016577,0.2691397753080033,0.25355074176329756,0.26295000314712524,588328000,0.0,0.0
2008-09-26 00:00:00-04:00,0.25653109666182816,0.26982763524258413,0.2517168609640727,0.26799362897872925,646852000,0.0,0.0
2008-09-29 00:00:00-04:00,0.2608868049039758,0.26409629463038975,0.229250265624266,0.23154276609420776,975240000,0.0,0.0
2008-09-30 00:00:00-04:00,0.23521067703321905,0.2478194242173757,0.2326889166648879,0.24552692472934723,659044000,0.0,0.0
2008-10-01 00:00:00-04:00,0.24185891626437844,0.2462146817185508,0.23429366243660524,0.2386494278907776,557208000,0.0,0.0
2008-10-02 00:00:00-04:00,0.24025421037093414,0.24025421037093414,0.21274418461372768,0.2138904482126236,787728000,0.0,0.0
2008-10-03 00:00:00-04:00,0.21732924655550576,0.22351900578298342,0.20563748368061913,0.20701298117637634,915828000,0.0,0.0
2008-10-06 00:00:00-04:00,0.19715519174971083,0.1976136862850025,0.1675819116208164,0.1799614280462265,1677440000,0.0,0.0
2008-10-07 00:00:00-04:00,0.18638042991440665,0.1868389244408124,0.16460165295820256,0.16597715020179749,1059984000,0.0,0.0
2008-10-08 00:00:00-04:00,0.16001663165568605,0.17927364515046046,0.15841187369893364,0.1694158911705017,1219456000,0.0,0.0
2008-10-09 00:00:00-04:00,0.17560566100818487,0.1781274219363631,0.15680715283433733,0.15864114463329315,909636000,0.0,0.0
2008-10-10 00:00:00-04:00,0.14488611138123555,0.1680403669653069,0.14396910886013994,0.15611936151981354,1200252000,0.0,0.0
2008-10-13 00:00:00-04:00,0.16941584674908705,0.18477559860526246,0.1673525948681832,0.1845463514328003,916536000,0.0,0.0
2008-10-14 00:00:00-04:00,0.19142394313268704,0.19257019322547603,0.1753764281692623,0.1804199367761612,1209012000,0.0,0.0
2008-10-15 00:00:00-04:00,0.17927362234414687,0.18019062482215228,0.16093361377716064,0.16093361377716064,854064000,0.0,0.0
2008-10-16 00:00:00-04:00,0.1657478575105416,0.1774396150375741,0.15818260424768218,0.1765226125717163,1019820000,0.0,0.0
2008-10-17 00:00:00-04:00,0.17147914154993885,0.18546340020712457,0.1682696393390376,0.17537638545036316,839416000,0.0,0.0
2008-10-20 00:00:00-04:00,0.18133694726619365,0.18271244470294204,0.17445943275369266,0.17881518602371216,595764000,0.0,0.0
2008-10-21 00:00:00-04:00,0.1753764282874657,0.17721043390291577,0.16414317463768666,0.16506017744541168,659116000,0.0,0.0
2008-10-22 00:00:00-04:00,0.16276767389969835,0.16964518856090297,0.15451467543638456,0.15887042880058289,600996000,0.0,0.0
2008-10-23 00:00:00-04:00,0.1584119325510546,0.16230919161015722,0.1435106655966257,0.14992967247962952,832192000,0.0,0.0
2008-10-24 00:00:00-04:00,0.13755014640683763,0.1593289116170326,0.13686239089227084,0.15153440833091736,798336000,0.0,0.0
2008-10-27 00:00:00-04:00,0.15061738829143262,0.16918664841528105,0.14580312756932243,0.1597874015569687,698936000,0.0,0.0
2008-10-28 00:00:00-04:00,0.16826964453108748,0.18408789517945762,0.1652893894580699,0.18385864794254303,849920000,0.0,0.0
2008-10-29 00:00:00-04:00,0.18271242585124564,0.2017401953646206,0.18179542309990035,0.18981918692588806,977284000,0.0,0.0
2008-10-30 00:00:00-04:00,0.20059393388387398,0.20174018384148878,0.18569267077050416,0.19784292578697205,657176000,0.0,0.0
2008-10-31 00:00:00-04:00,0.19165317364112636,0.2047204308219838,0.19119466547821148,0.20082317292690277,608672000,0.0,0.0
2008-11-03 00:00:00-05:00,0.2051789433052543,0.2088469542725817,0.19027767949533714,0.19348718225955963,723924000,0.0,0.0
2008-11-04 00:00:00-05:00,0.20013544451487342,0.20586669445037842,0.19486268910845772,0.20586669445037842,619560000,0.0,0.0
2008-11-05 00:00:00-05:00,0.1983014053608672,0.20403265432212767,0.19509190320968628,0.19509190320968628,787620000,0.0,0.0
2008-11-06 00:00:00-05:00,0.18362946652162718,0.19050696808033696,0.17423020345988574,0.17468871176242828,797936000,0.0,0.0
2008-11-07 00:00:00-05:00,0.19898913804065607,0.2079299024132322,0.18569263558595916,0.1999061405658722,1132068000,0.0,0.0
2008-11-10 00:00:00-05:00,0.2074714791738197,0.20861774304744035,0.18271245552409668,0.18706820905208588,576396000,0.0,0.0
2008-11-11 00:00:00-05:00,0.18431720309946475,0.18569270053621315,0.17698119399617415,0.17881518602371216,576484000,0.0,0.0
2008-11-12 00:00:00-05:00,0.1733131124604149,0.177439616764755,0.1662063671934949,0.16826961934566498,646092000,0.0,0.0
2008-11-13 00:00:00-05:00,0.16047513034537425,0.18225390496489438,0.1572656280117543,0.18202465772628784,797228000,0.0,0.0
2008-11-14 00:00:00-05:00,0.17468869421802957,0.1756056834022574,0.1636846736991204,0.16437242925167084,741024000,0.0,0.0
2008-11-17 00:00:00-05:00,0.16276760506879745,0.16712335659104263,0.15932885602455765,0.16093361377716064,388224000,0.0,0.0
2008-11-18 00:00:00-05:00,0.16414317110283985,0.16506017389081712,0.15038815661193844,0.15566091239452362,564488000,0.0,0.0
2008-11-19 00:00:00-05:00,0.15428535922858647,0.1581826165966386,0.14213510635226945,0.14282286167144775,500220000,0.0,0.0
2008-11-20 00:00:00-05:00,0.14167665302066437,0.1487834151849197,0.13365290162884857,0.13525764644145966,847036000,0.0,0.0
2008-11-21 00:00:00-05:00,0.13961339437284623,0.14626164734363556,0.13181887769665893,0.14626164734363556,599064000,0.0,0.0
2008-11-24 00:00:00-05:00,0.15520238155031926,0.15772414226584897,0.14672012407814336,0.15589013695716858,600308000,0.0,0.0
2008-11-25 00:00:00-05:00,0.16276765766805418,0.16322616588741334,0.1556609100795825,0.16024591028690338,528256000,0.0,0.0
2008-11-26 00:00:00-05:00,0.15749486925097494,0.17491789101577843,0.1565778803314793,0.17445938289165497,600792000,0.0,0.0
2008-11-28 00:00:00-05:00,0.1717084492770034,0.17423019702248135,0.16895744055653436,0.17124994099140167,175248000,0.0,0.0
2008-12-01 00:00:00-05:00,0.16437240250011115,0.16597714697571775,0.15634863912894625,0.15657790005207062,547112000,0.0,0.0
2008-12-02 00:00:00-05:00,0.15955810989482308,0.16735262445136231,0.15749485764919502,0.16528937220573425,479988000,0.0,0.0
2008-12-03 00:00:00-05:00,0.15887041488266332,0.17400092668166592,0.15749490387229678,0.1737716794013977,584632000,0.0,0.0
2008-12-04 00:00:00-05:00,0.1703328891855488,0.17881514655810646,0.15841188214788368,0.16230913996696472,466292000,0.0,0.0
2008-12-05 00:00:00-05:00,0.1572656583307769,0.1694159282918704,0.1545146636083858,0.16872817277908325,438484000,0.0,0.0
2008-12-08 00:00:00-05:00,0.17193764713849993,0.17537639680181957,0.15932888470861808,0.1632261425256729,707992000,0.0,0.0
2008-12-09 00:00:00-05:00,0.16116290629911584,0.18546343097418813,0.15932890082738793,0.1790444254875183,829760000,0.0,0.0
2008-12-10 00:00:00-05:00,0.18248314182311923,0.20059390493721646,0.17950288689763477,0.19600890576839447,961124000,0.0,0.0
2008-12-11 00:00:00-05:00,0.1948626882642437,0.2017401881570539,0.18546342747923425,0.18775592744350433,582700000,0.0,0.0
2008-12-12 00:00:00-05:00,0.18225394251474888,0.19830145748912478,0.17858593128381786,0.1971552073955536,679268000,0.0,0.0
2008-12-15 00:00:00-05:00,0.19830141411069627,0.19944766395352534,0.1845464023323712,0.19073615968227386,476996000,0.0,0.0
2008-12-16 00:00:00-05:00,0.19257017644232188,0.20403269003559316,0.19073618465232559,0.20357419550418854,521940000,0.0,0.0
2008-12-17 00:00:00-05:00,0.19990619448901678,0.21664146434357698,0.1971551998356837,0.21366120874881744,674180000,0.0,0.0
2008-12-18 00:00:00-05:00,0.21228572119307,0.21297347672024794,0.1914239447339224,0.19394570589065552,550808000,0.0,0.0
2008-12-19 00:00:00-05:00,0.1964673924201943,0.2040326462141764,0.1946333873597214,0.19532114267349243,593120000,0.0,0.0
2008-12-22 00:00:00-05:00,0.19830141516942573,0.19875990964325488,0.17675190161193502,0.18385864794254303,522464000,0.0,0.0
2008-12-23 00:00:00-05:00,0.18500489128616943,0.18890214883418216,0.17858588689201643,0.1813368946313858,377452000,0.0,0.0
2008-12-24 00:00:00-05:00,0.17766892274161344,0.18202468935385135,0.17331316979375408,0.17698118090629578,146616000,0.0,0.0
2008-12-26 00:00:00-05:00,0.17698111347806916,0.17927361271779668,0.16735260847258954,0.1721668541431427,226156000,0.0,0.0
2008-12-29 00:00:00-05:00,0.17445936756597427,0.17766886949539185,0.16322611764519998,0.17766886949539185,460168000,0.0,0.0
2008-12-30 00:00:00-05:00,0.17996140392186716,0.18660965577864605,0.17583489899990068,0.18385864794254303,409860000,0.0,0.0
2008-12-31 00:00:00-05:00,0.18156619906043606,0.18958996391310345,0.17835669585224506,0.18500494956970215,441580000,0.0,0.0
2009-01-02 00:00:00-05:00,0.18500491507027825,0.20105242811871835,0.18431717329530195,0.19967693090438843,497124000,0.0,0.0
2009-01-05 00:00:00-05:00,0.19738444491716392,0.2079299561878561,0.19600894760579746,0.20334495604038239,705736000,0.0,0.0
2009-01-06 00:00:00-05:00,0.20930540562285257,0.21618291793528416,0.2047204065241483,0.21022240817546844,657904000,0.0,0.0
2009-01-07 00:00:00-05:00,0.20540812529509941,0.20540812529509941,0.19050685354776592,0.19761361181735992,870096000,0.0,0.0
2009-01-08 00:00:00-05:00,0.19509191046678936,0.19509191046678936,0.18064914341703994,0.19257014989852905,1014496000,0.0,0.0
2009-01-09 00:00:00-05:00,0.19257017639142018,0.19257017639142018,0.18133692373119825,0.1817954182624817,761352000,0.0,0.0
2009-01-12 00:00:00-05:00,0.18179538989824975,0.18271239248212107,0.1719376360342906,0.17445938289165497,645532000,0.0,0.0
2009-01-13 00:00:00-05:00,0.16849888656887863,0.18202465076638227,0.16528938435797738,0.17537638545036316,1824424000,0.0,0.0
2009-01-14 00:00:00-05:00,0.16918663034615053,0.17124988276893138,0.16506013916496465,0.16758188605308533,974908000,0.0,0.0
2009-01-15 00:00:00-05:00,0.1684989022864308,0.17629340447872507,0.16506015252492248,0.17354241013526917,998204000,0.0,0.0
2009-01-16 00:00:00-05:00,0.17835669766017043,0.18477570414161912,0.17262544675329836,0.18317095935344696,831324000,0.0,0.0
2009-01-20 00:00:00-05:00,0.182712379022705,0.18340013432603924,0.1639138615990658,0.16528937220573425,705788000,0.0,0.0
2009-01-21 00:00:00-05:00,0.16849889416786307,0.1744593907344151,0.16230913669675515,0.17331314086914062,648472000,0.0,0.0
2009-01-22 00:00:00-05:00,0.16781115432256513,0.17468866781545847,0.16391389622111302,0.17010365426540375,547656000,0.0,0.0
2009-01-23 00:00:00-05:00,0.1652894545751952,0.18202472809297288,0.16506020724796677,0.176751971244812,633616000,0.0,0.0
2009-01-26 00:00:00-05:00,0.17766894163950017,0.18798520691034765,0.17468869937403753,0.18271245062351227,581748000,0.0,0.0
2009-01-27 00:00:00-05:00,0.18569267945055584,0.1948626932044964,0.18500492397808746,0.19348718225955963,725300000,0.0,0.0
2009-01-28 00:00:00-05:00,0.20036468606738134,0.204720438627066,0.19394568085685895,0.2015109360218048,723752000,0.0,0.0
2009-01-29 00:00:00-05:00,0.1948626952260981,0.19715519527227227,0.18890218417454277,0.18981918692588806,413128000,0.0,0.0
2009-01-30 00:00:00-05:00,0.1884437005763931,0.19348719550516522,0.17996144171424863,0.18225394189357758,506760000,0.0,0.0
2009-02-02 00:00:00-05:00,0.17950290810277533,0.19417492357349905,0.17858590542780797,0.19211167097091675,577992000,0.0,0.0
2009-02-03 00:00:00-05:00,0.19257014981516385,0.19600891298272327,0.18729739511119878,0.19440415501594543,396948000,0.0,0.0
2009-02-04 00:00:00-05:00,0.19486264717374566,0.20976390746366444,0.19486264717374566,0.1999061405658722,779232000,0.0,0.0
2009-02-05 00:00:00-05:00,0.1946334386010361,0.2168707114044778,0.19257018578090346,0.21457821130752563,919192000,0.0,0.0
2009-02-06 00:00:00-05:00,0.2152659267189876,0.22764542767029258,0.2115979163153595,0.22626993060112,1157880000,0.0,0.0
2009-02-09 00:00:00-05:00,0.22535298108666058,0.22856248411371047,0.21709998306308878,0.22328972816467285,716128000,0.0,0.0
2009-02-10 00:00:00-05:00,0.22306047008719207,0.2260407256819516,0.20953470310443942,0.21366120874881744,1129664000,0.0,0.0
2009-02-11 00:00:00-05:00,0.1966966958927008,0.20380345728631427,0.1801906866207847,0.18683893978595734,1983400000,0.0,0.0
2009-02-12 00:00:00-05:00,0.18271239711809428,0.19188240952510296,0.18019065019674546,0.19073615968227386,1024020000,0.0,0.0
2009-02-13 00:00:00-05:00,0.1863804285185866,0.1927994338264606,0.18500491762091537,0.1905069202184677,764304000,0.0,0.0
2009-02-17 00:00:00-05:00,0.1834001470628976,0.18775589906964057,0.17881513416287165,0.17950288951396942,779576000,0.0,0.0
2009-02-18 00:00:00-05:00,0.17950292538383836,0.19027768393935005,0.17927367810912073,0.1843171864748001,646252000,0.0,0.0
2009-02-19 00:00:00-05:00,0.1879851729496734,0.18958993110828692,0.17010365426540375,0.17010365426540375,743988000,0.0,0.0
2009-02-20 00:00:00-05:00,0.16781113123905755,0.17721039064326888,0.1662063869655645,0.17445938289165497,770056000,0.0,0.0
2009-02-23 00:00:00-05:00,0.17743964835853174,0.1783566509965912,0.16528939414909075,0.16643564403057098,679548000,0.0,0.0
2009-02-24 00:00:00-05:00,0.16735263603443645,0.18156614186023937,0.16712337514120731,0.1813368946313858,659524000,0.0,0.0
2009-02-25 00:00:00-05:00,0.1808784082019811,0.18890217148914698,0.17468866395872357,0.18340016901493073,702360000,0.0,0.0
2009-02-26 00:00:00-05:00,0.18981921627703516,0.19577971458586543,0.18706820759761947,0.18936070799827576,1117556000,0.0,0.0
2009-02-27 00:00:00-05:00,0.18454643135393622,0.1941749397464946,0.18317093405910734,0.18981918692588806,755444000,0.0,0.0
2009-03-02 00:00:00-05:00,0.1852341937229731,0.18913143848066852,0.17308392389621446,0.1737716794013977,700064000,0.0,0.0
2009-03-03 00:00:00-05:00,0.17698116423613788,0.18752667469482787,0.17124990082872357,0.18064916133880615,1041372000,0.0,0.0
2009-03-04 00:00:00-05:00,0.1854634469344367,0.19944770911494195,0.18385868859248117,0.19394570589065552,1108668000,0.0,0.0
2009-03-05 00:00:00-05:00,0.19119471378455286,0.19898921787966026,0.18844371876951743,0.18936070799827576,955252000,0.0,0.0
2009-03-06 00:00:00-05:00,0.1893606406075857,0.19921840795230442,0.18683889379719276,0.1923408955335617,974756000,0.0,0.0
2009-03-09 00:00:00-04:00,0.19096545118670294,0.2054082216845329,0.1898192010781554,0.19027769565582275,682768000,0.0,0.0
2009-03-10 00:00:00-04:00,0.1971552091690487,0.21113947136791503,0.1953212035370855,0.20747146010398865,1254800000,0.0,0.0
2009-03-11 00:00:00-04:00,0.20747149448985028,0.2716615656034897,0.20403274360827273,0.21320275962352753,864916000,0.0,0.0
2009-03-12 00:00:00-04:00,0.2125149475655672,0.22810396655380213,0.20976395305635842,0.22581146657466888,1604604000,0.0,0.0
2009-03-13 00:00:00-04:00,0.222601986529206,0.22787474248366657,0.21893397525773128,0.22466523945331573,1195156000,0.0,0.0
2009-03-16 00:00:00-04:00,0.22695771158226424,0.2271869588422698,0.2141197010494243,0.21595369279384613,699344000,0.0,0.0
2009-03-17 00:00:00-04:00,0.21664142435888017,0.2271869338005281,0.2138904302132878,0.2267284393310547,1005384000,0.0,0.0
2009-03-18 00:00:00-04:00,0.2232896950992874,0.24048347145787385,0.22306044784509838,0.23383520543575287,1359560000,0.0,0.0
2009-03-19 00:00:00-04:00,0.23543995151374716,0.23543995151374716,0.22947946820595005,0.2310842126607895,822648000,0.0,0.0
2009-03-20 00:00:00-04:00,0.23452297471275876,0.23475223564486417,0.2125149500589819,0.21847546100616455,1093672000,0.0,0.0
2009-03-23 00:00:00-04:00,0.2253529613945984,0.2347522360306519,0.22030946683879316,0.23429371416568756,816048000,0.0,0.0
2009-03-24 00:00:00-04:00,0.22856248385047662,0.23062575043446717,0.223060480619639,0.22420673072338104,1114868000,0.0,0.0
2009-03-25 00:00:00-04:00,0.23108419863396937,0.23842019235990763,0.21916317808447291,0.22787469625473022,1243852000,0.0,0.0
2009-03-26 00:00:00-04:00,0.2315427603366012,0.2425467677844452,0.22902101261524788,0.24208827316761017,1333664000,0.0,0.0
2009-03-27 00:00:00-04:00,0.23956646858647612,0.24552697951689437,0.23612771858710152,0.2397957295179367,731892000,0.0,0.0
2009-03-30 00:00:00-04:00,0.2306257577067428,0.23360601353619953,0.22122648196379024,0.2244359850883484,780052000,0.0,0.0
2009-03-31 00:00:00-04:00,0.22787468138010988,0.23154267800364892,0.2244359183190962,0.22604067623615265,805272000,0.0,0.0
2009-04-01 00:00:00-04:00,0.22328966096452332,0.23383516968887452,0.21480740454121364,0.23177193105220795,887920000,0.0,0.0
2009-04-02 00:00:00-04:00,0.2404834684653353,0.24690247348901312,0.2370447187021601,0.2425467073917389,1002860000,0.0,0.0
2009-04-03 00:00:00-04:00,0.24277594955334783,0.2601989579390339,0.2386494446905536,0.25951120257377625,1003208000,0.0,0.0
2009-04-06 00:00:00-04:00,0.25515548633387825,0.2624914804342541,0.2517167365372564,0.2601989805698395,887288000,0.0,0.0
2009-04-07 00:00:00-04:00,0.255155465764899,0.2579064599146783,0.24965345013658843,0.2512581944465637,607804000,0.0,0.0
2009-04-08 00:00:00-04:00,0.2540091355361518,0.26226214270232573,0.25194587008023667,0.261574387550354,731652000,0.0,0.0
2009-04-09 00:00:00-04:00,0.26822279054232395,0.2769342974560865,0.2661595511308782,0.27601730823516846,904412000,0.0,0.0
2009-04-13 00:00:00-04:00,0.27257847821536924,0.27280773911815637,0.2611159796510569,0.2670764625072479,767628000,0.0,0.0
2009-04-14 00:00:00-04:00,0.2634085611258297,0.2751003242220478,0.2622623109136029,0.2686813175678253,711960000,0.0,0.0
2009-04-15 00:00:00-04:00,0.2592819038855842,0.26226215816737203,0.25011188019979663,0.2611159086227417,1045368000,0.0,0.0
2009-04-16 00:00:00-04:00,0.2659302351123632,0.27097375676965874,0.2558432464552813,0.26776424050331116,1038772000,0.0,0.0
2009-04-17 00:00:00-04:00,0.26776424023164036,0.2721200064468168,0.2613452350342124,0.26959824562072754,695764000,0.0,0.0
2009-04-20 00:00:00-04:00,0.2592820401303964,0.2615745404242961,0.2519460173269099,0.2533215284347534,590660000,0.0,0.0
2009-04-21 00:00:00-04:00,0.24988272631834352,0.2631792307390067,0.2462147156751421,0.2526337206363678,932184000,0.0,0.0
2009-04-22 00:00:00-04:00,0.25034122568710604,0.2707444908776481,0.24621472046540904,0.2601989805698395,916404000,0.0,0.0
2009-04-23 00:00:00-04:00,0.26272075782838644,0.26501325783657215,0.24804874137874444,0.2560724914073944,753952000,0.0,0.0
2009-04-24 00:00:00-04:00,0.2585941770713495,0.2638669310210335,0.2524044069880805,0.2620329260826111,759508000,0.0,0.0
2009-04-27 00:00:00-04:00,0.2585942310993817,0.26593022505703096,0.25102897622824977,0.2526337206363678,787024000,0.0,0.0
2009-04-28 00:00:00-04:00,0.24942428340087572,0.25859428457647465,0.24713175577821678,0.2533215284347534,634392000,0.0,0.0
2009-04-29 00:00:00-04:00,0.2544676522028516,0.2556139017805279,0.2464439051591174,0.24942415952682495,859668000,0.0,0.0
2009-04-30 00:00:00-04:00,0.2542383901434759,0.27051514500036167,0.2521751518449954,0.26317915320396423,1110276000,0.0,0.0
2009-05-01 00:00:00-04:00,0.2624914794928774,0.2737247451854752,0.26226224590451047,0.267535001039505,840548000,0.0,0.0
2009-05-04 00:00:00-04:00,0.27212007478795874,0.28404107181777266,0.2684520630885877,0.2819778323173523,927704000,0.0,0.0
2009-05-05 00:00:00-04:00,0.2757880492632932,0.27762205504717463,0.2647840418887652,0.2705152928829193,837076000,0.0,0.0
2009-05-06 00:00:00-04:00,0.2734955227255525,0.2760172838534603,0.25974052165425426,0.26501327753067017,935088000,0.0,0.0
2009-05-07 00:00:00-04:00,0.27097370664236675,0.27097370664236675,0.24254666933450877,0.24598541855812073,1289196000,0.0,0.0
2009-05-08 00:00:00-04:00,0.24071263749614702,0.24071263749614702,0.20884688183947214,0.21205638349056244,2930564000,0.0,0.0
2009-05-11 00:00:00-04:00,0.20861766339813365,0.22145567177163417,0.20678365829781212,0.2161829173564911,1038596000,0.0,0.0
2009-05-12 00:00:00-04:00,0.22099720521161376,0.22099720521161376,0.20174018903106372,0.20586669445037842,1201384000,0.0,0.0
2009-05-13 00:00:00-04:00,0.20449117004439404,0.20563741987928477,0.19096540559543237,0.19257014989852905,1305608000,0.0,0.0
2009-05-14 00:00:00-04:00,0.1923408878663177,0.19944764722736902,0.19096539090315046,0.19532114267349243,1017864000,0.0,0.0
2009-05-15 00:00:00-04:00,0.19669666844005612,0.2072421785854512,0.19440416861094884,0.20036467909812927,780308000,0.0,0.0
2009-05-18 00:00:00-04:00,0.20540824768880628,0.21389050776452284,0.20494973938871355,0.2125149965286255,938320000,0.0,0.0
2009-05-19 00:00:00-04:00,0.21389044663083703,0.2191631880920039,0.21045168318833415,0.21664144098758698,859768000,0.0,0.0
2009-05-20 00:00:00-04:00,0.22053871164874936,0.2349814670152497,0.21962170892217545,0.2230604588985443,1309436000,0.0,0.0
2009-05-21 00:00:00-04:00,0.2203094800566947,0.22466523306951916,0.21549521881577474,0.22168497741222382,965600000,0.0,0.0
2009-05-22 00:00:00-04:00,0.22168495362769736,0.2283332060745738,0.21755844833946308,0.22512370347976685,718260000,0.0,0.0
2009-05-26 00:00:00-04:00,0.2230604115201547,0.2391079216657369,0.22076791202283938,0.2372739166021347,865540000,0.0,0.0
2009-05-27 00:00:00-04:00,0.23612771065434648,0.2448392158258486,0.23383521073178037,0.23773245513439178,814152000,0.0,0.0
2009-05-28 00:00:00-04:00,0.24140045112991937,0.24300519551149927,0.2306257076207367,0.24094195663928986,995288000,0.0,0.0
2009-05-29 00:00:00-04:00,0.24117124778382326,0.2416297423319327,0.23085497014319936,0.23910798132419586,834232000,0.0,0.0
2009-06-01 00:00:00-04:00,0.241858921077253,0.252175196377687,0.24094193218904789,0.25079968571662903,1022764000,0.0,0.0
2009-06-02 00:00:00-04:00,0.25079976989773795,0.25630178705997514,0.2441515299048891,0.24873653054237366,907984000,0.0,0.0
2009-06-03 00:00:00-04:00,0.24552695620309126,0.2464439725131034,0.2349814462748468,0.24094195663928986,735688000,0.0,0.0
2009-06-04 00:00:00-04:00,0.24162981040050147,0.2501120575806744,0.24140054939748426,0.24965356290340424,673180000,0.0,0.0
2009-06-05 00:00:00-04:00,0.25423847285389634,0.25423847285389634,0.24529773421349751,0.2482779622077942,559992000,0.0,0.0
2009-06-08 00:00:00-04:00,0.2464440456993303,0.25034129102017166,0.24071276721381374,0.24690254032611847,473948000,0.0,0.0
2009-06-09 00:00:00-04:00,0.25034129100795877,0.2631793045299689,0.2485072851721343,0.2604283094406128,725032000,0.0,0.0
2009-06-10 00:00:00-04:00,0.26180378896570355,0.27028606239919073,0.2560725379045694,0.2686813175678253,833320000,0.0,0.0
2009-06-11 00:00:00-04:00,0.26936899260655145,0.2796852698069229,0.2636377426778758,0.26524248719215393,835156000,0.0,0.0
2009-06-12 00:00:00-04:00,0.261345348096913,0.26478409944083425,0.25538483483594293,0.2638671100139618,595000000,0.0,0.0
2009-06-15 00:00:00-04:00,0.2590527081065217,0.2624914576040583,0.25492620324372745,0.25951120257377625,445164000,0.0,0.0
2009-06-16 00:00:00-04:00,0.2595112727908677,0.2627207895875658,0.24873652691563367,0.25240451097488403,594912000,0.0,0.0
2009-06-17 00:00:00-04:00,0.2563018333923549,0.26111609586350487,0.24644407477399735,0.2585943341255188,799016000,0.0,0.0
2009-06-18 00:00:00-04:00,0.25767715283883524,0.26249141223478584,0.25079965503247553,0.25355064868927,566376000,0.0,0.0
2009-06-19 00:00:00-04:00,0.25607252950941184,0.26272079691962513,0.25286303995190185,0.25630179047584534,747564000,0.0,0.0
2009-06-22 00:00:00-04:00,0.2572187780044743,0.2572187780044743,0.24094201469925505,0.24185900390148163,574864000,0.0,0.0
2009-06-23 00:00:00-04:00,0.24415158516767835,0.24461007986945346,0.2313135422166157,0.24071280658245087,589764000,0.0,0.0
2009-06-24 00:00:00-04:00,0.24369300797813304,0.25446778133922937,0.24369300797813304,0.24873653054237366,515096000,0.0,0.0
2009-06-25 00:00:00-04:00,0.24644400135300445,0.26226226809649045,0.2439222403663055,0.2618037462234497,870444000,0.0,0.0
2009-06-26 00:00:00-04:00,0.26065748724921345,0.2661595035779952,0.2583649872777432,0.26524248719215393,513956000,0.0,0.0
2009-06-29 00:00:00-04:00,0.26593024264934606,0.2700567480637436,0.2624914926921407,0.26524248719215393,510056000,0.0,0.0
2009-06-30 00:00:00-04:00,0.2643254701257956,0.26799348062296907,0.2540092213473417,0.2588234543800354,589844000,0.0,0.0
2009-07-01 00:00:00-04:00,0.26042826297975924,0.26340851851519614,0.2556140019356877,0.2599697411060333,696420000,0.0,0.0
2009-07-02 00:00:00-04:00,0.25148747227943197,0.25469696111548706,0.2464439781104509,0.24988272786140442,552312000,0.0,0.0
2009-07-06 00:00:00-04:00,0.2496535214354462,0.24988278240038267,0.2377324978339427,0.24185900390148163,752456000,0.0,0.0
2009-07-07 00:00:00-04:00,0.24277602609586338,0.24415153726005037,0.23062576857474607,0.23131349682807922,1072996000,0.0,0.0
2009-07-08 00:00:00-04:00,0.232688919928782,0.2333766752505875,0.22260191930709278,0.23177193105220795,1205860000,0.0,0.0
2009-07-09 00:00:00-04:00,0.23566921750888228,0.24071271190216634,0.2349814620623538,0.2368154674768448,714564000,0.0,0.0
2009-07-10 00:00:00-04:00,0.23681546609686727,0.23933722694319187,0.2317719717329728,0.23773245513439178,520008000,0.0,0.0
2009-07-13 00:00:00-04:00,0.24254673174641694,0.24254673174641694,0.22810397582509984,0.24048349261283875,556012000,0.0,0.0
2009-07-14 00:00:00-04:00,0.2423174363776072,0.24644394092180838,0.23956641512897334,0.24552692472934723,452568000,0.0,0.0
2009-07-15 00:00:00-04:00,0.2544678217430567,0.26065756812070295,0.2521753210603163,0.2556140720844269,1022808000,0.0,0.0
2009-07-16 00:00:00-04:00,0.2583649866522517,0.26982751381060793,0.2569895030699528,0.2689104974269867,952076000,0.0,0.0
2009-07-17 00:00:00-04:00,0.26891045205567243,0.2776219559220912,0.26615945802647456,0.27670496702194214,850356000,0.0,0.0
2009-07-20 00:00:00-04:00,0.27899751759621794,0.28312402305863255,0.27532950666768147,0.28014376759529114,782756000,0.0,0.0
2009-07-21 00:00:00-04:00,0.2794560072208061,0.28060225719974274,0.26799350743143957,0.27441251277923584,941296000,0.0,0.0
2009-07-22 00:00:00-04:00,0.26891045084551607,0.28381172537150934,0.2670764457247207,0.2812899649143219,600908000,0.0,0.0
2009-07-23 00:00:00-04:00,0.2817484344021659,0.29894220697376495,0.2787681797609888,0.2980251908302307,1046120000,0.0,0.0
2009-07-24 00:00:00-04:00,0.28885539731382903,0.2980254012511673,0.2870213910606079,0.29710841178894043,650592000,0.0,0.0
2009-07-27 00:00:00-04:00,0.29435725419655806,0.30283949770817203,0.29160623266522173,0.2984837591648102,677484000,0.0,0.0
2009-07-28 00:00:00-04:00,0.29642047759613355,0.3021517266070166,0.2938987170998446,0.2989422380924225,563180000,0.0,0.0
2009-07-29 00:00:00-04:00,0.2955034743844826,0.2973374794449555,0.2900014592030639,0.29298171401023865,373972000,0.0,0.0
2009-07-30 00:00:00-04:00,0.2980253422375881,0.30192261500225115,0.29275258555195166,0.2952743470668793,468444000,0.0,0.0
2009-07-31 00:00:00-04:00,0.29527432401253684,0.3005470802864885,0.2883968229583632,0.2964205741882324,541560000,0.0,0.0
2009-08-03 00:00:00-04:00,0.3035272644524038,0.3078830304875597,0.29779601492884605,0.30444425344467163,471900000,0.0,0.0
2009-08-04 00:00:00-04:00,0.29917153546883574,0.3117803133109793,0.2987130409159185,0.30650755763053894,695380000,0.0,0.0
2009-08-05 00:00:00-04:00,0.30467342661932284,0.3094876857642349,0.3010054170490331,0.30719518661499023,610768000,0.0,0.0
2009-08-06 00:00:00-04:00,0.3083414362653079,0.3138434232933477,0.298942178819599,0.3007761836051941,957588000,0.0,0.0
2009-08-07 00:00:00-04:00,0.31705302145932995,0.3262230204579503,0.3099462613038981,0.3143020272254944,1401872000,0.0,0.0
2009-08-10 00:00:00-04:00,0.3165945514433937,0.321179551297059,0.30215176910984226,0.3039857745170593,693312000,0.0,0.0
2009-08-11 00:00:00-04:00,0.3019224542511128,0.3065074528707125,0.2952741898554448,0.2968789339065552,481884000,0.0,0.0
2009-08-12 00:00:00-04:00,0.29710831098660095,0.31109257317799505,0.29687905003444376,0.307883083820343,634940000,0.0,0.0
2009-08-13 00:00:00-04:00,0.31017549162728647,0.31819923995994354,0.3046734763733573,0.3170529901981354,564028000,0.0,0.0
2009-08-14 00:00:00-04:00,0.31659461218377144,0.3170531067913517,0.30352733823079475,0.30765384435653687,427148000,0.0,0.0
2009-08-17 00:00:00-04:00,0.29825446836842473,0.2991714572344635,0.29160620343902016,0.29481571912765503,465032000,0.0,0.0
2009-08-18 00:00:00-04:00,0.29481579523385865,0.3090293176279036,0.2945865342937908,0.30559054017066956,636200000,0.0,0.0
2009-08-19 00:00:00-04:00,0.3010055491243908,0.303985804791836,0.2980252934569456,0.30215179920196533,552996000,0.0,0.0
2009-08-20 00:00:00-04:00,0.3007762828401472,0.3154482986368925,0.30008852740254505,0.31407278776168823,819840000,0.0,0.0
2009-08-21 00:00:00-04:00,0.3165945395050964,0.31980402835013527,0.31017553448626495,0.31934553384780884,607324000,0.0,0.0
2009-08-24 00:00:00-04:00,0.31751153817999966,0.3209502880453105,0.30857077213293876,0.31040477752685547,461456000,0.0,0.0
2009-08-25 00:00:00-04:00,0.31200952281727407,0.3163652890553544,0.30673679487296024,0.31315580010414124,444088000,0.0,0.0
2009-08-26 00:00:00-04:00,0.3124680710616638,0.31751156583769585,0.311321821006713,0.316823810338974,434308000,0.0,0.0
2009-08-27 00:00:00-04:00,0.31819925418323625,0.32255499254130576,0.314760504744102,0.32117950916290283,551072000,0.0,0.0
2009-08-28 00:00:00-04:00,0.3298910685875303,0.34456308505478633,0.3294325740510939,0.33768558502197266,883992000,0.0,0.0
2009-08-31 00:00:00-04:00,0.333788277034825,0.3353930487318996,0.3285155221142654,0.33287128806114197,431796000,0.0,0.0
2009-09-01 00:00:00-04:00,0.33264214533976794,0.34204140863892757,0.31980413117439316,0.3216381371021271,736856000,0.0,0.0
2009-09-02 00:00:00-04:00,0.32209665795590836,0.3294326822636632,0.3202626518789697,0.3262231647968292,404656000,0.0,0.0
2009-09-03 00:00:00-04:00,0.32622305833603193,0.3344760693245566,0.3253060692611985,0.3340175747871399,534020000,0.0,0.0
2009-09-04 00:00:00-04:00,0.332642074034048,0.3486896019651724,0.332642074034048,0.3463971018791199,513048000,0.0,0.0
2009-09-08 00:00:00-04:00,0.3489186697589776,0.35602542757987976,0.3461676764288278,0.35602542757987976,549712000,0.0,0.0
2009-09-09 00:00:00-04:00,0.3553378391094812,0.3665711058596743,0.35029434441677004,0.36588335037231445,571684000,0.0,0.0
2009-09-10 00:00:00-04:00,0.36702955957626426,0.37803359149230914,0.3629030544399358,0.3775750696659088,607952000,0.0,0.0
2009-09-11 00:00:00-04:00,0.3766581794960047,0.3780336906785974,0.3713854230677472,0.37413641810417175,712732000,0.0,0.0
2009-09-14 00:00:00-04:00,0.3686342906839416,0.3716145455833221,0.3647370195615784,0.3679465353488922,490516000,0.0,0.0
2009-09-15 00:00:00-04:00,0.37138534948557145,0.38009685481554883,0.3679465995391663,0.37551185488700867,546136000,0.0,0.0
2009-09-16 00:00:00-04:00,0.3745949026749956,0.37528265824784546,0.3599229113217458,0.36542490124702454,707064000,0.0,0.0
2009-09-17 00:00:00-04:00,0.3645079378855228,0.3645079378855228,0.34318765025900827,0.34937742352485657,923096000,0.0,0.0
2009-09-18 00:00:00-04:00,0.3528160370130447,0.3553377702060334,0.34616777169607166,0.34891876578330994,604740000,0.0,0.0
2009-09-21 00:00:00-04:00,0.34479235810693604,0.35327463098088285,0.34181212961474816,0.34731411933898926,588776000,0.0,0.0
2009-09-22 00:00:00-04:00,0.3498358432189235,0.3518990823130313,0.34525084316201204,0.3480018377304077,361388000,0.0,0.0
2009-09-23 00:00:00-04:00,0.3500651388836177,0.3530453949146974,0.34204138736158207,0.34249988198280334,478936000,0.0,0.0
2009-09-24 00:00:00-04:00,0.3482311020426554,0.3482311020426554,0.3367685744604321,0.3379148244857788,552876000,0.0,0.0
2009-09-25 00:00:00-04:00,0.3360807021351804,0.3376854734757441,0.32989095961603093,0.3324127197265625,377556000,0.0,0.0
2009-09-28 00:00:00-04:00,0.33355906387207074,0.3484603132433807,0.33355906387207074,0.33997806906700134,467708000,0.0,0.0
2009-09-29 00:00:00-04:00,0.3420413773818858,0.3461678835100006,0.3331006095495103,0.33378836512565613,470928000,0.0,0.0
2009-09-30 00:00:00-04:00,0.34066582474769025,0.34868960238734553,0.33310056898880597,0.3445630967617035,875956000,0.0,0.0
2009-10-01 00:00:00-04:00,0.3434169616479319,0.3434169616479319,0.31980417003604983,0.3200334310531616,999960000,0.0,0.0
2009-10-02 00:00:00-04:00,0.316823773312048,0.32438902825632965,0.31498976797271394,0.31751152873039246,612476000,0.0,0.0
2009-10-05 00:00:00-04:00,0.3209502266463255,0.3220964763821472,0.31040471814526593,0.31590673327445984,754276000,0.0,0.0
2009-10-06 00:00:00-04:00,0.31980399845574864,0.32668149733401713,0.3175114988296591,0.32117950916290283,761272000,0.0,0.0
2009-10-07 00:00:00-04:00,0.31888704657480554,0.32232579641334264,0.3152190358155309,0.318657785654068,459608000,0.0,0.0
2009-10-08 00:00:00-04:00,0.32049179911109726,0.3214087881596497,0.30925853295817685,0.3207210600376129,1241524000,0.0,0.0
2009-10-09 00:00:00-04:00,0.3188870094402081,0.32530601385706437,0.3184285149808794,0.3248475193977356,618540000,0.0,0.0
2009-10-12 00:00:00-04:00,0.319345503996281,0.3273692526875942,0.3191162431021715,0.32117950916290283,499008000,0.0,0.0
2009-10-13 00:00:00-04:00,0.3230136876317859,0.32668167260421377,0.3170531744745374,0.3200334310531616,602124000,0.0,0.0
2009-10-14 00:00:00-04:00,0.33241281348706153,0.33241281348706153,0.317970031320731,0.3195748031139374,1101948000,0.0,0.0
2009-10-15 00:00:00-04:00,0.31911624595078564,0.32209650095705566,0.3081122421815778,0.31017550826072693,1092196000,0.0,0.0
2009-10-16 00:00:00-04:00,0.30627830595813615,0.30719532242047776,0.29756679987405815,0.3030688166618347,1018832000,0.0,0.0
2009-10-19 00:00:00-04:00,0.30559051624585293,0.3165945485899779,0.3030687827463179,0.31407278776168823,695588000,0.0,0.0
2009-10-20 00:00:00-04:00,0.319345521208985,0.32163802095864014,0.3117802665693727,0.3143020272254944,660180000,0.0,0.0
2009-10-21 00:00:00-04:00,0.3131558327980007,0.31797006672743244,0.305132054924766,0.3067368268966675,503956000,0.0,0.0
2009-10-22 00:00:00-04:00,0.30513200133701995,0.3104047562345615,0.2998592464394784,0.30880001187324524,379328000,0.0,0.0
2009-10-23 00:00:00-04:00,0.31292648915214727,0.31292648915214727,0.2996299862980588,0.3014639914035797,429528000,0.0,0.0
2009-10-26 00:00:00-04:00,0.30375669533078586,0.3083416975151531,0.2959621752201003,0.2975669205188751,481652000,0.0,0.0
2009-10-27 00:00:00-04:00,0.296191352343949,0.300547092253523,0.2844995891548131,0.28747981786727905,591836000,0.0,0.0
2009-10-28 00:00:00-04:00,0.2810606372194672,0.28747963995211623,0.27418314014778844,0.2755586504936218,773632000,0.0,0.0
2009-10-29 00:00:00-04:00,0.2799144240318245,0.2890844486461281,0.27739269117554516,0.28770893812179565,637100000,0.0,0.0
2009-10-30 00:00:00-04:00,0.286333560632043,0.2874798108253014,0.2728078192830982,0.2741833031177521,604144000,0.0,0.0
2009-11-02 00:00:00-05:00,0.27372471210333166,0.28266547685916305,0.26891045205567243,0.27670496702194214,593136000,0.0,0.0
2009-11-03 00:00:00-05:00,0.26776421616491464,0.2767049813848332,0.26501322199292127,0.27532947063446045,876472000,0.0,0.0
2009-11-04 00:00:00-05:00,0.2773927741142452,0.2803730295888781,0.27349550223962593,0.274641752243042,916840000,0.0,0.0
2009-11-05 00:00:00-05:00,0.27785121556111203,0.2840409589311397,0.27693419933633906,0.2812899649143219,955156000,0.0,0.0
2009-11-06 00:00:00-05:00,0.2989423844724724,0.30788315370463537,0.295274372377929,0.3016933798789978,1641112000,0.0,0.0
2009-11-09 00:00:00-05:00,0.30581980751710264,0.3129265688629988,0.3055905465722322,0.3085708022117615,818124000,0.0,0.0
2009-11-10 00:00:00-05:00,0.30971698680578863,0.30971698680578863,0.29710823873600883,0.301005482673645,781472000,0.0,0.0
2009-11-11 00:00:00-05:00,0.3060491284022769,0.31682387567505377,0.3055906064227336,0.30948787927627563,871512000,0.0,0.0
2009-11-12 00:00:00-05:00,0.31223881335714476,0.3175115691303492,0.3076538130897943,0.3085708022117615,505864000,0.0,0.0
2009-11-13 00:00:00-05:00,0.30834155263751345,0.31246805813031414,0.3069660416969946,0.31086328625679016,388524000,0.0,0.0
2009-11-16 00:00:00-05:00,0.3136142112295023,0.31888696510051,0.3120094398518606,0.3152189552783966,402820000,0.0,0.0
2009-11-17 00:00:00-05:00,0.3154483809795257,0.3154483809795257,0.30880011311895644,0.31476062536239624,350124000,0.0,0.0
2009-11-18 00:00:00-05:00,0.31178030408540075,0.31292655409815473,0.30467354307482364,0.30994629859924316,455516000,0.0,0.0
2009-11-19 00:00:00-05:00,0.30329817324933417,0.30329817324933417,0.2920649288291419,0.2975669205188751,833840000,0.0,0.0
2009-11-20 00:00:00-05:00,0.2906893305613666,0.2971083371711441,0.2900015749730403,0.2957328259944916,426748000,0.0,0.0
2009-11-23 00:00:00-05:00,0.3000884566566217,0.30559044420283477,0.29664970760805154,0.2980251908302307,390924000,0.0,0.0
2009-11-24 00:00:00-05:00,0.29664976962302336,0.2987130085519887,0.29137701451385734,0.2961912751197815,418504000,0.0,0.0
2009-11-25 00:00:00-05:00,0.2996300756931305,0.30375658157951396,0.29756680908555955,0.2996300756931305,441760000,0.0,0.0
2009-11-27 00:00:00-05:00,0.2888552764362777,0.2966497929184967,0.28725053188453603,0.29321104288101196,279932000,0.0,0.0
2009-11-30 00:00:00-05:00,0.29435728221836027,0.2996300375503666,0.29114776590251706,0.29940077662467957,509836000,0.0,0.0
2009-12-01 00:00:00-05:00,0.3010055342303532,0.30880005076943434,0.2994007896669047,0.3053613007068634,461936000,0.0,0.0
2009-12-02 00:00:00-05:00,0.3060491099184419,0.315219111695283,0.3042151040973215,0.3145313560962677,602292000,0.0,0.0
2009-12-03 00:00:00-05:00,0.31819923995994354,0.3239304887689843,0.3165944957591621,0.3170529901981354,660036000,0.0,0.0
2009-12-04 00:00:00-05:00,0.32301352001179806,0.3282862747103095,0.3179699988826774,0.32691076397895813,824564000,0.0,0.0
2009-12-07 00:00:00-05:00,0.36336159371757004,0.37711659328010977,0.3461678169356406,0.368863582611084,2732184000,0.0,0.0
2009-12-08 00:00:00-05:00,0.3629030946757913,0.36450786658861,0.34891883331019985,0.35098209977149963,1075512000,0.0,0.0
2009-12-09 00:00:00-05:00,0.3546500042441275,0.36244449121232375,0.35121122784198405,0.3596934974193573,671588000,0.0,0.0
2009-12-10 00:00:00-05:00,0.36221535008572087,0.36450785005288483,0.3521283338329464,0.3532745838165283,417012000,0.0,0.0
2009-12-11 00:00:00-05:00,0.3562549022236851,0.35671339683242637,0.3477726289825506,0.34868964552879333,416744000,0.0,0.0
2009-12-14 00:00:00-05:00,0.3537331794151603,0.36038144761677543,0.34983593382318623,0.3592351973056793,405488000,0.0,0.0
2009-12-15 00:00:00-05:00,0.3567134216994353,0.3647371735624157,0.35579643241802805,0.35877668857574463,446152000,0.0,0.0
2009-12-16 00:00:00-05:00,0.37161464142607065,0.39178864826099136,0.3695513748887874,0.3876621425151825,1683400000,0.0,0.0
2009-12-17 00:00:00-05:00,0.38880833300438394,0.40072935384943414,0.38009682828252156,0.38582807779312134,1016132000,0.0,0.0
2009-12-18 00:00:00-05:00,0.38903767818752555,0.39041316197076725,0.3810138998058655,0.38559892773628235,812828000,0.0,0.0
2009-12-21 00:00:00-05:00,0.387891362248732,0.4009586062814322,0.38743286773208113,0.39935386180877686,427792000,0.0,0.0
2009-12-22 00:00:00-05:00,0.39935384392648254,0.41402585910360823,0.39889534943036214,0.40989935398101807,793044000,0.0,0.0
2009-12-23 00:00:00-05:00,0.41379672214375257,0.4167769782543992,0.40852396553703346,0.4156307280063629,442196000,0.0,0.0
2009-12-24 00:00:00-05:00,0.4167767702176413,0.417464525488918,0.41310878765207887,0.4147135317325592,136812000,0.0,0.0
2009-12-28 00:00:00-05:00,0.4140258895399246,0.41769390043604115,0.40393887323998184,0.4080653786659241,465760000,0.0,0.0
2009-12-29 00:00:00-05:00,0.4066899681382064,0.41425522489007127,0.4057729515850577,0.4131089746952057,475848000,0.0,0.0
2009-12-30 00:00:00-05:00,0.4170060728286707,0.43053183675528106,0.41402581790729887,0.42801007628440857,704008000,0.0,0.0
2009-12-31 00:00:00-05:00,0.428927041203744,0.4344290286090621,0.4277807915502404,0.42823928594589233,700340000,0.0,0.0
2010-01-04 00:00:00-05:00,0.42434214125839825,0.4268639021763767,0.4151721413075756,0.4238836467266083,800204000,0.0,0.0
2010-01-05 00:00:00-05:00,0.4222789233294735,0.4346584402797401,0.4222789233294735,0.43007344007492065,728648000,0.0,0.0
2010-01-06 00:00:00-05:00,0.4298440884726133,0.4337413323589713,0.4257175836928661,0.43282434344291687,649168000,0.0,0.0
2010-01-07 00:00:00-05:00,0.4305319274934574,0.43236593301073745,0.42113266629787033,0.42434215545654297,547792000,0.0,0.0
2010-01-08 00:00:00-05:00,0.42090346538029505,0.42823948849552373,0.4183817313471005,0.42525923252105713,478168000,0.0,0.0
2010-01-11 00:00:00-05:00,0.4275516597624712,0.429385665227498,0.4133381379050804,0.4192986488342285,556612000,0.0,0.0
2010-01-12 00:00:00-05:00,0.4131088937453701,0.4147136382379757,0.3963736113851454,0.40508511662483215,627432000,0.0,0.0
2010-01-13 00:00:00-05:00,0.40783610791762365,0.41196261296770303,0.3920178431137781,0.4105871021747589,508868000,0.0,0.0
2010-01-14 00:00:00-05:00,0.40554358006031566,0.40852380769069363,0.39729057053176614,0.4041680693626404,608524000,0.0,0.0
2010-01-15 00:00:00-05:00,0.4011878768748465,0.40462662682575173,0.38697435521476753,0.39224711060523987,818192000,0.0,0.0
2010-01-19 00:00:00-05:00,0.3892668248938052,0.4021048346431149,0.38812057499935804,0.399583101272583,545328000,0.0,0.0
2010-01-20 00:00:00-05:00,0.39453961542806965,0.39958313728113826,0.389266859972706,0.39797836542129517,719728000,0.0,0.0
2010-01-21 00:00:00-05:00,0.3977491138942719,0.4048558744915045,0.38720360345878246,0.3908716142177582,608632000,0.0,0.0
2010-01-22 00:00:00-05:00,0.386286568417549,0.39339332867098287,0.37505333042083405,0.37734583020210266,1067916000,0.0,0.0
2010-01-25 00:00:00-05:00,0.383535631872409,0.3911008877550062,0.3807846371865802,0.3837648928165436,643676000,0.0,0.0
2010-01-26 00:00:00-05:00,0.38193079362322596,0.38445255407549306,0.37138528469579146,0.371614545583725,714636000,0.0,0.0
2010-01-27 00:00:00-05:00,0.3713853970742006,0.3830771593216406,0.3672588911440006,0.38170164823532104,812504000,0.0,0.0
2010-01-28 00:00:00-05:00,0.38468184850525755,0.38605735939301344,0.36359082731302617,0.368863582611084,687764000,0.0,0.0
2010-01-29 00:00:00-05:00,0.372990173970556,0.3771166802567898,0.3473141470023287,0.3528161644935608,774700000,0.0,0.0
2010-02-01 00:00:00-05:00,0.354191479387886,0.3805552493806693,0.3512112247514193,0.3798674941062927,949832000,0.0,0.0
2010-02-02 00:00:00-05:00,0.3784921370602633,0.3885791540133119,0.37734588699710486,0.3837648928165436,849812000,0.0,0.0
2010-02-03 00:00:00-05:00,0.3803261253856888,0.38857913639779745,0.3784921199020251,0.38697436451911926,562296000,0.0,0.0
2010-02-04 00:00:00-05:00,0.38353564074133706,0.38353564074133706,0.3603813779986115,0.36450788378715515,783480000,0.0,0.0
2010-02-05 00:00:00-05:00,0.36404926815891187,0.3727607714092575,0.3576302369968164,0.37184375524520874,604856000,0.0,0.0
2010-02-08 00:00:00-05:00,0.3706976614525864,0.38009692394712247,0.3638201603089045,0.37115615606307983,445160000,0.0,0.0
2010-02-09 00:00:00-05:00,0.3771166617583903,0.378950667498839,0.3645079098698503,0.3681758940219879,930144000,0.0,0.0
2010-02-10 00:00:00-05:00,0.3704683816201405,0.37872136556628544,0.3679466205837103,0.3752826154232025,535828000,0.0,0.0
2010-02-11 00:00:00-05:00,0.3812430844465134,0.3966028552502059,0.3784920901019914,0.392476350069046,695980000,0.0,0.0
2010-02-12 00:00:00-05:00,0.3897254052926631,0.4057729062269597,0.38536963864181395,0.3977491557598114,780212000,0.0,0.0
2010-02-16 00:00:00-05:00,0.4030218776098757,0.40668988844619275,0.3982076168033039,0.40508511662483215,457024000,0.0,0.0
2010-02-17 00:00:00-05:00,0.4101285564601914,0.41035779001121475,0.397290548425402,0.4089823067188263,876560000,0.0,0.0
2010-02-18 00:00:00-05:00,0.3865158360897289,0.3885791023262218,0.371614587250768,0.38216009736061096,1515508000,0.0,0.0
2010-02-19 00:00:00-05:00,0.3805552577892203,0.38468176219790906,0.3782627583764764,0.38009676337242126,510548000,0.0,0.0
2010-02-22 00:00:00-05:00,0.3817016796272186,0.3874329580723959,0.37826292895736885,0.38078469038009644,458084000,0.0,0.0
2010-02-23 00:00:00-05:00,0.38193079362322596,0.3835355378525094,0.36771727446135755,0.371614545583725,489764000,0.0,0.0
2010-02-24 00:00:00-05:00,0.37482401626744244,0.3830770252391705,0.37367776653963297,0.3794090151786804,445868000,0.0,0.0
2010-02-25 00:00:00-05:00,0.370697637418548,0.3768874099095584,0.3612983755334095,0.37597039341926575,576972000,0.0,0.0
2010-02-26 00:00:00-05:00,0.3741364203823845,0.37688744276432146,0.36909292489676815,0.3713854253292084,393396000,0.0,0.0
2010-03-01 00:00:00-05:00,0.37161451215565255,0.3881205020683304,0.3686342575243536,0.38628649711608887,555868000,0.0,0.0
2010-03-02 00:00:00-05:00,0.38972538784239047,0.3945396215098639,0.3833063822903366,0.38605737686157227,538648000,0.0,0.0
2010-03-03 00:00:00-05:00,0.38834993133098084,0.3904131707164418,0.37803367974615615,0.38124316930770874,399300000,0.0,0.0
2010-03-04 00:00:00-05:00,0.382847966440857,0.38582822277198103,0.3771167147766814,0.38193097710609436,557396000,0.0,0.0
2010-03-05 00:00:00-05:00,0.3791799383925528,0.39637369141800977,0.3791799383925528,0.3936226963996887,632832000,0.0,0.0
2010-03-08 00:00:00-05:00,0.3938519232451758,0.394998173347553,0.38628663977497646,0.38789141178131104,439312000,0.0,0.0
2010-03-09 00:00:00-05:00,0.3917886131477823,0.40623136829933376,0.3915593522212676,0.4023341238498688,830832000,0.0,0.0
2010-03-10 00:00:00-05:00,0.4011879317905975,0.4076069380433568,0.4009586708309864,0.40325117111206055,418520000,0.0,0.0
2010-03-11 00:00:00-05:00,0.4000416568172732,0.4014171678320358,0.3924764008935939,0.39408114552497864,540660000,0.0,0.0
2010-03-12 00:00:00-05:00,0.39843692747529275,0.3995831775886613,0.3933934051134642,0.3954566717147827,520352000,0.0,0.0
2010-03-15 00:00:00-04:00,0.39499816932121445,0.3988954141638195,0.3897254134382745,0.3933933973312378,358904000,0.0,0.0
2010-03-16 00:00:00-04:00,0.3931641301636248,0.40944089099415576,0.3929348692335447,0.4071483910083771,664988000,0.0,0.0
2010-03-17 00:00:00-04:00,0.4094409306408459,0.4204449371038668,0.4094409306408459,0.4149429202079773,651168000,0.0,0.0
2010-03-18 00:00:00-04:00,0.4156306851473583,0.4156306851473583,0.3966029275263083,0.400270938873291,740964000,0.0,0.0
2010-03-19 00:00:00-04:00,0.4062314173146958,0.4073776674280644,0.3904131493529542,0.3954566717147827,584612000,0.0,0.0
2010-03-22 00:00:00-04:00,0.3904130594934423,0.4034803296412197,0.3904130594934423,0.4018755853176117,435336000,0.0,0.0
2010-03-23 00:00:00-04:00,0.40485586811248087,0.41219186218609,0.4021048464222178,0.4101286232471466,493612000,0.0,0.0
2010-03-24 00:00:00-04:00,0.4066898153704147,0.4078360651347063,0.3956857848387152,0.39637354016304016,436252000,0.0,0.0
2010-03-25 00:00:00-04:00,0.4021048565185842,0.4046266173550591,0.3966028676574176,0.3975198566913605,495184000,0.0,0.0
2010-03-26 00:00:00-04:00,0.4009586065617783,0.40508511187203056,0.39431036774380573,0.3975198566913605,344676000,0.0,0.0
2010-03-29 00:00:00-04:00,0.400041661802747,0.403480412053751,0.39453964500388583,0.4025634229183197,394456000,0.0,0.0
2010-03-30 00:00:00-04:00,0.40714832432176945,0.40921156303953127,0.39729057053176614,0.4041680693626404,324104000,0.0,0.0
2010-03-31 00:00:00-04:00,0.40256342389159583,0.4043974294956503,0.39683214613064155,0.39889541268348694,389840000,0.0,0.0
2010-04-01 00:00:00-04:00,0.40072943515288717,0.4053144356916115,0.39064241757043816,0.39476892352104187,339664000,0.0,0.0
2010-04-05 00:00:00-04:00,0.3972906084525976,0.40141711361074145,0.39683208662377323,0.40072935819625854,413636000,0.0,0.0
2010-04-06 00:00:00-04:00,0.39568584759406517,0.3966028639481863,0.38399408721249007,0.3908716142177582,809260000,0.0,0.0
2010-04-07 00:00:00-04:00,0.3883499023979396,0.40004166425451265,0.3851403857467441,0.3933933973312378,817468000,0.0,0.0
2010-04-08 00:00:00-04:00,0.39087163642018813,0.39385189191504716,0.38491112543047007,0.38697436451911926,1037600000,0.0,0.0
2010-04-09 00:00:00-04:00,0.386057397403392,0.3908716586557846,0.3839941308686134,0.3894961476325989,817572000,0.0,0.0
2010-04-12 00:00:00-04:00,0.38995460286401373,0.3982076135131601,0.3892668474217924,0.3966028690338135,546460000,0.0,0.0
2010-04-13 00:00:00-04:00,0.3982076696584978,0.40623142051529515,0.39660292495289007,0.4048559367656708,648696000,0.0,0.0
2010-04-14 00:00:00-04:00,0.41356736460748783,0.4156306035044062,0.4034803490490727,0.40989935398101807,900720000,0.0,0.0
2010-04-15 00:00:00-04:00,0.4112749012812816,0.4154014067699235,0.4071483957926397,0.4128796458244324,957596000,0.0,0.0
2010-04-16 00:00:00-04:00,0.3961443753830661,0.39774911986592815,0.38238934849477146,0.39110085368156433,1917736000,0.0,0.0
2010-04-19 00:00:00-04:00,0.3881206877436962,0.39041318819853404,0.37619969084429156,0.3892669379711151,1094492000,0.0,0.0
2010-04-20 00:00:00-04:00,0.39201779597452696,0.39614430052840355,0.38559879192724666,0.39064228534698486,678188000,0.0,0.0
2010-04-21 00:00:00-04:00,0.39270567525675953,0.39316416983442687,0.37597039087745526,0.3805553913116455,895908000,0.0,0.0
2010-04-22 00:00:00-04:00,0.3743655815706716,0.38330634727130025,0.36909282651575015,0.38216009736061096,656932000,0.0,0.0
2010-04-23 00:00:00-04:00,0.38101379905954375,0.38193081533465667,0.3702390559604197,0.37688732147216797,752916000,0.0,0.0
2010-04-26 00:00:00-04:00,0.3773459019392157,0.3851403917458357,0.37665814640833545,0.3805553913116455,491092000,0.0,0.0
2010-04-27 00:00:00-04:00,0.37780434983945843,0.381701594261267,0.36863435010402407,0.36978060007095337,606704000,0.0,0.0
2010-04-28 00:00:00-04:00,0.36955124272619,0.3757410127956348,0.36290297825535056,0.37046825885772705,672164000,0.0,0.0
2010-04-29 00:00:00-04:00,0.3716146580315068,0.3821601701499334,0.36611264101498725,0.38170164823532104,987128000,0.0,0.0
2010-04-30 00:00:00-04:00,0.37711661226815096,0.3778043677466578,0.359922861949261,0.36015209555625916,1068048000,0.0,0.0
2010-05-03 00:00:00-04:00,0.3619861564455321,0.36404942319676453,0.35075288812107236,0.356254905462265,1078972000,0.0,0.0
2010-05-04 00:00:00-04:00,0.35075281342771997,0.3514405688650055,0.33310054229532726,0.33814406394958496,1311376000,0.0,0.0
2010-05-05 00:00:00-04:00,0.33126647009972937,0.34089496149937815,0.32828621560421395,0.3324127197265625,1330840000,0.0,0.0
2010-05-06 00:00:00-04:00,0.3301203246771668,0.33699782460908556,0.298942286725544,0.32553529739379883,1002888000,0.0,0.0
2010-05-07 00:00:00-04:00,0.3285156787548107,0.3285156787548107,0.30857089944412247,0.3200334310531616,1153712000,0.0,0.0
2010-05-10 00:00:00-04:00,0.3392903824060626,0.3434168885341774,0.33012038093414525,0.33378836512565613,979156000,0.0,0.0
2010-05-11 00:00:00-04:00,0.33057884946249644,0.3367685945019772,0.32759859375348477,0.33012035489082336,829124000,0.0,0.0
2010-05-12 00:00:00-04:00,0.3324127343869898,0.33837321631214956,0.3303494685704458,0.33653923869132996,901236000,0.0,0.0
2010-05-13 00:00:00-04:00,0.3351637946934992,0.3505235652831449,0.33264203397105646,0.3358515501022339,1252000000,0.0,0.0
2010-05-14 00:00:00-04:00,0.3131559460080498,0.31407293547027665,0.28885539731382903,0.29710841178894043,2493068000,0.0,0.0
2010-05-17 00:00:00-04:00,0.2975668096204302,0.30146408188770557,0.2883968086692101,0.2977960705757141,856060000,0.0,0.0
2010-05-18 00:00:00-04:00,0.30031778640406875,0.3021517919499209,0.2863335248617977,0.28793829679489136,674112000,0.0,0.0
2010-05-19 00:00:00-04:00,0.28656278354246656,0.2929817892379276,0.2844995444001339,0.2925232946872711,826520000,0.0,0.0
2010-05-20 00:00:00-04:00,0.2840409518218962,0.2925232218771787,0.27532944821272076,0.2856457233428955,1129136000,0.0,0.0
2010-05-21 00:00:00-04:00,0.2773928184772511,0.2998593276029913,0.2773928184772511,0.29183557629585266,1069600000,0.0,0.0
2010-05-24 00:00:00-04:00,0.2909184604266347,0.2943572094897778,0.28243619087454985,0.28335317969322205,664564000,0.0,0.0
2010-05-25 00:00:00-04:00,0.27441250777497705,0.2922940125860481,0.2716614860126933,0.2909185290336609,966652000,0.0,0.0
2010-05-26 00:00:00-04:00,0.3026102719710306,0.3083415214285068,0.29137700663712524,0.2922939956188202,995028000,0.0,0.0
2010-05-27 00:00:00-04:00,0.29963012130506006,0.30948787927627563,0.29894236566450777,0.30948787927627563,713560000,0.0,0.0
2010-05-28 00:00:00-04:00,0.30902926736036584,0.30902926736036584,0.2966497525142789,0.30123475193977356,545116000,0.0,0.0
2010-06-01 00:00:00-04:00,0.29710825039415306,0.3005470000026615,0.2881674850147797,0.2883967459201813,527492000,0.0,0.0
2010-06-02 00:00:00-04:00,0.2888552826044211,0.29206479910519567,0.28702127707951514,0.29160627722740173,649088000,0.0,0.0
2010-06-03 00:00:00-04:00,0.2856458964760126,0.29183564344279117,0.2847288797183776,0.2911478877067566,586360000,0.0,0.0
2010-06-04 00:00:00-04:00,0.28266540883996283,0.28770890123464304,0.2757878844288155,0.2773926556110382,671456000,0.0,0.0
2010-06-07 00:00:00-04:00,0.2785391234342347,0.28037312955938914,0.2624915903357074,0.26363784074783325,577248000,0.0,0.0
2010-06-08 00:00:00-04:00,0.26249153595319163,0.26249153595319163,0.24965352306563202,0.25630179047584534,967636000,0.0,0.0
2010-06-09 00:00:00-04:00,0.2576772224208434,0.26455474941312684,0.2491949783015751,0.25011196732521057,697152000,0.0,0.0
2010-06-10 00:00:00-04:00,0.25515548633387825,0.2613452305020468,0.2544677309088031,0.2601989805698395,611768000,0.0,0.0
2010-06-11 00:00:00-04:00,0.2574478839520094,0.26730563491970427,0.2567601288000785,0.26615938544273376,442104000,0.0,0.0
2010-06-14 00:00:00-04:00,0.2700568059177398,0.2705153005445056,0.25974055383608347,0.2604283094406128,375080000,0.0,0.0
2010-06-15 00:00:00-04:00,0.2634085295487163,0.274641769350407,0.262950007655784,0.2732662856578827,528632000,0.0,0.0
2010-06-16 00:00:00-04:00,0.2714322893832156,0.2739540505658157,0.2661595333924436,0.26982754468917847,366480000,0.0,0.0
2010-06-17 00:00:00-04:00,0.27922677852753486,0.28083152306048614,0.2695982566723156,0.28014376759529114,859068000,0.0,0.0
2010-06-18 00:00:00-04:00,0.2817485713378561,0.28541658303722717,0.2796853318374357,0.2819778323173523,932832000,0.0,0.0
2010-06-21 00:00:00-04:00,0.28793824630287157,0.2886259743493058,0.2728077373637799,0.27532947063446045,579836000,0.0,0.0
2010-06-22 00:00:00-04:00,0.2787682786019684,0.282207028869793,0.2636377664920372,0.26501327753067017,818164000,0.0,0.0
2010-06-23 00:00:00-04:00,0.2675351342449574,0.2707446247101277,0.25996984815826824,0.26799362897872925,614060000,0.0,0.0
2010-06-24 00:00:00-04:00,0.2663887566610249,0.2677642676760113,0.25378000589576,0.2546969950199127,725028000,0.0,0.0
2010-06-25 00:00:00-04:00,0.2565310104814586,0.2567602714357092,0.24988277075329268,0.25400927662849426,507220000,0.0,0.0
2010-06-28 00:00:00-04:00,0.2558431466858179,0.25813564569832353,0.2498826383218058,0.254467636346817,372008000,0.0,0.0
2010-06-29 00:00:00-04:00,0.24896577510971074,0.24919503608315619,0.23864952322235766,0.2402542680501938,660808000,0.0,0.0
2010-06-30 00:00:00-04:00,0.24071272895675344,0.24323448999644065,0.2340644896030426,0.2340644896030426,623072000,0.0,0.0
2010-07-01 00:00:00-04:00,0.23475214712681455,0.23956637892692245,0.2276453751919908,0.23796163499355316,737008000,0.0,0.0
2010-07-02 00:00:00-04:00,0.238878734118432,0.23933722864044568,0.22695771257354685,0.2349814623594284,737096000,0.0,0.0
2010-07-06 00:00:00-04:00,0.2340645134192933,0.24162976997936894,0.23039650195720826,0.23245976865291595,712020000,0.0,0.0
2010-07-07 00:00:00-04:00,0.23337668618874594,0.24506844522117205,0.2329181917289697,0.24369293451309204,608412000,0.0,0.0
2010-07-08 00:00:00-04:00,0.24529770889196706,0.24552694246007425,0.23337668883034285,0.2363569438457489,783272000,0.0,0.0
2010-07-09 00:00:00-04:00,0.2375031774833661,0.2388786881132552,0.23429366178987482,0.2372739166021347,571516000,0.0,0.0
2010-07-12 00:00:00-04:00,0.23727395361262144,0.2446099750113182,0.2370447200243834,0.2416297197341919,565396000,0.0,0.0
2010-07-13 00:00:00-04:00,0.24552700496406987,0.2519460110939392,0.2441515212190141,0.2503412663936615,723316000,0.0,0.0
2010-07-14 00:00:00-04:00,0.2613453572583839,0.26317936350518634,0.24919509661818104,0.2528631091117859,1355664000,0.0,0.0
2010-07-15 00:00:00-04:00,0.25309224852562456,0.25332150946935417,0.24277599797542157,0.24575625360012054,953088000,0.0,0.0
2010-07-16 00:00:00-04:00,0.24575628373623717,0.24644403932300554,0.22947951994068141,0.23039650917053223,1288604000,0.0,0.0
2010-07-19 00:00:00-04:00,0.23360598498481355,0.24071271858626767,0.23200121312210087,0.2397957295179367,798440000,0.0,0.0
2010-07-20 00:00:00-04:00,0.23360599748635227,0.24713173727622664,0.2315427309790574,0.24575625360012054,1160988000,0.0,0.0
2010-07-21 00:00:00-04:00,0.24804873211469403,0.24827796570969776,0.2354399552118257,0.23773245513439178,624940000,0.0,0.0
2010-07-22 00:00:00-04:00,0.24025420888974777,0.24415148050608815,0.23887872537405758,0.2416297197341919,462612000,0.0,0.0
2010-07-23 00:00:00-04:00,0.24140045997689452,0.2416297208949879,0.23521071580466815,0.23750321567058563,817604000,0.0,0.0
2010-07-26 00:00:00-04:00,0.23681550863171613,0.24277602043246788,0.23314749716529048,0.24185900390148163,683548000,0.0,0.0
2010-07-27 00:00:00-04:00,0.24254672405168526,0.24300521858585072,0.23681547405272757,0.2397957295179367,683472000,0.0,0.0
2010-07-28 00:00:00-04:00,0.23589845017167102,0.24002495502770252,0.23154268441801212,0.23223043978214264,1320808000,0.0,0.0
2010-07-29 00:00:00-04:00,0.21549516259845594,0.22008016169702677,0.20792990862006402,0.20930540561676025,2664476000,0.0,0.0
2010-07-30 00:00:00-04:00,0.20770072077819254,0.21434897410468437,0.20449121775874352,0.2106809765100479,984288000,0.0,0.0
2010-08-02 00:00:00-04:00,0.2143490111678894,0.21526601414120278,0.20953474897408958,0.21045175194740295,917020000,0.0,0.0
2010-08-03 00:00:00-04:00,0.208846934865039,0.20907618211309917,0.20334493258971104,0.20494967699050903,955444000,0.0,0.0
2010-08-04 00:00:00-04:00,0.20678370845110633,0.21434896424433994,0.20586670567853582,0.21366120874881744,855496000,0.0,0.0
2010-08-05 00:00:00-04:00,0.21434891933158484,0.21687066617948564,0.2104516617808513,0.21641217172145844,800504000,0.0,0.0
2010-08-06 00:00:00-04:00,0.21549519016987964,0.22122643977637502,0.21366118483005034,0.21893393993377686,739904000,0.0,0.0
2010-08-09 00:00:00-04:00,0.22122644667469346,0.22145570759760363,0.2157244441480182,0.22099719941616058,466456000,0.0,0.0
2010-08-10 00:00:00-04:00,0.21732925212324908,0.21778774674545426,0.21091024542609382,0.21182724833488464,772560000,0.0,0.0
2010-08-11 00:00:00-04:00,0.2074714400142612,0.2074714400142612,0.20288644004270381,0.20357419550418854,796148000,0.0,0.0
2010-08-12 00:00:00-04:00,0.19990616976548622,0.20999318535186487,0.19830142536023954,0.20540818572044373,1343584000,0.0,0.0
2010-08-13 00:00:00-04:00,0.21205644206252058,0.21824619988451474,0.21159793389179304,0.21526594460010529,1797392000,0.0,0.0
2010-08-16 00:00:00-04:00,0.21228566112550487,0.21664141301492665,0.20701290668077715,0.20976391434669495,814008000,0.0,0.0
2010-08-17 00:00:00-04:00,0.2118272545750577,0.21641225558969984,0.20976400138559254,0.2125149965286255,481224000,0.0,0.0
2010-08-18 00:00:00-04:00,0.2118272168680549,0.21549521429395846,0.2104517058770099,0.21366120874881744,352920000,0.0,0.0
2010-08-19 00:00:00-04:00,0.2159537320497475,0.22718700014014587,0.21480748187697785,0.22649924457073212,1615100000,0.0,0.0
2010-08-20 00:00:00-04:00,0.22489449146777718,0.23406450617478994,0.22466524417458725,0.22856248915195465,1305308000,0.0,0.0
2010-08-23 00:00:00-04:00,0.22925020876800112,0.23498145852145025,0.22443594804360203,0.22512370347976685,748620000,0.0,0.0
2010-08-24 00:00:00-04:00,0.21778766740251207,0.2251236743358533,0.21732917294734252,0.22283117473125458,641332000,0.0,0.0
2010-08-25 00:00:00-04:00,0.22030942662340386,0.229250177762444,0.21916316316336626,0.22741617262363434,757532000,0.0,0.0
2010-08-26 00:00:00-04:00,0.23039648998452109,0.23291825114975476,0.22466523945331573,0.22466523945331573,657596000,0.0,0.0
2010-08-27 00:00:00-04:00,0.22604067434459496,0.23383517564462397,0.22030942539815823,0.2320011705160141,1060416000,0.0,0.0
2010-08-30 00:00:00-04:00,0.22925021003836216,0.2310842154353797,0.22099719941616058,0.22099719941616058,602804000,0.0,0.0
2010-08-31 00:00:00-04:00,0.21778769252423685,0.224665205795727,0.21320269278616147,0.2138904482126236,931488000,0.0,0.0
2010-09-01 00:00:00-04:00,0.21709995711901386,0.2198509515766596,0.21434894899699064,0.21549519896507263,851440000,0.0,0.0
2010-09-02 00:00:00-04:00,0.21618293145979428,0.22008017547175635,0.21411967900342424,0.21939243376255035,596292000,0.0,0.0
2010-09-03 00:00:00-04:00,0.22466520869852516,0.22764545036815428,0.22191420062150916,0.22695770859718323,566484000,0.0,0.0
2010-09-07 00:00:00-04:00,0.22626993047604418,0.23429367931688747,0.22581143600803208,0.22902093827724457,899820000,0.0,0.0
2010-09-08 00:00:00-04:00,0.22947946505715516,0.2381909699722902,0.22695770428504236,0.23658619821071625,1224156000,0.0,0.0
2010-09-09 00:00:00-04:00,0.23956648640274883,0.23979574735125928,0.23039648572245458,0.23337674140930176,697748000,0.0,0.0
2010-09-10 00:00:00-04:00,0.23498141817199678,0.2356691734900648,0.22879167496688435,0.23085491359233856,609292000,0.0,0.0
2010-09-13 00:00:00-04:00,0.23498142417236792,0.24690244377995657,0.23498142417236792,0.2439221888780594,1015792000,0.0,0.0
2010-09-14 00:00:00-04:00,0.24185895332242993,0.24483920859955627,0.2395664534675257,0.2416297197341919,698536000,0.0,0.0
2010-09-15 00:00:00-04:00,0.2393372781378393,0.242317534140408,0.23612776116247283,0.24208827316761017,555572000,0.0,0.0
2010-09-16 00:00:00-04:00,0.23887877700694615,0.2443807669164524,0.23887877700694615,0.24231752753257751,365280000,0.0,0.0
2010-09-17 00:00:00-04:00,0.2446100261656807,0.2448392598018575,0.24117127566419153,0.24185900390148163,416884000,0.0,0.0
2010-09-20 00:00:00-04:00,0.24185891461700182,0.24644394092180838,0.23956641512897334,0.24552692472934723,443168000,0.0,0.0
2010-09-21 00:00:00-04:00,0.24415146704884647,0.2629499593571674,0.24415146704884647,0.2588234543800354,1779624000,0.0,0.0
2010-09-22 00:00:00-04:00,0.25790639350052985,0.26340840771200236,0.2563016496037963,0.2611159086227417,999996000,0.0,0.0
2010-09-23 00:00:00-04:00,0.26409627363050064,0.2746417858851999,0.26180377334284943,0.26638877391815186,1240872000,0.0,0.0
2010-09-24 00:00:00-04:00,0.27234930759503345,0.28197783144386573,0.2702860681010044,0.2810608148574829,1086976000,0.0,0.0
2010-09-27 00:00:00-04:00,0.28312397994224586,0.28335321350989756,0.27143222080071183,0.2751002311706543,999504000,0.0,0.0
2010-09-28 00:00:00-04:00,0.2753295018308831,0.27830975724186946,0.26959825193619985,0.27441251277923584,723192000,0.0,0.0
2010-09-29 00:00:00-04:00,0.2718907438833759,0.2803730153405987,0.2693689830725116,0.2723492383956909,974904000,0.0,0.0
2010-09-30 00:00:00-04:00,0.27578799017604827,0.27899750644239585,0.26547174059681483,0.26776424050331116,787632000,0.0,0.0
2010-10-01 00:00:00-04:00,0.2716614798919123,0.2721200017277985,0.258135741623368,0.2601989805698395,999120000,0.0,0.0
2010-10-04 00:00:00-04:00,0.25767722725868225,0.26203299352461523,0.25240447195189747,0.25767722725868225,749500000,0.0,0.0
2010-10-05 00:00:00-04:00,0.26317921296931596,0.2636377074365705,0.2588234472085186,0.25951120257377625,753588000,0.0,0.0
2010-10-06 00:00:00-04:00,0.2595111581486353,0.2606574077849235,0.2446099128768879,0.24713164567947388,1057604000,0.0,0.0
2010-10-07 00:00:00-04:00,0.24827801824056073,0.24850727921282645,0.2379617664062924,0.24529778957366943,761488000,0.0,0.0
2010-10-08 00:00:00-04:00,0.24438081314155957,0.2510290818125691,0.2409420619654817,0.2489658147096634,706932000,0.0,0.0
2010-10-11 00:00:00-04:00,0.2501119081195461,0.2521751739274479,0.24667315910179083,0.24781940877437592,442680000,0.0,0.0
2010-10-12 00:00:00-04:00,0.24575622117693033,0.25377997054627405,0.24369295494184695,0.2526337206363678,605208000,0.0,0.0
2010-10-13 00:00:00-04:00,0.2567602519624898,0.26363775212330276,0.2540092573639159,0.2599697411060333,968732000,0.0,0.0
2010-10-14 00:00:00-04:00,0.2601990212375758,0.2606575158163682,0.2546970043057922,0.25584328174591064,599172000,0.0,0.0
2010-10-15 00:00:00-04:00,0.25996970424430804,0.2629499593571674,0.25584322659592845,0.2588234543800354,639940000,0.0,0.0
2010-10-18 00:00:00-04:00,0.25905279823155414,0.26157455967190796,0.25446779730637353,0.2604283094406128,448156000,0.0,0.0
2010-10-19 00:00:00-04:00,0.2546969494029034,0.26065745962862213,0.2526337105787136,0.2588234543800354,866136000,0.0,0.0
2010-10-20 00:00:00-04:00,0.2590527152843909,0.2659302144700268,0.2544677158273003,0.2588234543800354,763532000,0.0,0.0
2010-10-21 00:00:00-04:00,0.25905277761204965,0.25951127220232123,0.25034127108185333,0.2542385160923004,1014428000,0.0,0.0
2010-10-22 00:00:00-04:00,0.25584330126938887,0.2725785596380711,0.25309227892918656,0.2705152928829193,1322676000,0.0,0.0
2010-10-25 00:00:00-04:00,0.2725785813461044,0.2751003429158683,0.27005681977634044,0.2730370759963989,673136000,0.0,0.0
2010-10-26 00:00:00-04:00,0.2698274695397746,0.27624647385693046,0.2675349699499869,0.2721199691295624,675248000,0.0,0.0
2010-10-27 00:00:00-04:00,0.2695983017024613,0.2769342974560865,0.2689105461223926,0.27601730823516846,496796000,0.0,0.0
2010-10-28 00:00:00-04:00,0.27968541869607205,0.28060240824131283,0.2737249046656971,0.27624666690826416,704448000,0.0,0.0
2010-10-29 00:00:00-04:00,0.2757878839987647,0.27853890469043147,0.2728076571306991,0.2755586504936218,554664000,0.0,0.0
2010-11-01 00:00:00-04:00,0.2773928193953058,0.28174855918780695,0.2737248078541131,0.27601730823516846,473920000,0.0,0.0
2010-11-02 00:00:00-04:00,0.2771635622262421,0.2863335638762054,0.27555881740325067,0.28174856305122375,581036000,0.0,0.0
2010-11-03 00:00:00-04:00,0.28358248712111905,0.28564575329500297,0.2762464933810661,0.2838117480278015,671748000,0.0,0.0
2010-11-04 00:00:00-04:00,0.28656281670975825,0.28954307262710066,0.2838118217586575,0.284270316362381,700016000,0.0,0.0
2010-11-05 00:00:00-04:00,0.28633344311385717,0.29160619730453163,0.28495795984373495,0.28908446431159973,735116000,0.0,0.0
2010-11-08 00:00:00-05:00,0.28885515128012007,0.2927523941682407,0.28656265224843214,0.2902306616306305,605156000,0.0,0.0
2010-11-09 00:00:00-05:00,0.2902306671929529,0.29252316626857694,0.28702115208983237,0.28862589597702026,633964000,0.0,0.0
2010-11-10 00:00:00-05:00,0.290689245381424,0.29206475615501404,0.2865627403894064,0.29206475615501404,521016000,0.0,0.0
2010-11-11 00:00:00-05:00,0.2851871933910474,0.29389869675015107,0.2812899497992442,0.28908446431159973,1089980000,0.0,0.0
2010-11-12 00:00:00-05:00,0.3000885301071948,0.3136142960727603,0.29871301921959326,0.3039857745170593,2142560000,0.0,0.0
2010-11-15 00:00:00-05:00,0.30536125569117495,0.3097169941968155,0.29963000643177834,0.3003177344799042,733548000,0.0,0.0
2010-11-16 00:00:00-05:00,0.29527422194338093,0.2994007266152042,0.29091848371291495,0.2913769781589508,739356000,0.0,0.0
2010-11-17 00:00:00-05:00,0.2911477535978595,0.29963002488722623,0.28839675924965447,0.2961912751197815,551764000,0.0,0.0
2010-11-18 00:00:00-05:00,0.30008854514517014,0.3083415562268428,0.30008854514517014,0.3053613007068634,993120000,0.0,0.0
2010-11-19 00:00:00-05:00,0.30467344753638126,0.3163652049317136,0.30421495314080393,0.3152189552783966,716484000,0.0,0.0
2010-11-22 00:00:00-05:00,0.31315584351975967,0.3172823220780519,0.3104048213758869,0.3154483437538147,462668000,0.0,0.0
2010-11-23 00:00:00-05:00,0.3117802441443064,0.31498973263147717,0.30581973429241693,0.308112233877182,457832000,0.0,0.0
2010-11-24 00:00:00-05:00,0.31132187301497943,0.3168238632663823,0.311092612034187,0.31567761301994324,397784000,0.0,0.0
2010-11-26 00:00:00-05:00,0.31544828453169793,0.31728226251162495,0.31178027391433716,0.31178027391433716,143104000,0.0,0.0
2010-11-29 00:00:00-05:00,0.31040469580296626,0.3163652049317136,0.3090292126162343,0.3152189552783966,468192000,0.0,0.0
2010-11-30 00:00:00-05:00,0.3104047096530017,0.313614225222744,0.3062782052511893,0.31200945377349854,720936000,0.0,0.0
2010-12-01 00:00:00-05:00,0.3181991946345742,0.32782768579649785,0.3177407002609104,0.3257644474506378,626536000,0.0,0.0
2010-12-02 00:00:00-05:00,0.32576463060283095,0.33172514279783216,0.32553536962273033,0.32966187596321106,529316000,0.0,0.0
2010-12-03 00:00:00-05:00,0.32805713314670903,0.3390611410140991,0.3273693775308543,0.3390611410140991,606044000,0.0,0.0
2010-12-06 00:00:00-05:00,0.3402072732884406,0.34089502866579796,0.3312665353690508,0.3326420187950134,438424000,0.0,0.0
2010-12-07 00:00:00-05:00,0.340436702491262,0.35144071198274685,0.33974894677390066,0.3434169590473175,1026812000,0.0,0.0
2010-12-08 00:00:00-05:00,0.3429583517500411,0.3500650856195499,0.3404365907238806,0.3463971018791199,613252000,0.0,0.0
2010-12-09 00:00:00-05:00,0.3381440836157064,0.3429583446279433,0.3333298226034695,0.3406658172607422,942408000,0.0,0.0
2010-12-10 00:00:00-05:00,0.3406657659187446,0.34593852067825837,0.33974877697306916,0.34272903203964233,451900000,0.0,0.0
2010-12-13 00:00:00-05:00,0.3441045912540874,0.34479231939583455,0.3331005583835505,0.3340175747871399,609108000,0.0,0.0
2010-12-14 00:00:00-05:00,0.3404365947426767,0.346626339582336,0.334017588960203,0.3344760835170746,755160000,0.0,0.0
2010-12-15 00:00:00-05:00,0.33516369068294255,0.33929019452602915,0.32668142215541934,0.3271399438381195,624176000,0.0,0.0
2010-12-16 00:00:00-05:00,0.3305787370661051,0.33241274205799554,0.32668146621005706,0.3275984823703766,631872000,0.0,0.0
2010-12-17 00:00:00-05:00,0.3278278643245379,0.33126664232156644,0.3239306190329203,0.3294326364994049,593156000,0.0,0.0
2010-12-20 00:00:00-05:00,0.33057890164734455,0.3321836465659025,0.32782787912551686,0.3280571401119232,344088000,0.0,0.0
2010-12-21 00:00:00-05:00,0.3312665626352889,0.34089505672454834,0.3310373017143821,0.34089505672454834,466952000,0.0,0.0
2010-12-22 00:00:00-05:00,0.34020733019567595,0.3450215913137178,0.33699784100281927,0.3445630967617035,477988000,0.0,0.0
2010-12-23 00:00:00-05:00,0.344563134558708,0.344563134558708,0.34066586211718175,0.34204137325286865,273784000,0.0,0.0
2010-12-27 00:00:00-05:00,0.3411242947409221,0.346397049608953,0.33493452357959086,0.34387528896331787,255500000,0.0,0.0
2010-12-28 00:00:00-05:00,0.3438753931752281,0.3461678936100954,0.3404366425229271,0.34249988198280334,194260000,0.0,0.0
2010-12-29 00:00:00-05:00,0.34227064833657317,0.3450216433926618,0.33929039230549346,0.34249988198280334,177660000,0.0,0.0
2010-12-30 00:00:00-05:00,0.34204127538389656,0.3457092858103531,0.3408950255417229,0.34364601969718933,174488000,0.0,0.0
2010-12-31 00:00:00-05:00,0.34387522781360247,0.3535037468729223,0.34341673341286055,0.3530452251434326,391252000,0.0,0.0
2011-01-03 00:00:00-05:00,0.3557962904109115,0.3661125386887017,0.35533776862445327,0.3626737892627716,817448000,0.0,0.0
2011-01-04 00:00:00-05:00,0.3633616572766119,0.3649664020405251,0.3535039004000602,0.3615276515483856,651384000,0.0,0.0
2011-01-05 00:00:00-05:00,0.36817591192359794,0.38972545992509156,0.364507927593114,0.3892669379711151,1428216000,0.0,0.0
2011-01-06 00:00:00-05:00,0.39935384159082515,0.44336988686477036,0.39820759169285147,0.4431406259536743,3493312000,0.0,0.0
2011-01-07 00:00:00-05:00,0.4380971432137491,0.45689566389034564,0.42823938837013836,0.4555201530456543,2579984000,0.0,0.0
2011-01-10 00:00:00-05:00,0.4472671652208317,0.47386017581687917,0.44382841526420946,0.47294318675994873,1750348000,0.0,0.0
2011-01-11 00:00:00-05:00,0.47936231286095593,0.4839473136963507,0.4555202647908862,0.46560725569725037,2711088000,0.0,0.0
2011-01-12 00:00:00-05:00,0.46583643501448824,0.5357577087245821,0.46423169056329033,0.5352992415428162,3431896000,0.0,0.0
2011-01-13 00:00:00-05:00,0.5295681103281796,0.5465326578474343,0.5130620847744544,0.5362163782119751,2695192000,0.0,0.0
2011-01-14 00:00:00-05:00,0.5270462859754927,0.5497420535638737,0.5238367967385534,0.5408012866973877,1595352000,0.0,0.0
2011-01-18 00:00:00-05:00,0.533465155598915,0.537133165974487,0.5151251583785579,0.528192400932312,1813348000,0.0,0.0
2011-01-19 00:00:00-05:00,0.5284218235032145,0.541030547469087,0.5126035554817863,0.5137497782707214,1197896000,0.0,0.0
2011-01-20 00:00:00-05:00,0.5087062680248164,0.5171885127209707,0.49953621319227115,0.5142082571983337,1111408000,0.0,0.0
2011-01-21 00:00:00-05:00,0.5197102679947087,0.5270462903029595,0.5084770009156727,0.5093939900398254,739244000,0.0,0.0
2011-01-24 00:00:00-05:00,0.5327775140915524,0.5742718595876758,0.5268170574471938,0.5669358372688293,2056900000,0.0,0.0
2011-01-25 00:00:00-05:00,0.5644139653423038,0.570374475762272,0.5458447333331785,0.5495127439498901,1086856000,0.0,0.0
2011-01-26 00:00:00-05:00,0.5552439093454623,0.5731254387766542,0.5513466655442413,0.5625799298286438,1074660000,0.0,0.0
2011-01-27 00:00:00-05:00,0.5706039566839677,0.5719794133043794,0.5502006851479718,0.5609754323959351,657396000,0.0,0.0
2011-01-28 00:00:00-05:00,0.5623507751386773,0.5717500082917758,0.5318604664740346,0.5446984767913818,1094796000,0.0,0.0
2011-01-31 00:00:00-05:00,0.5456156385661964,0.5559318629767616,0.5366748706615249,0.5483666062355042,750160000,0.0,0.0
2011-02-01 00:00:00-05:00,0.5531809413643265,0.5651019115722203,0.5495129295090033,0.5609754323959351,654104000,0.0,0.0
2011-02-02 00:00:00-05:00,0.5577658081208952,0.5999478523067174,0.5577658081208952,0.5864220857620239,1606616000,0.0,0.0
2011-02-03 00:00:00-05:00,0.5873388945778122,0.5873388945778122,0.5628091026472042,0.5754178762435913,1030776000,0.0,0.0
2011-02-04 00:00:00-05:00,0.5834418332546001,0.5930703006144071,0.5811493332178586,0.5884853005409241,872900000,0.0,0.0
2011-02-07 00:00:00-05:00,0.5804616899531131,0.5829834240837645,0.5618923978055228,0.5639556646347046,934236000,0.0,0.0
2011-02-08 00:00:00-05:00,0.564643300594042,0.5683113115161454,0.5446985014533876,0.5472202897071838,1076584000,0.0,0.0
2011-02-09 00:00:00-05:00,0.549283611949678,0.5547856567685219,0.5240661069408916,0.533923864364624,1277520000,0.0,0.0
2011-02-10 00:00:00-05:00,0.5220024982949264,0.5320895374188537,0.5181052555387444,0.523148775100708,1042352000,0.0,0.0
2011-02-11 00:00:00-05:00,0.521314921167675,0.5550147164925427,0.5128326776067235,0.5380501747131348,1359276000,0.0,0.0
2011-02-14 00:00:00-05:00,0.5444693669022412,0.5616631473148689,0.5277341084348586,0.529797375202179,1287828000,0.0,0.0
2011-02-15 00:00:00-05:00,0.5307141882699128,0.5325481661270797,0.5146666360609392,0.5169591903686523,886980000,0.0,0.0
2011-02-16 00:00:00-05:00,0.5238369972042834,0.5435525167153801,0.522002963611661,0.5359872579574585,1318364000,0.0,0.0
2011-02-17 00:00:00-05:00,0.5208565844217578,0.5962799157058085,0.5183347958194824,0.5887146592140198,3470096000,0.0,0.0
2011-02-18 00:00:00-05:00,0.5855049573550383,0.5949042443585063,0.5783982247025414,0.5875682234764099,1394412000,0.0,0.0
2011-02-22 00:00:00-05:00,0.5683111746066685,0.5699159187502132,0.5302556182829726,0.5320896506309509,1396648000,0.0,0.0
2011-02-23 00:00:00-05:00,0.5320896668037008,0.5371331329345654,0.4993068636655819,0.5068721175193787,1491604000,0.0,0.0
2011-02-24 00:00:00-05:00,0.5093940122734627,0.5281925360979124,0.5057260556167558,0.519251823425293,1246120000,0.0,0.0
2011-02-25 00:00:00-05:00,0.5332360443798068,0.538738033876823,0.5259000219454414,0.5300265550613403,775652000,0.0,0.0
2011-02-28 00:00:00-05:00,0.5387378687407518,0.5389671569485854,0.5075598649377782,0.5194808840751648,903696000,0.0,0.0
2011-03-01 00:00:00-05:00,0.5203979608431742,0.5270462268434409,0.4963266849517822,0.4963266849517822,988448000,0.0,0.0
2011-03-02 00:00:00-05:00,0.4956390157550235,0.5050383050892483,0.46423176763216895,0.4756942689418793,1718140000,0.0,0.0
2011-03-03 00:00:00-05:00,0.4866981224449702,0.48944914391071787,0.46400235932506256,0.4784451127052307,1593704000,0.0,0.0
2011-03-04 00:00:00-05:00,0.4789035243369324,0.48371775613704027,0.4706505164956825,0.4759232699871063,959760000,0.0,0.0
2011-03-07 00:00:00-05:00,0.47936228102370665,0.4809670257437622,0.4573542402152295,0.46927523612976074,1019140000,0.0,0.0
2011-03-08 00:00:00-05:00,0.4743186773246582,0.4768404107874061,0.4383263801310775,0.44818416237831116,1947184000,0.0,0.0
2011-03-09 00:00:00-05:00,0.44680861644980285,0.45116438226332095,0.4348875961843866,0.4387848675251007,1318976000,0.0,0.0
2011-03-10 00:00:00-05:00,0.42869787546918064,0.4319073642796741,0.41035784961474253,0.41081637144088745,1722736000,0.0,0.0
2011-03-11 00:00:00-05:00,0.41425524485199605,0.42525925271871323,0.4048559818696672,0.41379672288894653,1486832000,0.0,0.0
2011-03-14 00:00:00-04:00,0.4170061433246238,0.42755165411260787,0.4103578770178494,0.417235404253006,1003360000,0.0,0.0
2011-03-15 00:00:00-04:00,0.3968321585801148,0.4117334375000685,0.3899546578457171,0.4048559367656708,1256280000,0.0,0.0
2011-03-16 00:00:00-04:00,0.40118782994213625,0.4206741047130978,0.39660283054396933,0.4018755853176117,1476520000,0.0,0.0
2011-03-17 00:00:00-04:00,0.412650394012973,0.41333814949774156,0.39431039350584485,0.40944090485572815,1238516000,0.0,0.0
2011-03-18 00:00:00-04:00,0.4158599730951412,0.4172354842717234,0.4034804544921833,0.4039389491081238,886960000,0.0,0.0
2011-03-21 00:00:00-04:00,0.41265038004274374,0.4167768854828965,0.40302188556822427,0.4071483910083771,751832000,0.0,0.0
2011-03-22 00:00:00-04:00,0.40600212059728524,0.4098993649113621,0.39820760464037736,0.4000416100025177,718332000,0.0,0.0
2011-03-23 00:00:00-04:00,0.39935382313906076,0.40944083817242016,0.3906423188512169,0.40829458832740784,782396000,0.0,0.0
2011-03-24 00:00:00-04:00,0.41700609859114884,0.445891633359655,0.41608910963349893,0.44084811210632324,1780592000,0.0,0.0
2011-03-25 00:00:00-04:00,0.444745450419125,0.44589170045304,0.42640542254772845,0.42709317803382874,1196392000,0.0,0.0
2011-03-28 00:00:00-04:00,0.4371800803306726,0.4502473499777919,0.43328283645729976,0.4429113566875458,1204284000,0.0,0.0
2011-03-29 00:00:00-04:00,0.44291151537940526,0.4445162602164972,0.4335122526740995,0.4394727647304535,715764000,0.0,0.0
2011-03-30 00:00:00-04:00,0.4429113996837704,0.44474540501655824,0.4174646132683753,0.4229666292667389,1176320000,0.0,0.0
2011-03-31 00:00:00-04:00,0.42365442040128803,0.42823942045544605,0.4154014093723013,0.42319589853286743,655112000,0.0,0.0
2011-04-01 00:00:00-04:00,0.4286979040970081,0.4291563986250171,0.41150412700224964,0.417235404253006,850072000,0.0,0.0
2011-04-04 00:00:00-04:00,0.4172354008544497,0.41838165082951323,0.3993538684489526,0.4023341238498688,924328000,0.0,0.0
2011-04-05 00:00:00-04:00,0.4082946272997085,0.4115041162405924,0.40210485568281806,0.4030218720436096,821076000,0.0,0.0
2011-04-06 00:00:00-04:00,0.4060021895224772,0.4064606841086603,0.3968321611550205,0.400270938873291,856984000,0.0,0.0
2011-04-07 00:00:00-04:00,0.40118791896139067,0.41746468136802145,0.3995831742817072,0.4149429202079773,1021208000,0.0,0.0
2011-04-08 00:00:00-04:00,0.4181523899029985,0.4181523899029985,0.40118787387480526,0.4023341238498688,746552000,0.0,0.0
2011-04-11 00:00:00-04:00,0.4039389080931355,0.40600217464850963,0.3927056681637659,0.39706140756607056,546208000,0.0,0.0
2011-04-12 00:00:00-04:00,0.3931641989072656,0.40095868929025547,0.3858281758070866,0.3982076942920685,840756000,0.0,0.0
2011-04-13 00:00:00-04:00,0.4023341301067396,0.4096701245954803,0.39729063560377753,0.4071483910083771,749588000,0.0,0.0
2011-04-14 00:00:00-04:00,0.40348039393890156,0.42457141639448664,0.4011878938744907,0.42434215545654297,1254704000,0.0,0.0
2011-04-15 00:00:00-04:00,0.42113269579143625,0.43419996893673546,0.41906942919171397,0.4289272129535675,969720000,0.0,0.0
2011-04-18 00:00:00-04:00,0.41884003603147135,0.42159102978783014,0.40806526721521513,0.4147135317325592,743584000,0.0,0.0
2011-04-19 00:00:00-04:00,0.41494295314398233,0.4165477252798024,0.40187570638826686,0.4131089746952057,659860000,0.0,0.0
2011-04-20 00:00:00-04:00,0.42823938278114,0.43442912684396007,0.41884012256551245,0.42571762204170227,650516000,0.0,0.0
2011-04-21 00:00:00-04:00,0.43030267499612007,0.433053696990381,0.42365443561042254,0.4245714247226715,421300000,0.0,0.0
2011-04-25 00:00:00-04:00,0.4264053473665048,0.43832634015163185,0.42617608646864114,0.43121960759162903,619612000,0.0,0.0
2011-04-26 00:00:00-04:00,0.43488762284426313,0.4468086438404727,0.4305318840924776,0.44245287775993347,676000000,0.0,0.0
2011-04-27 00:00:00-04:00,0.4447454049219961,0.4447454049219961,0.43328287842669766,0.44245287775993347,450004000,0.0,0.0
2011-04-28 00:00:00-04:00,0.4424529137477362,0.4562079411951366,0.43740941916998444,0.44726717472076416,684000000,0.0,0.0
2011-04-29 00:00:00-04:00,0.45024749235200545,0.4685874950413478,0.4495597367854032,0.4585005044937134,836000000,0.0,0.0
2011-05-02 00:00:00-04:00,0.46812897818682553,0.46835821179890724,0.450018211052043,0.452310711145401,613824000,0.0,0.0
2011-05-03 00:00:00-04:00,0.4470378542989908,0.4484133376464758,0.4252590810119309,0.43076106905937195,808000000,0.0,0.0
2011-05-04 00:00:00-04:00,0.43213656656383825,0.43695082645517075,0.41952781928808625,0.4275515675544739,639356000,0.0,0.0
2011-05-05 00:00:00-04:00,0.4241128857032852,0.4328243906713793,0.418381636030691,0.4277808964252472,544000000,0.0,0.0
2011-05-06 00:00:00-04:00,0.43672158587417303,0.44703786145354396,0.43328283645729976,0.4429113566875458,841080000,0.0,0.0
2011-05-09 00:00:00-04:00,0.4442869181573109,0.45506169008725594,0.4431406681501896,0.4527691900730133,706328000,0.0,0.0
2011-05-10 00:00:00-04:00,0.4564371337068144,0.4568956281762878,0.4488718519811196,0.4534568786621094,690976000,0.0,0.0
2011-05-11 00:00:00-04:00,0.45574941396268753,0.4603343863445661,0.44933040890205117,0.4555201530456543,616000000,0.0,0.0
2011-05-12 00:00:00-04:00,0.4539154251470937,0.4704214465696255,0.45276917517768206,0.4699629247188568,1224000000,0.0,0.0
2011-05-13 00:00:00-04:00,0.44016032339405353,0.44130657316869626,0.41540132279602104,0.4186108112335205,2025192000,0.0,0.0
2011-05-16 00:00:00-04:00,0.4174646558986881,0.418381672323102,0.40554366101135925,0.4057728946208954,728188000,0.0,0.0
2011-05-17 00:00:00-04:00,0.40439733025516994,0.40462656381894846,0.3924763104186538,0.4041680693626404,1420364000,0.0,0.0
2011-05-18 00:00:00-04:00,0.40577276075226054,0.4170060237762548,0.40439727756256055,0.41356727480888367,658844000,0.0,0.0
2011-05-19 00:00:00-04:00,0.4167768390552729,0.417006099959814,0.4014170963273335,0.407606840133667,650884000,0.0,0.0
2011-05-20 00:00:00-04:00,0.40668978400140976,0.4156305205417628,0.40485577905425457,0.4147135317325592,575820000,0.0,0.0
2011-05-23 00:00:00-04:00,0.40875318479040357,0.41723545762296477,0.403480428721956,0.41425520181655884,588000000,0.0,0.0
2011-05-24 00:00:00-04:00,0.41631843224472787,0.43259519468969665,0.41517218213814583,0.4158599376678467,720372000,0.0,0.0
2011-05-25 00:00:00-04:00,0.4137967410999134,0.42365452647912744,0.4096702345521939,0.4209035038948059,545312000,0.0,0.0
2011-05-26 00:00:00-04:00,0.4209034247488311,0.4351169476659291,0.4197571746638237,0.43144893646240234,706436000,0.0,0.0
2011-05-27 00:00:00-04:00,0.43328290798983726,0.44772566339087183,0.4328244134576429,0.447037935256958,658824000,0.0,0.0
2011-05-31 00:00:00-04:00,0.4557494784586053,0.45964675062717314,0.4447454721300917,0.459417462348938,1200716000,0.0,0.0
2011-06-01 00:00:00-04:00,0.4573541259680551,0.4580418813416371,0.4378678512507407,0.4387848675251007,762208000,0.0,0.0
2011-06-02 00:00:00-04:00,0.43947273454405383,0.4426822239977851,0.4314489562522077,0.43672171235084534,607592000,0.0,0.0
2011-06-03 00:00:00-04:00,0.4316781704960645,0.43557541507634756,0.4211326594399988,0.42319589853286743,549300000,0.0,0.0
2011-06-06 00:00:00-04:00,0.42250821369141234,0.42640545867113144,0.41379667990114344,0.41425520181655884,435988000,0.0,0.0
2011-06-07 00:00:00-04:00,0.4174647129243358,0.4197572133053912,0.4121919565821563,0.4140259623527527,433956000,0.0,0.0
2011-06-08 00:00:00-04:00,0.411962751474892,0.4144844856714585,0.3995832321624998,0.40279272198677063,569288000,0.0,0.0
2011-06-09 00:00:00-04:00,0.4025634614238948,0.403480450647037,0.3837649363906364,0.3982076942920685,741632000,0.0,0.0
2011-06-10 00:00:00-04:00,0.39889535509209983,0.4014171158496847,0.3892668338931422,0.392476350069046,493548000,0.0,0.0
2011-06-13 00:00:00-04:00,0.39247644168775714,0.3975199370515139,0.3869744243855823,0.3897254467010498,574760000,0.0,0.0
2011-06-14 00:00:00-04:00,0.3931640600835511,0.40164630305325205,0.3913300549560818,0.39293479919433594,534576000,0.0,0.0
2011-06-15 00:00:00-04:00,0.3876621001434823,0.38995460004849813,0.3764288342116522,0.38445261120796204,935916000,0.0,0.0
2011-06-16 00:00:00-04:00,0.38468192470957707,0.39064243663227216,0.3656541660796384,0.37115615606307983,1024908000,0.0,0.0
2011-06-17 00:00:00-04:00,0.37551185112988916,0.37574111205552446,0.35098207989462354,0.36244457960128784,1467884000,0.0,0.0
2011-06-20 00:00:00-04:00,0.3592351009787721,0.3668003564691774,0.3553378291030669,0.3580888509750366,745960000,0.0,0.0
2011-06-21 00:00:00-04:00,0.35946434470488364,0.3686343723217538,0.356025594596841,0.36588335037231445,704276000,0.0,0.0
2011-06-22 00:00:00-04:00,0.36336163468796134,0.36817586868042035,0.3601521180308974,0.3608398735523224,651720000,0.0,0.0
2011-06-23 00:00:00-04:00,0.3562547766396898,0.3741362787072416,0.35304526085237253,0.371614545583725,744024000,0.0,0.0
2011-06-24 00:00:00-04:00,0.3697806406733312,0.3729901300016372,0.3585473733667444,0.3608398735523224,529052000,0.0,0.0
2011-06-27 00:00:00-04:00,0.3608398391739204,0.36313233914108434,0.3406658066683714,0.3532745838165283,1142152000,0.0,0.0
2011-06-28 00:00:00-04:00,0.35327450043879155,0.35946424342351696,0.3507527401385799,0.3553377389907837,692200000,0.0,0.0
2011-06-29 00:00:00-04:00,0.3576303568952585,0.3645078847807503,0.3452508668246406,0.3608398735523224,960544000,0.0,0.0
2011-06-30 00:00:00-04:00,0.36175688974433207,0.36932214638816024,0.3562548998190534,0.36542490124702454,652300000,0.0,0.0
2011-07-01 00:00:00-04:00,0.3654248772383224,0.3716146496585379,0.3580888820436781,0.37023913860321045,540804000,0.0,0.0
2011-07-05 00:00:00-04:00,0.36978056473961984,0.37321931431184635,0.3608397994545796,0.3640493154525757,535296000,0.0,0.0
2011-07-06 00:00:00-04:00,0.36382019855006364,0.36450795420247395,0.35487942972625636,0.3592351973056793,529580000,0.0,0.0
2011-07-07 00:00:00-04:00,0.36106915601595824,0.36290313441068817,0.3541916277206828,0.36061063408851624,986136000,0.0,0.0
2011-07-08 00:00:00-04:00,0.35556703814590196,0.35808879871761107,0.3507527779012762,0.35373303294181824,619516000,0.0,0.0
2011-07-11 00:00:00-04:00,0.3470849033624601,0.3484603871991012,0.3404366358347004,0.3413536250591278,714388000,0.0,0.0
2011-07-12 00:00:00-04:00,0.3397489733630087,0.34295849118562005,0.3310374640284462,0.3367687165737152,867604000,0.0,0.0
2011-07-13 00:00:00-04:00,0.34135363549658887,0.3436461359565147,0.3328713892606155,0.3360808789730072,634368000,0.0,0.0
2011-07-14 00:00:00-04:00,0.33745622747865756,0.3395194659663125,0.3211794711293869,0.3227842152118683,1088996000,0.0,0.0
2011-07-15 00:00:00-04:00,0.3246182644761701,0.3266815032454855,0.31659451563966307,0.32324275374412537,827736000,0.0,0.0
2011-07-18 00:00:00-04:00,0.32072109823260614,0.3225550765481213,0.3122388255439359,0.3163653314113617,818200000,0.0,0.0
2011-07-19 00:00:00-04:00,0.31728230277221187,0.3266815640914191,0.31728230277221187,0.3259938359260559,602224000,0.0,0.0
2011-07-20 00:00:00-04:00,0.3271399815545719,0.32897395918183464,0.32095021141194185,0.3218672275543213,662956000,0.0,0.0
2011-07-21 00:00:00-04:00,0.32232573452981,0.3392902468734842,0.31751147474864927,0.33699774742126465,1143420000,0.0,0.0
2011-07-22 00:00:00-04:00,0.33997804487086114,0.3450215388333788,0.33562227896737795,0.34387528896331787,737192000,0.0,0.0
2011-07-25 00:00:00-04:00,0.3386024748718382,0.33997798540682794,0.3335589817914554,0.33837321400642395,566920000,0.0,0.0
2011-07-26 00:00:00-04:00,0.32874484384704633,0.33699785545219274,0.3253060935663617,0.33012035489082336,698276000,0.0,0.0
2011-07-27 00:00:00-04:00,0.3255353477993967,0.32714011989499686,0.316823841071,0.31774085760116577,652212000,0.0,0.0
2011-07-28 00:00:00-04:00,0.3165944957591621,0.3237012278851227,0.31155097494420625,0.3170529901981354,648176000,0.0,0.0
2011-07-29 00:00:00-04:00,0.3138434744678225,0.3200332450445866,0.31223873026704113,0.3170529901981354,677656000,0.0,0.0
2011-08-01 00:00:00-04:00,0.3243890528576091,0.33493456386197334,0.3216380583043529,0.3340175747871399,1019620000,0.0,0.0
2011-08-02 00:00:00-04:00,0.33172499414077583,0.3525867501456685,0.3305787444114685,0.3305787444114685,1356432000,0.0,0.0
2011-08-03 00:00:00-04:00,0.33126651860796547,0.3406657505271034,0.3280570027856068,0.3395195007324219,765236000,0.0,0.0
2011-08-04 00:00:00-04:00,0.3333296933136271,0.3333296933136271,0.30719518661499023,0.30719518661499023,979732000,0.0,0.0
2011-08-05 00:00:00-04:00,0.3143019669212805,0.3181992102821907,0.2888551863222557,0.2968789339065552,1270588000,0.0,0.0
2011-08-08 00:00:00-04:00,0.2824363230702008,0.2925233414406125,0.2716615490995036,0.27349555492401123,1084180000,0.0,0.0
2011-08-09 00:00:00-04:00,0.2787682996195123,0.29687906879275866,0.27510031545454233,0.2964205741882324,1329832000,0.0,0.0
2011-08-10 00:00:00-04:00,0.28770905157745663,0.2959620633204623,0.2812900454805365,0.2828947901725769,1140052000,0.0,0.0
2011-08-11 00:00:00-04:00,0.2828947176931517,0.31155099049770724,0.2828947176931517,0.30742448568344116,1078792000,0.0,0.0
2011-08-12 00:00:00-04:00,0.3402073957226797,0.3406658903630042,0.2904600850215673,0.2952743470668793,3195784000,0.0,0.0
2011-08-15 00:00:00-04:00,0.29825454636300125,0.3071953131242932,0.29664980176341244,0.30650755763053894,864152000,0.0,0.0
2011-08-16 00:00:00-04:00,0.3030688265884174,0.30719533248221814,0.2922940536077269,0.2977960705757141,716868000,0.0,0.0
2011-08-17 00:00:00-04:00,0.2987128948731402,0.3037564144756891,0.2897721598117916,0.2936694025993347,553328000,0.0,0.0
2011-08-18 00:00:00-04:00,0.2803730005107319,0.2831239947678672,0.2705152187092207,0.2737247347831726,802564000,0.0,0.0
2011-08-19 00:00:00-04:00,0.2691397583550808,0.28404100813356203,0.2670764919884995,0.2689104974269867,761332000,0.0,0.0
2011-08-22 00:00:00-04:00,0.27647572904030787,0.27968524511425985,0.270744479617629,0.2737247347831726,611876000,0.0,0.0
2011-08-23 00:00:00-04:00,0.28037302650699103,0.30352728725298395,0.2799145046476601,0.3032980263233185,938312000,0.0,0.0
2011-08-24 00:00:00-04:00,0.30261024839088807,0.30352723730112896,0.2911477230403709,0.2989422380924225,687500000,0.0,0.0
2011-08-25 00:00:00-04:00,0.2929817919881518,0.2982545476920887,0.2856457971225146,0.286104291677475,690968000,0.0,0.0
2011-08-26 00:00:00-04:00,0.2849580148824833,0.3012347750216861,0.2799144932649809,0.29825451970100403,732660000,0.0,0.0
2011-08-29 00:00:00-04:00,0.3067368699274983,0.3074245982076403,0.2996301075167662,0.3062783479690552,601528000,0.0,0.0
2011-08-30 00:00:00-04:00,0.3042150767292177,0.31613607250091025,0.3021518101177895,0.3136143386363983,684760000,0.0,0.0
2011-08-31 00:00:00-04:00,0.31590689576972286,0.319116385749412,0.30261038652902156,0.305132120847702,705808000,0.0,0.0
2011-09-01 00:00:00-04:00,0.3092585139759615,0.31590677982054055,0.3042150198609814,0.30444425344467163,762312000,0.0,0.0
2011-09-02 00:00:00-04:00,0.2975667586295071,0.30169326381619155,0.2938987479460645,0.2961912751197815,471356000,0.0,0.0
2011-09-06 00:00:00-04:00,0.2865627926812006,0.30283955471426155,0.2838117979607733,0.30215179920196533,696248000,0.0,0.0
2011-09-07 00:00:00-04:00,0.3266816735267639,0.33562244328788543,0.31774093109440843,0.3266816735267639,1606620000,0.0,0.0
2011-09-08 00:00:00-04:00,0.3234720145603974,0.3312665298254226,0.3198040041617089,0.32507675886154175,880164000,0.0,0.0
2011-09-09 00:00:00-04:00,0.32232584238937145,0.3310373486886779,0.31544834173130193,0.3181993365287781,869828000,0.0,0.0
2011-09-12 00:00:00-04:00,0.3138434297629031,0.32851544102136654,0.3138434297629031,0.3257644474506378,916480000,0.0,0.0
2011-09-13 00:00:00-04:00,0.3285155573101307,0.33470532919627405,0.3234720627570281,0.3331005573272705,853836000,0.0,0.0
2011-09-14 00:00:00-04:00,0.34181216476494525,0.3546501785467147,0.34158290378254297,0.35029441118240356,1547192000,0.0,0.0
2011-09-15 00:00:00-04:00,0.3580887601651051,0.3599227651717364,0.35212825072574055,0.3553377389907837,752908000,0.0,0.0
2011-09-16 00:00:00-04:00,0.356025615220152,0.3690928882506603,0.3525868649129147,0.35442087054252625,1391588000,0.0,0.0
2011-09-19 00:00:00-04:00,0.3484603037778894,0.35098206453449704,0.33814405449336443,0.34708482027053833,968204000,0.0,0.0
2011-09-20 00:00:00-04:00,0.3514405688650055,0.3528160797395766,0.33653931948175503,0.33814406394958496,792436000,0.0,0.0
2011-09-21 00:00:00-04:00,0.33997804104042195,0.34593852390033225,0.3314957702345362,0.33172503113746643,715252000,0.0,0.0
2011-09-22 00:00:00-04:00,0.318657764926681,0.31911625940957855,0.30375651659561903,0.30971699953079224,1314632000,0.0,0.0
2011-09-23 00:00:00-04:00,0.30788313600475725,0.32507689046804544,0.3060491300629206,0.31613612174987793,1011440000,0.0,0.0
2011-09-26 00:00:00-04:00,0.3200333268900904,0.32095031600254825,0.3026103151233356,0.316823810338974,972124000,0.0,0.0
2011-09-27 00:00:00-04:00,0.32484757205112097,0.32759856658174363,0.3147605556671637,0.3172822892665863,781388000,0.0,0.0
2011-09-28 00:00:00-04:00,0.3179700960065121,0.32599387461858625,0.30261034901563433,0.30765384435653687,1236532000,0.0,0.0
2011-09-29 00:00:00-04:00,0.3131557960340721,0.3184285512386109,0.29229400880730744,0.3000885248184204,866416000,0.0,0.0
2011-09-30 00:00:00-04:00,0.295274315256399,0.2968790599890334,0.28633354775384917,0.2867920696735382,677784000,0.0,0.0
2011-10-03 00:00:00-04:00,0.28312395641293825,0.2920647206983598,0.2707444429397583,0.2707444429397583,949896000,0.0,0.0
2011-10-04 00:00:00-04:00,0.26409628756156783,0.2957328259944916,0.26295003735727757,0.2957328259944916,1361548000,0.0,0.0
2011-10-05 00:00:00-04:00,0.29504507923366446,0.3090293704046685,0.2890845943902788,0.3062783479690552,856708000,0.0,0.0
2011-10-06 00:00:00-04:00,0.3078830647637206,0.3193455650869391,0.30742454288778676,0.31842857599258423,773192000,0.0,0.0
2011-10-07 00:00:00-04:00,0.3198039818513551,0.329203240761808,0.3131557442123761,0.3243889808654785,806976000,0.0,0.0
2011-10-10 00:00:00-04:00,0.32989101729133086,0.3388317823410034,0.32920326192924043,0.3388317823410034,534376000,0.0,0.0
2011-10-11 00:00:00-04:00,0.3360807610368503,0.3415827766071831,0.3340175222784453,0.33516377210617065,816080000,0.0,0.0
2011-10-12 00:00:00-04:00,0.34158273767809655,0.3418119985490141,0.3347052394955506,0.3349344730377197,612064000,0.0,0.0
2011-10-13 00:00:00-04:00,0.3333298467951309,0.3551086260697253,0.3324128576447042,0.35442087054252625,854832000,0.0,0.0
2011-10-14 00:00:00-04:00,0.3606105387921262,0.364278549269782,0.3516698008298747,0.3603813052177429,702452000,0.0,0.0
2011-10-17 00:00:00-04:00,0.35625491192076814,0.35625491192076814,0.34066587616915733,0.34249988198280334,611780000,0.0,0.0
2011-10-18 00:00:00-04:00,0.3406657983552423,0.35579633602955735,0.33860255936664524,0.35487931966781616,590916000,0.0,0.0
2011-10-19 00:00:00-04:00,0.3553378847439412,0.36152765759634803,0.3468556388538504,0.34777262806892395,557568000,0.0,0.0
2011-10-20 00:00:00-04:00,0.33837331462528225,0.33974882556929464,0.3172822925704572,0.33034956455230713,990308000,0.0,0.0
2011-10-21 00:00:00-04:00,0.33447606129195956,0.3399780775950945,0.3264523114292152,0.33195430040359497,628428000,0.0,0.0
2011-10-24 00:00:00-04:00,0.3333297064698439,0.34960646200340806,0.3326419512321763,0.3443337082862854,535256000,0.0,0.0
2011-10-25 00:00:00-04:00,0.33951956571624864,0.34227058761302875,0.3305788265379815,0.3312665820121765,577996000,0.0,0.0
2011-10-26 00:00:00-04:00,0.33768553265866713,0.33951951052002644,0.32553525169027614,0.33516377210617065,503116000,0.0,0.0
2011-10-27 00:00:00-04:00,0.3475433937918306,0.3530453837296966,0.33974887616296706,0.34960663318634033,577732000,0.0,0.0
2011-10-28 00:00:00-04:00,0.34662636522467816,0.36083988884046975,0.3457093760430989,0.3576303720474243,490156000,0.0,0.0
2011-10-31 00:00:00-04:00,0.346167911949182,0.3482311788471257,0.33929041028022766,0.33929041028022766,519984000,0.0,0.0
2011-11-01 00:00:00-04:00,0.3269107352136516,0.327827724068031,0.3191162206364294,0.322325736284256,790824000,0.0,0.0
2011-11-02 00:00:00-04:00,0.3255353162223514,0.32714008816228807,0.3101755709517622,0.316823810338974,961608000,0.0,0.0
2011-11-03 00:00:00-04:00,0.3202625186000922,0.3365393055109686,0.31178027476904,0.3358515501022339,749372000,0.0,0.0
2011-11-04 00:00:00-04:00,0.33287135865802436,0.34089510953009977,0.3275986026191945,0.3397488594055176,654840000,0.0,0.0
2011-11-07 00:00:00-05:00,0.3372270690048195,0.3429583464603093,0.3301203352449238,0.3379148244857788,613536000,0.0,0.0
2011-11-08 00:00:00-05:00,0.34227063298958965,0.3477726228550646,0.3367686157953551,0.3457093834877014,549728000,0.0,0.0
2011-11-09 00:00:00-05:00,0.3376855195195703,0.34204125776394756,0.32691074969518885,0.3282862603664398,532244000,0.0,0.0
2011-11-10 00:00:00-05:00,0.3363100305660523,0.3397487801374917,0.3234720212345109,0.33172503113746643,990484000,0.0,0.0
2011-11-11 00:00:00-05:00,0.3411244582086234,0.34616795458799726,0.3225551631549292,0.3434169590473175,1751560000,0.0,0.0
2011-11-14 00:00:00-05:00,0.34341698592348796,0.3468557374506494,0.3358517270979793,0.3367687165737152,500292000,0.0,0.0
2011-11-15 00:00:00-05:00,0.3335590706894853,0.3436460595385707,0.33264205431217886,0.3411243259906769,505660000,0.0,0.0
2011-11-16 00:00:00-05:00,0.3347051869091297,0.3436459222102374,0.3331004157223334,0.3342466652393341,512420000,0.0,0.0
2011-11-17 00:00:00-05:00,0.3335590000585249,0.3344759889129043,0.3163652267445419,0.322325736284256,657504000,0.0,0.0
2011-11-18 00:00:00-05:00,0.3241597944441209,0.3241597944441209,0.3159067840872299,0.31934553384780884,501352000,0.0,0.0
2011-11-21 00:00:00-05:00,0.31430205008108403,0.338602560126027,0.3094877893252212,0.3353930711746216,1330788000,0.0,0.0
2011-11-22 00:00:00-05:00,0.33906111612742956,0.34754338921911293,0.33722711039601805,0.3457093834877014,1287480000,0.0,0.0
2011-11-23 00:00:00-05:00,0.3420412564839809,0.3445630169289208,0.33080799225413576,0.3310372531414032,825340000,0.0,0.0
2011-11-25 00:00:00-05:00,0.32668145981900815,0.33424671318208526,0.32095021141194185,0.3218672275543213,406620000,0.0,0.0
2011-11-28 00:00:00-05:00,0.3324128139204315,0.345021563388463,0.3324128139204315,0.33997806906700134,690616000,0.0,0.0
2011-11-29 00:00:00-05:00,0.3395195765566408,0.34616784324778793,0.33631008734626416,0.3418121039867401,623440000,0.0,0.0
2011-11-30 00:00:00-05:00,0.3521283164956848,0.3592350769754893,0.34914806121935543,0.3583180606365204,730324000,0.0,0.0
2011-12-01 00:00:00-05:00,0.35533776862445327,0.36359077817818586,0.3537330243581028,0.3626737892627716,529760000,0.0,0.0
2011-12-02 00:00:00-05:00,0.36657104898612874,0.36794655974743773,0.35694255564322275,0.3603813052177429,546464000,0.0,0.0
2011-12-05 00:00:00-05:00,0.36634184655267577,0.36680034106916903,0.3518990643174779,0.35487931966781616,644696000,0.0,0.0
2011-12-06 00:00:00-05:00,0.35694269508323095,0.35763042340379486,0.3461679203442231,0.34983593225479126,573832000,0.0,0.0
2011-12-07 00:00:00-05:00,0.34754339442953563,0.35029438940351637,0.3404366323620552,0.34777262806892395,510016000,0.0,0.0
2011-12-08 00:00:00-05:00,0.3443339753992239,0.3500652279444929,0.3356224660646614,0.3367687165737152,491488000,0.0,0.0
2011-12-09 00:00:00-05:00,0.33424687103663414,0.3443338893941092,0.32966187014562576,0.34158289432525635,555840000,0.0,0.0
2011-12-12 00:00:00-05:00,0.33424680733155543,0.3356223182681997,0.32691081276988293,0.3331005573272705,573208000,0.0,0.0
2011-12-13 00:00:00-05:00,0.337456266074321,0.34158277085033684,0.32186726321423387,0.3239305019378662,516596000,0.0,0.0
2011-12-14 00:00:00-05:00,0.32117958084714004,0.3230135864230945,0.30788307458241654,0.31132182478904724,636020000,0.0,0.0
2011-12-15 00:00:00-05:00,0.3165945800083821,0.31865781919718683,0.30788307403466475,0.3085708022117615,435148000,0.0,0.0
2011-12-16 00:00:00-05:00,0.3110925103082375,0.31705302057216334,0.30834151608209964,0.30971699953079224,619116000,0.0,0.0
2011-12-19 00:00:00-05:00,0.31109264379078755,0.314760655885331,0.3005471295155485,0.3016933798789978,463276000,0.0,0.0
2011-12-20 00:00:00-05:00,0.3085707697304399,0.319804035600247,0.3085707697304399,0.318657785654068,445208000,0.0,0.0
2011-12-21 00:00:00-05:00,0.31682385654047795,0.3202626072067934,0.3083416103626522,0.3145313560962677,548424000,0.0,0.0
2011-12-22 00:00:00-05:00,0.31544838709234124,0.3289741294000243,0.31544838709234124,0.3280571401119232,576560000,0.0,0.0
2011-12-23 00:00:00-05:00,0.32966175221381433,0.3301202740018943,0.3220964979842606,0.3248475193977356,248948000,0.0,0.0
2011-12-27 00:00:00-05:00,0.3234719860166049,0.3273692296408413,0.32140872010112725,0.322325736284256,195712000,0.0,0.0
2011-12-28 00:00:00-05:00,0.3223257763492872,0.32301353173993425,0.31407276631902775,0.3143020272254944,233960000,0.0,0.0
2011-12-29 00:00:00-05:00,0.31751155672054093,0.3209503067866516,0.31292655663239327,0.3202625513076782,211112000,0.0,0.0
2011-12-30 00:00:00-05:00,0.31911634140327494,0.32255509190168735,0.31728233567170305,0.31774085760116577,186956000,0.0,0.0
2012-01-03 00:00:00-05:00,0.3278277095004214,0.33012023619199604,0.3211794722797237,0.3218672275543213,468044000,0.0,0.0
2012-01-04 00:00:00-05:00,0.32209654742783944,0.32691080831168473,0.3191162919915902,0.32553529739379883,347372000,0.0,0.0
2012-01-05 00:00:00-05:00,0.32393057024493777,0.3388318482252063,0.3225550592532955,0.33722707629203796,563548000,0.0,0.0
2012-01-06 00:00:00-05:00,0.3369977472395045,0.3372269807873533,0.32943249358551047,0.3333297371864319,533252000,0.0,0.0
2012-01-09 00:00:00-05:00,0.33355899806302985,0.33974874111493436,0.3310372377354488,0.3333297371864319,508244000,0.0,0.0
2012-01-10 00:00:00-05:00,0.33837330575954144,0.33860256668712196,0.32966180044281085,0.33195430040359497,546328000,0.0,0.0
2012-01-11 00:00:00-05:00,0.3289740715686756,0.33195432722423923,0.32393057671320646,0.32530608773231506,484272000,0.0,0.0
2012-01-12 00:00:00-05:00,0.3259937752082149,0.3262230087777212,0.31613599384314695,0.32324275374412537,652364000,0.0,0.0
2012-01-13 00:00:00-05:00,0.320950371259038,0.3216381268761675,0.31315588047493526,0.31476062536239624,504300000,0.0,0.0
2012-01-17 00:00:00-05:00,0.31957482056938147,0.31957482056938147,0.3094878040598928,0.30994629859924316,627176000,0.0,0.0
2012-01-18 00:00:00-05:00,0.3159068203664859,0.323013581619336,0.31430207575967495,0.32049182057380676,632676000,0.0,0.0
2012-01-19 00:00:00-05:00,0.3232427885759839,0.3294325602084283,0.31980403870407237,0.32897403836250305,608312000,0.0,0.0
2012-01-20 00:00:00-05:00,0.3285155696328201,0.3324128416565811,0.3248475858787749,0.3259938359260559,546272000,0.0,0.0
2012-01-23 00:00:00-05:00,0.3262229698740785,0.3351637339086373,0.3220964654988013,0.3349344730377197,562792000,0.0,0.0
2012-01-24 00:00:00-05:00,0.33264212464712173,0.3438753931752281,0.3324128910008915,0.34249988198280334,730920000,0.0,0.0
2012-01-25 00:00:00-05:00,0.3333298168685261,0.34135356686503476,0.3237012950097111,0.34043657779693604,1274152000,0.0,0.0
2012-01-26 00:00:00-05:00,0.3454800875843779,0.3493773596177788,0.33539309807485745,0.33722707629203796,799672000,0.0,0.0
2012-01-27 00:00:00-05:00,0.33516383729559296,0.3436460822048085,0.3324128426397334,0.3418121039867401,449996000,0.0,0.0
2012-01-30 00:00:00-05:00,0.3358516594457505,0.34089515520389785,0.3308081363588408,0.33929041028022766,399076000,0.0,0.0
2012-01-31 00:00:00-05:00,0.34020737710184734,0.3404366380738423,0.33264212029990153,0.33860263228416443,357900000,0.0,0.0
2012-02-01 00:00:00-05:00,0.3424998165167665,0.3461678274429483,0.337685582921003,0.3422705829143524,428020000,0.0,0.0
2012-02-02 00:00:00-05:00,0.3441045258781541,0.356484012680224,0.34066574917896725,0.3551085293292999,696236000,0.0,0.0
2012-02-03 00:00:00-05:00,0.3603812896454849,0.36565404423099457,0.35969353429454864,0.3626737892627716,495232000,0.0,0.0
2012-02-06 00:00:00-05:00,0.36083984516303635,0.36129833969832803,0.35671333968789964,0.359922856092453,278868000,0.0,0.0
2012-02-07 00:00:00-05:00,0.3603813789809584,0.36290311278783943,0.3544208675669525,0.3608398735523224,410296000,0.0,0.0
2012-02-08 00:00:00-05:00,0.3608398470737999,0.38101385269226384,0.35900584159416576,0.3739071190357208,847612000,0.0,0.0
2012-02-09 00:00:00-05:00,0.37849214081646027,0.38055538001911837,0.37299012406144283,0.3736778795719147,561944000,0.0,0.0
2012-02-10 00:00:00-05:00,0.3700098732860415,0.371385384325142,0.3624446172285044,0.36450788378715515,440268000,0.0,0.0
2012-02-13 00:00:00-05:00,0.373677888912771,0.3750533999680985,0.36267388245642557,0.37023913860321045,610668000,0.0,0.0
2012-02-14 00:00:00-05:00,0.37023917353784136,0.37551192997577365,0.36702965654882314,0.37230241298675537,453756000,0.0,0.0
2012-02-15 00:00:00-05:00,0.37574116984275147,0.38743293227318926,0.36978065814708533,0.37069764733314514,1110856000,0.0,0.0
2012-02-16 00:00:00-05:00,0.34525079828520006,0.38009681605133466,0.3438752875154175,0.3771165609359741,1888588000,0.0,0.0
2012-02-17 00:00:00-05:00,0.37734585767658846,0.37986759122233904,0.35992284713887956,0.3633615970611572,1020360000,0.0,0.0
2012-02-21 00:00:00-05:00,0.36313239509758083,0.3741364021013694,0.3624446395357016,0.3651956617832184,518176000,0.0,0.0
2012-02-22 00:00:00-05:00,0.36336154461370784,0.3723022821896256,0.3622152948050645,0.3626737892627716,492432000,0.0,0.0
2012-02-23 00:00:00-05:00,0.3633615504487845,0.366800299929936,0.3576302739847803,0.36473703384399414,323968000,0.0,0.0
2012-02-24 00:00:00-05:00,0.36588343564563736,0.36634195762991206,0.3603814451219699,0.3619861900806427,366668000,0.0,0.0
2012-02-27 00:00:00-05:00,0.357401164686682,0.35900590953677974,0.3496066467552971,0.3546501696109772,745268000,0.0,0.0
2012-02-28 00:00:00-05:00,0.3546501552023176,0.35877666131260444,0.34777262679933285,0.3514406383037567,699884000,0.0,0.0
2012-02-29 00:00:00-05:00,0.352586875433163,0.3585473870750566,0.34708488570892193,0.34731411933898926,689196000,0.0,0.0
2012-03-01 00:00:00-05:00,0.3486896439729493,0.35373313930411987,0.34731413282410284,0.34960663318634033,449944000,0.0,0.0
2012-03-02 00:00:00-05:00,0.34846035958467897,0.3576303604172995,0.34846035958467897,0.35258686542510986,684076000,0.0,0.0
2012-03-05 00:00:00-05:00,0.350065078349869,0.3507528338271537,0.3381440836157064,0.3406658172607422,514848000,0.0,0.0
2012-03-06 00:00:00-05:00,0.33676859004537935,0.33951958476777044,0.3314958342190212,0.3374563455581665,471400000,0.0,0.0
2012-03-07 00:00:00-05:00,0.33929026717073607,0.34089501141754003,0.33470526799201,0.3395195007324219,441984000,0.0,0.0
2012-03-08 00:00:00-05:00,0.34043658365415136,0.34410459464716575,0.33860257815764416,0.3406658172607422,430852000,0.0,0.0
2012-03-09 00:00:00-05:00,0.3415828650706008,0.34410462627618515,0.33791485374043434,0.3397488594055176,367836000,0.0,0.0
2012-03-12 00:00:00-04:00,0.3411243502423626,0.3434168503554777,0.33355909440333137,0.3344760835170746,299948000,0.0,0.0
2012-03-13 00:00:00-04:00,0.3358516512451261,0.34089514688012446,0.33424687903187794,0.3390611410140991,553288000,0.0,0.0
2012-03-14 00:00:00-04:00,0.33906113290480167,0.33974888850420737,0.3282863862766491,0.3294326364994049,735708000,0.0,0.0
2012-03-15 00:00:00-04:00,0.3303494223472806,0.336080669932284,0.32920317283027994,0.3342466652393341,382380000,0.0,0.0
2012-03-16 00:00:00-04:00,0.3344761811804143,0.3360809262624112,0.33264217508866134,0.3347054421901703,428340000,0.0,0.0
2012-03-19 00:00:00-04:00,0.3365392373670098,0.3381439814432861,0.33401747715518426,0.33562222123146057,405400000,0.0,0.0
2012-03-20 00:00:00-04:00,0.3337883387929656,0.3337883387929656,0.32714009918181175,0.33012035489082336,449616000,0.0,0.0
2012-03-21 00:00:00-04:00,0.3301204565466925,0.3344761973120112,0.3264524441862804,0.3314959406852722,467840000,0.0,0.0
2012-03-22 00:00:00-04:00,0.32897398714224774,0.33378824714486,0.32805699825067897,0.3310372531414032,425372000,0.0,0.0
2012-03-23 00:00:00-04:00,0.33012025718959587,0.3344759953245177,0.327827730352203,0.3335590064525604,315456000,0.0,0.0
2012-03-26 00:00:00-04:00,0.33676859004537935,0.33906109020216485,0.33355910075738265,0.3374563455581665,288600000,0.0,0.0
2012-03-27 00:00:00-04:00,0.3388318702373553,0.34387536531976526,0.33814411469685424,0.3397488594055176,419968000,0.0,0.0
2012-03-28 00:00:00-04:00,0.3441046086056364,0.35212835906567413,0.3415828475295502,0.3475433588027954,892448000,0.0,0.0
2012-03-29 00:00:00-04:00,0.34708467776188534,0.3518989090540812,0.3427289134551452,0.3491479158401489,372700000,0.0,0.0
2012-03-30 00:00:00-04:00,0.3521282363419487,0.35510849093989305,0.3470847432762917,0.3530452251434326,527240000,0.0,0.0
2012-04-02 00:00:00-04:00,0.3521283938769312,0.3551086498081806,0.3463971429817439,0.3514406383037567,407776000,0.0,0.0
2012-04-03 00:00:00-04:00,0.35396239561467346,0.3544208902153364,0.3438753777562899,0.3457093834877014,430476000,0.0,0.0
2012-04-04 00:00:00-04:00,0.34043654972212734,0.3447922884295247,0.3337882838760298,0.3358515501022339,495896000,0.0,0.0
2012-04-05 00:00:00-04:00,0.33631006020966464,0.34043656552486784,0.3342467938876857,0.3353930711746216,369424000,0.0,0.0
2012-04-09 00:00:00-04:00,0.33012026424983437,0.3321835029202394,0.3246182489141703,0.3310372531414032,365504000,0.0,0.0
2012-04-10 00:00:00-04:00,0.3296617739770031,0.3342467735304797,0.32301353555596324,0.32461827993392944,470360000,0.0,0.0
2012-04-11 00:00:00-04:00,0.3289740921350191,0.3358516203317643,0.32782784199035475,0.3287448585033417,372960000,0.0,0.0
2012-04-12 00:00:00-04:00,0.32920321889305953,0.33837321631214956,0.32782770834869684,0.33653923869132996,384868000,0.0,0.0
2012-04-13 00:00:00-04:00,0.33355904546046067,0.3353930507476019,0.32438901902475437,0.32461827993392944,311324000,0.0,0.0
2012-04-16 00:00:00-04:00,0.32691080443722964,0.32782779348578206,0.31544830468654866,0.3207210600376129,463468000,0.0,0.0
2012-04-17 00:00:00-04:00,0.32163806917218657,0.32553531386504664,0.32026255818470334,0.32140880823135376,460696000,0.0,0.0
2012-04-18 00:00:00-04:00,0.3193455782898068,0.32095032293565184,0.3140728224573808,0.31797006726264954,400764000,0.0,0.0
2012-04-19 00:00:00-04:00,0.313843528216005,0.32576454964337886,0.31155102829978,0.31315580010414124,667188000,0.0,0.0
2012-04-20 00:00:00-04:00,0.31498975589510203,0.3159067721939849,0.3062782513638549,0.30696600675582886,509592000,0.0,0.0
2012-04-23 00:00:00-04:00,0.30169328180192667,0.3046735372438003,0.2959620318478448,0.3032980263233185,706244000,0.0,0.0
2012-04-24 00:00:00-04:00,0.30421503837129343,0.30673679924659963,0.2922940167739424,0.2938987612724304,730440000,0.0,0.0
2012-04-25 00:00:00-04:00,0.2982546000706985,0.3021518454654203,0.2927525824586545,0.29985934495925903,727112000,0.0,0.0
2012-04-26 00:00:00-04:00,0.29963003030688534,0.3026102856249946,0.2975667640118462,0.3000885248184204,539208000,0.0,0.0
2012-04-27 00:00:00-04:00,0.2996301878991016,0.30146419423860227,0.2943574299213255,0.2975669205188751,475356000,0.0,0.0
2012-04-30 00:00:00-04:00,0.2959619523325879,0.2996299622492286,0.2938986865061969,0.2980251908302307,262268000,0.0,0.0
2012-05-01 00:00:00-04:00,0.29642052637842026,0.30650754269485764,0.29642052637842026,0.3032980263233185,408680000,0.0,0.0
2012-05-02 00:00:00-04:00,0.30215185627999747,0.30329810657410455,0.2929818539271411,0.2945865988731384,684008000,0.0,0.0
2012-05-03 00:00:00-04:00,0.2952743131154683,0.2971083187946495,0.28770905676932046,0.2895430624485016,419536000,0.0,0.0
2012-05-04 00:00:00-04:00,0.2877090826259034,0.28931382749112167,0.2810608148574829,0.2810608148574829,545092000,0.0,0.0
2012-05-07 00:00:00-04:00,0.2861041938678612,0.2909184533710007,0.28358243368455044,0.2858749330043793,604440000,0.0,0.0
2012-05-08 00:00:00-04:00,0.2833531965027179,0.2874797010890378,0.2783097030433268,0.2856457233428955,462312000,0.0,0.0
2012-05-09 00:00:00-04:00,0.28060229704532713,0.28908456995694704,0.27785130217098836,0.2867920696735382,520608000,0.0,0.0
2012-05-10 00:00:00-04:00,0.2895430263797071,0.2900015209101973,0.2801437655252576,0.2847287654876709,597092000,0.0,0.0
2012-05-11 00:00:00-04:00,0.30834156403235413,0.31361431972752457,0.30169329734583245,0.3028395473957062,1435140000,0.0,0.0
2012-05-14 00:00:00-04:00,0.30031772731317946,0.30559048197174676,0.2941279837264924,0.301005482673645,437472000,0.0,0.0
2012-05-15 00:00:00-04:00,0.30100544547140784,0.30765371002922576,0.29664970760805154,0.2980251908302307,599940000,0.0,0.0
2012-05-16 00:00:00-04:00,0.29848376088384665,0.30192251048906926,0.2911477398630365,0.29206475615501404,470484000,0.0,0.0
2012-05-17 00:00:00-04:00,0.29321108810570956,0.2959620830942579,0.2900015711784363,0.2900015711784363,335364000,0.0,0.0
2012-05-18 00:00:00-04:00,0.29068926286501356,0.2920647737213341,0.27555875276050434,0.2769342362880707,567288000,0.0,0.0
2012-05-21 00:00:00-04:00,0.27739282319899544,0.2831240742302225,0.27555881740325067,0.28174856305122375,416260000,0.0,0.0
2012-05-22 00:00:00-04:00,0.28151930902254096,0.2819778036060876,0.27418328637076,0.27830979228019714,410140000,0.0,0.0
2012-05-23 00:00:00-04:00,0.2753295183418492,0.28564579609968105,0.27120301270446784,0.2851872742176056,496000000,0.0,0.0
2012-05-24 00:00:00-04:00,0.28679204185711243,0.28725053640357223,0.2755587751606865,0.2776220142841339,520420000,0.0,0.0
2012-05-25 00:00:00-04:00,0.2773928153202491,0.28656281670975825,0.2773928153202491,0.284270316362381,391752000,0.0,0.0
2012-05-29 00:00:00-04:00,0.2888552826044211,0.2934402827523077,0.28770903256744945,0.29160627722740173,310000000,0.0,0.0
2012-05-30 00:00:00-04:00,0.288396856856933,0.2904600964841972,0.2831240999632141,0.2881675958633423,379792000,0.0,0.0
2012-05-31 00:00:00-04:00,0.2881674334759209,0.28931368314041644,0.28128993548894726,0.2849579453468323,358192000,0.0,0.0
2012-06-01 00:00:00-04:00,0.2789975186532765,0.2817485131957239,0.27418325770742674,0.274641752243042,440984000,0.0,0.0
2012-06-04 00:00:00-04:00,0.2760172582528414,0.27762200276323445,0.2666179974610665,0.2689104974269867,432856000,0.0,0.0
2012-06-05 00:00:00-04:00,0.26753496870544885,0.27739272236142926,0.26753496870544885,0.27670496702194214,365224000,0.0,0.0
2012-06-06 00:00:00-04:00,0.2787682324874242,0.28472874289715394,0.27670499359953876,0.28404098749160767,368968000,0.0,0.0
2012-06-07 00:00:00-04:00,0.28816748135235964,0.28977225301227005,0.2723492169570092,0.27257847785949707,526780000,0.0,0.0
2012-06-08 00:00:00-04:00,0.2734953995659483,0.27876815306795416,0.2730369052024577,0.2778511643409729,370308000,0.0,0.0
2012-06-11 00:00:00-04:00,0.28679209336828193,0.29183558894272277,0.28037308657864746,0.2810608148574829,839080000,0.0,0.0
2012-06-12 00:00:00-04:00,0.28427030843028483,0.289543064547877,0.2838118138393549,0.2867920696735382,496128000,0.0,0.0
2012-06-13 00:00:00-04:00,0.2865628356737209,0.28725059128919983,0.27785132831143095,0.2792268395423889,494276000,0.0,0.0
2012-06-14 00:00:00-04:00,0.2787682948405091,0.2810607951525993,0.2730370440602835,0.2757880389690399,589884000,0.0,0.0
2012-06-15 00:00:00-04:00,0.27785131781574146,0.2819778240239771,0.27532955643049734,0.28174856305122375,385288000,0.0,0.0
2012-06-18 00:00:00-04:00,0.27968531566762644,0.28656281670975825,0.2773928153202491,0.284270316362381,304424000,0.0,0.0
2012-06-19 00:00:00-04:00,0.295962039976526,0.3078830620714349,0.2945865290182653,0.303527295589447,960476000,0.0,0.0
2012-06-20 00:00:00-04:00,0.30650752758498645,0.31407278261718197,0.3046735222243399,0.30834153294563293,972720000,0.0,0.0
2012-06-21 00:00:00-04:00,0.3081123314725314,0.3081123314725314,0.29366957404798194,0.2943573296070099,516376000,0.0,0.0
2012-06-22 00:00:00-04:00,0.2980251908302307,0.30146396720754903,0.2938986865061969,0.2980251908302307,865360000,0.0,0.0
2012-06-25 00:00:00-04:00,0.29825441395763713,0.2991714026563889,0.28747964643920826,0.28862589597702026,494616000,0.0,0.0
2012-06-26 00:00:00-04:00,0.290230831500177,0.29389881570046994,0.2861043253621822,0.29183557629585266,437152000,0.0,0.0
2012-06-27 00:00:00-04:00,0.2920647530887842,0.3032979907497452,0.2920647530887842,0.30123475193977356,506064000,0.0,0.0
2012-06-28 00:00:00-04:00,0.29848380095708504,0.3053613010908758,0.295962039976526,0.303527295589447,545896000,0.0,0.0
2012-06-29 00:00:00-04:00,0.3106340655079911,0.31751156583769585,0.3104048045654982,0.316823810338974,616508000,0.0,0.0
2012-07-02 00:00:00-04:00,0.3184285487648117,0.31865778235442116,0.3058197721586497,0.30834153294563293,581684000,0.0,0.0
2012-07-03 00:00:00-04:00,0.3083415806303286,0.3170530869440591,0.30811231967651004,0.3163653314113617,219284000,0.0,0.0
2012-07-05 00:00:00-04:00,0.31430205006225376,0.31567753361473594,0.30834153934856684,0.31315580010414124,280076000,0.0,0.0
2012-07-06 00:00:00-04:00,0.3108631688565344,0.31178018491347964,0.30375643789112317,0.30719518661499023,382760000,0.0,0.0
2012-07-09 00:00:00-04:00,0.3053613168245522,0.3067368278536858,0.3005470555513424,0.3030688166618347,306336000,0.0,0.0
2012-07-10 00:00:00-04:00,0.2998592720711059,0.30880003826911917,0.2916062613235175,0.2938987612724304,512028000,0.0,0.0
2012-07-11 00:00:00-04:00,0.2948157129256483,0.298483722970139,0.2877089537127284,0.28908446431159973,485216000,0.0,0.0
2012-07-12 00:00:00-04:00,0.2858750611397931,0.2863335557435166,0.28174855504876206,0.284270316362381,472160000,0.0,0.0
2012-07-13 00:00:00-04:00,0.28449954664470245,0.28931378045771283,0.2826655410988503,0.28793829679489136,324260000,0.0,0.0
2012-07-16 00:00:00-04:00,0.2861043193303492,0.29114781457989697,0.28335329707717805,0.28885531425476074,334460000,0.0,0.0
2012-07-17 00:00:00-04:00,0.2897722802249292,0.29137702470678967,0.27876824778965903,0.28358250856399536,447476000,0.0,0.0
2012-07-18 00:00:00-04:00,0.2828947551803546,0.3035272819857608,0.2815192716124975,0.29940077662467957,616008000,0.0,0.0
2012-07-19 00:00:00-04:00,0.301463990176474,0.3062782228140259,0.29940072419288016,0.3023809790611267,403036000,0.0,0.0
2012-07-20 00:00:00-04:00,0.30054689951690855,0.3026101649894268,0.2904598876405542,0.2936694025993347,451000000,0.0,0.0
2012-07-23 00:00:00-04:00,0.2858751540172312,0.2996301878991016,0.2826656634196816,0.2975669205188751,451584000,0.0,0.0
2012-07-24 00:00:00-04:00,0.2980253137072266,0.29985931942171473,0.2909185791406295,0.2943573296070099,351164000,0.0,0.0
2012-07-25 00:00:00-04:00,0.2934402587505222,0.30306878013652966,0.29206477521591706,0.3000885248184204,415044000,0.0,0.0
2012-07-26 00:00:00-04:00,0.3055904687300638,0.30902924538338433,0.2991714645251159,0.3014639914035797,338440000,0.0,0.0
2012-07-27 00:00:00-04:00,0.30261015945858744,0.3099461505708368,0.3003176331992201,0.30902916193008423,376516000,0.0,0.0
2012-07-30 00:00:00-04:00,0.3090293176279036,0.31292656230775984,0.3030688064737069,0.30559054017066956,363552000,0.0,0.0
2012-07-31 00:00:00-04:00,0.30559051678391846,0.31476054375350193,0.305132022267628,0.31040477752685547,387788000,0.0,0.0
2012-08-01 00:00:00-04:00,0.31223876165595893,0.3152190168020109,0.3055904959718809,0.30696600675582886,335912000,0.0,0.0
2012-08-02 00:00:00-04:00,0.3053612398412141,0.31269723304671215,0.30031771889173037,0.308112233877182,367912000,0.0,0.0
2012-08-03 00:00:00-04:00,0.31292661125107274,0.31774087311541865,0.30559058796659105,0.3145313560962677,326548000,0.0,0.0
2012-08-06 00:00:00-04:00,0.3175114988296591,0.3227842534354152,0.31705300437019146,0.32117950916290283,360324000,0.0,0.0
2012-08-07 00:00:00-04:00,0.325076736183347,0.3278277301260711,0.32255497579407916,0.3243889808654785,407340000,0.0,0.0
2012-08-08 00:00:00-04:00,0.3241599250407512,0.3296619159428025,0.3232429083378994,0.3262231647968292,517064000,0.0,0.0
2012-08-09 00:00:00-04:00,0.3266815648994654,0.33791483178785914,0.3262230703451703,0.33722707629203796,822300000,0.0,0.0
2012-08-10 00:00:00-04:00,0.3461677759180846,0.3489187700388752,0.3308080063635632,0.33516377210617065,1278744000,0.0,0.0
2012-08-13 00:00:00-04:00,0.3356222568962549,0.3397487616228585,0.33424674621113676,0.3395195007324219,447244000,0.0,0.0
2012-08-14 00:00:00-04:00,0.340665828356734,0.3411243502423626,0.3331005725177027,0.3344760835170746,388828000,0.0,0.0
2012-08-15 00:00:00-04:00,0.3356223112723516,0.33837330575954144,0.33034955589679715,0.33195430040359497,594404000,0.0,0.0
2012-08-16 00:00:00-04:00,0.3349345110654081,0.33997803216823697,0.3337882612381746,0.3388317823410034,371008000,0.0,0.0
2012-08-17 00:00:00-04:00,0.3388318053209153,0.3388318053209153,0.3328712948835525,0.3358515501022339,309864000,0.0,0.0
2012-08-20 00:00:00-04:00,0.3347053001972605,0.3363100445984726,0.3308080286573484,0.3358515501022339,314392000,0.0,0.0
2012-08-21 00:00:00-04:00,0.3369977388897326,0.339060977412997,0.3314957239464468,0.3349344730377197,340248000,0.0,0.0
2012-08-22 00:00:00-04:00,0.33287122748230863,0.3369977317704105,0.331724977809433,0.33562222123146057,313556000,0.0,0.0
2012-08-23 00:00:00-04:00,0.334934641758968,0.33516390274537433,0.3266816288510094,0.3280571401119232,379040000,0.0,0.0
2012-08-24 00:00:00-04:00,0.3280571735236615,0.3363101872721672,0.3273694178231585,0.3347054421901703,347724000,0.0,0.0
2012-08-27 00:00:00-04:00,0.3344760545548143,0.33539307091791015,0.3287448047682951,0.32897403836250305,340944000,0.0,0.0
2012-08-28 00:00:00-04:00,0.3264522326665386,0.33080797060962347,0.32576447737848613,0.3275984823703766,310764000,0.0,0.0
2012-08-29 00:00:00-04:00,0.32736924414268903,0.3303494990445658,0.32668148880706355,0.3282862603664398,250412000,0.0,0.0
2012-08-30 00:00:00-04:00,0.32759863354437746,0.3287448837771652,0.3204918711695887,0.3220966160297394,307488000,0.0,0.0
2012-08-31 00:00:00-04:00,0.32438913232934663,0.3266816329068234,0.3184286472251647,0.3216381371021271,485064000,0.0,0.0
2012-09-04 00:00:00-04:00,0.31636527431667444,0.317511524221386,0.30146402555542434,0.30444425344467163,694452000,0.0,0.0
2012-09-05 00:00:00-04:00,0.3055905343137811,0.3099463007902913,0.3021517842512102,0.3053613007068634,480256000,0.0,0.0
2012-09-06 00:00:00-04:00,0.30765386286666124,0.32301363811042644,0.3074246018846975,0.31476062536239624,657296000,0.0,0.0
2012-09-07 00:00:00-04:00,0.3067366922508904,0.30925842491781225,0.29687891311464354,0.30719518661499023,781064000,0.0,0.0
2012-09-10 00:00:00-04:00,0.30650751967040446,0.310863258376807,0.30375652536484743,0.30444425344467163,371108000,0.0,0.0
2012-09-11 00:00:00-04:00,0.30421499004883157,0.3129264939366889,0.30306874025644903,0.308112233877182,382808000,0.0,0.0
2012-09-12 00:00:00-04:00,0.3106340156828342,0.31315577633074276,0.30765376055223853,0.3115510046482086,322608000,0.0,0.0
2012-09-13 00:00:00-04:00,0.31430209417354105,0.31544834429252605,0.3076538270861728,0.3136143386363983,433836000,0.0,0.0
2012-09-14 00:00:00-04:00,0.3133850447374746,0.3227843056565873,0.3133850447374746,0.3172822892665863,339468000,0.0,0.0
2012-09-17 00:00:00-04:00,0.31797006369133285,0.31797006369133285,0.30513205201124866,0.3085708022117615,493348000,0.0,0.0
2012-09-18 00:00:00-04:00,0.30513197191453556,0.314301997370875,0.3049027383585959,0.31063398718833923,359952000,0.0,0.0
2012-09-19 00:00:00-04:00,0.3113217720851922,0.318657765818338,0.30765376155424295,0.3143020272254944,451936000,0.0,0.0
2012-09-20 00:00:00-04:00,0.313614225222744,0.3152189693432409,0.3094877208209317,0.31200945377349854,320596000,0.0,0.0
2012-09-21 00:00:00-04:00,0.31246805051578486,0.3152190450010277,0.31132180053620406,0.3133850395679474,340136000,0.0,0.0
2012-09-24 00:00:00-04:00,0.30834153934856684,0.3136142946216353,0.30788304483107276,0.31315580010414124,357832000,0.0,0.0
2012-09-25 00:00:00-04:00,0.31728223959286805,0.3186577503072072,0.3069659912215786,0.30742448568344116,481544000,0.0,0.0
2012-09-26 00:00:00-04:00,0.30627830494698505,0.30650756589400296,0.29848381535098145,0.30215179920196533,436812000,0.0,0.0
2012-09-27 00:00:00-04:00,0.30283950904382617,0.304902775269559,0.3003177483219594,0.30444425344467163,558888000,0.0,0.0
2012-09-28 00:00:00-04:00,0.3030687851906344,0.31017554588858304,0.29917151345570814,0.3058197796344757,485508000,0.0,0.0
2012-10-01 00:00:00-04:00,0.3071951866904042,0.3090291914759993,0.29962993403029037,0.3007761836051941,504236000,0.0,0.0
2012-10-02 00:00:00-04:00,0.3028396086366359,0.3028396086366359,0.2984838684977906,0.30192261934280396,295492000,0.0,0.0
2012-10-03 00:00:00-04:00,0.30261024839088807,0.30352723730112896,0.2973374938351254,0.2989422380924225,430872000,0.0,0.0
2012-10-04 00:00:00-04:00,0.299629975951593,0.31407272808181824,0.2980252044592074,0.3122387230396271,502608000,0.0,0.0
2012-10-05 00:00:00-04:00,0.3131557720655809,0.31636526072943083,0.3037565123191239,0.3049027621746063,483068000,0.0,0.0
2012-10-08 00:00:00-04:00,0.3037566252592302,0.3051321091999781,0.2996301187794617,0.30192261934280396,240596000,0.0,0.0
2012-10-09 00:00:00-04:00,0.30146388558291043,0.3023808741494119,0.29458636201918653,0.2955033779144287,366360000,0.0,0.0
2012-10-10 00:00:00-04:00,0.29412800108789633,0.29550351189001933,0.289313740609219,0.2904599905014038,326568000,0.0,0.0
2012-10-11 00:00:00-04:00,0.29321100602342154,0.29412799498664655,0.289772256418199,0.29206475615501404,320516000,0.0,0.0
2012-10-12 00:00:00-04:00,0.29000155703610714,0.2922940573028939,0.28770905676932046,0.2895430624485016,260696000,0.0,0.0
2012-10-15 00:00:00-04:00,0.2900015264487726,0.2934402764862573,0.28656277641128786,0.29321104288101196,249580000,0.0,0.0
2012-10-16 00:00:00-04:00,0.29573286705755586,0.3026103965670158,0.29298187165103046,0.3016933798789978,367696000,0.0,0.0
2012-10-17 00:00:00-04:00,0.2980252657280675,0.30077628752129165,0.2950450103379113,0.29940077662467957,391752000,0.0,0.0
2012-10-18 00:00:00-04:00,0.2987129628014441,0.2987129628014441,0.2936694693807318,0.29481571912765503,254772000,0.0,0.0
2012-10-19 00:00:00-04:00,0.2904600255575474,0.29252329200975125,0.27601726970714635,0.2776220142841339,709412000,0.0,0.0
2012-10-22 00:00:00-04:00,0.27876825176769304,0.2803730236012085,0.27212001282136256,0.27441251277923584,480840000,0.0,0.0
2012-10-23 00:00:00-04:00,0.2718907493425539,0.2844995263212871,0.27120299389589503,0.28266552090644836,573948000,0.0,0.0
2012-10-24 00:00:00-04:00,0.2844995269278625,0.28564577689848625,0.27624651620786966,0.2789975106716156,332916000,0.0,0.0
2012-10-25 00:00:00-04:00,0.2812900790600642,0.284270335174632,0.27808058929284446,0.2792268395423889,307356000,0.0,0.0
2012-10-26 00:00:00-04:00,0.27968541869607205,0.28129016406462837,0.27624666690826416,0.27624666690826416,389376000,0.0,0.0
2012-10-31 00:00:00-04:00,0.2773927741142452,0.2796852741210773,0.273954024103997,0.274641752243042,347112000,0.0,0.0
2012-11-01 00:00:00-04:00,0.2760171806512127,0.2879381989854336,0.2757879197875748,0.28770893812179565,473220000,0.0,0.0
2012-11-02 00:00:00-04:00,0.29068941884702604,0.29114791360224007,0.28449967132971454,0.2863336503505707,256700000,0.0,0.0
2012-11-05 00:00:00-05:00,0.2856457497810819,0.2996300090266162,0.2856457497810819,0.2984837591648102,444840000,0.0,0.0
2012-11-06 00:00:00-05:00,0.29917150872486575,0.29917150872486575,0.29321102541225597,0.29825451970100403,350804000,0.0,0.0
2012-11-07 00:00:00-05:00,0.295961962648458,0.2977959676707033,0.2877089537127284,0.28908446431159973,324620000,0.0,0.0
2012-11-08 00:00:00-05:00,0.2922940041969706,0.29985925916861256,0.2900015043467006,0.29068925976753235,839024000,0.0,0.0
2012-11-09 00:00:00-05:00,0.29229396831387777,0.2957327176671292,0.27853897090087204,0.2794559597969055,846280000,0.0,0.0
2012-11-12 00:00:00-05:00,0.2799145251603107,0.28106077523512635,0.2705152636153191,0.2732662856578827,643624000,0.0,0.0
2012-11-13 00:00:00-05:00,0.2718907667650674,0.2780805388528775,0.2709737776632657,0.27120301127433777,492120000,0.0,0.0
2012-11-14 00:00:00-05:00,0.27280781066531623,0.27555880557648255,0.2643255376401442,0.26455479860305786,619300000,0.0,0.0
2012-11-15 00:00:00-05:00,0.26615952028172835,0.27303702062775964,0.2638670201663846,0.265701025724411,466688000,0.0,0.0
2012-11-16 00:00:00-05:00,0.2657010196291875,0.26661800872278635,0.2556140029558185,0.2608867585659027,624552000,0.0,0.0
2012-11-19 00:00:00-05:00,0.2657010155997141,0.2691397656416941,0.26249149916327913,0.26822274923324585,404092000,0.0,0.0
2012-11-20 00:00:00-05:00,0.2671844500185863,0.2683380950832321,0.26233912974504686,0.2651078999042511,336976000,0.001875,0.0
2012-11-21 00:00:00-05:00,0.2651079417155929,0.27341417098801374,0.26487720166424555,0.2727220058441162,422312000,0.0,0.0
2012-11-23 00:00:00-05:00,0.2738756795649075,0.277798068310108,0.27249129412303663,0.2745678722858429,276932000,0.0,0.0
2012-11-26 00:00:00-05:00,0.275029292978156,0.2801053265001499,0.2745678403861696,0.2794131338596344,364600000,0.0,0.0
2012-11-27 00:00:00-05:00,0.27825952082956246,0.2847199403802392,0.27595223009754044,0.2805668115615845,451404000,0.0,0.0
2012-11-28 00:00:00-05:00,0.2794131712008097,0.28425849282688215,0.2759522350407796,0.28287410736083984,398332000,0.0,0.0
2012-11-29 00:00:00-05:00,0.2833354794423417,0.28471983687525054,0.2768750622402383,0.27779796719551086,488688000,0.0,0.0
2012-11-30 00:00:00-05:00,0.2775672175206447,0.27964379485515994,0.2745677627681186,0.2761828601360321,460504000,0.0,0.0
2012-12-03 00:00:00-05:00,0.279643773226293,0.279643773226293,0.2704146146891087,0.2711067795753479,391380000,0.0,0.0
2012-12-04 00:00:00-05:00,0.2715684276774088,0.2796439463982815,0.269953301929171,0.279182493686676,528068000,0.0,0.0
2012-12-05 00:00:00-05:00,0.2768751527250325,0.2787209632388018,0.27202983136370273,0.27595221996307373,633024000,0.0,0.0
2012-12-06 00:00:00-05:00,0.2752599744161446,0.27825945718271045,0.2743370693364638,0.27641361951828003,412896000,0.0,0.0
2012-12-07 00:00:00-05:00,0.2766444126582743,0.27802879804867536,0.2727220240589033,0.27595221996307373,338288000,0.0,0.0
2012-12-10 00:00:00-05:00,0.27595218222833756,0.28725792135709305,0.27525998962778997,0.28518134355545044,513644000,0.0,0.0
2012-12-11 00:00:00-05:00,0.28610424634329484,0.29556414671870684,0.2854120538149605,0.29187247157096863,816724000,0.0,0.0
2012-12-12 00:00:00-05:00,0.29279546257872024,0.29441056046397407,0.2877194013606754,0.2888730466365814,399404000,0.0,0.0
2012-12-13 00:00:00-05:00,0.2884114943821315,0.2946411712186791,0.2863349446049701,0.2891036868095398,377556000,0.0,0.0
2012-12-14 00:00:00-05:00,0.29025735180067835,0.29348754667900684,0.28818077437455397,0.290488064289093,338660000,0.0,0.0
2012-12-17 00:00:00-05:00,0.2897959262215887,0.2914110238106883,0.28495060594922195,0.2893344461917877,445232000,0.0,0.0
2012-12-18 00:00:00-05:00,0.28933445510993605,0.29302613043172465,0.2884115500320233,0.2897959351539612,416436000,0.0,0.0
2012-12-19 00:00:00-05:00,0.29187247157096863,0.2953334067075729,0.29071882652543385,0.29187247157096863,458544000,0.0,0.0
2012-12-20 00:00:00-05:00,0.29302612940538586,0.29325686942659024,0.2884115490218473,0.2916417717933655,334332000,0.0,0.0
2012-12-21 00:00:00-05:00,0.2877193266150805,0.2877193266150805,0.28172036173679005,0.2849505841732025,462172000,0.0,0.0
2012-12-24 00:00:00-05:00,0.28471992834996357,0.28564286110682074,0.2817204450240571,0.2826433777809143,127376000,0.0,0.0
2012-12-26 00:00:00-05:00,0.28195107654345847,0.28656565603599266,0.2812588841185657,0.2824125289916992,196740000,0.0,0.0
2012-12-27 00:00:00-05:00,0.2828741022936065,0.28333558244407103,0.2773366155387837,0.2805668115615845,299804000,0.0,0.0
2012-12-28 00:00:00-05:00,0.2780288481551228,0.28356633570454676,0.2775673679384382,0.279182493686676,220600000,0.0,0.0
2012-12-31 00:00:00-05:00,0.27825952581413305,0.28402775274751657,0.27756733308111187,0.28287410736083984,326460000,0.0,0.0
2013-01-02 00:00:00-05:00,0.289795901440869,0.2937182888232947,0.2886422564751517,0.293487548828125,478836000,0.0,0.0
2013-01-03 00:00:00-05:00,0.29348768731561387,0.29694862384587145,0.2902574908894049,0.2937184274196625,298888000,0.0,0.0
2013-01-04 00:00:00-05:00,0.29417979156217683,0.30433188549777185,0.29325688643397285,0.30340898036956787,524968000,0.0,0.0
2013-01-07 00:00:00-05:00,0.303178222228942,0.3041011273020293,0.29256467636309424,0.2946412265300751,610732000,0.0,0.0
2013-01-08 00:00:00-05:00,0.2953335002489257,0.29625643308071564,0.2861043369614831,0.2881808876991272,466424000,0.0,0.0
2013-01-09 00:00:00-05:00,0.29048804690343843,0.2918724317713329,0.279874530434815,0.2817203402519226,695020000,0.0,0.0
2013-01-10 00:00:00-05:00,0.2842584391203948,0.2856428243248777,0.2805667635784873,0.28218188881874084,506368000,0.0,0.0
2013-01-11 00:00:00-05:00,0.2833354650994873,0.2835661775740939,0.2789515980211975,0.2817203402519226,513172000,0.0,0.0
2013-01-14 00:00:00-05:00,0.28356616034258897,0.28356616034258897,0.27825938867822275,0.28148961067199707,305684000,0.0,0.0
2013-01-15 00:00:00-05:00,0.2801052948471409,0.2801052948471409,0.2747985218763042,0.27641361951828003,375888000,0.0,0.0
2013-01-16 00:00:00-05:00,0.27595219166488627,0.2812589651104624,0.27595219166488627,0.2789516746997833,337376000,0.0,0.0
2013-01-17 00:00:00-05:00,0.27987463452049066,0.28379702309818033,0.2791824418291162,0.2826433777809143,580736000,0.0,0.0
2013-01-18 00:00:00-05:00,0.28264325916623284,0.28264325916623284,0.27733648743284567,0.28079742193222046,397088000,0.0,0.0
2013-01-22 00:00:00-05:00,0.2805667790921363,0.28310480960566925,0.27802877608367527,0.2794131338596344,308224000,0.0,0.0
2013-01-23 00:00:00-05:00,0.2803360754284109,0.280566787979176,0.27687513962127897,0.27987462282180786,421808000,0.0,0.0
2013-01-24 00:00:00-05:00,0.27895170960199567,0.2824126456510438,0.2775673241803465,0.2812590003013611,396980000,0.0,0.0
2013-01-25 00:00:00-05:00,0.2817204130076937,0.28656573379158984,0.2803360552873454,0.2863350212574005,393920000,0.0,0.0
2013-01-28 00:00:00-05:00,0.28771930129678,0.2927953607494574,0.28702710887095456,0.2909495234489441,422492000,0.0,0.0
2013-01-29 00:00:00-05:00,0.28979588434470716,0.2904880492792516,0.2835661798932952,0.2847198247909546,388872000,0.0,0.0
2013-01-30 00:00:00-05:00,0.28495070742886,0.2888730965435751,0.28333560926457463,0.28425851464271545,287592000,0.0,0.0
2013-01-31 00:00:00-05:00,0.28425849282688215,0.2874887164126223,0.2810282967462176,0.28287410736083984,470544000,0.0,0.0
2013-02-01 00:00:00-05:00,0.2851812139957072,0.2863348861425456,0.28287392471214595,0.2854119539260864,288816000,0.0,0.0
2013-02-04 00:00:00-05:00,0.2837970350894604,0.2895652619195155,0.28033609899142736,0.2805668115615845,511744000,0.0,0.0
2013-02-05 00:00:00-05:00,0.2819512348117063,0.2886423953348813,0.2810283293971685,0.2870272696018219,367296000,0.0,0.0
2013-02-06 00:00:00-05:00,0.280105245200317,0.2870271145862734,0.27849014784460663,0.2847198247909546,530688000,0.0,0.0
2013-02-07 00:00:00-05:00,0.28379697652358715,0.2861042667794643,0.28079749368993295,0.2835662364959717,440000000,0.0,0.0
2013-02-08 00:00:00-05:00,0.2854119539260864,0.28771924320964765,0.2835661169982259,0.2854119539260864,307232000,0.0,0.0
2013-02-11 00:00:00-05:00,0.2877193249732744,0.29164173987404046,0.2849505825471957,0.2886422574520111,408308000,0.0,0.0
2013-02-12 00:00:00-05:00,0.28610434724943257,0.29002673628662456,0.2856428945694824,0.28679654002189636,277804000,0.0,0.0
2013-02-13 00:00:00-05:00,0.2870270509235677,0.29233382177677003,0.2844890492146851,0.2854119539260864,856396000,0.0,0.0
2013-02-14 00:00:00-05:00,0.2814897795117366,0.2939491675237111,0.278028842981479,0.2937184274196625,882096000,0.0,0.0
2013-02-15 00:00:00-05:00,0.29302623461259525,0.29510281303379693,0.2872580070621659,0.2937184274196625,733860000,0.0,0.0
2013-02-19 00:00:00-05:00,0.2939490630147062,0.29417977553165,0.2879500974930669,0.2897959351539612,433552000,0.0,0.0
2013-02-20 00:00:00-05:00,0.2907188052406808,0.2953333850849669,0.2847198404410826,0.2856427729129791,713012000,0.0,0.0
2013-02-21 00:00:00-05:00,0.2851813341740718,0.2884115570353415,0.2828740439181946,0.2835662364959717,580408000,0.0,0.0
2013-02-22 00:00:00-05:00,0.28541211080886336,0.2891037866937918,0.28379701292360954,0.2888730466365814,370148000,0.0,0.0
2013-02-25 00:00:00-05:00,0.28956525231935903,0.2918725429748859,0.2833355730504515,0.283797025680542,644444000,0.0,0.0
2013-02-26 00:00:00-05:00,0.2843772907007313,0.2887880251538944,0.2834486960916708,0.28716301918029785,487504000,0.001875,0.0
2013-02-27 00:00:00-05:00,0.2871630146761561,0.2945916607368922,0.28646657564873623,0.29250234365463257,476980000,0.0,0.0
2013-02-28 00:00:00-05:00,0.2915738585758979,0.29830603982506504,0.29041313576233013,0.29389530420303345,591392000,0.0,0.0
2013-03-01 00:00:00-05:00,0.29180594542631366,0.29598455250126154,0.2892523722004867,0.29505598545074463,389396000,0.0,0.0
2013-03-04 00:00:00-05:00,0.2929667093478903,0.29668103342083313,0.2906452637207548,0.29389530420303345,353680000,0.0,0.0
2013-03-05 00:00:00-05:00,0.29552027107488266,0.29760956079028994,0.29412739281540373,0.297145277261734,366168000,0.0,0.0
2013-03-06 00:00:00-05:00,0.2990024066594124,0.3017881352027866,0.29552023906174274,0.29691311717033386,342928000,0.0,0.0
2013-03-07 00:00:00-05:00,0.29853820178173757,0.30155608669570966,0.2945917496667658,0.296216756105423,314824000,0.0,0.0
2013-03-08 00:00:00-05:00,0.2969131264376655,0.29900241599195554,0.29552024828559953,0.2976095378398895,246464000,0.0,0.0
2013-03-11 00:00:00-04:00,0.29459172721601506,0.29598457791136584,0.2922702540428039,0.29482385516166687,299748000,0.0,0.0
2013-03-12 00:00:00-04:00,0.2943595576195961,0.29668100300876576,0.2915738286873549,0.2957524359226227,310856000,0.0,0.0
2013-03-13 00:00:00-04:00,0.2957524359226227,0.30085961024403357,0.2929666793165695,0.2957524359226227,485840000,0.0,0.0
2013-03-14 00:00:00-04:00,0.29760945259851407,0.29853804699185943,0.2941272858895211,0.2959844470024109,383304000,0.0,0.0
2013-03-15 00:00:00-04:00,0.2959845272256754,0.2959845272256754,0.2922702039931705,0.29343095421791077,355776000,0.0,0.0
2013-03-18 00:00:00-04:00,0.2915737881807888,0.29412736114983595,0.2892523431141233,0.291341632604599,298312000,0.0,0.0
2013-03-19 00:00:00-04:00,0.2915738782996994,0.2929667291659126,0.2873952703534264,0.28948456048965454,355480000,0.0,0.0
2013-03-20 00:00:00-04:00,0.29227025445419297,0.2938952884451094,0.28971668100554887,0.29296669363975525,340588000,0.0,0.0
2013-03-21 00:00:00-04:00,0.2913416743892322,0.29180595793439185,0.28785950628981655,0.2883237898349762,339032000,0.0,0.0
2013-03-22 00:00:00-04:00,0.28925243695186276,0.29087744349094297,0.2880917140419745,0.2897167205810547,232476000,0.0,0.0
2013-03-25 00:00:00-04:00,0.2913416720092791,0.2915738276168685,0.2860023420990293,0.28809165954589844,362076000,0.0,0.0
2013-03-26 00:00:00-04:00,0.2887880730491929,0.2904131069661076,0.28762735035071785,0.2901809513568878,232540000,0.0,0.0
2013-03-27 00:00:00-04:00,0.28902022359672286,0.2952881205239544,0.28832378445507234,0.2936631143093109,254944000,0.0,0.0
2013-03-28 00:00:00-04:00,0.2929667106281205,0.2980739131691884,0.2908774206240945,0.29784175753593445,349276000,0.0,0.0
2013-04-01 00:00:00-04:00,0.2971452854608958,0.2971452854608958,0.2860023420990293,0.28809165954589844,442828000,0.0,0.0
2013-04-02 00:00:00-04:00,0.2883237392894848,0.28902017832203897,0.2832165658404332,0.28507372736930847,371524000,0.0,0.0
2013-04-03 00:00:00-04:00,0.2846095413037656,0.28623457565178445,0.279502365610359,0.2815916836261749,353156000,0.0,0.0
2013-04-04 00:00:00-04:00,0.28066307164135884,0.2853059633861514,0.2797345043619274,0.28437739610671997,294676000,0.0,0.0
2013-04-05 00:00:00-04:00,0.28019880397997843,0.28925246000289917,0.27950236464378153,0.28925246000289917,551352000,0.0,0.0
2013-04-08 00:00:00-04:00,0.28948454692934406,0.28948454692934406,0.28321664914044975,0.28855597972869873,326660000,0.0,0.0
2013-04-09 00:00:00-04:00,0.28878811995852244,0.29528817366058213,0.28669882983141803,0.2931988835334778,380584000,0.0,0.0
2013-04-10 00:00:00-04:00,0.29343102189462844,0.29830604112862746,0.29273458266868146,0.29784175753593445,384688000,0.0,0.0
2013-04-11 00:00:00-04:00,0.29366315709583135,0.2983060484848855,0.28553809716498657,0.29644888639450073,969220000,0.0,0.0
2013-04-12 00:00:00-04:00,0.2978417626520158,0.3071275453606393,0.2952881613376182,0.3038775324821472,770548000,0.0,0.0
2013-04-15 00:00:00-04:00,0.3029488671910639,0.30387746185037756,0.29575240386888013,0.2976095378398895,430420000,0.0,0.0
2013-04-16 00:00:00-04:00,0.30039528702149093,0.30294886000798676,0.2987702533246747,0.30085957050323486,468844000,0.0,0.0
2013-04-17 00:00:00-04:00,0.2985381231811514,0.3013238517245255,0.29505595558348174,0.29691311717033386,532948000,0.0,0.0
2013-04-18 00:00:00-04:00,0.29760964600486556,0.29946680832466177,0.2911095917224884,0.2911095917224884,402548000,0.0,0.0
2013-04-19 00:00:00-04:00,0.2908774451284329,0.29273460732947243,0.28716312072635375,0.29180601239204407,303028000,0.0,0.0
2013-04-22 00:00:00-04:00,0.2915737722204,0.29482378406630677,0.2892523272808075,0.2922701835632324,245568000,0.0,0.0
2013-04-23 00:00:00-04:00,0.2948238179514638,0.3029488761738794,0.2943595344449449,0.29993101954460144,376948000,0.0,0.0
2013-04-24 00:00:00-04:00,0.3008596836960462,0.31269906914080897,0.30062752803092585,0.31014546751976013,556556000,0.0,0.0
2013-04-25 00:00:00-04:00,0.3117705121699038,0.3133955188581941,0.3089847547913265,0.3126990795135498,353224000,0.0,0.0
2013-04-26 00:00:00-04:00,0.3122347137384371,0.31269899728817496,0.3096811127041601,0.3113061189651489,324332000,0.0,0.0
2013-04-29 00:00:00-04:00,0.3117703705045201,0.31618110489337387,0.3103774924481415,0.3150203824043274,269712000,0.0,0.0
2013-04-30 00:00:00-04:00,0.3157168056757466,0.31966325640678406,0.3136274886954522,0.31966325640678406,276712000,0.0,0.0
2013-05-01 00:00:00-04:00,0.31966330242955027,0.32175261971064917,0.3157168511303319,0.3168775737285614,341316000,0.0,0.0
2013-05-02 00:00:00-04:00,0.316645388368086,0.3215204338918173,0.31478822685076896,0.32059186697006226,323480000,0.0,0.0
2013-05-03 00:00:00-04:00,0.3226812369181832,0.3243062432737395,0.32082407493734133,0.32198479771614075,293864000,0.0,0.0
2013-05-06 00:00:00-04:00,0.3219847242923082,0.3238418858496519,0.31919899579319644,0.32105615735054016,217116000,0.0,0.0
2013-05-07 00:00:00-04:00,0.3210561806169495,0.32175261971064917,0.31385968943840276,0.3168775737285614,448068000,0.0,0.0
2013-05-08 00:00:00-04:00,0.31734182975672837,0.32453832031218244,0.3161811072589975,0.32268115878105164,334032000,0.0,0.0
2013-05-09 00:00:00-04:00,0.31687763846600636,0.32430625907756505,0.3164133548666243,0.32291340827941895,566800000,0.0,0.0
2013-05-10 00:00:00-04:00,0.3296455789329585,0.33893138898764613,0.3296455789329585,0.3375385105609894,861136000,0.0,0.0
2013-05-13 00:00:00-04:00,0.3352169551158243,0.33660983308603765,0.32918118747664027,0.33057406544685364,289812000,0.0,0.0
2013-05-14 00:00:00-04:00,0.3345205644730844,0.33823488781454886,0.33127055230466007,0.3354491591453552,454140000,0.0,0.0
2013-05-15 00:00:00-04:00,0.3338240689681013,0.3424134367843321,0.3338240689681013,0.34125271439552307,313172000,0.0,0.0
2013-05-16 00:00:00-04:00,0.34078849517713816,0.3442706629995836,0.3384670222883647,0.33962777256965637,308368000,0.0,0.0
2013-05-17 00:00:00-04:00,0.3412527465714548,0.3475206425272483,0.3386991460057799,0.34519919753074646,312116000,0.0,0.0
2013-05-20 00:00:00-04:00,0.34380648650072765,0.3458958046169529,0.34264576343854275,0.34450292587280273,236380000,0.0,0.0
2013-05-21 00:00:00-04:00,0.34648614699546876,0.34951936169767067,0.34251964829923015,0.3481194078922272,357784000,0.001875,0.0
2013-05-22 00:00:00-04:00,0.3495193385253195,0.3495193385253195,0.3345866009100204,0.33598655462265015,480404000,0.0,0.0
2013-05-23 00:00:00-04:00,0.33201996304846737,0.34251955819857094,0.3310866792999334,0.3413529396057129,393884000,0.0,0.0
2013-05-24 00:00:00-04:00,0.3394864028548497,0.34228628239780523,0.33551987670341116,0.3392530679702759,283304000,0.0,0.0
2013-05-28 00:00:00-04:00,0.34181968309735583,0.3427529671233398,0.33575325348529167,0.339019775390625,279300000,0.0,0.0
2013-05-29 00:00:00-04:00,0.33691978454589844,0.3390196869638378,0.33551983105768407,0.33691978454589844,335052000,0.0,0.0
2013-05-30 00:00:00-04:00,0.3364531303899566,0.344852795384287,0.33551981882704146,0.3413529396057129,284504000,0.0,0.0
2013-05-31 00:00:00-04:00,0.3394863769853348,0.3443861588585376,0.3376197814941406,0.3376197814941406,577508000,0.0,0.0
2013-06-03 00:00:00-04:00,0.3380864205607246,0.340652992816259,0.3301533967436805,0.3371531367301941,444468000,0.0,0.0
2013-06-04 00:00:00-04:00,0.33925304211854157,0.34531947051132666,0.3355198511361532,0.3376197814941406,363676000,0.0,0.0
2013-06-05 00:00:00-04:00,0.3371532851605083,0.3397198307315699,0.3294535650041356,0.3303868770599365,464520000,0.0,0.0
2013-06-06 00:00:00-04:00,0.33038678621775275,0.335053261770489,0.33015345131436064,0.33248668909072876,341044000,0.0,0.0
2013-06-07 00:00:00-04:00,0.3348198715251004,0.3392530392560796,0.33341994577930467,0.3371531367301941,274584000,0.0,0.0
2013-06-10 00:00:00-04:00,0.3362198078017912,0.3390196869638378,0.3343532124222995,0.33691978454589844,224148000,0.0,0.0
2013-06-11 00:00:00-04:00,0.3324865280890571,0.3371530291964977,0.3306199610233307,0.3306199610233307,296336000,0.0,0.0
2013-06-12 00:00:00-04:00,0.33225331967643895,0.3350531989199915,0.3259535566104669,0.32782015204429626,312588000,0.0,0.0
2013-06-13 00:00:00-04:00,0.3266535566544987,0.3369198183650123,0.3264202495926324,0.33528655767440796,236256000,0.0,0.0
2013-06-14 00:00:00-04:00,0.3364531715896463,0.336919813521055,0.3324866456367111,0.33481988310813904,236012000,0.0,0.0
2013-06-17 00:00:00-04:00,0.33738633050372385,0.3411195202012009,0.33551973565498533,0.3380863070487976,255336000,0.0,0.0
2013-06-18 00:00:00-04:00,0.33971971816568486,0.3434529095231063,0.33318664719739066,0.33598655462265015,486772000,0.0,0.0
2013-06-19 00:00:00-04:00,0.3390197510027006,0.36118553707637807,0.3378531321469485,0.34625279903411865,1159588000,0.0,0.0
2013-06-20 00:00:00-04:00,0.34345285446692847,0.34391949635820585,0.3345865472751293,0.33691978454589844,628696000,0.0,0.0
2013-06-21 00:00:00-04:00,0.33878646705978677,0.3399530859952206,0.3308534416102029,0.33645322918891907,714228000,0.0,0.0
2013-06-24 00:00:00-04:00,0.3315533389866998,0.3357531717094984,0.3245536270534964,0.32945340871810913,580772000,0.0,0.0
2013-06-25 00:00:00-04:00,0.33295337067658753,0.3336533197827498,0.32828686714437355,0.33178675174713135,457360000,0.0,0.0
2013-06-26 00:00:00-04:00,0.335519811479391,0.3359864811578194,0.32852010007553156,0.32992005348205566,579752000,0.0,0.0
2013-06-27 00:00:00-04:00,0.33085326986807034,0.3313199116371376,0.32338691811986897,0.32688677310943604,808036000,0.0,0.0
2013-06-28 00:00:00-04:00,0.32688676371468484,0.3308532603593217,0.32268693228503287,0.32758674025535583,431536000,0.0,0.0
2013-07-01 00:00:00-04:00,0.3299200755590927,0.3306200523091946,0.3268868615182393,0.3289867639541626,199524000,0.0,0.0
2013-07-02 00:00:00-04:00,0.32712015329337596,0.3336532229654859,0.32572022767288317,0.32875344157218933,256392000,0.0,0.0
2013-07-03 00:00:00-04:00,0.3259536582773088,0.33365334945944414,0.3259536582773088,0.32968685030937195,140388000,0.0,0.0
2013-07-05 00:00:00-04:00,0.3306200169358827,0.33295325397699915,0.32852008691025014,0.33225327730178833,184684000,0.0,0.0
2013-07-08 00:00:00-04:00,0.33318650464589195,0.33481976473559,0.3287533661432294,0.3306199610233307,262084000,0.0,0.0
2013-07-09 00:00:00-04:00,0.331319965796714,0.33435317951304133,0.33038668210601924,0.33225327730178833,157364000,0.0,0.0
2013-07-10 00:00:00-04:00,0.3322533811308457,0.33761983356530384,0.3313200693341118,0.33668652176856995,208468000,0.0,0.0
2013-07-11 00:00:00-04:00,0.3385530327313486,0.3418195814799799,0.3378530560127575,0.3413529396057129,239832000,0.0,0.0
2013-07-12 00:00:00-04:00,0.34065297819720736,0.3448528108831271,0.3394863595519175,0.34158626198768616,216360000,0.0,0.0
2013-07-15 00:00:00-04:00,0.3422862184565947,0.3422862184565947,0.3355198140262074,0.34088626503944397,201332000,0.0,0.0
2013-07-16 00:00:00-04:00,0.34228626177323096,0.3446194992208349,0.3406530011227851,0.3427529036998749,162560000,0.0,0.0
2013-07-17 00:00:00-04:00,0.3427528603241846,0.34391947890034996,0.3399529813042641,0.34088626503944397,166100000,0.0,0.0
2013-07-18 00:00:00-04:00,0.34041955469039287,0.3415861730318721,0.33505310475671335,0.3394862711429596,344488000,0.0,0.0
2013-07-19 00:00:00-04:00,0.33738639322936864,0.3390196535952743,0.3287534217401136,0.33225327730178833,480532000,0.0,0.0
2013-07-22 00:00:00-04:00,0.3348198940185329,0.337853108393106,0.33062008868461606,0.33202001452445984,292384000,0.0,0.0
2013-07-23 00:00:00-04:00,0.3362197843722223,0.3362197843722223,0.3299200497430208,0.33155331015586853,246792000,0.0,0.0
2013-07-24 00:00:00-04:00,0.33458652395937455,0.33551980767689316,0.33108666829710925,0.33155331015586853,284252000,0.0,0.0
2013-07-25 00:00:00-04:00,0.33132002805688493,0.33715314957018966,0.32898679057731695,0.33271998167037964,243320000,0.0,0.0
2013-07-26 00:00:00-04:00,0.32875344354705033,0.33341991793882075,0.32875344354705033,0.33131998777389526,227360000,0.0,0.0
2013-07-29 00:00:00-04:00,0.3306199610233307,0.33481976473559,0.3296866496760926,0.3306199610233307,179540000,0.0,0.0
2013-07-30 00:00:00-04:00,0.33178667758471575,0.34065298502962454,0.3315533427252248,0.33621981739997864,266076000,0.0,0.0
2013-07-31 00:00:00-04:00,0.3345865472751293,0.34018630559922236,0.3343532124222995,0.33691978454589844,270160000,0.0,0.0
2013-08-01 00:00:00-04:00,0.33808640605181683,0.34228623873773656,0.33411990822070803,0.34158626198768616,277648000,0.0,0.0
2013-08-02 00:00:00-04:00,0.3408863042426948,0.34508613716276315,0.3385530668220328,0.34438616037368774,209628000,0.0,0.0
2013-08-05 00:00:00-04:00,0.34345287457595225,0.3471860655535126,0.3415862790871721,0.346019446849823,185188000,0.0,0.0
2013-08-06 00:00:00-04:00,0.34625271605268054,0.3469526927612559,0.3401862883308686,0.34088626503944397,206608000,0.0,0.0
2013-08-07 00:00:00-04:00,0.3390197731106881,0.34415291866224745,0.33878646601295587,0.34065306186676025,244380000,0.0,0.0
2013-08-08 00:00:00-04:00,0.34251958417219525,0.34461948667282505,0.33855305840418704,0.34298622608184814,345696000,0.0,0.0
2013-08-09 00:00:00-04:00,0.3294533093501787,0.3432194220220478,0.32922000237807036,0.3380863070487976,906224000,0.0,0.0
2013-08-12 00:00:00-04:00,0.32432031914952536,0.34018633974622087,0.3058877261716052,0.33528655767440796,257568000,0.0,0.0
2013-08-13 00:00:00-04:00,0.33575325226478087,0.33785315522280607,0.33365332149236626,0.33645322918891907,197468000,0.0,0.0
2013-08-14 00:00:00-04:00,0.33575324515047944,0.3527858868097857,0.33551991024258104,0.3506859838962555,828508000,0.0,0.0
2013-08-15 00:00:00-04:00,0.3469527492049425,0.3558190573890821,0.34555279556004165,0.35301917791366577,723616000,0.0,0.0
2013-08-16 00:00:00-04:00,0.3523191818528208,0.359318894066335,0.35161920506859257,0.35441911220550537,660456000,0.0,0.0
2013-08-19 00:00:00-04:00,0.35231926174081507,0.35348588070759696,0.34858606992135693,0.34881940484046936,393432000,0.0,0.0
2013-08-20 00:00:00-04:00,0.34870215177108693,0.3529231612586614,0.3482331569290522,0.3505781590938568,234192000,0.001875,0.0
2013-08-21 00:00:00-04:00,0.3484675946393099,0.3529231149404675,0.34752960507834363,0.34893661737442017,261540000,0.0,0.0
2013-08-22 00:00:00-04:00,0.3487020955830561,0.3540956052839509,0.3487020955830561,0.3508126139640808,129016000,0.0,0.0
2013-08-23 00:00:00-04:00,0.3512816087305442,0.3540956052839509,0.35010910783707255,0.3508126139640808,245120000,0.0,0.0
2013-08-26 00:00:00-04:00,0.35104704348492405,0.35245405552296677,0.3501090540959769,0.3515160381793976,300152000,0.0,0.0
2013-08-27 00:00:00-04:00,0.3482330021366864,0.35057800325911914,0.3458880010142536,0.34706050157546997,277464000,0.0,0.0
2013-08-28 00:00:00-04:00,0.34776400750312353,0.3503434919650285,0.34565348972016297,0.34706050157546997,318824000,0.0,0.0
2013-08-29 00:00:00-04:00,0.3458880528539777,0.3496400663940478,0.3449500354916489,0.3463570475578308,276216000,0.0,0.0
2013-08-30 00:00:00-04:00,0.3465915842974065,0.3475295737738814,0.3442465826515947,0.34588807821273804,378120000,0.0,0.0
2013-09-03 00:00:00-04:00,0.3468260689725561,0.351047077541561,0.34401207257809435,0.3461225628852844,284680000,0.0,0.0
2013-09-04 00:00:00-04:00,0.3461226266304667,0.35151613702003554,0.34565363180411945,0.3494056463241577,222080000,0.0,0.0
2013-09-05 00:00:00-04:00,0.347998583269091,0.3517505972433449,0.3477640998673413,0.35034358501434326,174904000,0.0,0.0
2013-09-06 00:00:00-04:00,0.3505781130834247,0.3524541201599844,0.34635710414982224,0.34893661737442017,226756000,0.0,0.0
2013-09-09 00:00:00-04:00,0.35175061361661597,0.3547991216182709,0.35081262405670394,0.3547991216182709,246408000,0.0,0.0
2013-09-10 00:00:00-04:00,0.3573786210455147,0.36253761933515316,0.3557370974470891,0.36230310797691345,292132000,0.0,0.0
2013-09-11 00:00:00-04:00,0.36183417465552603,0.36933820393788847,0.35925466109538506,0.3684001863002777,396164000,0.0,0.0
2013-09-12 00:00:00-04:00,0.36652411841716226,0.37285564557229606,0.36652411841716226,0.36816564202308655,303808000,0.0,0.0
2013-09-13 00:00:00-04:00,0.3693381368919661,0.37215213338471204,0.36675862380008395,0.37051063776016235,159696000,0.0,0.0
2013-09-16 00:00:00-04:00,0.3735590568041501,0.37613854132819907,0.3693380490911565,0.3707450330257416,231412000,0.0,0.0
2013-09-17 00:00:00-04:00,0.3721520571028613,0.37496605301880853,0.37051056181477704,0.3719175457954407,168608000,0.0,0.0
2013-09-18 00:00:00-04:00,0.37215212148356747,0.3761386187170245,0.3702761145635215,0.37520062923431396,268168000,0.0,0.0
2013-09-19 00:00:00-04:00,0.3768421684461392,0.37754567461695326,0.37191765320506903,0.3735591769218445,227572000,0.0,0.0
2013-09-20 00:00:00-04:00,0.37449713196616563,0.3768421336828028,0.3695726171793773,0.3702761232852936,356036000,0.0,0.0
2013-09-23 00:00:00-04:00,0.37004154580867477,0.3730900530864873,0.36464803723325573,0.3667585551738739,271244000,0.0,0.0
2013-09-24 00:00:00-04:00,0.3669931411357842,0.36957262631507365,0.36488262276586414,0.36816564202308655,229732000,0.0,0.0
2013-09-25 00:00:00-04:00,0.36746214026925716,0.3714486377425633,0.3658206166438136,0.3686346411705017,233156000,0.0,0.0
2013-09-26 00:00:00-04:00,0.3695726187730266,0.3702761248819765,0.365351610073953,0.3674621284008026,148816000,0.0,0.0
2013-09-27 00:00:00-04:00,0.3646481409582755,0.3676966491032434,0.36324115655226397,0.3653516471385956,151920000,0.0,0.0
2013-09-30 00:00:00-04:00,0.3615995973932637,0.36746210127740897,0.35948907922219725,0.36488258838653564,226640000,0.0,0.0
2013-10-01 00:00:00-04:00,0.3653516695420933,0.36699319338170844,0.36253767260288633,0.36464816331863403,226976000,0.0,0.0
2013-10-02 00:00:00-04:00,0.3608961459806817,0.365820633216222,0.3608961459806817,0.36441364884376526,162036000,0.0,0.0
2013-10-03 00:00:00-04:00,0.36464806315588155,0.3679310819786909,0.3590200708233834,0.3606615662574768,436768000,0.0,0.0
2013-10-04 00:00:00-04:00,0.3601925927328705,0.36863460968258416,0.3592545753192222,0.3655861020088196,246228000,0.0,0.0
2013-10-07 00:00:00-04:00,0.3641790898656592,0.3681656149530721,0.36230308299298686,0.3655861020088196,169952000,0.0,0.0
2013-10-08 00:00:00-04:00,0.36464811287557836,0.3698071391641935,0.35972362590184526,0.3625376224517822,290712000,0.0,0.0
2013-10-09 00:00:00-04:00,0.3648826257521632,0.36511713711339344,0.35503362380914155,0.3569096028804779,275860000,0.0,0.0
2013-10-10 00:00:00-04:00,0.3594891280319087,0.3618341299039599,0.35690961479080135,0.36089614033699036,223484000,0.0,0.0
2013-10-11 00:00:00-04:00,0.3552681473336398,0.3597236680177599,0.3540956463043392,0.357847660779953,213704000,0.0,0.0
2013-10-14 00:00:00-04:00,0.3569095794799138,0.3632411062717438,0.3569095794799138,0.3632411062717438,166628000,0.0,0.0
2013-10-15 00:00:00-04:00,0.3632412065097061,0.36535169738629864,0.3611306876784812,0.3613651990890503,208820000,0.0,0.0
2013-10-16 00:00:00-04:00,0.3634756146822257,0.3672276287464165,0.3630066199128585,0.36582061648368835,210072000,0.0,0.0
2013-10-17 00:00:00-04:00,0.36300665684820044,0.3674621774970974,0.36300665684820044,0.3665241599082947,213324000,0.0,0.0
2013-10-18 00:00:00-04:00,0.36582051936814586,0.3719175336152054,0.3644135354335607,0.3707450330257416,255068000,0.0,0.0
2013-10-21 00:00:00-04:00,0.37520062316271974,0.37543510655229045,0.3705106199158122,0.37168312072753906,195008000,0.0,0.0
2013-10-22 00:00:00-04:00,0.37168316103332527,0.37191764444832365,0.3665241345385762,0.3698071539402008,179452000,0.0,0.0
2013-10-23 00:00:00-04:00,0.3691036722005778,0.3691036722005778,0.3623031495325047,0.36347565054893494,252216000,0.0,0.0
2013-10-24 00:00:00-04:00,0.3644136431450672,0.36675864501711847,0.3601926341844495,0.36089614033699036,236436000,0.0,0.0
2013-10-25 00:00:00-04:00,0.36277223239713974,0.36300671586649114,0.3562062200265238,0.3573787212371826,330492000,0.0,0.0
2013-10-28 00:00:00-04:00,0.3569095717917882,0.3585510952681619,0.35175057388573605,0.35667508840560913,394024000,0.0,0.0
2013-10-29 00:00:00-04:00,0.35620612781150096,0.35784762349054433,0.35292310849878755,0.3571441173553467,387952000,0.0,0.0
2013-10-30 00:00:00-04:00,0.35831661513860663,0.3599581108033391,0.35386109495761664,0.3569096028804779,204032000,0.0,0.0
2013-10-31 00:00:00-04:00,0.3573785601379902,0.3599580448658784,0.3555025534556761,0.3562060594558716,293368000,0.0,0.0
2013-11-01 00:00:00-04:00,0.35808214421303536,0.35948915663004793,0.3552681473336398,0.357847660779953,206136000,0.0,0.0
2013-11-04 00:00:00-05:00,0.3590200539325101,0.3590200539325101,0.3468260245280876,0.3475295305252075,410264000,0.0,0.0
2013-11-05 00:00:00-05:00,0.34541900638069073,0.3487019967702492,0.3416669934029509,0.34706050157546997,422368000,0.0,0.0
2013-11-06 00:00:00-05:00,0.34706064423779126,0.3496401577146463,0.34354314110824163,0.3494056463241577,198044000,0.0,0.0
2013-11-07 00:00:00-05:00,0.3482330310860755,0.34917102043117837,0.3404945211478041,0.34119802713394165,553076000,0.0,0.0
2013-11-08 00:00:00-05:00,0.3517505685042007,0.3660550891633647,0.3503435563901564,0.36488258838653564,734532000,0.0,0.0
2013-11-11 00:00:00-05:00,0.363475519117142,0.36886902743336863,0.36277204112536304,0.3679310381412506,297624000,0.0,0.0
2013-11-12 00:00:00-05:00,0.36957263070964674,0.3716831491046628,0.3644136323350961,0.3686346411705017,316032000,0.0,0.0
2013-11-13 00:00:00-05:00,0.36769652058873525,0.3787180483341217,0.366993042608918,0.3787180483341217,332792000,0.0,0.0
2013-11-14 00:00:00-05:00,0.37754565309002375,0.3827046514574571,0.37731114172824776,0.3803596496582031,307980000,0.0,0.0
2013-11-15 00:00:00-05:00,0.38176664996878484,0.3822356447230289,0.3754351229453002,0.37918713688850403,450332000,0.0,0.0
2013-11-18 00:00:00-05:00,0.3709796860176791,0.37426267774023797,0.3691036787670898,0.3700416684150696,316948000,0.0,0.0
2013-11-19 00:00:00-05:00,0.3682733957425589,0.3715741671530281,0.3635579919527323,0.36402952671051025,206716000,0.002125,0.0
2013-11-20 00:00:00-05:00,0.36426522823418034,0.3652083257216418,0.3578994396443988,0.35860675573349,204776000,0.0,0.0
2013-11-21 00:00:00-05:00,0.3590782485179303,0.3621432658089424,0.3574278632400057,0.3614359498023987,213568000,0.0,0.0
2013-11-22 00:00:00-05:00,0.361907544443206,0.361907544443206,0.3571921410924444,0.3578994572162628,158668000,0.0,0.0
2013-11-25 00:00:00-05:00,0.3578994976898743,0.36615145448689224,0.3578994976898743,0.36567991971969604,248208000,0.0,0.0
2013-11-26 00:00:00-05:00,0.3696879194687726,0.3727529368855626,0.3673302180875522,0.3687448501586914,753176000,0.0,0.0
2013-11-27 00:00:00-05:00,0.3685090635671381,0.3713383276694084,0.36615136221925754,0.37015947699546814,181272000,0.0,0.0
2013-11-29 00:00:00-05:00,0.3701595751528104,0.37110264469963494,0.365444143100614,0.36780184507369995,116964000,0.0,0.0
2013-12-02 00:00:00-05:00,0.36638715345367395,0.3739317923486681,0.3656798374090769,0.3713383376598358,373872000,0.0,0.0
2013-12-03 00:00:00-05:00,0.37133829323811474,0.37628944874597176,0.3687448107535126,0.371102511882782,290560000,0.0,0.0
2013-12-04 00:00:00-05:00,0.37015953882491315,0.3769968626334294,0.3692164412646208,0.3762895464897156,493176000,0.0,0.0
2013-12-05 00:00:00-05:00,0.3769967996619149,0.3769967996619149,0.3696879142410784,0.37015947699546814,271812000,0.0,0.0
2013-12-06 00:00:00-05:00,0.3746391976968082,0.3746391976968082,0.3637937573771162,0.3647368550300598,281000000,0.0,0.0
2013-12-09 00:00:00-05:00,0.3647367910309208,0.36591564181073294,0.3578994396443988,0.35860675573349,385220000,0.0,0.0
2013-12-10 00:00:00-05:00,0.35860676510508294,0.3685091062930821,0.35813523040203926,0.36685872077941895,524268000,0.0,0.0
2013-12-11 00:00:00-05:00,0.36756606728132357,0.3680376020233589,0.36261488222489646,0.3633221983909607,414156000,0.0,0.0
2013-12-12 00:00:00-05:00,0.3621433788629629,0.36402954610056504,0.3555418075843679,0.3562491238117218,258724000,0.0,0.0
2013-12-13 00:00:00-05:00,0.3569564034726606,0.35954985856591953,0.3536556041184826,0.3541271388530731,184588000,0.0,0.0
2013-12-16 00:00:00-05:00,0.3543629476677043,0.35766371917102907,0.3541271662291707,0.3545987010002136,237620000,0.0,0.0
2013-12-17 00:00:00-05:00,0.35436295657411965,0.35719219337751035,0.35129793832626927,0.3562491238117218,274104000,0.0,0.0
2013-12-18 00:00:00-05:00,0.35695637307635564,0.36190752952697797,0.3524767232141509,0.361200213432312,426232000,0.0,0.0
2013-12-19 00:00:00-05:00,0.36072858447125056,0.3630862854333362,0.35837088350916496,0.3626147508621216,258544000,0.0,0.0
2013-12-20 00:00:00-05:00,0.3633221411564492,0.3701594922099452,0.3623790437149231,0.3699237108230591,382080000,0.0,0.0
2013-12-23 00:00:00-05:00,0.3720456659793854,0.37511068376796414,0.36898067629682746,0.3720456659793854,168568000,0.0,0.0
2013-12-24 00:00:00-05:00,0.37416761129534615,0.37416761129534615,0.3692164265921289,0.372988760471344,79600000,0.0,0.0
2013-12-26 00:00:00-05:00,0.37440333258411773,0.3755821832188303,0.36850905130453887,0.3694521486759186,168920000,0.0,0.0
2013-12-27 00:00:00-05:00,0.3713384398967839,0.37228150947854755,0.3692164911787774,0.37157419323921204,210976000,0.0,0.0
2013-12-30 00:00:00-05:00,0.37180987994054404,0.3767610642481725,0.3713383452698219,0.37652528285980225,248180000,0.0,0.0
2013-12-31 00:00:00-05:00,0.3772325790759288,0.37959028041153947,0.37487487774031814,0.37770411372184753,235776000,0.0,0.0
2014-01-02 00:00:00-05:00,0.3753464573743076,0.376761089587635,0.37063105413791003,0.3739318251609802,260092000,0.0,0.0
2014-01-03 00:00:00-05:00,0.3746390858474506,0.3753464018494813,0.36827329804120607,0.3694521486759186,259332000,0.0,0.0
2014-01-06 00:00:00-05:00,0.37322453810356754,0.37723265365128605,0.3696879854010082,0.3744034171104431,409492000,0.0,0.0
2014-01-07 00:00:00-05:00,0.37817563633250073,0.3819479695918318,0.3755821818094746,0.3805333375930786,333288000,0.0,0.0
2014-01-08 00:00:00-05:00,0.3819480972841645,0.38760659906490325,0.38053346481247347,0.385720431804657,308192000,0.0,0.0
2014-01-09 00:00:00-05:00,0.3798260458769475,0.3805333619215446,0.37015948695417994,0.3713383376598358,292172000,0.0,0.0
2014-01-10 00:00:00-05:00,0.37251715905323934,0.3751106135380005,0.3675659752366712,0.3708667457103729,218492000,0.0,0.0
2014-01-13 00:00:00-05:00,0.3708667675498798,0.3732244689145109,0.3614359620913555,0.36214327812194824,243332000,0.0,0.0
2014-01-14 00:00:00-05:00,0.36402945723409197,0.37416757906852444,0.36237904373782154,0.3734602630138397,241828000,0.0,0.0
2014-01-15 00:00:00-05:00,0.37511064611886497,0.3788829796501898,0.37346026073866717,0.3774683475494385,175044000,0.0,0.0
2014-01-16 00:00:00-05:00,0.3774684465961592,0.37935461385674685,0.3758180607829045,0.3786472976207733,220652000,0.0,0.0
2014-01-17 00:00:00-05:00,0.3786472604605519,0.3831269107780706,0.37463917299142035,0.37699687480926514,340400000,0.0,0.0
2014-01-21 00:00:00-05:00,0.3774684040689886,0.3807692034296416,0.37440341423512685,0.37841150164604187,246076000,0.0,0.0
2014-01-22 00:00:00-05:00,0.37911867072407923,0.379590205276664,0.3734601717750287,0.3779398202896118,337940000,0.0,0.0
2014-01-23 00:00:00-05:00,0.3767610642481725,0.3807691511083383,0.373696046729451,0.37652528285980225,185028000,0.0,0.0
2014-01-24 00:00:00-05:00,0.3734602909400918,0.3748749231552433,0.36685872077941895,0.36685872077941895,246696000,0.0,0.0
2014-01-27 00:00:00-05:00,0.366858640954263,0.37204557777115344,0.3623789919850285,0.3645009398460388,233812000,0.0,0.0
2014-01-28 00:00:00-05:00,0.3637935949560499,0.368273243568971,0.3623789631612302,0.36803746223449707,167996000,0.0,0.0
2014-01-29 00:00:00-05:00,0.3666228596010349,0.36874480746204524,0.3642651584928107,0.3645009398460388,162944000,0.0,0.0
2014-01-30 00:00:00-05:00,0.36662301250911156,0.37133844479824746,0.3654441614633341,0.3706311285495758,202896000,0.0,0.0
2014-01-31 00:00:00-05:00,0.36544404619369,0.3722813969661538,0.36520829292251217,0.37015947699546814,335348000,0.0,0.0
2014-02-03 00:00:00-05:00,0.3727529367641553,0.37322447141904225,0.3637936658972323,0.36520829796791077,431728000,0.0,0.0
2014-02-04 00:00:00-05:00,0.3649726995733184,0.36803771852581446,0.3630865319020876,0.367330402135849,280692000,0.0,0.0
2014-02-05 00:00:00-05:00,0.364736842900189,0.3659156938476456,0.36120026195179544,0.36402952671051025,214676000,0.0,0.0
2014-02-06 00:00:00-05:00,0.36450098205129117,0.3696879194687726,0.3640294473962506,0.3687448501586914,168380000,0.0,0.0
2014-02-07 00:00:00-05:00,0.36968785324100006,0.3746390364969896,0.3663870831410153,0.3741675019264221,157248000,0.0,0.0
2014-02-10 00:00:00-05:00,0.37369609618114497,0.3802976667629046,0.37346031476157343,0.37534648180007935,324372000,0.0,0.0
2014-02-11 00:00:00-05:00,0.37746850130625376,0.38407007362212653,0.3755823618783154,0.38312700390815735,235384000,0.0,0.0
2014-02-12 00:00:00-05:00,0.384305736674674,0.39963082559926305,0.384305736674674,0.39680156111717224,744528000,0.0,0.0
2014-02-13 00:00:00-05:00,0.406703803505004,0.41165498669548856,0.39963070072203294,0.40929725766181946,902836000,0.0,0.0
2014-02-14 00:00:00-05:00,0.4055251769115482,0.42320794363075587,0.4052893954462144,0.42226487398147583,817536000,0.0,0.0
2014-02-18 00:00:00-05:00,0.4225005215787091,0.42391512560441585,0.4184924065741599,0.42202895879745483,428988000,0.0,0.0
2014-02-19 00:00:00-05:00,0.42202899504006564,0.43145982988476317,0.42014282807112613,0.42768749594688416,450340000,0.0,0.0
2014-02-20 00:00:00-05:00,0.42863050342785747,0.4437198088924768,0.42792321550949874,0.44277673959732056,398088000,0.0,0.0
2014-02-21 00:00:00-05:00,0.44206952630934365,0.44772802771336084,0.4366468063369193,0.43947604298591614,451052000,0.0,0.0
2014-02-24 00:00:00-05:00,0.4385329619354231,0.4491426201695783,0.43452487444594684,0.44584184885025024,403112000,0.0,0.0
2014-02-25 00:00:00-05:00,0.44524975156229063,0.44714443520065666,0.4390920367958332,0.4438287317752838,242184000,0.002125,0.0
2014-02-26 00:00:00-05:00,0.4428813387976802,0.44951271643811896,0.4416971652273492,0.4431181848049164,360884000,0.0,0.0
2014-02-27 00:00:00-05:00,0.44311825471342353,0.4476181036974297,0.43696053988306094,0.438144713640213,388848000,0.0,0.0
2014-02-28 00:00:00-05:00,0.43577627892720544,0.44003930924650775,0.42890805557029515,0.43530261516571045,321692000,0.0,0.0
2014-03-03 00:00:00-05:00,0.42559244701049753,0.4331711530685425,0.421803079865011,0.4331711530685425,375948000,0.0,0.0
2014-03-04 00:00:00-05:00,0.4353026584499657,0.44051301681034916,0.4345921486206119,0.4376710057258606,260344000,0.0,0.0
2014-03-05 00:00:00-05:00,0.4371973695320218,0.4416972468707933,0.4353027140556235,0.44146040081977844,241472000,0.0,0.0
2014-03-06 00:00:00-05:00,0.442170810289697,0.44453915733009564,0.4345921054070061,0.43530261516571045,290144000,0.0,0.0
2014-03-07 00:00:00-05:00,0.4371972841696911,0.43790779395107926,0.43151326238443527,0.4348289370536804,268452000,0.0,0.0
2014-03-10 00:00:00-04:00,0.4334079419439816,0.4353026252668511,0.42653971842769506,0.4284344017505646,300888000,0.0,0.0
2014-03-11 00:00:00-04:00,0.43056585645362344,0.4364867517870143,0.4291448652892636,0.4326973855495453,297220000,0.0,0.0
2014-03-12 00:00:00-04:00,0.43056590772112613,0.4364868037595183,0.42890807038218015,0.43388161063194275,239428000,0.0,0.0
2014-03-13 00:00:00-04:00,0.43482889919350926,0.43648676461670755,0.4180136248407546,0.4201451539993286,385172000,0.0,0.0
2014-03-14 00:00:00-04:00,0.41588218058268145,0.4258292333126333,0.41588218058268145,0.42203986644744873,460048000,0.0,0.0
2014-03-17 00:00:00-04:00,0.4232240400637032,0.4263028971125498,0.4215662026475322,0.42203986644744873,299656000,0.0,0.0
2014-03-18 00:00:00-04:00,0.4236977422755448,0.4348289688891698,0.4218030587974343,0.4319869577884674,293904000,0.0,0.0
2014-03-19 00:00:00-04:00,0.4353026265689608,0.4478548718584787,0.4341184247848162,0.43956562876701355,366168000,0.0,0.0
2014-03-20 00:00:00-04:00,0.4371973636356881,0.4435919245975468,0.43530270818484235,0.4398025572299957,191800000,0.0,0.0
2014-03-21 00:00:00-04:00,0.44359194737339863,0.4471444688755303,0.43672372219618527,0.43909206986427307,566116000,0.0,0.0
2014-03-24 00:00:00-04:00,0.4393288657577868,0.44288138685426015,0.43056595780014356,0.43696051836013794,306096000,0.0,0.0
2014-03-25 00:00:00-04:00,0.4416972131554357,0.44217087698837987,0.4336448150636727,0.43696051836013794,304424000,0.0,0.0
2014-03-26 00:00:00-04:00,0.4409866625105433,0.4492758776357923,0.4232240304377986,0.4270133972167969,557756000,0.0,0.0
2014-03-27 00:00:00-04:00,0.4260661036191053,0.4296186246703979,0.41659268591606397,0.42132940888404846,540728000,0.0,0.0
2014-03-28 00:00:00-04:00,0.420618815128593,0.42653968236640993,0.41943464168102956,0.4239344894886017,398820000,0.0,0.0
2014-03-31 00:00:00-04:00,0.4246451712829351,0.4284345391438745,0.4218031595036973,0.424171507358551,273404000,0.0,0.0
2014-04-01 00:00:00-04:00,0.4376709661108135,0.446907508357603,0.4324605799891128,0.4416971504688263,656272000,0.0,0.0
2014-04-02 00:00:00-04:00,0.4416972422258991,0.4426445699541362,0.43696054711885407,0.43885523080825806,239948000,0.0,0.0
2014-04-03 00:00:00-04:00,0.43980252562403666,0.4542494559125654,0.4395656795932368,0.4435918927192688,599548000,0.0,0.0
2014-04-04 00:00:00-04:00,0.4459602952922612,0.4485654890217952,0.4279608417114999,0.4298555254936218,368032000,0.0,0.0
2014-04-07 00:00:00-04:00,0.4300922669958582,0.43956565599237185,0.42772391974672974,0.43127644062042236,428576000,0.0,0.0
2014-04-08 00:00:00-04:00,0.4312763974276662,0.4478548547441425,0.4305658876775007,0.44667068123817444,470692000,0.0,0.0
2014-04-09 00:00:00-04:00,0.448802286142449,0.4525916535318616,0.44264457119288597,0.4461970925331116,421968000,0.0,0.0
2014-04-10 00:00:00-04:00,0.44430233956581006,0.4504600249310923,0.4338815956483018,0.43530261516571045,372748000,0.0,0.0
2014-04-11 00:00:00-04:00,0.43198692983541087,0.4386183074632304,0.42346086885208223,0.4291449189186096,353112000,0.0,0.0
2014-04-14 00:00:00-04:00,0.4319869272876082,0.43553944797088867,0.42914491638756874,0.43388161063194275,290184000,0.0,0.0
2014-04-15 00:00:00-04:00,0.434355324929553,0.4393288657577868,0.4300922939671994,0.43696051836013794,304636000,0.0,0.0
2014-04-16 00:00:00-04:00,0.4390919587115103,0.43956562247863723,0.43246058127296055,0.43790778517723083,235136000,0.0,0.0
2014-04-17 00:00:00-04:00,0.43624995411676704,0.44359184142750147,0.4353026265689608,0.43956562876701355,153532000,0.0,0.0
2014-04-21 00:00:00-04:00,0.43980248186823456,0.4443023583752474,0.436960470946025,0.4431181848049164,117004000,0.0,0.0
2014-04-22 00:00:00-04:00,0.44382869298239097,0.44974958942211674,0.44146034569967135,0.44690755009651184,255120000,0.0,0.0
2014-04-23 00:00:00-04:00,0.44761816133480403,0.4533022130407963,0.4469076513424384,0.45211803913116455,261580000,0.0,0.0
2014-04-24 00:00:00-04:00,0.4551967966436896,0.4608808188643184,0.4551967966436896,0.4561441242694855,391492000,0.0,0.0
2014-04-25 00:00:00-04:00,0.4551968118028373,0.45945984272674145,0.4426445368289969,0.4435918927192688,313600000,0.0,0.0
2014-04-28 00:00:00-04:00,0.4471443543569254,0.4495127014184534,0.43624994658072713,0.4416971504688263,226788000,0.0,0.0
2014-04-29 00:00:00-04:00,0.4433550762043045,0.4443024321576454,0.437671053415977,0.44264456629753113,171300000,0.0,0.0
2014-04-30 00:00:00-04:00,0.441934043505448,0.4424077073215833,0.43648683903757507,0.4374341666698456,305740000,0.0,0.0
2014-05-01 00:00:00-04:00,0.4440655884602583,0.4450129161856812,0.43625003591026523,0.4398025572299957,198104000,0.0,0.0
2014-05-02 00:00:00-04:00,0.4419340447310879,0.4419340447310879,0.4338816469027484,0.4364868402481079,156376000,0.0,0.0
2014-05-05 00:00:00-04:00,0.4360130569541222,0.4445391168156785,0.43553939323579594,0.4412234425544739,239260000,0.0,0.0
2014-05-06 00:00:00-04:00,0.4454865834613796,0.4492759223848808,0.43103965293953667,0.4322238266468048,416188000,0.0,0.0
2014-05-07 00:00:00-04:00,0.432223721828092,0.436249905809827,0.4279606918691697,0.4326973855495453,293900000,0.0,0.0
2014-05-08 00:00:00-04:00,0.43103967109730046,0.44501291013852334,0.4289081413946691,0.438144713640213,432728000,0.0,0.0
2014-05-09 00:00:00-04:00,0.4248818806640868,0.4289080650754047,0.41943467670386864,0.4274870455265045,539532000,0.0,0.0
2014-05-12 00:00:00-04:00,0.428434331471048,0.4409865746639737,0.4281974855071944,0.4400392472743988,299856000,0.0,0.0
2014-05-13 00:00:00-04:00,0.43411848773546224,0.44122355830599924,0.43151332248476293,0.43293431401252747,221104000,0.0,0.0
2014-05-14 00:00:00-04:00,0.4331712077964536,0.4348290455447112,0.42843451238261376,0.42867133021354675,214320000,0.0,0.0
2014-05-15 00:00:00-04:00,0.4277238697228836,0.43009221669502534,0.42203982004998974,0.42630285024642944,325896000,0.0,0.0
2014-05-16 00:00:00-04:00,0.4229871175737997,0.4284343205067523,0.4229871175737997,0.425355464220047,283960000,0.0,0.0
2014-05-19 00:00:00-04:00,0.4298555252519031,0.44146041753236087,0.4279608414708467,0.43909206986427307,360076000,0.0,0.0
2014-05-20 00:00:00-04:00,0.43921094673917266,0.4404005744160755,0.43183527216015166,0.43397659063339233,256200000,0.002125,0.0
2014-05-21 00:00:00-04:00,0.4356420637084641,0.43944888361973766,0.43135939839902165,0.43397659063339233,216712000,0.0,0.0
2014-05-22 00:00:00-04:00,0.43302487496931524,0.4382592307744972,0.43302487496931524,0.43587997555732727,130364000,0.0,0.0
2014-05-23 00:00:00-04:00,0.4382592142305836,0.4420660337795351,0.43564202224530973,0.4399246871471405,182656000,0.0,0.0
2014-05-27 00:00:00-04:00,0.4425420493821113,0.4477764070034027,0.4411144844113185,0.4477764070034027,209680000,0.0,0.0
2014-05-28 00:00:00-04:00,0.44944173935664744,0.45443815814341665,0.44515907442301766,0.45158305764198303,224676000,0.0,0.0
2014-05-29 00:00:00-04:00,0.45134528656360257,0.4551521075390836,0.44991774997002393,0.45086944103240967,171884000,0.0,0.0
2014-05-30 00:00:00-04:00,0.4508693431769191,0.45324859867946515,0.44849008767437304,0.45205897092819214,239128000,0.0,0.0
2014-06-02 00:00:00-04:00,0.4534864806659387,0.4563415812507006,0.4468245603928546,0.45063138008117676,181500000,0.0,0.0
2014-06-03 00:00:00-04:00,0.4515830659086183,0.4520589112737416,0.44277979902052145,0.44872796535491943,243212000,0.0,0.0
2014-06-04 00:00:00-04:00,0.4475383460462386,0.45253476501697415,0.4473004091777923,0.44920381903648376,161236000,0.0,0.0
2014-06-05 00:00:00-04:00,0.4499176655810522,0.4525348296932081,0.4473004731059325,0.45110729336738586,188696000,0.0,0.0
2014-06-06 00:00:00-04:00,0.453248522292454,0.4568174049448011,0.45158304939395033,0.45277267694473267,161052000,0.0,0.0
2014-06-09 00:00:00-04:00,0.45229689939284795,0.4575312557282887,0.4492038616245996,0.4532485902309418,247456000,0.0,0.0
2014-06-10 00:00:00-04:00,0.45158301176642673,0.4577690858602323,0.44967960217118225,0.4556277394294739,217608000,0.0,0.0
2014-06-11 00:00:00-04:00,0.4539623452558475,0.46276561261243054,0.4539623452558475,0.461575984954834,266228000,0.0,0.0
2014-06-12 00:00:00-04:00,0.46157597658801136,0.4665723956415722,0.4575312199351324,0.4644310772418976,337148000,0.0,0.0
2014-06-13 00:00:00-04:00,0.4691895059316544,0.46942744276253473,0.46038624027045477,0.46490684151649475,227852000,0.0,0.0
2014-06-16 00:00:00-04:00,0.4627656457258289,0.4665724374847582,0.45943467102843283,0.4634793996810913,198620000,0.0,0.0
2014-06-17 00:00:00-04:00,0.4639552104447613,0.4684757839078398,0.4615759552825181,0.4665723741054535,157608000,0.0,0.0
2014-06-18 00:00:00-04:00,0.4653827679720513,0.46823789698869217,0.4611001028100501,0.46609655022621155,215536000,0.0,0.0
2014-06-19 00:00:00-04:00,0.45753123536872636,0.4599104907210494,0.4520589423857912,0.45538991689682007,474592000,0.0,0.0
2014-06-20 00:00:00-04:00,0.45657960381001167,0.4582450771001255,0.446824644254686,0.45039352774620056,353148000,0.0,0.0
2014-06-23 00:00:00-04:00,0.4444452954230849,0.4453969861427967,0.43921091137579366,0.44515907764434814,414200000,0.0,0.0
2014-06-24 00:00:00-04:00,0.44444540973011776,0.4480142933913573,0.4363559230801951,0.4382593333721161,275780000,0.0,0.0
2014-06-25 00:00:00-04:00,0.439448833662726,0.4430177162877202,0.43540410569365756,0.4427797794342041,215420000,0.0,0.0
2014-06-26 00:00:00-04:00,0.4427797909815803,0.4430177278413016,0.43540411704868154,0.43683165311813354,256908000,0.0,0.0
2014-06-27 00:00:00-04:00,0.4363558175048431,0.43992470030259917,0.433738625441305,0.43730753660202026,302820000,0.0,0.0
2014-06-30 00:00:00-04:00,0.4356421318172892,0.4423040535220704,0.4356421318172892,0.4411144256591797,180512000,0.0,0.0
2014-07-01 00:00:00-04:00,0.4406384628208305,0.4487279471516009,0.43921089842041283,0.4461107552051544,321180000,0.0,0.0
2014-07-02 00:00:00-04:00,0.44444531202316284,0.44634872189663777,0.4418281199017648,0.44444531202316284,179284000,0.0,0.0
2014-07-03 00:00:00-04:00,0.4404005975715737,0.44967971095707227,0.4404005975715737,0.44849008321762085,136892000,0.0,0.0
2014-07-07 00:00:00-04:00,0.44920368046328796,0.449441617258334,0.444207234670928,0.44492101669311523,127496000,0.0,0.0
2014-07-08 00:00:00-04:00,0.44373150330098426,0.4456349130608965,0.43706958332277057,0.4413522481918335,221940000,0.0,0.0
2014-07-09 00:00:00-04:00,0.44515912951768566,0.456579561299817,0.44182815488462623,0.45467615127563477,387668000,0.0,0.0
2014-07-10 00:00:00-04:00,0.44611071937318364,0.45420020305420017,0.44254183702175287,0.45229679346084595,266308000,0.0,0.0
2014-07-11 00:00:00-04:00,0.4527727448118949,0.45467615485104484,0.45110727166374953,0.4532485902309418,191188000,0.0,0.0
2014-07-14 00:00:00-04:00,0.4551519255493988,0.46014837253654806,0.45348645267466825,0.4589587450027466,272636000,0.0,0.0
2014-07-15 00:00:00-04:00,0.45967259163308377,0.46205184703421365,0.4565795539390226,0.4608622193336487,395440000,0.0,0.0
2014-07-16 00:00:00-04:00,0.4627655896073138,0.4663344724026863,0.4577691423486086,0.4603863060474396,319728000,0.0,0.0
2014-07-17 00:00:00-04:00,0.45515213574834845,0.46395540625438325,0.45515213574834845,0.45919686555862427,324832000,0.0,0.0
2014-07-18 00:00:00-04:00,0.449679591889954,0.453248474163332,0.4380212261124795,0.4387350082397461,567816000,0.0,0.0
2014-07-21 00:00:00-04:00,0.43706958332277057,0.4444452855063211,0.43706958332277057,0.4413522481918335,243364000,0.0,0.0
2014-07-22 00:00:00-04:00,0.44468324928856773,0.44706250469354003,0.4384972022534167,0.43944889307022095,298816000,0.0,0.0
2014-07-23 00:00:00-04:00,0.4396868107479718,0.4399247192602988,0.4296939157932631,0.4301697611808777,297352000,0.0,0.0
2014-07-24 00:00:00-04:00,0.4325490296933857,0.4337386573802376,0.4277905189459783,0.4308835566043854,254576000,0.0,0.0
2014-07-25 00:00:00-04:00,0.4294560044364898,0.4304077236312311,0.4225561749986854,0.42326995730400085,266132000,0.0,0.0
2014-07-28 00:00:00-04:00,0.4251733677246879,0.4251733677246879,0.41446671750968495,0.4216044843196869,330352000,0.0,0.0
2014-07-29 00:00:00-04:00,0.42184244729152626,0.4287423059853266,0.42160451037130475,0.42303207516670227,217972000,0.0,0.0
2014-07-30 00:00:00-04:00,0.4256491874540984,0.4313593888313944,0.4244595598035817,0.4301697611808777,246184000,0.0,0.0
2014-07-31 00:00:00-04:00,0.4249354550588781,0.42826640152603906,0.41565634127813467,0.41637012362480164,401880000,0.0,0.0
2014-08-01 00:00:00-04:00,0.4163700277126211,0.4232698843237128,0.4149424633481312,0.4208906292915344,219884000,0.0,0.0
2014-08-04 00:00:00-04:00,0.4204147672754708,0.42398364992289567,0.4177976036851341,0.41993892192840576,241724000,0.0,0.0
2014-08-05 00:00:00-04:00,0.4187493586517285,0.426362998825194,0.4151804754565275,0.4201769232749939,298136000,0.0,0.0
2014-08-06 00:00:00-04:00,0.41732169691371457,0.4249353353154136,0.4142286882213496,0.4197009801864624,223456000,0.0,0.0
2014-08-07 00:00:00-04:00,0.42326999540327276,0.4270767874360076,0.41256331658573836,0.41541844606399536,407696000,0.0,0.0
2014-08-08 00:00:00-04:00,0.43350077233574036,0.45443822643073817,0.43350077233574036,0.45205897092819214,894348000,0.0,0.0
2014-08-11 00:00:00-04:00,0.4525348333604381,0.4544382435065895,0.4484901045267187,0.44967973232269287,344624000,0.0,0.0
2014-08-12 00:00:00-04:00,0.4494418237812764,0.4520589879146412,0.44468328423441583,0.44967973232269287,296152000,0.0,0.0
2014-08-13 00:00:00-04:00,0.4503933838674917,0.4561036126475544,0.4475382836589383,0.45229679346084595,256596000,0.0,0.0
2014-08-14 00:00:00-04:00,0.4539623850540446,0.4539623850540446,0.4453970538232555,0.4473004639148712,255992000,0.0,0.0
2014-08-15 00:00:00-04:00,0.44872795378507097,0.4556277823088536,0.4444452888834659,0.453010618686676,369796000,0.0,0.0
2014-08-18 00:00:00-04:00,0.45491419878652073,0.4596727394822797,0.4503936234155602,0.45919686555862427,284076000,0.0,0.0
2014-08-19 00:00:00-04:00,0.4593162066823158,0.46529065720995844,0.45764333774383403,0.46290087699890137,248260000,0.002125,0.0
2014-08-20 00:00:00-04:00,0.46122809847154417,0.46337891817616117,0.45883831779203615,0.46003320813179016,221468000,0.0,0.0
2014-08-21 00:00:00-04:00,0.4588381410937117,0.4612279208529168,0.4550145105720367,0.45573142170906067,272796000,0.0,0.0
2014-08-22 00:00:00-04:00,0.45525364544677116,0.4597942458176709,0.45238591433740083,0.4559705853462219,251224000,0.0,0.0
2014-08-25 00:00:00-04:00,0.45788234054940424,0.46098906061230854,0.4557315212035037,0.45668745040893555,153380000,0.0,0.0
2014-08-26 00:00:00-04:00,0.45788228707928313,0.46576856678312617,0.45620944677566183,0.46481266617774963,269636000,0.0,0.0
2014-08-27 00:00:00-04:00,0.4619449891076571,0.4655296597446218,0.458838268857935,0.4595552086830139,182972000,0.0,0.0
2014-08-28 00:00:00-04:00,0.4585992860241498,0.4643347473742249,0.4571654064424167,0.4633788466453552,179704000,0.0,0.0
2014-08-29 00:00:00-04:00,0.46505162708488135,0.46576856678312617,0.46003307768559265,0.46481266617774963,207932000,0.0,0.0
2014-09-02 00:00:00-04:00,0.4660075604915619,0.4660075604915619,0.46170595075070675,0.4660075604915619,192636000,0.0,0.0
2014-09-03 00:00:00-04:00,0.46839745711685027,0.47198212804518136,0.4652907366146102,0.4703092873096466,259456000,0.0,0.0
2014-09-04 00:00:00-04:00,0.4695922872143109,0.4815412172650665,0.46935329778769297,0.47867345809936523,491832000,0.0,0.0
2014-09-05 00:00:00-04:00,0.4781955394168654,0.48034635906177625,0.4741329180721654,0.4772396385669708,253792000,0.0,0.0
2014-09-08 00:00:00-04:00,0.47676166131715847,0.4777175621132695,0.4710261710752007,0.47293800115585327,319288000,0.0,0.0
2014-09-09 00:00:00-04:00,0.47078715953492756,0.4738938795211213,0.4664855494377692,0.4669634997844696,198588000,0.0,0.0
2014-09-10 00:00:00-04:00,0.4695922332482778,0.47030917295731167,0.46433469437431296,0.46863630414009094,172376000,0.0,0.0
2014-09-11 00:00:00-04:00,0.46529072582759456,0.46696356652434723,0.45883829551544203,0.46385684609413147,250720000,0.0,0.0
2014-09-12 00:00:00-04:00,0.4667245767330131,0.4667245767330131,0.4564485146198221,0.45692646503448486,262536000,0.0,0.0
2014-09-15 00:00:00-04:00,0.4583602090711782,0.45907714872514094,0.44880108965413656,0.4507129192352295,294152000,0.0,0.0
2014-09-16 00:00:00-04:00,0.44951806542362205,0.4597941253202335,0.44808418600049477,0.45740434527397156,219936000,0.0,0.0
2014-09-17 00:00:00-04:00,0.4562094493786303,0.46194491002046345,0.45405863027162413,0.4576433002948761,173584000,0.0,0.0
2014-09-18 00:00:00-04:00,0.46051109055075706,0.46505166149489774,0.4590772110481721,0.4645737111568451,219604000,0.0,0.0
2014-09-19 00:00:00-04:00,0.4660076869616672,0.4664856373984902,0.45525364544677116,0.4559705853462219,601316000,0.0,0.0
2014-09-22 00:00:00-04:00,0.4652906951643319,0.4652906951643319,0.4509519842399348,0.45142996311187744,221464000,0.0,0.0
2014-09-23 00:00:00-04:00,0.4490401354763906,0.45453663587846305,0.44736729495969774,0.4495181143283844,196144000,0.0,0.0
2014-09-24 00:00:00-04:00,0.44927918651844495,0.45358079735733103,0.4488012360893315,0.4521469175815582,159592000,0.0,0.0
2014-09-25 00:00:00-04:00,0.451668939237468,0.4528638294806188,0.44139287744868483,0.44234877824783325,298440000,0.0,0.0
2014-09-26 00:00:00-04:00,0.44378260828219473,0.4466503388472134,0.44187077840937317,0.4433046579360962,241188000,0.0,0.0
2014-09-29 00:00:00-04:00,0.43972003221512446,0.44569448336850315,0.43541842168700573,0.4425877630710602,208540000,0.0,0.0
2014-09-30 00:00:00-04:00,0.44067593946810374,0.44402164925612864,0.4356573890302817,0.44091492891311646,277204000,0.0,0.0
2014-10-01 00:00:00-04:00,0.44163187177642405,0.4447385636522267,0.4354184310479569,0.4366133213043213,350976000,0.0,0.0
2014-10-02 00:00:00-04:00,0.4358963627258578,0.4380471536995391,0.4246643720078362,0.43470147252082825,288996000,0.0,0.0
2014-10-03 00:00:00-04:00,0.4373302511226898,0.44330470226744717,0.4356573820114136,0.4356573820114136,239140000,0.0,0.0
2014-10-06 00:00:00-04:00,0.437330188665821,0.44091485884073434,0.43016081982756815,0.43302857875823975,199032000,0.0,0.0
2014-10-07 00:00:00-04:00,0.43111684584756055,0.43541845672179696,0.4280101253001436,0.4284880757331848,301896000,0.0,0.0
2014-10-08 00:00:00-04:00,0.42801001690467044,0.43852506621075704,0.4246643077438325,0.4363742470741272,260172000,0.0,0.0
2014-10-09 00:00:00-04:00,0.4344625381158232,0.4349405170491221,0.42442546481991084,0.42801013588905334,306956000,0.0,0.0
2014-10-10 00:00:00-04:00,0.4246643102363374,0.42609818966917323,0.4024393499579353,0.40267831087112427,691376000,0.0,0.0
2014-10-13 00:00:00-04:00,0.40530708196117315,0.4134323512991302,0.4007665112196866,0.40124446153640747,397628000,0.0,0.0
2014-10-14 00:00:00-04:00,0.40674100114177913,0.4217966227643135,0.40435122083624764,0.410564661026001,376620000,0.0,0.0
2014-10-15 00:00:00-04:00,0.40459010943456575,0.41892881719247677,0.401961368661547,0.41677799820899963,404428000,0.0,0.0
2014-10-16 00:00:00-04:00,0.4093697224589439,0.4217965728803552,0.4084137933567276,0.41701701283454895,351116000,0.0,0.0
2014-10-17 00:00:00-04:00,0.4220356077353028,0.42681516829591365,0.41462727747098477,0.41630011796951294,290716000,0.0,0.0
2014-10-20 00:00:00-04:00,0.41630013038359653,0.4237084608688313,0.4134323996593998,0.4198848009109497,200336000,0.0,0.0
2014-10-21 00:00:00-04:00,0.4229915535111551,0.4382861660274226,0.4217966632437169,0.43780821561813354,351092000,0.0,0.0
2014-10-22 00:00:00-04:00,0.4370911972583179,0.4385250767170911,0.4275320768356323,0.4275320768356323,239512000,0.0,0.0
2014-10-23 00:00:00-04:00,0.4349404701343353,0.4401979814376237,0.43183374984516437,0.43709126114845276,214476000,0.0,0.0
2014-10-24 00:00:00-04:00,0.4397199345314529,0.444260505003962,0.43709116521257463,0.4416317641735077,210156000,0.0,0.0
2014-10-27 00:00:00-04:00,0.4413927986824503,0.4435435893409425,0.4366132385627562,0.4418707489967346,145092000,0.0,0.0
2014-10-28 00:00:00-04:00,0.44067584420154243,0.45286373349376574,0.44019789390327235,0.4523857831954956,192580000,0.0,0.0
2014-10-29 00:00:00-04:00,0.45047401505551504,0.45310278478776705,0.44545546501700795,0.4495181143283844,168340000,0.0,0.0
2014-10-30 00:00:00-04:00,0.4483231353209099,0.4502349363962663,0.44091480644442393,0.44665026664733887,170260000,0.0,0.0
2014-10-31 00:00:00-04:00,0.4569264000616242,0.4672024892020335,0.45453661983969484,0.4669634997844696,256316000,0.0,0.0
2014-11-03 00:00:00-05:00,0.4777174909821438,0.4793903598588972,0.4724599804095042,0.47484976053237915,308732000,0.0,0.0
2014-11-04 00:00:00-05:00,0.4779564081299669,0.4827359676531191,0.4700701292190815,0.4810631275177002,360196000,0.0,0.0
2014-11-05 00:00:00-05:00,0.48393088602232903,0.4841698469054335,0.4774784578753361,0.4810631275177002,335652000,0.0,0.0
2014-11-06 00:00:00-05:00,0.48201916163329156,0.4839310201585887,0.47461083092359185,0.4832140803337097,394088000,0.0,0.0
2014-11-07 00:00:00-05:00,0.48871059219912955,0.49444605395265684,0.468158440198437,0.47293800115585327,450800000,0.0,0.0
2014-11-10 00:00:00-05:00,0.4724599943048121,0.48154119322493133,0.4712651042082323,0.4784344732761383,293388000,0.0,0.0
2014-11-11 00:00:00-05:00,0.4755667770477117,0.47819551851423164,0.4686363964794011,0.47269904613494873,212992000,0.0,0.0
2014-11-12 00:00:00-05:00,0.4710261242870598,0.4722210144077226,0.46313984379299983,0.46959227323532104,204584000,0.0,0.0
2014-11-13 00:00:00-05:00,0.47126525555470233,0.47198219554058035,0.4633789726869164,0.46720263361930847,225328000,0.0,0.0
2014-11-14 00:00:00-05:00,0.46768048980038146,0.47293800115585327,0.46313988979777776,0.47293800115585327,160248000,0.0,0.0
2014-11-17 00:00:00-05:00,0.4707871973514557,0.4758057476159992,0.4676804771157111,0.4707871973514557,158732000,0.0,0.0
2014-11-18 00:00:00-05:00,0.47102609675012963,0.4832140151521639,0.469831206699322,0.4820190966129303,207772000,0.0,0.0
2014-11-19 00:00:00-05:00,0.4823791368533693,0.48381908465251694,0.47517945507561565,0.4802192151546478,240300000,0.002125,0.0
2014-11-20 00:00:00-05:00,0.47685947560562064,0.4886189754864645,0.47541952750298727,0.48813897371292114,220968000,0.0,0.0
2014-11-21 00:00:00-05:00,0.4924588435019984,0.4931788175905686,0.48669910801143695,0.49077892303466797,198976000,0.0,0.0
2014-11-24 00:00:00-05:00,0.4919785620487567,0.49605837475290404,0.49005867038255807,0.49389851093292236,136004000,0.0,0.0
2014-11-25 00:00:00-05:00,0.4929386879000998,0.4972585315535782,0.4919787417164339,0.4936586618423462,190240000,0.0,0.0
2014-11-26 00:00:00-05:00,0.49077853930311677,0.5025380305978795,0.49053850998260196,0.5020580291748047,219264000,0.0,0.0
2014-11-28 00:00:00-05:00,0.5037382896549644,0.5061381839605652,0.4991784733089246,0.5032582879066467,124832000,0.0,0.0
2014-12-01 00:00:00-05:00,0.5010981905081178,0.5039780280074158,0.4931785372536061,0.49389851093292236,190060000,0.0,0.0
2014-12-02 00:00:00-05:00,0.4934187083647149,0.4967785487443079,0.48885889229641577,0.494618684053421,245952000,0.0,0.0
2014-12-03 00:00:00-05:00,0.4970184396917299,0.5075779596066071,0.49557849215379796,0.5073379874229431,284424000,0.0,0.0
2014-12-04 00:00:00-05:00,0.506618133640183,0.5085380260001455,0.4994184514633424,0.5027782917022705,185332000,0.0,0.0
2014-12-05 00:00:00-05:00,0.5030184635726933,0.508298255484931,0.5027784912369586,0.5056583881378174,165680000,0.0,0.0
2014-12-08 00:00:00-05:00,0.5049380502178838,0.5099778089463595,0.49509844770585204,0.4991782605648041,226944000,0.0,0.0
2014-12-09 00:00:00-05:00,0.4960585346429861,0.4986984580573708,0.48861888051605085,0.497498482465744,239448000,0.0,0.0
2014-12-10 00:00:00-05:00,0.49605838107289996,0.4979783299815266,0.48597886386998923,0.48645880818367004,204364000,0.0,0.0
2014-12-11 00:00:00-05:00,0.4893388567871078,0.4926986969110877,0.48525904274827714,0.48621898889541626,135652000,0.0,0.0
2014-12-12 00:00:00-05:00,0.47973924593652645,0.48405906075960176,0.47061964322314354,0.4710996448993683,323964000,0.0,0.0
2014-12-15 00:00:00-05:00,0.4766193366789552,0.48525899418351415,0.4682197086006481,0.4696596562862396,254696000,0.0,0.0
2014-12-16 00:00:00-05:00,0.46917969303433027,0.47661934660755734,0.4641399046387647,0.4643798768520355,185308000,0.0,0.0
2014-12-17 00:00:00-05:00,0.4737394665922114,0.4840590153092245,0.45838012961998564,0.4833390414714813,345596000,0.0,0.0
2014-12-18 00:00:00-05:00,0.4893387500307795,0.49509848287503105,0.4806991221554155,0.48525893688201904,226156000,0.0,0.0
2014-12-19 00:00:00-05:00,0.48861889146610904,0.49197873164918193,0.4840590756645176,0.4900588393211365,325528000,0.0,0.0
2014-12-22 00:00:00-05:00,0.48957878279038464,0.4986984133720398,0.487898862887023,0.4986984133720398,148976000,0.0,0.0
2014-12-23 00:00:00-05:00,0.5025383268968401,0.5049382209912935,0.4950986151514426,0.4955786168575287,109280000,0.0,0.0
2014-12-24 00:00:00-05:00,0.4967785298527513,0.4974985037949977,0.49317871735950725,0.4936586618423462,45644000,0.0,0.0
2014-12-26 00:00:00-05:00,0.4936588945382162,0.4967787640192334,0.4924589755475253,0.4941388964653015,52636000,0.0,0.0
2014-12-29 00:00:00-05:00,0.4926986303179741,0.49677844380537745,0.49029873666550283,0.4934186041355133,82944000,0.0,0.0
2014-12-30 00:00:00-05:00,0.4900587646412057,0.49245865829453667,0.488138815387754,0.48885878920555115,112120000,0.0,0.0
2014-12-31 00:00:00-05:00,0.4895788075042186,0.4922187308153186,0.47973923118798745,0.48117920756340027,166300000,0.0,0.0
2015-01-02 00:00:00-05:00,0.4830990731716156,0.486698942389443,0.4754193903189038,0.4830990731716156,113680000,0.0,0.0
2015-01-05 00:00:00-05:00,0.48309906160145744,0.48453900925410187,0.4727795130481441,0.47493940591812134,197952000,0.0,0.0
2015-01-06 00:00:00-05:00,0.47565936177184626,0.47613933476826237,0.46006005342989925,0.4605400264263153,197764000,0.0,0.0
2015-01-07 00:00:00-05:00,0.46389982186085515,0.46797966346458403,0.457900088454178,0.45934003591537476,321808000,0.0,0.0
2015-01-08 00:00:00-05:00,0.4646199225414205,0.47949928834271704,0.4643799216959828,0.4766193926334381,283780000,0.0,0.0
2015-01-09 00:00:00-05:00,0.47829925624557706,0.48213909743552436,0.47181952066141747,0.47853922843933105,209540000,0.0,0.0
2015-01-12 00:00:00-05:00,0.4797391348671515,0.4799791356496988,0.46821964087561213,0.4725394546985626,190732000,0.0,0.0
2015-01-13 00:00:00-05:00,0.47613942440254625,0.48573900057396246,0.468459769187212,0.47181960940361023,236720000,0.0,0.0
2015-01-14 00:00:00-05:00,0.4667796770862662,0.4751793031412733,0.4655797305069795,0.473739355802536,155260000,0.0,0.0
2015-01-15 00:00:00-05:00,0.4770993590695871,0.4799792259570681,0.4701396497651008,0.47037965059280396,188932000,0.0,0.0
2015-01-16 00:00:00-05:00,0.4696596517971261,0.47949922746697576,0.46821970412529795,0.47901925444602966,181512000,0.0,0.0
2015-01-20 00:00:00-05:00,0.4823791053851313,0.48501897136603267,0.47445945022444647,0.48045921325683594,140308000,0.0,0.0
2015-01-21 00:00:00-05:00,0.47781931766001895,0.488378867388343,0.4744594492246016,0.48717889189720154,144780000,0.0,0.0
2015-01-22 00:00:00-05:00,0.48813890511213115,0.49701856475779843,0.4830991446791756,0.4955786168575287,159712000,0.0,0.0
2015-01-23 00:00:00-05:00,0.49605842351129636,0.497978372584177,0.4919786104061375,0.497018426656723,120416000,0.0,0.0
2015-01-26 00:00:00-05:00,0.4948585331439972,0.4972584267061359,0.4917386657914193,0.4948585331439972,133240000,0.0,0.0
2015-01-27 00:00:00-05:00,0.4871789286101002,0.48765893028632495,0.4701396701559113,0.4710996448993683,357948000,0.0,0.0
2015-01-28 00:00:00-05:00,0.4768593917481294,0.4787793126776826,0.46317997300568364,0.46341997385025024,272728000,0.0,0.0
2015-01-29 00:00:00-05:00,0.4636600315848349,0.47733942339671726,0.4615001095456976,0.47469955682754517,235340000,0.0,0.0
2015-01-30 00:00:00-05:00,0.4713395740883353,0.4768593353799531,0.4600600792978928,0.4607800245285034,298200000,0.0,0.0
2015-02-02 00:00:00-05:00,0.4636599649198851,0.4727795676862574,0.45454036215351284,0.4708596467971802,259604000,0.0,0.0
2015-02-03 00:00:00-05:00,0.4742193609345305,0.4830989891117884,0.47181946761289,0.4826189875602722,183468000,0.0,0.0
2015-02-04 00:00:00-05:00,0.48117923105848587,0.4893388591759812,0.4797392546127617,0.4838190972805023,181516000,0.0,0.0
2015-02-05 00:00:00-05:00,0.4842990841653981,0.491978768488609,0.4838191396564418,0.49173879623413086,140448000,0.0,0.0
2015-02-06 00:00:00-05:00,0.49125879313170806,0.497018584966985,0.4874189509808538,0.48957887291908264,210524000,0.0,0.0
2015-02-09 00:00:00-05:00,0.486699042088514,0.49053882708346,0.4835791738666264,0.4890989363193512,273944000,0.0,0.0
2015-02-10 00:00:00-05:00,0.48957884576906874,0.5030182639427688,0.4874189239506202,0.5027782917022705,226204000,0.0,0.0
2015-02-11 00:00:00-05:00,0.5039782561615161,0.5039782561615161,0.49605859932172647,0.4994184970855713,320832000,0.0,0.0
2015-02-12 00:00:00-05:00,0.5279771324548157,0.539976601034202,0.5248572649023773,0.5351768136024475,676904000,0.0,0.0
2015-02-13 00:00:00-05:00,0.5339767747953523,0.5361366960488265,0.525817148572858,0.5354167222976685,310084000,0.0,0.0
2015-02-17 00:00:00-05:00,0.5344569320420973,0.5397367220157968,0.5310970917033747,0.5370967984199524,203340000,0.0,0.0
2015-02-18 00:00:00-05:00,0.5363768486519306,0.5373368521217139,0.5298971399298493,0.5308570861816406,170948000,0.0,0.0
2015-02-19 00:00:00-05:00,0.5375766848220102,0.5385366308245936,0.5298970023653876,0.532296895980835,169432000,0.0,0.0
2015-02-20 00:00:00-05:00,0.5318169015874394,0.5363766589754999,0.5279770607201476,0.5361366868019104,157752000,0.0,0.0
2015-02-23 00:00:00-05:00,0.5358967728653468,0.5358967728653468,0.5291770363128453,0.5318169593811035,125008000,0.0,0.0
2015-02-24 00:00:00-05:00,0.533864655250864,0.5374783277511597,0.5290463869582773,0.5374783277511597,149356000,0.002125,0.0
2015-02-25 00:00:00-05:00,0.5353102969053387,0.5377194894220634,0.5309738767395183,0.5333830118179321,123820000,0.0,0.0
2015-02-26 00:00:00-05:00,0.533864901048493,0.53796042523899,0.5304920657401586,0.5348285436630249,152864000,0.0,0.0
2015-02-27 00:00:00-05:00,0.5333828609621463,0.5345874568798147,0.5295282344392197,0.5314555764198303,157492000,0.0,0.0
2015-03-02 00:00:00-05:00,0.53001019596984,0.5473559902587107,0.5292874497546115,0.5444650053977966,301512000,0.0,0.0
2015-03-03 00:00:00-05:00,0.5403693858116169,0.5430194165044945,0.5326601325108681,0.5343465209007263,160344000,0.0,0.0
2015-03-04 00:00:00-05:00,0.5324194180247347,0.5415741091856234,0.5302511790241361,0.5403695702552795,226840000,0.0,0.0
2015-03-05 00:00:00-05:00,0.5403696284761998,0.5516925598576511,0.5389241356533928,0.5507289171218872,323056000,0.0,0.0
2015-03-06 00:00:00-05:00,0.5475969950533788,0.5502470267422579,0.5427787242890613,0.5432605743408203,257392000,0.0,0.0
2015-03-09 00:00:00-04:00,0.5435012696362617,0.5488013884921152,0.5422966736715371,0.5447058081626892,222388000,0.0,0.0
2015-03-10 00:00:00-04:00,0.5471151362188997,0.5577153776808895,0.546151493569169,0.5541016459465027,527212000,0.0,0.0
2015-03-11 00:00:00-04:00,0.5541014495763377,0.5613288530454463,0.5497650304701912,0.5512105226516724,262120000,0.0,0.0
2015-03-12 00:00:00-04:00,0.545910384194307,0.5500059069358941,0.5357919967256071,0.5461512804031372,406972000,0.0,0.0
2015-03-13 00:00:00-04:00,0.5435011510523304,0.5483194189833598,0.5360327955524358,0.546873927116394,359288000,0.0,0.0
2015-03-16 00:00:00-04:00,0.5512105797561223,0.5567515954003082,0.5475968489280433,0.5533787608146667,236956000,0.0,0.0
2015-03-17 00:00:00-04:00,0.5521741877847086,0.5603652339006262,0.5483195609541887,0.5601243376731873,299900000,0.0,0.0
2015-03-18 00:00:00-04:00,0.560124407322769,0.5630153347264115,0.5459104942470309,0.550969660282135,413844000,0.0,0.0
2015-03-19 00:00:00-04:00,0.5528969143336492,0.5613288563785284,0.5488013914206653,0.5594015717506409,310756000,0.0,0.0
2015-03-20 00:00:00-04:00,0.5639788884738958,0.5687971570029215,0.5586787701166508,0.5654243230819702,462084000,0.0,0.0
2015-03-23 00:00:00-04:00,0.5485605800742175,0.5557879854612168,0.5468741912277489,0.5471150875091553,426012000,0.0,0.0
2015-03-24 00:00:00-04:00,0.5454283558932134,0.5492829811648713,0.5372373130898628,0.5396464467048645,330480000,0.0,0.0
2015-03-25 00:00:00-04:00,0.539405775187557,0.539405775187557,0.5051959831957261,0.5068824291229248,542552000,0.0,0.0
2015-03-26 00:00:00-04:00,0.4965232539271043,0.5073643333785546,0.4929095224844124,0.5051960945129395,311920000,0.0,0.0
2015-03-27 00:00:00-04:00,0.5080870293547018,0.517000822779586,0.49989598214678727,0.5150735378265381,318288000,0.0,0.0
2015-03-30 00:00:00-04:00,0.5174826722488595,0.5198918071570504,0.5107370600429406,0.5172417759895325,253252000,0.0,0.0
2015-03-31 00:00:00-04:00,0.5157962887550502,0.5162780812785597,0.5037506140927015,0.5042324066162109,357276000,0.0,0.0
2015-04-01 00:00:00-04:00,0.5061597228050232,0.5078461114265628,0.49748682600974503,0.5061597228050232,330768000,0.0,0.0
2015-04-02 00:00:00-04:00,0.5090506617313237,0.5104961541365838,0.503027853293815,0.5073642730712891,192204000,0.0,0.0
2015-04-06 00:00:00-04:00,0.5051959198005647,0.5237463057272312,0.49989585876862513,0.5220599174499512,515864000,0.0,0.0
2015-04-07 00:00:00-04:00,0.522060061266797,0.5324193474226406,0.5191690763160283,0.5266374349594116,413964000,0.0,0.0
2015-04-08 00:00:00-04:00,0.5271191117797983,0.5324192305466295,0.5220599466648431,0.5304918885231018,366432000,0.0,0.0
2015-04-09 00:00:00-04:00,0.5263964595352598,0.5444649998554308,0.5261555632787381,0.5427786111831665,379432000,0.0,0.0
2015-04-10 00:00:00-04:00,0.5432603535512184,0.548560414774948,0.5413330115658027,0.5483195185661316,258728000,0.0,0.0
2015-04-13 00:00:00-04:00,0.5471151450016197,0.5502470267422579,0.5408513815203434,0.5432605743408203,236724000,0.0,0.0
2015-04-14 00:00:00-04:00,0.5410921915737524,0.5432604300733966,0.5333829374227751,0.5386830568313599,220276000,0.0,0.0
2015-04-15 00:00:00-04:00,0.5401283688630409,0.549283054852866,0.5374782813242285,0.5451875329017639,243560000,0.0,0.0
2015-04-16 00:00:00-04:00,0.5420557002604688,0.5466330723732895,0.5379601779525778,0.5418148040771484,155284000,0.0,0.0
2015-04-17 00:00:00-04:00,0.5304920657401586,0.5401286642004232,0.5302511694461044,0.5348285436630249,293636000,0.0,0.0
2015-04-20 00:00:00-04:00,0.537237627876028,0.5406104054256026,0.5312147615903795,0.5321784615516663,231624000,0.0,0.0
2015-04-21 00:00:00-04:00,0.538682979610957,0.538682979610957,0.5288054883762775,0.5314555764198303,230456000,0.0,0.0
2015-04-22 00:00:00-04:00,0.534587401238581,0.5382010737388766,0.5263962991905525,0.5374783277511597,207420000,0.0,0.0
2015-04-23 00:00:00-04:00,0.5276010710246478,0.5403694920042017,0.5215782049301528,0.5353102684020996,259380000,0.0,0.0
2015-04-24 00:00:00-04:00,0.5350692893660286,0.5353101855922845,0.5247100049391409,0.5307328701019287,240960000,0.0,0.0
2015-04-27 00:00:00-04:00,0.5324194084075375,0.5442241883909201,0.527842034190617,0.5348285436630249,248456000,0.0,0.0
2015-04-28 00:00:00-04:00,0.533864655250864,0.5394056695311676,0.5288054333368458,0.5374783277511597,234484000,0.0,0.0
2015-04-29 00:00:00-04:00,0.5336239080942802,0.5389240282421147,0.5312147730158665,0.5333830118179321,195156000,0.0,0.0
2015-04-30 00:00:00-04:00,0.5307330194725279,0.5374785752125664,0.5295284231256266,0.5348285436630249,218844000,0.0,0.0
2015-05-01 00:00:00-04:00,0.5391649239309857,0.5497651642151048,0.536755788855197,0.5480787754058838,256968000,0.0,0.0
2015-05-04 00:00:00-04:00,0.5475967925273907,0.5512105229832674,0.5430194197627124,0.5447058081626892,200720000,0.0,0.0
2015-05-05 00:00:00-04:00,0.5427785429892052,0.5435012891062718,0.5283237355244733,0.5307328701019287,292928000,0.0,0.0
2015-05-06 00:00:00-04:00,0.5336237431596618,0.538682965467423,0.5254326979124392,0.5324192047119141,316484000,0.0,0.0
2015-05-07 00:00:00-04:00,0.5302509257034366,0.5435011922369689,0.5285645375436161,0.5418148040771484,534564000,0.0,0.0
2015-05-08 00:00:00-04:00,0.5061597236026595,0.5261555482816737,0.49363219960770444,0.5018232464790344,1146552000,0.0,0.0
2015-05-11 00:00:00-04:00,0.4948367175361477,0.5020641791056679,0.49098214795013995,0.4970049560070038,544144000,0.0,0.0
2015-05-12 00:00:00-04:00,0.49339130335804904,0.5059187699146994,0.49315034967008897,0.5018232464790344,388800000,0.0,0.0
2015-05-13 00:00:00-04:00,0.5054369370895376,0.5092915639680091,0.49989592172141606,0.5047141909599304,308524000,0.0,0.0
2015-05-14 00:00:00-04:00,0.506159627241662,0.5155552684491671,0.5049550313461026,0.5129051804542542,293052000,0.0,0.0
2015-05-15 00:00:00-04:00,0.515073566301967,0.5174827013456176,0.5100143999417938,0.5131462812423706,215824000,0.0,0.0
2015-05-18 00:00:00-04:00,0.5119416653542623,0.5155553965002068,0.5095325304030687,0.5124235153198242,324972000,0.0,0.0
2015-05-19 00:00:00-04:00,0.5131011179802752,0.5147953701944213,0.5082605457505875,0.5092287063598633,253808000,0.00245,0.0
2015-05-20 00:00:00-04:00,0.5094707176600959,0.5155214617992918,0.5087446260552254,0.5092287063598633,196824000,0.0,0.0
2015-05-21 00:00:00-04:00,0.5094704761213167,0.5116487499032133,0.5051139285575234,0.5055980086326599,239692000,0.0,0.0
2015-05-22 00:00:00-04:00,0.5068084665645727,0.5087446725517374,0.5036620885572964,0.50487220287323,212592000,0.0,0.0
2015-05-26 00:00:00-04:00,0.5024519442006791,0.505840333716861,0.4978533825977574,0.5017258524894714,259732000,0.0,0.0
2015-05-27 00:00:00-04:00,0.5051140937901206,0.531011203346395,0.5034198995291568,0.5285909175872803,432332000,0.0,0.0
2015-05-28 00:00:00-04:00,0.5285909192990271,0.5375459708663342,0.5276228165330791,0.535851776599884,327656000,0.0,0.0
2015-05-29 00:00:00-04:00,0.5358517930149556,0.5392401816516544,0.534883690219351,0.535609781742096,335168000,0.0,0.0
2015-06-01 00:00:00-04:00,0.5389981904387878,0.5469851397820675,0.5356098016759826,0.541660487651825,372660000,0.0,0.0
2015-06-02 00:00:00-04:00,0.538272141769611,0.5411765082000548,0.5305272030912096,0.5310112833976746,224304000,0.0,0.0
2015-06-03 00:00:00-04:00,0.5324634906500945,0.5365779714761828,0.5242344712937425,0.5252026319503784,250788000,0.0,0.0
2015-06-04 00:00:00-04:00,0.522056173548484,0.5363358774331706,0.522056173548484,0.534641683101654,323712000,0.0,0.0
2015-06-05 00:00:00-04:00,0.5329475181587927,0.5411765375905652,0.5273808540009067,0.538756251335144,313320000,0.0,0.0
2015-06-08 00:00:00-04:00,0.5370619089972097,0.5406923085296398,0.5203619211172155,0.5264126062393188,342812000,0.0,0.0
2015-06-09 00:00:00-04:00,0.5268968112588115,0.5329474978143,0.5259287083344342,0.5290750861167908,256888000,0.0,0.0
2015-06-10 00:00:00-04:00,0.5227821733833691,0.526170561452095,0.5167314309427959,0.519635796546936,529460000,0.0,0.0
2015-06-11 00:00:00-04:00,0.5196359678435118,0.5288330324481487,0.5196359678435118,0.5252026319503784,283052000,0.0,0.0
2015-06-12 00:00:00-04:00,0.5218142284915798,0.5249606066270835,0.5097127963181729,0.5109229683876038,323728000,0.0,0.0
2015-06-15 00:00:00-04:00,0.5082604984812952,0.5123750364276245,0.5043880872210256,0.5099547505378723,306548000,0.0,0.0
2015-06-16 00:00:00-04:00,0.508986593585254,0.5169735428478197,0.5039040104924095,0.5162474513053894,256892000,0.0,0.0
2015-06-17 00:00:00-04:00,0.5160053438846456,0.525202463239058,0.5147952300088401,0.5222980976104736,233544000,0.0,0.0
2015-06-18 00:00:00-04:00,0.5266547914561819,0.5343996724304103,0.52520260824096,0.5310112833976746,299404000,0.0,0.0
2015-06-19 00:00:00-04:00,0.5310112754656395,0.5353677673420567,0.5244765087989277,0.5293170809745789,355656000,0.0,0.0
2015-06-22 00:00:00-04:00,0.530285147093003,0.5331895132786415,0.5191518203202798,0.5271387696266174,514236000,0.0,0.0
2015-06-23 00:00:00-04:00,0.5281068042825112,0.5322212840449313,0.509470610874787,0.513585090637207,414064000,0.0,0.0
2015-06-24 00:00:00-04:00,0.5128590943979286,0.5155214494534188,0.5060823165203274,0.5085026025772095,253368000,0.0,0.0
2015-06-25 00:00:00-04:00,0.508502587625639,0.5155214342954723,0.508502587625639,0.5123750567436218,350460000,0.0,0.0
2015-06-26 00:00:00-04:00,0.5082604827979845,0.5087445630426648,0.499789511297323,0.50196772813797,421296000,0.0,0.0
2015-06-29 00:00:00-04:00,0.4961590839735317,0.5012417248879836,0.48623592883797884,0.4869620203971863,391724000,0.0,0.0
2015-06-30 00:00:00-04:00,0.48986643353543746,0.49204470867820643,0.48333166581131204,0.4867200553417206,315916000,0.0,0.0
2015-07-01 00:00:00-04:00,0.49882126057045284,0.50584004695959,0.4893821313799118,0.4937386214733124,302892000,0.0,0.0
2015-07-02 00:00:00-04:00,0.49349672833185415,0.49736919695468607,0.49107644265560446,0.49422281980514526,145764000,0.0,0.0
2015-07-06 00:00:00-04:00,0.4901084071267248,0.49688518486775096,0.4845417435376661,0.48817214369773865,214776000,0.0,0.0
2015-07-07 00:00:00-04:00,0.4852677511197914,0.4872039565094867,0.46372716321259083,0.47897496819496155,594252000,0.0,0.0
2015-07-08 00:00:00-04:00,0.4763126846184825,0.47921702163596125,0.4717141245597336,0.47558659315109253,332492000,0.0,0.0
2015-07-09 00:00:00-04:00,0.4830894818310575,0.48526775619536805,0.46687354513215124,0.4697778820991516,357588000,0.0,0.0
2015-07-10 00:00:00-04:00,0.47582868419405666,0.48236347964426146,0.47461854116284624,0.4780069589614868,216708000,0.0,0.0
2015-07-13 00:00:00-04:00,0.4828475336297695,0.4838156365190031,0.47800696147942967,0.48115333914756775,212472000,0.0,0.0
2015-07-14 00:00:00-04:00,0.4818793546209465,0.4823634059891006,0.4751025489105449,0.48139527440071106,249216000,0.0,0.0
2015-07-15 00:00:00-04:00,0.4801852048768313,0.48333158252839553,0.47365043827871217,0.4780069589614868,265732000,0.0,0.0
2015-07-16 00:00:00-04:00,0.4809112845310749,0.488656222820282,0.4792170900998427,0.488656222820282,282848000,0.0,0.0
2015-07-17 00:00:00-04:00,0.4869620092978076,0.4874460318568008,0.4794590825917357,0.48575183749198914,220372000,0.0,0.0
2015-07-20 00:00:00-04:00,0.48575191905411014,0.48768818272770226,0.4755867223063283,0.47679686546325684,188412000,0.0,0.0
2015-07-21 00:00:00-04:00,0.4758285911585866,0.48575177361513516,0.4758285911585866,0.47897496819496155,149720000,0.0,0.0
2015-07-22 00:00:00-04:00,0.47558658488523275,0.47558658488523275,0.46396920816515086,0.4697778820991516,356472000,0.0,0.0
2015-07-23 00:00:00-04:00,0.4707460218379343,0.48260541001433965,0.4697778902640541,0.47558659315109253,169916000,0.0,0.0
2015-07-24 00:00:00-04:00,0.47897510931898946,0.479459160809033,0.4680838209586113,0.470020055770874,188844000,0.0,0.0
2015-07-27 00:00:00-04:00,0.4659055118867233,0.47268231880776496,0.4620330713976184,0.46735769510269165,192420000,0.0,0.0
2015-07-28 00:00:00-04:00,0.4685678280888488,0.48066925845472497,0.4637272559424983,0.47752290964126587,198308000,0.0,0.0
2015-07-29 00:00:00-04:00,0.4765547840284382,0.4872040601985926,0.4746185493745841,0.4833315908908844,232680000,0.0,0.0
2015-07-30 00:00:00-04:00,0.48212134017091673,0.4893822257143829,0.48212134017091673,0.484541654586792,190180000,0.0,0.0
2015-07-31 00:00:00-04:00,0.4864779707431242,0.4867199820433698,0.4799432040031121,0.48284754157066345,218340000,0.0,0.0
2015-08-03 00:00:00-04:00,0.4867199794200558,0.4915605516239139,0.48042725286629206,0.4910765290260315,397132000,0.0,0.0
2015-08-04 00:00:00-04:00,0.489382385234573,0.4944649692640262,0.48744612152989203,0.49301278591156006,260100000,0.0,0.0
2015-08-05 00:00:00-04:00,0.5051140316137845,0.5055981117876859,0.49712708382143245,0.49809524416923523,234628000,0.0,0.0
2015-08-06 00:00:00-04:00,0.4968850991763803,0.5005155564145248,0.4867198766137359,0.4949488937854767,655676000,0.0,0.0
2015-08-07 00:00:00-04:00,0.5435966970038584,0.5656212794777504,0.529559005375447,0.5561822056770325,1405248000,0.0,0.0
2015-08-10 00:00:00-04:00,0.5523098945261627,0.5796591364000326,0.5489214474296484,0.5755446553230286,662304000,0.0,0.0
2015-08-11 00:00:00-04:00,0.5670735171912669,0.5782068439842701,0.5670735171912669,0.5726401805877686,435008000,0.0,0.0
2015-08-12 00:00:00-04:00,0.5634430241747167,0.5782067485658328,0.5634430241747167,0.5740922689437866,384048000,0.0,0.0
2015-08-13 00:00:00-04:00,0.5748186797307614,0.5760288520176797,0.5677998304975305,0.5692520141601562,276884000,0.0,0.0
2015-08-14 00:00:00-04:00,0.5687677836153596,0.5731243334536096,0.5653793944328377,0.5697359442710876,214652000,0.0,0.0
2015-08-17 00:00:00-04:00,0.5687677226151012,0.5687677226151012,0.5590865787295254,0.5661054253578186,273880000,0.0,0.0
2015-08-18 00:00:00-04:00,0.5643555474595225,0.5682443101445779,0.5565780220894119,0.56095290184021,287084000,0.00245,0.0
2015-08-19 00:00:00-04:00,0.5602235849747847,0.5665428151743468,0.5526890914536402,0.5587652921676636,249248000,0.0,0.0
2015-08-20 00:00:00-04:00,0.5524461862667397,0.5551196850500275,0.5359189606457007,0.538592517375946,426932000,0.0,0.0
2015-08-21 00:00:00-04:00,0.5347037667984822,0.5436964974016075,0.5213361566931065,0.5218222737312317,382664000,0.0,0.0
2015-08-24 00:00:00-04:00,0.49265644759938454,0.530571827649624,0.4860941881128255,0.503350555896759,682284000,0.0,0.0
2015-08-25 00:00:00-04:00,0.5254679322633675,0.5274123424080781,0.49289965629577637,0.49289965629577637,622684000,0.0,0.0
2015-08-26 00:00:00-04:00,0.5089407272123468,0.5305719190653178,0.5050519651566399,0.5300858020782471,614976000,0.0,0.0
2015-08-27 00:00:00-04:00,0.5356758447318501,0.5502586578388929,0.5325162294306294,0.5500156283378601,463764000,0.0,0.0
2015-08-28 00:00:00-04:00,0.5500155986133973,0.5558487119515861,0.5461268370722897,0.5524460673332214,320944000,0.0,0.0
2015-08-31 00:00:00-04:00,0.5497727330292207,0.5536614957296849,0.5441826475123587,0.5463700294494629,219352000,0.0,0.0
2015-09-01 00:00:00-04:00,0.5305719641064516,0.5395646945285208,0.5201209405463262,0.524009644985199,353408000,0.0,0.0
2015-09-02 00:00:00-04:00,0.538349503144602,0.5400508260515613,0.5293567715162603,0.5398077964782715,344044000,0.0,0.0
2015-09-03 00:00:00-04:00,0.5478282853707173,0.5505018421402484,0.5402938479905803,0.5412660241127014,262556000,0.0,0.0
2015-09-04 00:00:00-04:00,0.5320300399683717,0.5405367087615344,0.5283843661619737,0.5286273956298828,287972000,0.0,0.0
2015-09-08 00:00:00-04:00,0.541509030736546,0.5534183470825912,0.5393216490410963,0.5512309074401855,238448000,0.0,0.0
2015-09-09 00:00:00-04:00,0.5529323363548265,0.5575501876298946,0.5390786086887394,0.5402938723564148,289392000,0.0,0.0
2015-09-10 00:00:00-04:00,0.5371342389376704,0.5556058172797966,0.5347037696281001,0.5488004684448242,357076000,0.0,0.0
2015-09-11 00:00:00-04:00,0.5427241225311732,0.5541473182479258,0.5405366835810702,0.5505016446113586,301584000,0.0,0.0
2015-09-14 00:00:00-04:00,0.5531754771147085,0.5548768002339031,0.5485575669643388,0.5514741539955139,192460000,0.0,0.0
2015-09-15 00:00:00-04:00,0.5517170179110135,0.5604667184299125,0.5500156953027492,0.5575501322746277,327976000,0.0,0.0
2015-09-16 00:00:00-04:00,0.5565778023493212,0.5645983541122626,0.5524460117361301,0.5614387392997742,173508000,0.0,0.0
2015-09-17 00:00:00-04:00,0.5711608944739345,0.576264921348291,0.5653277788502092,0.5665430426597595,268712000,0.0,0.0
2015-09-18 00:00:00-04:00,0.5587653218865697,0.5709176660140154,0.5553626771202744,0.5660567283630371,326412000,0.0,0.0
2015-09-21 00:00:00-04:00,0.566785850781585,0.5731050810493994,0.5638692651358415,0.5718898177146912,281840000,0.0,0.0
2015-09-22 00:00:00-04:00,0.5594944684407646,0.5633832301517142,0.5534182674023531,0.5563348531723022,228356000,0.0,0.0
2015-09-23 00:00:00-04:00,0.5568210986629007,0.5624111846296003,0.5546337165497766,0.5590085387229919,161632000,0.0,0.0
2015-09-24 00:00:00-04:00,0.55560575098374,0.575535620122926,0.5468560509239279,0.5697025060653687,382440000,0.0,0.0
2015-09-25 00:00:00-04:00,0.5767508880164758,0.5850145299339967,0.568244274501767,0.5738343596458435,369692000,0.0,0.0
2015-09-28 00:00:00-04:00,0.5738344113304676,0.5774800866088594,0.5626542400353289,0.5662999153137207,395584000,0.0,0.0
2015-09-29 00:00:00-04:00,0.5723760364044532,0.5772369747136539,0.5643554823995766,0.5762647986412048,380736000,0.0,0.0
2015-09-30 00:00:00-04:00,0.5816119718116136,0.5998405249543697,0.578209325556078,0.5991113781929016,556380000,0.0,0.0
2015-10-01 00:00:00-04:00,0.5991113112666212,0.6008126342043355,0.5704317350092276,0.587445080280304,489296000,0.0,0.0
2015-10-02 00:00:00-04:00,0.5842853984683225,0.6027569770812988,0.5782091961318213,0.6027569770812988,386144000,0.0,0.0
2015-10-05 00:00:00-04:00,0.6066456959726476,0.6253603027894723,0.6034860802565265,0.6178258657455444,482024000,0.0,0.0
2015-10-06 00:00:00-04:00,0.6112637463699025,0.6285200640922918,0.6088332766365955,0.6258465647697449,453216000,0.0,0.0
2015-10-07 00:00:00-04:00,0.6273048289232807,0.6387280303420146,0.6170968333410027,0.6324087977409363,310152000,0.0,0.0
2015-10-08 00:00:00-04:00,0.6297353424020764,0.6377558985009777,0.6190412289722276,0.6360545754432678,460068000,0.0,0.0
2015-10-09 00:00:00-04:00,0.6326518426142315,0.6387280457843142,0.6217147580338379,0.6336240768432617,423248000,0.0,0.0
2015-10-12 00:00:00-04:00,0.6343529381458217,0.6440748713215253,0.6297350879750255,0.6404291391372681,227588000,0.0,0.0
2015-10-13 00:00:00-04:00,0.6353252466142711,0.645533182034722,0.6331378070469086,0.6416444778442383,298444000,0.0,0.0
2015-10-14 00:00:00-04:00,0.6423735870371446,0.6754280372927929,0.6416444984382439,0.6649770140647888,612148000,0.0,0.0
2015-10-15 00:00:00-04:00,0.6661922520087752,0.680289008650218,0.6593869611797744,0.6666783690452576,526048000,0.0,0.0
2015-10-16 00:00:00-04:00,0.6688656861696664,0.683448499227249,0.6671643058273617,0.6771292686462402,448396000,0.0,0.0
2015-10-19 00:00:00-04:00,0.6793168120119173,0.6824764277862497,0.6681366420330418,0.6759141087532043,294712000,0.0,0.0
2015-10-20 00:00:00-04:00,0.6729978424652474,0.6781018124198867,0.6678938145636286,0.6749421954154968,264824000,0.0,0.0
2015-10-21 00:00:00-04:00,0.6790739085009884,0.683205759438322,0.6649772064131083,0.6661924123764038,386280000,0.0,0.0
2015-10-22 00:00:00-04:00,0.6739696586132979,0.6924412335530535,0.6729974826579315,0.6902537941932678,306884000,0.0,0.0
2015-10-23 00:00:00-04:00,0.6963300763327129,0.6994896920154556,0.6858790532160148,0.6948717832565308,381776000,0.0,0.0
2015-10-26 00:00:00-04:00,0.6953581132627641,0.6970594363904653,0.6853931461544057,0.6917123794555664,247436000,0.0,0.0
2015-10-27 00:00:00-04:00,0.6883095978957035,0.6956010061298172,0.6878234808346445,0.6912261843681335,208268000,0.0,0.0
2015-10-28 00:00:00-04:00,0.6956011209126278,0.6968163847923279,0.6853931245216379,0.6968163847923279,217036000,0.0,0.0
2015-10-29 00:00:00-04:00,0.6856360773549355,0.6926843978632758,0.6715393204443352,0.6727545261383057,327168000,0.0,0.0
2015-10-30 00:00:00-04:00,0.6800458625362676,0.6943856462644367,0.6749418373424582,0.6895246505737305,301160000,0.0,0.0
2015-11-02 00:00:00-05:00,0.691712175568098,0.6982744365398041,0.6875803837691333,0.6975452899932861,190088000,0.0,0.0
2015-11-03 00:00:00-05:00,0.6934133199430654,0.6973020812091842,0.6849067089986879,0.6926841735839844,376768000,0.0,0.0
2015-11-04 00:00:00-05:00,0.6907400293996018,0.6958439974992897,0.6781015659752793,0.6812611818313599,442264000,0.0,0.0
2015-11-05 00:00:00-05:00,0.6846637190501573,0.6866081289334945,0.6715391986121655,0.6734835505485535,478800000,0.0,0.0
2015-11-06 00:00:00-05:00,0.7400785939016987,0.7762926022759816,0.7247666321849738,0.7668137550354004,1172272000,0.0,0.0
2015-11-09 00:00:00-05:00,0.759279194307416,0.7655984247723652,0.7527168763997747,0.7634109854698181,492568000,0.0,0.0
2015-11-10 00:00:00-05:00,0.753446262726482,0.7575781131513861,0.7327873003367885,0.7488284111022949,552260000,0.0,0.0
2015-11-11 00:00:00-05:00,0.7493144424813771,0.7546614985207232,0.7388634179137668,0.7415369749069214,619896000,0.0,0.0
2015-11-12 00:00:00-05:00,0.7398354653905158,0.7466408135244108,0.7357036737845934,0.7388632893562317,291080000,0.0,0.0
2015-11-13 00:00:00-05:00,0.7395925592003566,0.7427521752988805,0.7206348626092133,0.724280595779419,292940000,0.0,0.0
2015-11-16 00:00:00-05:00,0.7337593217160253,0.7393494063468503,0.7279261496164144,0.7388632893562317,344280000,0.0,0.0
2015-11-17 00:00:00-05:00,0.7408076993717531,0.7451825204995081,0.7357036737845934,0.7388632893562317,257048000,0.0,0.0
2015-11-18 00:00:00-05:00,0.7419129177259086,0.7580149959621313,0.7338619076912946,0.7570390701293945,350216000,0.002875,0.0
2015-11-19 00:00:00-05:00,0.7597227489307375,0.7667978328533434,0.753623474468362,0.7592347860336304,254072000,0.0,0.0
2015-11-20 00:00:00-05:00,0.7648462447453057,0.7702136049781265,0.7602107999154607,0.7658221125602722,239744000,0.0,0.0
2015-11-23 00:00:00-05:00,0.772165416926632,0.772165416926632,0.7516719581188087,0.7543556094169617,242552000,0.0,0.0
2015-11-24 00:00:00-05:00,0.7543553803074177,0.7670418338038099,0.7509398145713094,0.7604546546936035,195428000,0.0,0.0
2015-11-25 00:00:00-05:00,0.7589908431085126,0.7680177205648269,0.7567950972947088,0.759478747844696,138300000,0.0,0.0
2015-11-27 00:00:00-05:00,0.7609427153184364,0.7682618111811902,0.7570391858915672,0.7658221125602722,86996000,0.0,0.0
2015-11-30 00:00:00-05:00,0.7665537590304692,0.7772884757300119,0.7658218438842739,0.7738728523254395,327244000,0.0,0.0
2015-12-01 00:00:00-05:00,0.7807042833516578,0.7997339667268866,0.7799723679782258,0.7990020513534546,409496000,0.0,0.0
2015-12-02 00:00:00-05:00,0.800221863148885,0.8085168264048898,0.791194984527115,0.7929027676582336,294240000,0.0,0.0
2015-12-03 00:00:00-05:00,0.7992460463505947,0.8075410101355605,0.7872915055034359,0.7911950349807739,246656000,0.0,0.0
2015-12-04 00:00:00-05:00,0.7911949647016929,0.8248628380152543,0.7911949647016929,0.823399007320404,458756000,0.0,0.0
2015-12-07 00:00:00-05:00,0.8231551417630381,0.8231551417630381,0.8053453354865685,0.8077850341796875,333588000,0.0,0.0
2015-12-08 00:00:00-05:00,0.7977820780622593,0.8221790603830953,0.792658729224982,0.8187634944915771,314488000,0.0,0.0
2015-12-09 00:00:00-05:00,0.8185195979816628,0.8233989947788444,0.7897311219780935,0.7980260848999023,372676000,0.0,0.0
2015-12-10 00:00:00-05:00,0.8004656934502479,0.8090046659703577,0.7977820429631237,0.8046132326126099,236596000,0.0,0.0
2015-12-11 00:00:00-05:00,0.7965621553347125,0.8021734663617784,0.7909508443076466,0.7926586270332336,227320000,0.0,0.0
2015-12-14 00:00:00-05:00,0.7933907992744933,0.7990021121195586,0.785095777133741,0.7946106195449829,275892000,0.0,0.0
2015-12-15 00:00:00-05:00,0.8036371173014548,0.8099803425632255,0.7992456849793709,0.8043690323829651,307296000,0.0,0.0
2015-12-16 00:00:00-05:00,0.8060772503064848,0.8119325741217055,0.7990021643081086,0.8092488646507263,236356000,0.0,0.0
2015-12-17 00:00:00-05:00,0.8104684870600167,0.8187634489543607,0.7965622137272657,0.7970501184463501,254160000,0.0,0.0
2015-12-18 00:00:00-05:00,0.7914388797943012,0.7994898900695312,0.7831439171370933,0.7841197848320007,395896000,0.0,0.0
2015-12-21 00:00:00-05:00,0.7926587920300877,0.8033934534684012,0.7855836491463589,0.8026615381240845,284216000,0.0,0.0
2015-12-22 00:00:00-05:00,0.8051011468434247,0.8114443736760613,0.7985139676455305,0.8033933639526367,130012000,0.0,0.0
2015-12-23 00:00:00-05:00,0.804613251427141,0.809736600158813,0.8031494208846655,0.80656498670578,122524000,0.0,0.0
2015-12-24 00:00:00-05:00,0.8041255144794174,0.811200658644803,0.8029056359622434,0.8092488646507263,52448000,0.0,0.0
2015-12-28 00:00:00-05:00,0.8007098003648343,0.808516800403595,0.7894871760066801,0.808516800403595,142024000,0.0,0.0
2015-12-29 00:00:00-05:00,0.80900470136316,0.8241308536651349,0.8068089555047296,0.8216911554336548,203660000,0.0,0.0
2015-12-30 00:00:00-05:00,0.8209591915492744,0.8280343334518387,0.8143720125309178,0.8146159648895264,180344000,0.0,0.0
2015-12-31 00:00:00-05:00,0.8133961369256211,0.8170556549367024,0.8041252493858337,0.8041252493858337,148528000,0.0,0.0
2016-01-04 00:00:00-05:00,0.7877792310243403,0.7948543142667868,0.7816799571483152,0.789730966091156,358076000,0.0,0.0
2016-01-05 00:00:00-05:00,0.8046133223201956,0.8158359465786573,0.7929027351155841,0.8024175763130188,490272000,0.0,0.0
2016-01-06 00:00:00-05:00,0.7892431898745238,0.7929027666989221,0.7602107603466323,0.7692376971244812,449344000,0.0,0.0
2016-01-07 00:00:00-05:00,0.7499640243136735,0.7550874320106673,0.7289826050475138,0.7387414574623108,645304000,0.0,0.0
2016-01-08 00:00:00-05:00,0.7482560721685682,0.7489879873885745,0.7214193940472919,0.7228832244873047,398472000,0.0,0.0
2016-01-11 00:00:00-05:00,0.723615247976909,0.7292265600585479,0.7111727455421023,0.7241031527519226,409372000,0.0,0.0
2016-01-12 00:00:00-05:00,0.7370333968913653,0.747036198736968,0.7311781337177105,0.7363014817237854,469356000,0.0,0.0
2016-01-13 00:00:00-05:00,0.7419128371753265,0.7467922913082572,0.7131244242430607,0.7138563394546509,481672000,0.0,0.0
2016-01-14 00:00:00-05:00,0.6992182839968462,0.7075133059337633,0.6787248269867655,0.6994622945785522,600236000,0.0,0.0
2016-01-15 00:00:00-05:00,0.671405625136856,0.6794566352221211,0.6499362455204839,0.6614028215408325,841452000,0.0,0.0
2016-01-19 00:00:00-05:00,0.6750651224010794,0.6940948031609452,0.6640864514754656,0.6667701601982117,457140000,0.0,0.0
2016-01-20 00:00:00-05:00,0.6540833849409247,0.6789683174880347,0.6453004641497703,0.6704293489456177,481180000,0.0,0.0
2016-01-21 00:00:00-05:00,0.677748818218226,0.6887274307677935,0.6638424864660528,0.678236722946167,481456000,0.0,0.0
2016-01-22 00:00:00-05:00,0.6911671754790054,0.6987302809416087,0.6897033448625662,0.6940948367118835,257996000,0.0,0.0
2016-01-25 00:00:00-05:00,0.6938508545809308,0.7019018644591433,0.6918990611203679,0.6933628916740417,270728000,0.0,0.0
2016-01-26 00:00:00-05:00,0.6948267002269506,0.703121662212462,0.6877515582195478,0.7001940011978149,227944000,0.0,0.0
2016-01-27 00:00:00-05:00,0.6992182160404115,0.70141396206034,0.6787247610220726,0.6918991208076477,231700000,0.0,0.0
2016-01-28 00:00:00-05:00,0.697510425898045,0.6999501242842323,0.6709176960385033,0.6843360662460327,276776000,0.0,0.0
2016-01-29 00:00:00-05:00,0.6901912440889112,0.7160520553691821,0.6875075936511252,0.7145882248878479,310504000,0.0,0.0
2016-02-01 00:00:00-05:00,0.7138564977366797,0.7184918842152288,0.7077572223433768,0.7148323655128479,289884000,0.0,0.0
2016-02-02 00:00:00-05:00,0.7075133013378915,0.7111728202026683,0.6797006903973718,0.6845800876617432,341908000,0.0,0.0
2016-02-03 00:00:00-05:00,0.6899475258570257,0.6940950081835479,0.6721377180135429,0.6879957318305969,326772000,0.0,0.0
2016-02-04 00:00:00-05:00,0.6889713719077171,0.703853571040318,0.681408325244914,0.6882395148277283,348140000,0.0,0.0
2016-02-05 00:00:00-05:00,0.683604099374822,0.6911671463517062,0.6428610870469145,0.644812822341919,600428000,0.0,0.0
2016-02-08 00:00:00-05:00,0.6350541504900207,0.6382257645737371,0.6062656713199808,0.6152926087379456,608852000,0.0,0.0
2016-02-09 00:00:00-05:00,0.6079733640573102,0.6477404484200203,0.6050457031061451,0.6218796372413635,425372000,0.0,0.0
2016-02-10 00:00:00-05:00,0.6257832860324328,0.6438370435883658,0.6170003596582758,0.6204159259796143,335800000,0.0,0.0
2016-02-11 00:00:00-05:00,0.6045577893583889,0.6235874707535448,0.6045577893583889,0.6172442436218262,340144000,0.0,0.0
2016-02-12 00:00:00-05:00,0.6270028652144842,0.6289546581957446,0.603825708918253,0.6277347803115845,340816000,0.0,0.0
2016-02-16 00:00:00-05:00,0.6367618862373998,0.6594511461309728,0.6348101507162538,0.6584752202033997,485352000,0.0,0.0
2016-02-17 00:00:00-05:00,0.6667702467123683,0.6811644853342435,0.6640865376414081,0.6748212575912476,771468000,0.0,0.0
2016-02-18 00:00:00-05:00,0.7302024846057251,0.7558193486315666,0.7294705692192438,0.7328861355781555,1068660000,0.0,0.0
2016-02-19 00:00:00-05:00,0.7289825243710565,0.7492320841779158,0.7233712124828777,0.7426448464393616,525628000,0.0,0.0
2016-02-22 00:00:00-05:00,0.7533797339900985,0.7775327699335602,0.751915903054069,0.7689937949180603,449668000,0.0,0.0
2016-02-23 00:00:00-05:00,0.7628945374465156,0.7782646451457889,0.7592349602957336,0.7709455490112305,369380000,0.0,0.0
2016-02-24 00:00:00-05:00,0.7677737940144022,0.7775325870701398,0.7465483667678772,0.7763127088546753,336852000,0.0,0.0
2016-02-25 00:00:00-05:00,0.779240498763049,0.7819241498465981,0.764114343761127,0.7780206203460693,349616000,0.0,0.0
2016-02-26 00:00:00-05:00,0.7816802303082578,0.7836319660571119,0.7650902437749705,0.7728973031044006,361964000,0.0,0.0
2016-02-29 00:00:00-05:00,0.773999015211968,0.7840382034008535,0.7673878368067104,0.7678775191307068,323344000,0.002875,0.0
2016-03-01 00:00:00-05:00,0.7698364927345683,0.8019130229949951,0.7686121700567433,0.8019130229949951,348700000,0.0,0.0
2016-03-02 00:00:00-05:00,0.7975054599600198,0.809503552584756,0.7960362962298213,0.8065652251243591,233812000,0.0,0.0
2016-03-03 00:00:00-05:00,0.8055857224725834,0.8090137319182776,0.7886904580030667,0.7994642853736877,302004000,0.0,0.0
2016-03-04 00:00:00-05:00,0.805585750478484,0.8063203322965142,0.7908942308757,0.7970157265663147,175304000,0.0,0.0
2016-03-07 00:00:00-05:00,0.7926080963411647,0.7979950092668899,0.7815894293863764,0.7918735146522522,239968000,0.0,0.0
2016-03-08 00:00:00-05:00,0.7837934149649212,0.7884457476293307,0.7749784903719568,0.777427077293396,274940000,0.0,0.0
2016-03-09 00:00:00-05:00,0.784283306522804,0.7855075710294979,0.76689829517211,0.7769375443458557,222788000,0.0,0.0
2016-03-10 00:00:00-05:00,0.7815897432249622,0.7859972351282161,0.7600421996276853,0.7757131457328796,286084000,0.0,0.0
2016-03-11 00:00:00-05:00,0.7872213584304738,0.7891802628293771,0.7779167522671476,0.7889353632926941,277400000,0.0,0.0
2016-03-14 00:00:00-04:00,0.7852625738263046,0.7940774983635093,0.7815896642779206,0.7908943295478821,190312000,0.0,0.0
2016-03-15 00:00:00-04:00,0.7867317346754448,0.7918737496448525,0.7730196363781079,0.7869765758514404,226216000,0.0,0.0
2016-03-16 00:00:00-04:00,0.7811000525036575,0.8131765847352588,0.7774271426233924,0.8104830980300903,363644000,0.0,0.0
2016-03-17 00:00:00-04:00,0.807544645140596,0.8114623369514165,0.7926082261909349,0.8036268949508667,353680000,0.0,0.0
2016-03-18 00:00:00-04:00,0.8131765812802232,0.8386418756191499,0.8080345074696997,0.8278681039810181,545512000,0.0,0.0
2016-03-21 00:00:00-04:00,0.8205221379504707,0.8305613251113843,0.8117072148531016,0.8303164839744568,337780000,0.0,0.0
2016-03-22 00:00:00-04:00,0.8276230845846947,0.8347239448292567,0.8185632616622093,0.828847348690033,242012000,0.0,0.0
2016-03-23 00:00:00-04:00,0.8325202406303105,0.8491706057452593,0.8288473316320671,0.843049168586731,429008000,0.0,0.0
2016-03-24 00:00:00-04:00,0.8354587015605174,0.8457427907414777,0.8327652732617341,0.8442736268043518,244956000,0.0,0.0
2016-03-28 00:00:00-04:00,0.8428044539611208,0.8565165532645286,0.8418250308063604,0.852843701839447,265388000,0.0,0.0
2016-03-29 00:00:00-04:00,0.8491706254635397,0.8685144770860128,0.847211779538263,0.8665556311607361,261812000,0.0,0.0
2016-03-30 00:00:00-04:00,0.869738880857993,0.8876135705175957,0.8692491401414487,0.8756154775619507,376700000,0.0,0.0
2016-03-31 00:00:00-04:00,0.8795335111213163,0.8814923578598646,0.8655765675670921,0.8724325895309448,379884000,0.0,0.0
2016-04-01 00:00:00-04:00,0.8670454454521985,0.8856547764699723,0.8604342664742621,0.8851650357246399,348292000,0.0,0.0
2016-04-04 00:00:00-04:00,0.8925109267052252,0.8971632601376974,0.873167069318666,0.8765950798988342,393940000,0.0,0.0
2016-04-05 00:00:00-04:00,0.8687593248940382,0.8834508435957633,0.8653312571605108,0.8753705024719238,339568000,0.0,0.0
2016-04-06 00:00:00-04:00,0.8643521432704283,0.8770848207155412,0.8479466140262572,0.8765950798988342,453376000,0.0,0.0
2016-04-07 00:00:00-04:00,0.8709630642445885,0.878798564708575,0.8638622039766919,0.8675350546836853,378104000,0.0,0.0
2016-04-08 00:00:00-04:00,0.8746359034576361,0.8802676580201717,0.8645966583441224,0.8731667399406433,255936000,0.0,0.0
2016-04-11 00:00:00-04:00,0.8783090273630395,0.8930006087287928,0.8756155989957974,0.8785539269447327,387524000,0.0,0.0
2016-04-12 00:00:00-04:00,0.8814920764388465,0.882716399043768,0.8604342180170838,0.8775743842124939,292764000,0.0,0.0
2016-04-13 00:00:00-04:00,0.8814920045191393,0.8998564334422277,0.8814920045191393,0.8996115922927856,350716000,0.0,0.0
2016-04-14 00:00:00-04:00,0.8971630372699668,0.9059779611284552,0.8934901280043832,0.9020602107048035,416564000,0.0,0.0
2016-04-15 00:00:00-04:00,0.901815331012457,0.9172414325109313,0.898877003725544,0.9091610908508301,436972000,0.0,0.0
2016-04-18 00:00:00-04:00,0.9074472618604414,0.9074472618604414,0.8964285907787689,0.9052435159683228,307320000,0.0,0.0
2016-04-19 00:00:00-04:00,0.9086714852349286,0.9103854902807483,0.8834510335367087,0.8890827894210815,309152000,0.0,0.0
2016-04-20 00:00:00-04:00,0.8876135979502674,0.8978976862842205,0.8866341748658234,0.8925107717514038,200172000,0.0,0.0
2016-04-21 00:00:00-04:00,0.8927556124886782,0.8969182627586216,0.8876135975136891,0.8915313482284546,178280000,0.0,0.0
2016-04-22 00:00:00-04:00,0.894469883806247,0.9005913232883149,0.8851652163981588,0.8881035447120667,223540000,0.0,0.0
2016-04-25 00:00:00-04:00,0.8883481798583296,0.8974079455525402,0.8858995929577613,0.8925107717514038,191972000,0.0,0.0
2016-04-26 00:00:00-04:00,0.8978977318591553,0.9081818207151018,0.8893276480827133,0.8932453989982605,214536000,0.0,0.0
2016-04-27 00:00:00-04:00,0.891041535308089,0.9140582970005088,0.8893275304552885,0.9135685563087463,352396000,0.0,0.0
2016-04-28 00:00:00-04:00,0.90793667163423,0.9133235849600765,0.8841853898582268,0.8863890767097473,381224000,0.0,0.0
2016-04-29 00:00:00-04:00,0.8827163472205743,0.8846751932187492,0.8604341675020496,0.8699836730957031,321904000,0.0,0.0
2016-05-02 00:00:00-04:00,0.8783088501900511,0.8868789327264015,0.8741462586880219,0.881492018699646,256076000,0.0,0.0
2016-05-03 00:00:00-04:00,0.8714526583934654,0.875125508482922,0.8633723181419812,0.870962917804718,224024000,0.0,0.0
2016-05-04 00:00:00-04:00,0.8604341978529039,0.8611687797228589,0.8423146674044497,0.8511295914649963,525764000,0.0,0.0
2016-05-05 00:00:00-04:00,0.8582304693123756,0.8663108111140325,0.8499052279799123,0.8562715649604797,246884000,0.0,0.0
2016-05-06 00:00:00-04:00,0.8548024084843249,0.8672902413986476,0.8530884036488122,0.8650864958763123,183240000,0.0,0.0
2016-05-09 00:00:00-04:00,0.8672903457654558,0.8709631970324154,0.8567614159524967,0.8638623356819153,333336000,0.0,0.0
2016-05-10 00:00:00-04:00,0.8692489082966628,0.8819815797416275,0.8609237269882932,0.8805124163627625,269676000,0.0,0.0
2016-05-11 00:00:00-04:00,0.8832061131296632,0.8927555606170912,0.8783088812365617,0.8829612135887146,328176000,0.0,0.0
2016-05-12 00:00:00-04:00,0.8893273433887,0.8932450929619802,0.8552919778904972,0.870962917804718,670540000,0.0,0.0
2016-05-13 00:00:00-04:00,0.959601905277992,1.0039213600719357,0.9549496319739132,1.0034316778182983,2110256000,0.0,0.0
2016-05-16 00:00:00-04:00,0.9958408289956195,1.0479958320595204,0.9926576614390122,1.0330593585968018,973032000,0.0,0.0
2016-05-17 00:00:00-04:00,1.028407638675472,1.0426094805760509,1.0151852784348097,1.0352637767791748,628392000,0.0,0.0
2016-05-18 00:00:00-04:00,1.0284072467939973,1.0737062422306263,1.0284072467939973,1.0617080926895142,541072000,0.0,0.0
2016-05-19 00:00:00-04:00,1.0575453736959268,1.0739510128126524,1.056076326999132,1.066360354423523,398880000,0.0,0.0
2016-05-20 00:00:00-04:00,1.0729717563570402,1.0898670812452727,1.0712577514272577,1.085459589958191,391084000,0.0,0.0
2016-05-23 00:00:00-04:00,1.0901117890793923,1.0942743219320972,1.0805622841709779,1.0871734619140625,413636000,0.0,0.0
2016-05-24 00:00:00-04:00,1.0904876607976446,1.1170011622302538,1.0875417031872416,1.113564133644104,415788000,0.002875,0.0
2016-05-25 00:00:00-04:00,1.1170012767095283,1.121665573499512,1.1000620772441543,1.1088999509811401,458076000,0.0,0.0
2016-05-26 00:00:00-04:00,1.1108635338434425,1.1287846355915496,1.1076720999542866,1.1206833124160767,309964000,0.0,0.0
2016-05-27 00:00:00-04:00,1.1219109129691691,1.1285392582373488,1.1182284078838436,1.1268208026885986,277416000,0.0,0.0
2016-05-31 00:00:00-04:00,1.1317308123711487,1.1494064406469067,1.1309942644516078,1.14695143699646,412524000,0.0,0.0
2016-06-01 00:00:00-04:00,1.1415506102193294,1.1602081465903227,1.1381136987052258,1.1491609811782837,387132000,0.0,0.0
2016-06-02 00:00:00-04:00,1.155298156472598,1.1670819858584291,1.1440053980185154,1.1572622060775757,329208000,0.0,0.0
2016-06-03 00:00:00-04:00,1.1459696448662415,1.1474425067319687,1.1209291201724176,1.1410596370697021,461076000,0.0,0.0
2016-06-06 00:00:00-04:00,1.1440052332203292,1.1528431039865747,1.1292755656709121,1.1351674795150757,322512000,0.0,0.0
2016-06-07 00:00:00-04:00,1.142041675930094,1.1484245456699853,1.1368863081542655,1.1373772621154785,193400000,0.0,0.0
2016-06-08 00:00:00-04:00,1.13762263339879,1.1417960928644333,1.1243659411894822,1.1336947679519653,234616000,0.0,0.0
2016-06-09 00:00:00-04:00,1.1297669172954663,1.1648725810017335,1.1273119135632967,1.163154125213623,472168000,0.0,0.0
2016-06-10 00:00:00-04:00,1.149406896364555,1.1597176348379987,1.1327131692814212,1.1341861486434937,400024000,0.0,0.0
2016-06-13 00:00:00-04:00,1.1354131475849252,1.1710098794213635,1.1354131475849252,1.1486698389053345,475588000,0.0,0.0
2016-06-14 00:00:00-04:00,1.1459697304037424,1.1562804665996202,1.1332039901263486,1.1508796215057373,298344000,0.0,0.0
2016-06-15 00:00:00-04:00,1.1604536925712172,1.172728359319049,1.1476879548695424,1.1626631021499634,301036000,0.0,0.0
2016-06-16 00:00:00-04:00,1.1540709494025931,1.1692915752870061,1.1427781892106006,1.167327642440796,246456000,0.0,0.0
2016-06-17 00:00:00-04:00,1.1688005246535706,1.169046001606412,1.142287023709425,1.14695143699646,471000000,0.0,0.0
2016-06-20 00:00:00-04:00,1.1653633276448914,1.18254788074325,1.1646267799058256,1.1675727367401123,293768000,0.0,0.0
2016-06-21 00:00:00-04:00,1.1724829872642806,1.1756744219752087,1.1587352234860426,1.1604537963867188,212508000,0.0,0.0
2016-06-22 00:00:00-04:00,1.162908661875883,1.170519033061538,1.157507817487269,1.1594717502593994,202620000,0.0,0.0
2016-06-23 00:00:00-04:00,1.1705191361534515,1.1916316787006116,1.1697825881358932,1.1904041767120361,297880000,0.0,0.0
2016-06-24 00:00:00-04:00,1.1415506550102943,1.162663195897478,1.1120913119669247,1.1226475238800049,1017684000,0.0,0.0
2016-06-27 00:00:00-04:00,1.1133185971282857,1.12191099254247,1.0941699907460645,1.110618233680725,449088000,0.0,0.0
2016-06-28 00:00:00-04:00,1.1317306924080281,1.132958077042132,1.1113545856888434,1.1268208026885986,381920000,0.0,0.0
2016-06-29 00:00:00-04:00,1.1366407560292484,1.1540709081713227,1.1336947983346695,1.1452330350875854,318932000,0.0,0.0
2016-06-30 00:00:00-04:00,1.1471969142008638,1.1611901540650376,1.137868204685765,1.1540708541870117,430940000,0.0,0.0
2016-07-01 00:00:00-04:00,1.1476880137679217,1.1626631618168546,1.1415506215485332,1.1454784870147705,218488000,0.0,0.0
2016-07-05 00:00:00-04:00,1.1390957007137477,1.164381702308077,1.1300124672643206,1.1624177694320679,371084000,0.0,0.0
2016-07-06 00:00:00-04:00,1.1543165342469321,1.1766565797454525,1.1484246180966733,1.1697826385498047,273104000,0.0,0.0
2016-07-07 00:00:00-04:00,1.177638284915304,1.20439726291805,1.1722374407483993,1.2002238035202026,395400000,0.0,0.0
2016-07-08 00:00:00-04:00,1.212989587091197,1.254232760464512,1.2083251736108207,1.2483408451080322,481932000,0.0,0.0
2016-07-11 00:00:00-04:00,1.2662621582304572,1.2863926772232621,1.264789179150369,1.2770639657974243,448776000,0.0,0.0
2016-07-12 00:00:00-04:00,1.291302425302235,1.307996028764349,1.2750996586865133,1.2962123155593872,436760000,0.0,0.0
2016-07-13 00:00:00-04:00,1.2986671306908144,1.306032024201756,1.2937572407038573,1.295721173286438,324604000,0.0,0.0
2016-07-14 00:00:00-04:00,1.3025953280671356,1.3207619123133578,1.2917935214872869,1.3089780807495117,316892000,0.0,0.0
2016-07-15 00:00:00-04:00,1.2922844597321015,1.299649354369934,1.2726448967792534,1.293757438659668,428616000,0.0,0.0
2016-07-18 00:00:00-04:00,1.3097144205191438,1.3116783531138592,1.2954757043506866,1.300385594367981,252992000,0.0,0.0
2016-07-19 00:00:00-04:00,1.2996493547047379,1.3190434406848257,1.2971943508044848,1.3138880729675293,382652000,0.0,0.0
2016-07-20 00:00:00-04:00,1.3183070662960663,1.3381922259114667,1.312906220889722,1.3310728073120117,296460000,0.0,0.0
2016-07-21 00:00:00-04:00,1.3281264577524388,1.3322999168783962,1.3021040293674366,1.3065229654312134,361308000,0.0,0.0
2016-07-22 00:00:00-04:00,1.3111879578100039,1.3421202898025513,1.3016136506383746,1.3421202898025513,315768000,0.0,0.0
2016-07-25 00:00:00-04:00,1.3502212629813524,1.3701063032403997,1.3443293471737692,1.3669148683547974,312528000,0.0,0.0
2016-07-26 00:00:00-04:00,1.378944212877785,1.3973562746646309,1.3769802799111004,1.3902369737625122,514508000,0.0,0.0
2016-07-27 00:00:00-04:00,1.4022663867669398,1.404721391158256,1.3678971447158823,1.3762439489364624,446676000,0.0,0.0
2016-07-28 00:00:00-04:00,1.379434968224832,1.3895002256581646,1.3750160318903137,1.3791894912719727,221916000,0.0,0.0
2016-07-29 00:00:00-04:00,1.384344733519248,1.4054572713528282,1.3595498076031036,1.4017748832702637,409588000,0.0,0.0
2016-08-01 00:00:00-04:00,1.4076669969540443,1.41282236441102,1.383608498427134,1.392691731452942,301120000,0.0,0.0
2016-08-02 00:00:00-04:00,1.3993197518727234,1.4000562996584824,1.3624956402926485,1.375752329826355,282748000,0.0,0.0
2016-08-03 00:00:00-04:00,1.374034217893739,1.382135543196314,1.3664238465304033,1.3794350624084473,299828000,0.0,0.0
2016-08-04 00:00:00-04:00,1.3860631078723025,1.4113491032291088,1.3833627447317987,1.4049662351608276,272712000,0.0,0.0
2016-08-05 00:00:00-04:00,1.4211691119008247,1.4295159137094504,1.414295288889135,1.4287794828414917,371588000,0.0,0.0
2016-08-08 00:00:00-04:00,1.4484192603574912,1.4518561723765997,1.426815646150187,1.4420363903045654,305064000,0.0,0.0
2016-08-09 00:00:00-04:00,1.4491555577517923,1.459711886889713,1.4420362573771894,1.4457186460494995,372344000,0.0,0.0
2016-08-10 00:00:00-04:00,1.4584842487696061,1.4606936583544485,1.4317252714993327,1.436389684677124,375740000,0.0,0.0
2016-08-11 00:00:00-04:00,1.443999978810009,1.4717408623983828,1.441054021479012,1.4656034708023071,681064000,0.0,0.0
2016-08-12 00:00:00-04:00,1.519612242333718,1.5559454007151443,1.4884344502962916,1.5475986003875732,1425744000,0.0,0.0
2016-08-15 00:00:00-04:00,1.5493178011805262,1.5588921077372415,1.5252592962734763,1.546126365661621,573304000,0.0,0.0
2016-08-16 00:00:00-04:00,1.5439167052655476,1.5463715922342245,1.5321329902816208,1.5367974042892456,287652000,0.0,0.0
2016-08-17 00:00:00-04:00,1.5367971689499345,1.5402340804163879,1.4891711282039006,1.5012003183364868,595212000,0.0,0.0
2016-08-18 00:00:00-04:00,1.4989910641986728,1.5269774298009002,1.4930991484672442,1.5245225429534912,331684000,0.0,0.0
2016-08-19 00:00:00-04:00,1.5237857184854084,1.5399883667460477,1.5171573730206933,1.5284501314163208,291560000,0.0,0.0
2016-08-22 00:00:00-04:00,1.53311473700966,1.5370427196318932,1.514948153932272,1.5348331928253174,244748000,0.0,0.0
2016-08-23 00:00:00-04:00,1.5504510441620665,1.5573375353828012,1.5428266475809629,1.5472537279129028,339764000,0.002875,0.0
2016-08-24 00:00:00-04:00,1.5526645509297143,1.5534023389695917,1.5162643102638211,1.5233967304229736,298448000,0.0,0.0
2016-08-25 00:00:00-04:00,1.52388847867237,1.5246262666019972,1.4943748505060914,1.5133126974105835,406032000,0.0,0.0
2016-08-26 00:00:00-04:00,1.5172481435591487,1.5342184412285396,1.5051966673713413,1.525610327720642,300024000,0.0,0.0
2016-08-29 00:00:00-04:00,1.5317590308853037,1.5379076163772545,1.5221670827125493,1.5246264934539795,274652000,0.0,0.0
2016-08-30 00:00:00-04:00,1.5226590725014737,1.5307753280174528,1.511591430020273,1.5157725811004639,285544000,0.0,0.0
2016-08-31 00:00:00-04:00,1.5187239759510522,1.5229050097761905,1.5042130876940047,1.5086400508880615,388544000,0.0,0.0
2016-09-01 00:00:00-04:00,1.5098697612337788,1.5588132222082398,1.5086399971562239,1.5531564950942993,428492000,0.0,0.0
2016-09-02 00:00:00-04:00,1.5563539497955754,1.5580755727466187,1.5204456799289399,1.5379078388214111,323148000,0.0,0.0
2016-09-06 00:00:00-04:00,1.5433181428411096,1.5524181127548218,1.5354478193503849,1.5524181127548218,306812000,0.0,0.0
2016-09-07 00:00:00-04:00,1.547499558636523,1.5551239547316476,1.5206913835459477,1.5295454263687134,397988000,0.0,0.0
2016-09-08 00:00:00-04:00,1.528069838734756,1.5430727026174156,1.5106076812266744,1.5406131744384766,315808000,0.0,0.0
2016-09-09 00:00:00-04:00,1.5236427272237496,1.5322508404579256,1.4510882948878452,1.463877558708191,697760000,0.0,0.0
2016-09-12 00:00:00-04:00,1.4444473532487556,1.4970799707010203,1.4097687455524672,1.4941285848617554,598260000,0.0,0.0
2016-09-13 00:00:00-04:00,1.490439672477443,1.5076560147067293,1.4641233591380196,1.4724855422973633,471768000,0.0,0.0
2016-09-14 00:00:00-04:00,1.4759287735504152,1.4904396586049224,1.4636314868811584,1.4855207204818726,319048000,0.0,0.0
2016-09-15 00:00:00-04:00,1.4879803068869675,1.543564321598057,1.4845369445159198,1.5418426990509033,515212000,0.0,0.0
2016-09-16 00:00:00-04:00,1.5472536108188144,1.5556157948506901,1.5278237854330523,1.545531988143921,902444000,0.0,0.0
2016-09-19 00:00:00-04:00,1.5617644747119317,1.6050512048481307,1.554632054773939,1.5659456253051758,417128000,0.0,0.0
2016-09-20 00:00:00-04:00,1.5838997733645432,1.5838997733645432,1.5430725707525064,1.5516806840896606,331112000,0.0,0.0
2016-09-21 00:00:00-04:00,1.5563536446437436,1.5981646805885696,1.5561077153099232,1.5952132940292358,336212000,0.0,0.0
2016-09-22 00:00:00-04:00,1.604559307110582,1.6094782456010852,1.590048420972085,1.5991483926773071,308732000,0.0,0.0
2016-09-23 00:00:00-04:00,1.6011158249785689,1.6057887161678688,1.5902941149900467,1.5974265336990356,276132000,0.0,0.0
2016-09-26 00:00:00-04:00,1.57922649075047,1.5888184370705318,1.5625021256534677,1.5824238061904907,230040000,0.0,0.0
2016-09-27 00:00:00-04:00,1.5762753972093455,1.6389919538801092,1.5755376091754922,1.6365324258804321,402752000,0.0,0.0
2016-09-28 00:00:00-04:00,1.6389920666560471,1.6436650763555745,1.6215297919423943,1.6424353122711182,319788000,0.0,0.0
2016-09-29 00:00:00-04:00,1.6397295994836185,1.6628487150207576,1.6244809259511026,1.6576837301254272,336684000,0.0,0.0
2016-09-30 00:00:00-04:00,1.6667837912384509,1.701708334652666,1.6569459148101415,1.6852298974990845,429932000,0.0,0.0
2016-10-03 00:00:00-04:00,1.685230136180389,1.7095789013805123,1.680557126623587,1.6835083961486816,242596000,0.0,0.0
2016-10-04 00:00:00-04:00,1.6859675703040025,1.7142514337844017,1.66727553600085,1.679818868637085,281624000,0.0,0.0
2016-10-05 00:00:00-04:00,1.6940837051732065,1.7113000451810232,1.6729322620487745,1.678097128868103,305440000,0.0,0.0
2016-10-06 00:00:00-04:00,1.6579298994155909,1.6682596354171932,1.6296459141667892,1.6562082767486572,360212000,0.0,0.0
2016-10-07 00:00:00-04:00,1.6672755720019563,1.6717026513709374,1.6394835665262504,1.644156575202942,286260000,0.0,0.0
2016-10-10 00:00:00-04:00,1.6527648008807365,1.661618960226869,1.6348106701406098,1.6503053903579712,287876000,0.0,0.0
2016-10-11 00:00:00-04:00,1.644894619030985,1.6473540295920934,1.613905178113126,1.6264485120773315,388540000,0.0,0.0
2016-10-12 00:00:00-04:00,1.6198075893455561,1.6424347243827233,1.6062805410886447,1.6338266134262085,419920000,0.0,0.0
2016-10-13 00:00:00-04:00,1.6146428647663322,1.6183320387468834,1.5666831339122613,1.6072643995285034,390116000,0.0,0.0
2016-10-14 00:00:00-04:00,1.6269402552778718,1.638007895209297,1.613413204959871,1.6230051517486572,330636000,0.0,0.0
2016-10-17 00:00:00-04:00,1.6227589919033272,1.638007662508676,1.6114454242681595,1.6136589050292969,195328000,0.0,0.0
2016-10-18 00:00:00-04:00,1.636040446016469,1.6475999452945869,1.6293998850966298,1.638253927230835,269372000,0.0,0.0
2016-10-19 00:00:00-04:00,1.6271865265206602,1.6424352013975694,1.6188242251322662,1.6348108053207397,199060000,0.0,0.0
2016-10-20 00:00:00-04:00,1.6539947837329005,1.671211128778284,1.6306298529282963,1.6658002138137817,312084000,0.0,0.0
2016-10-21 00:00:00-04:00,1.659897207441547,1.6640782401852243,1.6453863229378671,1.661126971244812,279508000,0.0,0.0
2016-10-24 00:00:00-04:00,1.6724406938015581,1.7410599019059636,1.6721946471969262,1.7390923500061035,339836000,0.0,0.0
2016-10-25 00:00:00-04:00,1.7361411657513686,1.7781981349147908,1.7277789812453426,1.7676223516464233,397460000,0.0,0.0
2016-10-26 00:00:00-04:00,1.7528652918671306,1.7941844672353036,1.751143669333185,1.7747546434402466,333792000,0.0,0.0
2016-10-27 00:00:00-04:00,1.7882818562705587,1.7917251016501439,1.731222143609183,1.7383545637130737,388664000,0.0,0.0
2016-10-28 00:00:00-04:00,1.7467163902130662,1.773278628649372,1.7322055073288982,1.7354028224945068,290856000,0.0,0.0
2016-10-31 00:00:00-04:00,1.7410598901357244,1.761719478136443,1.7400760555540744,1.7501599788665771,252388000,0.0,0.0
2016-11-01 00:00:00-04:00,1.7565544225162584,1.7661463688732935,1.6795729223600628,1.6982649564743042,473224000,0.0,0.0
2016-11-02 00:00:00-04:00,1.7113003947842047,1.7344193941899468,1.688181278101717,1.691132664680481,295848000,0.0,0.0
2016-11-03 00:00:00-04:00,1.699002770318409,1.7004784634171586,1.6389916809839349,1.6714566946029663,309664000,0.0,0.0
2016-11-04 00:00:00-04:00,1.6603889453272762,1.690394546650923,1.6375158797225837,1.6618646383285522,328780000,0.0,0.0
2016-11-07 00:00:00-05:00,1.7105624212798203,1.7639329550742309,1.7093326573749237,1.7528653144836426,487580000,0.0,0.0
2016-11-08 00:00:00-05:00,1.7595058796469158,1.7651627232571059,1.7339274705681713,1.7501599788665771,429884000,0.0,0.0
2016-11-09 00:00:00-05:00,1.7026921309897274,1.7437653783979543,1.6901489141910992,1.7206462621688843,456532000,0.0,0.0
2016-11-10 00:00:00-05:00,1.7582763279413942,1.7585222572808987,1.6419433064299993,1.6667839288711548,869280000,0.0,0.0
2016-11-11 00:00:00-05:00,1.9555263140878587,2.18327334175453,1.9306855699480865,2.163597583770752,2175344000,0.0,0.0
2016-11-14 00:00:00-05:00,2.166548869782372,2.1690083980539097,2.0566105830441175,2.0571024417877197,1348796000,0.0,0.0
2016-11-15 00:00:00-05:00,2.0730878960145325,2.1508071689076567,2.064233739284662,2.1198179721832275,626092000,0.0,0.0
2016-11-16 00:00:00-05:00,2.1481024098495793,2.2764866616062305,2.123753648183303,2.2536137104034424,987984000,0.0,0.0
2016-11-17 00:00:00-05:00,2.2703378197090993,2.331332740264845,2.229510508293796,2.272305488586426,832988000,0.0,0.0
2016-11-18 00:00:00-05:00,2.2723066464754154,2.320020236890939,2.257795755452046,2.296163558959961,576060000,0.0,0.0
2016-11-21 00:00:00-05:00,2.31411770967563,2.320512343630416,2.2725524716927348,2.2868175506591797,436436000,0.0,0.0
2016-11-22 00:00:00-05:00,2.2946870222831266,2.3055086168170984,2.272059881309554,2.303295135498047,330368000,0.0,0.0
2016-11-23 00:00:00-05:00,2.3084674767253914,2.346153696520464,2.285067686791548,2.3146255016326904,443236000,0.0035,0.0
2016-11-25 00:00:00-05:00,2.32571034187409,2.3424597513330245,2.3008322903535734,2.3193061351776123,195564000,0.0,0.0
2016-11-28 00:00:00-05:00,2.3121626156020274,2.333592028491485,2.3055119947513236,2.3180742263793945,278736000,0.0,0.0
2016-11-29 00:00:00-05:00,2.315364100716171,2.3262021297674096,2.279155903612745,2.2968904972076416,444568000,0.0,0.0
2016-11-30 00:00:00-05:00,2.3055113212029994,2.31930515395525,2.268564116995468,2.2710273265838623,440500000,0.0,0.0
2016-12-01 00:00:00-05:00,2.268564284477471,2.2702884843357207,2.0880151896205206,2.158707618713379,1035524000,0.0,0.0
2016-12-02 00:00:00-05:00,2.1244702262510033,2.187280678520027,2.0966366080163685,2.178659677505493,478292000,0.0,0.0
2016-12-05 00:00:00-05:00,2.2165922790913366,2.281126937302344,2.1922070590939335,2.263145923614502,602284000,0.0,0.0
2016-12-06 00:00:00-05:00,2.271274941851732,2.308714999559538,2.255510719390801,2.300340175628662,498796000,0.0,0.0
2016-12-07 00:00:00-05:00,2.2867923501973717,2.3473857771937356,2.2685649216445074,2.3417205810546875,480804000,0.0,0.0
2016-12-08 00:00:00-05:00,2.344676814082181,2.3798998374736375,2.2919653690691373,2.3025567531585693,381544000,0.0,0.0
2016-12-09 00:00:00-05:00,2.3202914986130048,2.322015699202078,2.2343274143932446,2.2616684436798096,382312000,0.0,0.0
2016-12-12 00:00:00-05:00,2.213144109474624,2.215607320213512,2.156245256872658,2.206739902496338,601332000,0.0,0.0
2016-12-13 00:00:00-05:00,2.2190544868771926,2.273243918464872,2.218069297091558,2.2456564903259277,387796000,0.0,0.0
2016-12-14 00:00:00-05:00,2.2794026503031692,2.3919689690094366,2.255510026329355,2.3757121562957764,983980000,0.0,0.0
2016-12-15 00:00:00-05:00,2.3867960572889664,2.461676147313256,2.3794066612646034,2.4313793182373047,746548000,0.0,0.0
2016-12-16 00:00:00-05:00,2.458966579497112,2.4803959929020114,2.407240336307974,2.473253011703491,1089528000,0.0,0.0
2016-12-19 00:00:00-05:00,2.4557646933617576,2.5235013368709813,2.4385224549975697,2.5033035278320312,744656000,0.0,0.0
2016-12-20 00:00:00-05:00,2.575966787104739,2.614145612611828,2.564636159042458,2.5904994010925293,848056000,0.0,0.0
2016-12-21 00:00:00-05:00,2.6020754900855674,2.6097113000574512,2.5545366651590933,2.606755495071411,576136000,0.0,0.0
2016-12-22 00:00:00-05:00,2.6311409906701564,2.681635625968522,2.623997774949932,2.638284206390381,718612000,0.0,0.0
2016-12-23 00:00:00-05:00,2.620303262483907,2.7055285611979043,2.617593871854794,2.7040505409240723,647692000,0.0,0.0
2016-12-27 00:00:00-05:00,2.760210506616437,2.890757605369176,2.7395198679148027,2.889772415161133,1194272000,0.0,0.0
2016-12-28 00:00:00-05:00,2.945932346270089,2.954060753012661,2.6772023286451674,2.690995931625366,2295764000,0.0,0.0
2016-12-29 00:00:00-05:00,2.5838484047435557,2.746170345731629,2.532122163046574,2.744692325592041,2175368000,0.0,0.0
2016-12-30 00:00:00-05:00,2.742721424034021,2.7567614381685357,2.6183321465713996,2.6291699409484863,1212932000,0.0,0.0
2017-01-03 00:00:00-05:00,2.5715325870748407,2.6200568432898743,2.447882296094783,2.5126633644104004,1501996000,0.0,0.0
2017-01-04 00:00:00-05:00,2.54690122143267,2.5986274637696756,2.5008401749233022,2.57128643989563,1199220000,0.0,0.0
2017-01-05 00:00:00-05:00,2.574734740196662,2.606509353498511,2.489016856420168,2.5060126781463623,984296000,0.0,0.0
2017-01-06 00:00:00-05:00,2.533353417296892,2.5678376519533153,2.492711392657543,2.5395114421844482,822856000,0.0,0.0
2017-01-09 00:00:00-05:00,2.5493642710625997,2.66020614482518,2.5493642710625997,2.6424713134765625,916248000,0.0,0.0
2017-01-10 00:00:00-05:00,2.6555266710052066,2.689518085536976,2.601829806062412,2.6225204467773438,880920000,0.0,0.0
2017-01-11 00:00:00-05:00,2.6109427950566793,2.6158689798894734,2.5653743521040657,2.590252161026001,525664000,0.0,0.0
2017-01-12 00:00:00-05:00,2.5673456442608598,2.5789224518122715,2.5030571651937796,2.547886610031128,625616000,0.0,0.0
2017-01-13 00:00:00-05:00,2.5518277382705254,2.586311982604273,2.5385267296472205,2.547640562057495,457820000,0.0,0.0
2017-01-17 00:00:00-05:00,2.537047879345519,2.5419740636657386,2.4771932482106496,2.4904942512512207,580612000,0.0,0.0
2017-01-18 00:00:00-05:00,2.4690652289423927,2.542713469529277,2.4412316137202748,2.5358166694641113,654424000,0.0,0.0
2017-01-19 00:00:00-05:00,2.538772343254959,2.6222731846053415,2.5365555483349707,2.590252161026001,644872000,0.0,0.0
2017-01-20 00:00:00-05:00,2.612913595889409,2.6306484279151077,2.5400043573072986,2.5619263648986816,492024000,0.0,0.0
2017-01-23 00:00:00-05:00,2.556754016237913,2.6084802623865437,2.5542908057297202,2.588528633117676,369904000,0.0,0.0
2017-01-24 00:00:00-05:00,2.5986278328553287,2.6498614873846966,2.583848803700819,2.6437034606933594,428052000,0.0,0.0
2017-01-25 00:00:00-05:00,2.6860691914268755,2.692227216957473,2.6190715649674945,2.655033588409424,522760000,0.0,0.0
2017-01-26 00:00:00-05:00,2.6577428653130153,2.7082374979863886,2.6281850487411367,2.70084810256958,458800000,0.0,0.0
2017-01-27 00:00:00-05:00,2.7077445138853284,2.756022344487354,2.6811425062833947,2.7530665397644043,471996000,0.0,0.0
2017-01-30 00:00:00-05:00,2.7321298331711104,2.7343466280735815,2.6579890019839914,2.709961414337158,496004000,0.0,0.0
2017-01-31 00:00:00-05:00,2.6836062543974926,2.710700862404625,2.6651324124468503,2.6892714500427246,362756000,0.0,0.0
2017-02-01 00:00:00-05:00,2.72375539517185,2.8109510628500782,2.706020798563311,2.8067638874053955,590004000,0.0,0.0
2017-02-02 00:00:00-05:00,2.7907528864060027,2.850853938700657,2.7602098827183075,2.8422327041625977,483240000,0.0,0.0
2017-02-03 00:00:00-05:00,2.843711227830151,2.854795439295257,2.8055324077307104,2.8173553943634033,372744000,0.0,0.0
2017-02-06 00:00:00-05:00,2.8079949502810444,2.8900180085171963,2.8079949502810444,2.8895254135131836,506768000,0.0,0.0
2017-02-07 00:00:00-05:00,2.923763642704225,2.9784456891947846,2.9040584303532597,2.9343552589416504,746224000,0.0,0.0
2017-02-08 00:00:00-05:00,2.9163740972575307,2.9387886988133984,2.8666182389536847,2.921546697616577,449580000,0.0,0.0
2017-02-09 00:00:00-05:00,2.927704890790531,2.932631311755645,2.8474062492394245,2.8666186332702637,842568000,0.0,0.0
2017-02-10 00:00:00-05:00,2.9540611365734555,2.9730273431338365,2.7735119644215107,2.7986361980438232,1651092000,0.0,0.0
2017-02-13 00:00:00-05:00,2.792969774779987,2.807502384621087,2.6651320911696876,2.6695659160614014,1180724000,0.0,0.0
2017-02-14 00:00:00-05:00,2.659960007163528,2.713164271851604,2.618086369502465,2.6794190406799316,850632000,0.0,0.0
2017-02-15 00:00:00-05:00,2.6823743662257757,2.704542551398942,2.654294336139944,2.6848373413085938,373020000,0.0,0.0
2017-02-16 00:00:00-05:00,2.6944441249818953,2.6956757301395724,2.602568447380235,2.641732692718506,647176000,0.0,0.0
2017-02-17 00:00:00-05:00,2.628185289579682,2.6456737070956056,2.5811390527832945,2.641239881515503,563740000,0.0,0.0
2017-02-21 00:00:00-05:00,2.6658718595318036,2.739766534734324,2.6656254445048067,2.735825538635254,551952000,0.0,0.0
2017-02-22 00:00:00-05:00,2.747909800258752,2.7572816243531006,2.7126420969139935,2.7316324710845947,433772000,0.0035,0.0
2017-02-23 00:00:00-05:00,2.6019074111352327,2.6238570888908903,2.4583709646684144,2.4783475399017334,1592888000,0.0,0.0
2017-02-24 00:00:00-05:00,2.394001024379638,2.5155877767212105,2.360213206441222,2.502269983291626,1029904000,0.0,0.0
2017-02-27 00:00:00-05:00,2.5205202745996447,2.5900687736645462,2.504736163027208,2.5750246047973633,715400000,0.0,0.0
2017-02-28 00:00:00-05:00,2.584643136497847,2.5945084128611433,2.4854995080982865,2.502763271331787,625360000,0.0,0.0
2017-03-01 00:00:00-05:00,2.559733857639716,2.574038319828025,2.4936381071179294,2.53507137298584,504804000,0.0,0.0
2017-03-02 00:00:00-05:00,2.5222465378987975,2.5363042726639202,2.4388867979379465,2.4415996074676514,754332000,0.0,0.0
2017-03-03 00:00:00-05:00,2.4309947232140816,2.435927125281352,2.3730374113162935,2.427541971206665,864692000,0.0,0.0
2017-03-06 00:00:00-05:00,2.3912877325785775,2.4194031992634644,2.3471416658933406,2.4087982177734375,883568000,0.0,0.0
2017-03-07 00:00:00-05:00,2.408798009667796,2.4546704483161386,2.3959734366950496,2.4351868629455566,603400000,0.0,0.0
2017-03-08 00:00:00-05:00,2.4835266650630583,2.4983243459517315,2.4285291077625697,2.430748701095581,638712000,0.0,0.0
2017-03-09 00:00:00-05:00,2.4147180249784546,2.4526983069443697,2.4021399377913526,2.43025541305542,478060000,0.0,0.0
2017-03-10 00:00:00-05:00,2.456644923360727,2.4684828345065153,2.4263098497474846,2.4445600509643555,499740000,0.0,0.0
2017-03-13 00:00:00-04:00,2.4549180854562205,2.521753784149147,2.454178142648237,2.5118887424468994,774136000,0.0,0.0
2017-03-14 00:00:00-04:00,2.5247130677933396,2.5340846565526554,2.477853947991145,2.510162115097046,522016000,0.0,0.0
2017-03-15 00:00:00-04:00,2.5217527203116052,2.5400029104010273,2.474153673097427,2.529151439666748,615036000,0.0,0.0
2017-03-16 00:00:00-04:00,2.5397573656851926,2.5607206076671383,2.52569962903361,2.560227155685425,523100000,0.0,0.0
2017-03-17 00:00:00-04:00,2.577737648958705,2.6171980490802724,2.560227159615064,2.615964889526367,1119688000,0.0,0.0
2017-03-20 00:00:00-04:00,2.6334751109800716,2.7032703352634875,2.617444273611171,2.699324131011963,748568000,0.0,0.0
2017-03-21 00:00:00-04:00,2.6820598054715026,2.7119016458426994,2.6041259335079157,2.612017869949341,913484000,0.0,0.0
2017-03-22 00:00:00-04:00,2.600919807173397,2.6699753130128867,2.5969738387485597,2.6652894020080566,616764000,0.0,0.0
2017-03-23 00:00:00-04:00,2.6573975227355398,2.677374328188764,2.63150188159349,2.641120195388794,533940000,0.0,0.0
2017-03-24 00:00:00-04:00,2.6874862691891965,2.6953782074231314,2.624596548483552,2.6504921913146973,439500000,0.0,0.0
2017-03-27 00:00:00-04:00,2.603879739530226,2.6736749633963264,2.554554538692208,2.669728994369507,506644000,0.0,0.0
2017-03-28 00:00:00-04:00,2.670962290724683,2.6855132433579754,2.6455598639110294,2.6559181213378906,432444000,0.0,0.0
2017-03-29 00:00:00-04:00,2.6633167791909846,2.675648138537329,2.645066583743422,2.6472861766815186,349992000,0.0,0.0
2017-03-30 00:00:00-04:00,2.6544377041285303,2.7128882289299643,2.648765359797907,2.6980905532836914,525532000,0.0,0.0
2017-03-31 00:00:00-04:00,2.688472459203871,2.710175640183456,2.6734282916070438,2.6864993572235107,440808000,0.0,0.0
2017-04-03 00:00:00-04:00,2.6869927428632425,2.704256502761599,2.6492587266265524,2.6729350090026855,445232000,0.0,0.0
2017-04-04 00:00:00-04:00,2.5501154806738917,2.575271416681744,2.474647907851456,2.485499382019043,1271280000,0.0,0.0
2017-04-05 00:00:00-04:00,2.466755665845002,2.5247129839277007,2.4539310898199984,2.4670023918151855,747048000,0.0,0.0
2017-04-06 00:00:00-04:00,2.4721812807782415,2.4970904877046434,2.427048543094755,2.4850058555603027,635120000,0.0,0.0
2017-04-07 00:00:00-04:00,2.491418027415156,2.5089285127556025,2.459356591946808,2.474400758743286,429068000,0.0,0.0
2017-04-10 00:00:00-04:00,2.4751410504028053,2.481799829169275,2.407072201317018,2.4112648963928223,756332000,0.0,0.0
2017-04-11 00:00:00-04:00,2.381176151468296,2.439133465235868,2.3762437492418993,2.4198966026306152,618148000,0.0,0.0
2017-04-12 00:00:00-04:00,2.4198967935606213,2.4342010198669835,2.394740858138009,2.3999199867248535,414092000,0.0,0.0
2017-04-13 00:00:00-04:00,2.375751344764065,2.3974542983017986,2.355034589767456,2.355034589767456,506892000,0.0,0.0
2017-04-17 00:00:00-04:00,2.3678582953257292,2.4475185530456507,2.3626791672883125,2.4472720623016357,497292000,0.0,0.0
2017-04-18 00:00:00-04:00,2.432967814985023,2.454917723577843,2.40707217253432,2.448751926422119,370116000,0.0,0.0
2017-04-19 00:00:00-04:00,2.4662621460005667,2.4904314096612854,2.451711195575946,2.4583702087402344,380828000,0.0,0.0
2017-04-20 00:00:00-04:00,2.472920877650344,2.5020227751866586,2.451710916475953,2.4973368644714355,404016000,0.0,0.0
2017-04-21 00:00:00-04:00,2.4869782164063245,2.510407768492162,2.47514031261641,2.507694959640503,341896000,0.0,0.0
2017-04-24 00:00:00-04:00,2.539263214354647,2.5520877879221486,2.518300213347342,2.5390167236328125,371820000,0.0,0.0
2017-04-25 00:00:00-04:00,2.553567904815004,2.5977139737402397,2.532111450014537,2.583163022994995,388440000,0.0,0.0
2017-04-26 00:00:00-04:00,2.596728061376058,2.599194145318374,2.5634334585428356,2.565406560897827,327004000,0.0,0.0
2017-04-27 00:00:00-04:00,2.5728051345395255,2.6137449480312336,2.554801429194126,2.6053597927093506,319700000,0.0,0.0
2017-04-28 00:00:00-04:00,2.598453766006752,2.6053592696623635,2.5666388217634393,2.5723114013671875,348248000,0.0,0.0
2017-05-01 00:00:00-04:00,2.583163402172405,2.6352016513715513,2.576011171122024,2.6300222873687744,307732000,0.0,0.0
2017-05-02 00:00:00-04:00,2.6031398304673488,2.60437298979295,2.5293984080834004,2.5520880222320557,629972000,0.0,0.0
2017-05-03 00:00:00-04:00,2.5451826619958613,2.5806968528963354,2.530385219654642,2.5710785388946533,336904000,0.0,0.0
2017-05-04 00:00:00-04:00,2.577243855137871,2.588342053437021,2.5533210825908617,2.561213254928589,209788000,0.0,0.0
2017-05-05 00:00:00-04:00,2.54962258582708,2.5686127268182646,2.5340849625422317,2.561460494995117,228428000,0.0,0.0
2017-05-08 00:00:00-04:00,2.573297820594283,2.574777470569062,2.5232326841642423,2.5345776081085205,365240000,0.0,0.0
2017-05-09 00:00:00-04:00,2.5402500840745406,2.587848904478003,2.5318646948465027,2.5387701988220215,847672000,0.0,0.0
2017-05-10 00:00:00-04:00,2.8186911199192006,3.0044007325611695,2.812032341630663,2.9913294315338135,2129096000,0.0,0.0
2017-05-11 00:00:00-04:00,2.960748213453476,3.21674629196327,2.9572954609433983,3.1198220252990723,1939792000,0.0,0.0
2017-05-12 00:00:00-04:00,3.1230282682909536,3.1962762485023846,3.102065027376503,3.1541030406951904,962620000,0.0,0.0
2017-05-15 00:00:00-04:00,3.1952897314941557,3.314903376409104,3.190850310408756,3.312437057495117,1087540000,0.0,0.0
2017-05-16 00:00:00-04:00,3.3634880743266904,3.3896306741278166,3.289007184210425,3.3740930557250977,1120700000,0.0,0.0
2017-05-17 00:00:00-04:00,3.3072573774430647,3.3260010217422535,3.1457172787300687,3.1499099731445312,1271368000,0.0,0.0
2017-05-18 00:00:00-04:00,3.1938101564721633,3.290734429442092,3.133386748413633,3.281855821609497,1156032000,0.0,0.0
2017-05-19 00:00:00-04:00,3.3830785043112916,3.4124578070084066,3.3383922034819054,3.357649326324463,1018372000,0.0035,0.0
2017-05-22 00:00:00-04:00,3.401348093489212,3.4435654773199005,3.390484956420847,3.429246187210083,836608000,0.0,0.0
2017-05-23 00:00:00-04:00,3.4489966941375068,3.4512186243048313,3.350489161312943,3.383078098297119,681248000,0.0,0.0
2017-05-24 00:00:00-04:00,3.4801047801094693,3.482820682286579,3.4090015899520933,3.4210991859436035,815996000,0.0,0.0
2017-05-25 00:00:00-04:00,3.4564047858364537,3.4571455080469455,3.3685133630388933,3.4134466648101807,608228000,0.0,0.0
2017-05-26 00:00:00-04:00,3.405298446956085,3.5867595612348913,3.385053850802918,3.501830816268921,779140000,0.0,0.0
2017-05-30 00:00:00-04:00,3.5477517020622984,3.611695131123282,3.531704216065452,3.5766375064849854,989652000,0.0,0.0
2017-05-31 00:00:00-04:00,3.6215707608023635,3.629224260934804,3.5070157155511033,3.5637996196746826,887316000,0.0,0.0
2017-06-01 00:00:00-04:00,3.57960037307284,3.580588081044261,3.5186195890007785,3.564046621322632,503340000,0.0,0.0
2017-06-02 00:00:00-04:00,3.5610833977438894,3.5872532989896584,3.5403450653996726,3.5462703704833984,487456000,0.0,0.0
2017-06-05 00:00:00-04:00,3.529975600425593,3.6669971505063716,3.5183719770558524,3.6541590690612793,817376000,0.0,0.0
2017-06-06 00:00:00-04:00,3.6494684392997048,3.6956361851748243,3.62428624650311,3.637618064880371,758728000,0.0,0.0
2017-06-07 00:00:00-04:00,3.6620602165919194,3.7003274820600796,3.6465064658346593,3.6815640926361084,612612000,0.0,0.0
2017-06-08 00:00:00-04:00,3.7887119468476844,3.9501754375504032,3.7474820359244227,3.9486942291259766,1161744000,0.0,0.0
2017-06-09 00:00:00-04:00,4.0672003245025214,4.160029327867165,3.5242976690780807,3.6934146881103516,3692928000,0.0,0.0
2017-06-12 00:00:00-04:00,3.6015729842379103,3.7452605793308584,3.5084969995049335,3.7025492191314697,1697532000,0.0,0.0
2017-06-13 00:00:00-04:00,3.811919856295276,3.821054800571389,3.595894599500835,3.737854242324829,1672504000,0.0,0.0
2017-06-14 00:00:00-04:00,3.7408164064479115,3.8035253726516713,3.6662568305415646,3.7457540035247803,1184640000,0.0,0.0
2017-06-15 00:00:00-04:00,3.6282367765538344,3.792168975646112,3.616879901586917,3.7618021965026855,963824000,0.0,0.0
2017-06-16 00:00:00-04:00,3.771430500359427,3.819326444109943,3.7092152648288113,3.7432854175567627,924960000,0.0,0.0
2017-06-19 00:00:00-04:00,3.787478177380722,3.8891953753798867,3.7837750379219757,3.8840107917785645,778176000,0.0,0.0
2017-06-20 00:00:00-04:00,3.9262278416461984,3.9931339218698336,3.874135024317476,3.8783318996429443,1095444000,0.0,0.0
2017-06-21 00:00:00-04:00,3.90598313725354,3.9407940097832412,3.844014656075381,3.9370906352996826,682652000,0.0,0.0
2017-06-22 00:00:00-04:00,3.945238419076411,3.958570474890458,3.8859858317980254,3.9099338054656982,469132000,0.0,0.0
2017-06-23 00:00:00-04:00,3.917587383051598,3.9333881203936096,3.782787497115875,3.7978477478027344,1088588000,0.0,0.0
2017-06-26 00:00:00-04:00,3.8306828991011965,3.8662344941884945,3.6620598671144706,3.7563703060150146,1063960000,0.0,0.0
2017-06-27 00:00:00-04:00,3.7388411184089563,3.7474820896306253,3.6131762038235253,3.618854522705078,999492000,0.0,0.0
2017-06-28 00:00:00-04:00,3.6865017043533714,3.7511858555428037,3.598363317793061,3.746495008468628,994948000,0.0,0.0
2017-06-29 00:00:00-04:00,3.718102938008789,3.721065355020035,3.557133174623591,3.621323585510254,1064424000,0.0,0.0
2017-06-30 00:00:00-04:00,3.6386067529672403,3.652185561690774,3.542815076022737,3.5689849853515625,731060000,0.0,0.0
2017-07-03 00:00:00-04:00,3.5810806592532054,3.5958936840968163,3.4213453756656746,3.43986177444458,709072000,0.0,0.0
2017-07-05 00:00:00-04:00,3.503311409894644,3.56058903502677,3.4843012752575415,3.531703472137451,820188000,0.0,0.0
2017-07-06 00:00:00-04:00,3.5025715426871074,3.5892284821237137,3.450478490519334,3.5423200130462646,746284000,0.0,0.0
2017-07-07 00:00:00-04:00,3.5991043975055486,3.641568775768978,3.5761438960528964,3.6232991218566895,654972000,0.0,0.0
2017-07-10 00:00:00-04:00,3.6968708495344957,3.802044193910031,3.670700947489923,3.794637680053711,958492000,0.0,0.0
2017-07-11 00:00:00-04:00,3.798340660246315,3.856112027403214,3.756370027004459,3.8484585285186768,757956000,0.0,0.0
2017-07-12 00:00:00-04:00,3.9082056681992845,4.024241927792125,3.8652475535649624,4.012144565582275,1145208000,0.0,0.0
2017-07-13 00:00:00-04:00,4.024241332411606,4.105713687922591,3.9193149780511822,3.9657294750213623,1369132000,0.0,0.0
2017-07-14 00:00:00-04:00,3.982024278251278,4.073865807496807,3.9751115002918125,4.072384834289551,941948000,0.0,0.0
2017-07-17 00:00:00-04:00,4.106454198489569,4.135340000150962,3.993380378950912,4.0551018714904785,930792000,0.0,0.0
2017-07-18 00:00:00-04:00,3.9941214453058373,4.1118863570659965,3.9822708348384137,4.097320079803467,776640000,0.0,0.0
2017-07-19 00:00:00-04:00,4.106454249871841,4.13287113565448,4.063990114874407,4.076087474822998,687044000,0.0,0.0
2017-07-20 00:00:00-04:00,4.096579216172345,4.135586964140026,4.04670833050211,4.135340213775635,699596000,0.0,0.0
2017-07-21 00:00:00-04:00,4.114849024652141,4.17978016490392,4.100529496891086,4.150153636932373,648332000,0.0,0.0
2017-07-24 00:00:00-04:00,4.157312936024296,4.166941379406649,4.091394334426088,4.102010250091553,652524000,0.0,0.0
2017-07-25 00:00:00-04:00,4.079049540236222,4.096578702761599,4.038560353361288,4.082259178161621,496556000,0.0,0.0
2017-07-26 00:00:00-04:00,4.139783723607063,4.195333159229018,4.094603453181525,4.1294145584106445,640404000,0.0,0.0
2017-07-27 00:00:00-04:00,4.154351042096853,4.165954903718957,3.889936085961746,3.9931344985961914,782856000,0.0,0.0
2017-07-28 00:00:00-04:00,3.9573361787571875,4.08300136554048,3.93240096554613,4.058559417724609,513348000,0.0,0.0
2017-07-31 00:00:00-04:00,4.072137875829814,4.108183212058507,3.9654833113442844,4.012144565582275,559672000,0.0,0.0
2017-08-01 00:00:00-04:00,4.002761947802803,4.0627552442213535,3.974864090210139,4.0610270500183105,431384000,0.0,0.0
2017-08-02 00:00:00-04:00,4.092136311030897,4.0960862013744,3.9815313761510276,4.058559417724609,478444000,0.0,0.0
2017-08-03 00:00:00-04:00,4.058066328035876,4.113862537421911,4.041031129234728,4.110159397125244,442420000,0.0,0.0
2017-08-04 00:00:00-04:00,4.132872069807774,4.198790688537783,4.110158788700346,4.128181457519531,589096000,0.0,0.0
2017-08-07 00:00:00-04:00,4.157312926967125,4.255573246938015,4.147684012708143,4.255079746246338,717412000,0.0,0.0
2017-08-08 00:00:00-04:00,4.2930996422693335,4.309640861043506,4.165212810603996,4.2044677734375,755336000,0.0,0.0
2017-08-09 00:00:00-04:00,4.158300055966766,4.251623006828736,4.13953667148467,4.249154090881348,530784000,0.0,0.0
2017-08-10 00:00:00-04:00,4.250389267676389,4.262733850184856,4.057077767480767,4.067200183868408,1328088000,0.0,0.0
2017-08-11 00:00:00-04:00,3.879567341661242,3.9254881151073233,3.7751346947020354,3.8504347801208496,1497196000,0.0,0.0
2017-08-14 00:00:00-04:00,3.942028378932659,4.1612630106247055,3.9304247550181044,4.157559871673584,1279020000,0.0,0.0
2017-08-15 00:00:00-04:00,4.162744770459658,4.188914437256059,4.088185188781027,4.122502326965332,764532000,0.0,0.0
2017-08-16 00:00:00-04:00,4.137562047190588,4.161016044158955,4.044979811039915,4.077321529388428,596632000,0.0,0.0
2017-08-17 00:00:00-04:00,4.0689291110958,4.085963837499192,3.9842470963384162,3.98646879196167,525444000,0.0,0.0
2017-08-18 00:00:00-04:00,4.040782618199965,4.057817809578801,3.94128737180326,3.987208127975464,601204000,0.0,0.0
2017-08-21 00:00:00-04:00,4.011649973508851,4.023006610529127,3.8852443452442857,3.929189920425415,623672000,0.0,0.0
2017-08-22 00:00:00-04:00,3.96576184335469,4.022595504064445,3.9464877639599423,4.016664981842041,450456000,0.0035,0.0
2017-08-23 00:00:00-04:00,3.9833056437236203,4.108092610375723,3.97465659409458,4.096972942352295,579520000,0.0,0.0
2017-08-24 00:00:00-04:00,4.129095892357639,4.133544136322047,4.055459497754205,4.081899166107178,469700000,0.0,0.0
2017-08-25 00:00:00-04:00,4.106115985479079,4.116247312026274,4.0413746596589775,4.047799587249756,357200000,0.0,0.0
2017-08-28 00:00:00-04:00,4.066826778511638,4.079676163387952,4.0112284332475685,4.07646369934082,389496000,0.0,0.0
2017-08-29 00:00:00-04:00,4.017652410187519,4.09153623790673,4.009497768200317,4.069790840148926,324096000,0.0,0.0
2017-08-30 00:00:00-04:00,4.089560200906684,4.105128115197941,4.059166689087475,4.094008445739746,384400000,0.0,0.0
2017-08-31 00:00:00-04:00,4.114272078721341,4.190874011235851,4.10685927734689,4.186920642852783,612684000,0.0,0.0
2017-09-01 00:00:00-04:00,4.199521448003297,4.247706523633182,4.190872397542756,4.212123394012451,445432000,0.0,0.0
2017-09-05 00:00:00-04:00,4.160725851501813,4.165668031386709,4.041622426936433,4.099691390991211,695364000,0.0,0.0
2017-09-06 00:00:00-04:00,4.132556583866524,4.14639431089903,4.062379135648339,4.097220420837402,397672000,0.0,0.0
2017-09-07 00:00:00-04:00,4.114022101876739,4.148616406487009,4.075968366805442,4.116246223449707,352868000,0.0,0.0
2017-09-08 00:00:00-04:00,4.10463521952568,4.11946129382313,4.02062001298613,4.044836044311523,498856000,0.0,0.0
2017-09-11 00:00:00-04:00,4.090550789125407,4.186674017660252,4.085114200185337,4.176048278808594,567444000,0.0,0.0
2017-09-12 00:00:00-04:00,4.200757069284288,4.200757069284288,4.125884876534656,4.191120147705078,411488000,0.0,0.0
2017-09-13 00:00:00-04:00,4.165915631365629,4.238811146140501,4.133545432223916,4.209900379180908,580960000,0.0,0.0
2017-09-14 00:00:00-04:00,4.170857221503017,4.264015380905409,4.146394232053506,4.1859307289123535,513712000,0.0,0.0
2017-09-15 00:00:00-04:00,4.271429110845419,4.4505791664123535,4.2662399621754545,4.4505791664123535,1364792000,0.0,0.0
2017-09-18 00:00:00-04:00,4.574871539143307,4.724616396033959,4.567952675307166,4.63442325592041,1684460000,0.0,0.0
2017-09-19 00:00:00-04:00,4.58401429639944,4.691257151812325,4.562021925269508,4.629481315612793,874280000,0.0,0.0
2017-09-20 00:00:00-04:00,4.63318805673767,4.6806317629302345,4.551890933416672,4.592168807983398,724920000,0.0,0.0
2017-09-21 00:00:00-04:00,4.488384927212378,4.51457810352965,4.388802312048656,4.466639995574951,1075600000,0.0,0.0
2017-09-22 00:00:00-04:00,4.4552742436892805,4.504942077334683,4.413266648986379,4.423150539398193,491232000,0.0,0.0
2017-09-25 00:00:00-04:00,4.392260779576508,4.3934965599314975,4.204709666005725,4.225466251373291,874580000,0.0,0.0
2017-09-26 00:00:00-04:00,4.360139604489742,4.4152435570952395,4.20940637972598,4.249189853668213,1125620000,0.0,0.0
2017-09-27 00:00:00-04:00,4.339629563957944,4.355691415390467,4.2687107328037674,4.342347621917725,713720000,0.0,0.0
2017-09-28 00:00:00-04:00,4.349513755778791,4.35346759482977,4.2936684303155035,4.3411126136779785,435244000,0.0,0.0
2017-09-29 00:00:00-04:00,4.425128788657566,4.44119017346203,4.379908718082288,4.417468547821045,619092000,0.0,0.0
2017-10-02 00:00:00-04:00,4.467629224532124,4.496787431781052,4.373730144714509,4.423150539398193,503480000,0.0,0.0
2017-10-03 00:00:00-04:00,4.429327918102217,4.462192995824914,4.388061698700681,4.43229341506958,390332000,0.0,0.0
2017-10-04 00:00:00-04:00,4.43847099776742,4.491598263520205,4.4018995193862045,4.469358921051025,427848000,0.0,0.0
2017-10-05 00:00:00-04:00,4.493821547858781,4.497280979539109,4.436987421423404,4.4668869972229,437364000,0.0,0.0
2017-10-06 00:00:00-04:00,4.439210578915432,4.49332616471517,4.423148733328297,4.479982376098633,318800000,0.0,0.0
2017-10-09 00:00:00-04:00,4.516802977226369,4.614161967716823,4.498023065646359,4.581049919128418,563492000,0.0,0.0
2017-10-10 00:00:00-04:00,4.730299146558308,4.767858959777782,4.627257099118826,4.66852331161499,974876000,0.0,0.0
2017-10-11 00:00:00-04:00,4.685078159965828,4.719672941115634,4.639117215654637,4.7181901931762695,529508000,0.0,0.0
2017-10-12 00:00:00-04:00,4.7216513785644825,4.771319211178954,4.693234546165929,4.720416069030762,528292000,0.0,0.0
2017-10-13 00:00:00-04:00,4.782684696635402,4.8185147915335245,4.735735404678054,4.808383464813232,628728000,0.0,0.0
2017-10-16 00:00:00-04:00,4.838283025219381,4.89388136692391,4.775024446599464,4.890915870666504,576640000,0.0,0.0
2017-10-17 00:00:00-04:00,4.870158168231368,4.914883798949591,4.851872673637551,4.886466979980469,478596000,0.0,0.0
2017-10-18 00:00:00-04:00,4.895365732917912,4.896106635914941,4.777003179956221,4.882268905639648,567316000,0.0,0.0
2017-10-19 00:00:00-04:00,4.804678944696857,4.892647513105565,4.755505511310736,4.8877058029174805,570772000,0.0,0.0
2017-10-20 00:00:00-04:00,4.9047546954385695,4.931935743841311,4.856569145585937,4.86546516418457,451620000,0.0,0.0
2017-10-23 00:00:00-04:00,4.887210053484048,4.913650198803454,4.838283601221757,4.858546257019043,428696000,0.0,0.0
2017-10-24 00:00:00-04:00,4.867688482006802,4.911178816310077,4.841742744771415,4.909449100494385,407244000,0.0,0.0
2017-10-25 00:00:00-04:00,4.869912349063395,4.922792633781748,4.7238743827795,4.785402774810791,828160000,0.0,0.0
2017-10-26 00:00:00-04:00,4.813079259964533,4.847179171964622,4.789110204600038,4.835565567016602,322744000,0.0,0.0
2017-10-27 00:00:00-04:00,4.887703595775328,4.988274540201624,4.861757390270667,4.988027572631836,572192000,0.0,0.0
2017-10-30 00:00:00-04:00,4.988028899967289,5.0925532385731955,4.972214016361434,5.0369553565979,504056000,0.0,0.0
2017-10-31 00:00:00-04:00,5.068831227404192,5.1370315231905135,5.063147673041896,5.110344409942627,411908000,0.0,0.0
2017-11-01 00:00:00-04:00,5.173108065563213,5.188428539844727,5.055733889914241,5.119980812072754,502576000,0.0,0.0
2017-11-02 00:00:00-04:00,5.090330385846752,5.135056043129292,5.032260933156783,5.088847637176514,342308000,0.0,0.0
2017-11-03 00:00:00-04:00,5.119980404965196,5.156798839569092,5.074019457087365,5.156798839569092,353640000,0.0,0.0
2017-11-06 00:00:00-05:00,5.119980419281013,5.188675109374228,5.107625442291994,5.180026531219482,389944000,0.0,0.0
2017-11-07 00:00:00-05:00,5.202760249765529,5.260829678237927,5.1906522404036695,5.239331245422363,427700000,0.0,0.0
2017-11-08 00:00:00-05:00,5.2348837332458915,5.238590603560135,5.120969464018777,5.168413162231445,522988000,0.0,0.0
2017-11-09 00:00:00-05:00,5.072289642788262,5.098482344242102,4.951209080003633,5.0735249519348145,978564000,0.0,0.0
2017-11-10 00:00:00-05:00,5.265276863722312,5.403407601904091,5.229446774776216,5.340890407562256,1253256000,0.0,0.0
2017-11-13 00:00:00-05:00,5.340891728675032,5.3663430600236115,5.238838021739248,5.2541584968566895,582376000,0.0,0.0
2017-11-14 00:00:00-05:00,5.263301758630714,5.3077804420448125,5.219564449448489,5.292459964752197,529292000,0.0,0.0
2017-11-15 00:00:00-05:00,5.237355845527989,5.238591626311397,5.134808192182004,5.188676357269287,501948000,0.0,0.0
2017-11-16 00:00:00-05:00,5.262806773913227,5.292953315895029,5.220057815127156,5.2289533615112305,441768000,0.0,0.0
2017-11-17 00:00:00-05:00,5.286036447646943,5.321372150239423,5.207704802452439,5.222777843475342,515664000,0.0,0.0
2017-11-20 00:00:00-05:00,5.2383444834276185,5.30209748444853,5.201526037784907,5.289989471435547,396100000,0.0,0.0
2017-11-21 00:00:00-05:00,5.3297723222342634,5.350281945937201,5.297896061091217,5.338667869567871,399176000,0.0,0.0
2017-11-22 00:00:00-05:00,5.365869079891151,5.365869079891151,5.282042659593676,5.314682960510254,356640000,0.00375,0.0
2017-11-24 00:00:00-05:00,5.331002191606526,5.365868154516297,5.30652173432101,5.3648786544799805,180752000,0.0,0.0
2017-11-27 00:00:00-05:00,5.373533936052745,5.37477010368968,5.291932722824228,5.29514741897583,422896000,0.0,0.0
2017-11-28 00:00:00-05:00,5.300339621388629,5.309736098028161,5.149254577634785,5.210331439971924,512752000,0.0,0.0
2017-11-29 00:00:00-05:00,5.193023112176003,5.195743058450176,4.728640511022407,4.856976509094238,1396788000,0.0,0.0
2017-11-30 00:00:00-05:00,4.925718740855473,5.011770347821256,4.862663814134601,4.963057041168213,823768000,0.0,0.0
2017-12-01 00:00:00-05:00,4.928439388908268,4.948716125877697,4.759303236256205,4.888133525848389,811548000,0.0,0.0
2017-12-04 00:00:00-05:00,4.946736844099361,4.952919097256683,4.5622245626825855,4.615635871887207,1240844000,0.0,0.0
2017-12-05 00:00:00-05:00,4.510296181850467,4.7649896151056925,4.465292325673322,4.642341136932373,981488000,0.0,0.0
2017-12-06 00:00:00-05:00,4.591897216094614,4.701687389412868,4.570631454166188,4.679927349090576,467032000,0.0,0.0
2017-12-07 00:00:00-05:00,4.746691773102073,4.78724524458588,4.701193158934656,4.747433662414551,542600000,0.0,0.0
2017-12-08 00:00:00-05:00,4.797382789750694,4.816423356338265,4.726662302332996,4.735069751739502,466876000,0.0,0.0
2017-12-11 00:00:00-05:00,4.749164017992392,4.816423138563607,4.733338619998979,4.813455581665039,372748000,0.0,0.0
2017-12-12 00:00:00-05:00,4.7699350153313596,4.793178831563081,4.695505092572108,4.718996047973633,455016000,0.0,0.0
2017-12-13 00:00:00-05:00,4.7600437571981455,4.761279924678576,4.59634754470657,4.603765964508057,554280000,0.0,0.0
2017-12-14 00:00:00-05:00,4.597336441598984,4.681904727015767,4.564696150028918,4.610936641693115,438164000,0.0,0.0
2017-12-15 00:00:00-05:00,4.654952787592622,4.75707740488683,4.589919331738894,4.736800670623779,670036000,0.0,0.0
2017-12-18 00:00:00-05:00,4.777353713115915,4.896540369571262,4.747680972336152,4.89357328414917,477704000,0.0,0.0
2017-12-19 00:00:00-05:00,4.884176360558587,4.889369113303249,4.82087382759918,4.849310398101807,373100000,0.0,0.0
2017-12-20 00:00:00-05:00,4.888626896341545,4.897775762007981,4.810735138754292,4.866372108459473,288820000,0.0,0.0
2017-12-21 00:00:00-05:00,4.86983440424061,4.894809140269117,4.835463190847347,4.843870639801025,300904000,0.0,0.0
2017-12-22 00:00:00-05:00,4.807025996671043,4.8379353708004915,4.7291342418057365,4.82853889465332,466276000,0.0,0.0
2017-12-26 00:00:00-05:00,4.773149577072649,4.889863416465917,4.74322922802281,4.882197856903076,355080000,0.0,0.0
2017-12-27 00:00:00-05:00,4.868846076043421,4.944759323457496,4.854256843692595,4.875522136688232,329488000,0.0,0.0
2017-12-28 00:00:00-05:00,4.899260919194776,4.930170303103768,4.875028067857435,4.881209850311279,240248000,0.0,0.0
2017-12-29 00:00:00-05:00,4.907420894736722,4.907420894736722,4.7847723960876465,4.7847723960876465,279964000,0.0,0.0
2018-01-02 00:00:00-05:00,4.841149414074733,4.933136115546453,4.809498623644433,4.929426670074463,355616000,0.0,0.0
2018-01-03 00:00:00-05:00,5.046883198858249,5.2842674669979885,5.038228610754998,5.253852367401123,914704000,0.0,0.0
2018-01-04 00:00:00-05:00,5.335206950998166,5.391832964537967,5.259293229243358,5.281548023223877,583268000,0.0,0.0
2018-01-05 00:00:00-05:00,5.296384085056044,5.363642735542454,5.219481346066021,5.3263044357299805,580124000,0.0,0.0
2018-01-08 00:00:00-05:00,5.449944168381755,5.5636905033974005,5.404939818649913,5.489508152008057,881216000,0.0,0.0
2018-01-09 00:00:00-05:00,5.494946475833845,5.534510448151437,5.40642205240025,5.488022804260254,497000000,0.0,0.0
2018-01-10 00:00:00-05:00,5.395541023006058,5.534509656336437,5.341140686762291,5.531047821044922,582664000,0.0,0.0
2018-01-11 00:00:00-05:00,5.563687922009804,5.595092049367035,5.51942548235791,5.540938854217529,406032000,0.0,0.0
2018-01-12 00:00:00-05:00,5.529068795458294,5.563440003156086,5.473184690555398,5.513737678527832,359916000,0.0,0.0
2018-01-16 00:00:00-05:00,5.54019660434549,5.625753449642715,5.358202187296643,5.442770004272461,702348000,0.0,0.0
2018-01-17 00:00:00-05:00,5.457360869809156,5.566656314155299,5.36339654814157,5.556765556335449,538408000,0.0,0.0
2018-01-18 00:00:00-05:00,5.537476416657203,5.604240783338405,5.506319900861838,5.549840450286865,408632000,0.0,0.0
2018-01-19 00:00:00-05:00,5.640095886151266,5.714278202853523,5.6131430940872304,5.690045356750488,609380000,0.0,0.0
2018-01-22 00:00:00-05:00,5.697958930975417,5.780301569852812,5.64034389201155,5.778570652008057,550944000,0.0,0.0
2018-01-23 00:00:00-05:00,5.831981043319841,5.930396677317086,5.813435700048477,5.907647609710693,475228000,0.0,0.0
2018-01-24 00:00:00-05:00,5.910861699798519,5.946716689604456,5.775107771517207,5.830744743347168,579972000,0.0,0.0
2018-01-25 00:00:00-05:00,5.885145705557327,5.928419120116247,5.829509199415394,5.844345569610596,409884000,0.0,0.0
2018-01-26 00:00:00-05:00,5.888112251259237,6.017189640231004,5.875253940194638,6.016942501068115,516356000,0.0,0.0
2018-01-29 00:00:00-05:00,6.002355892652759,6.135142785228356,5.949686457949731,6.103985786437988,455116000,0.0,0.0
2018-01-30 00:00:00-05:00,5.962047135669406,6.09335018572079,5.895282777004716,6.001858234405518,570832000,0.0,0.0
2018-01-31 00:00:00-05:00,6.0772782066071755,6.163824559687828,6.044637910852385,6.078020095825195,478576000,0.0,0.0
2018-02-01 00:00:00-05:00,5.898003346539769,6.105220113800898,5.886628813074644,5.946963787078857,519224000,0.0,0.0
2018-02-02 00:00:00-05:00,5.860417004215001,5.884402706598636,5.716255650774268,5.774364948272705,718464000,0.0,0.0
2018-02-05 00:00:00-05:00,5.613143692313274,5.767195844883345,5.069138406386627,5.284267902374268,1165204000,0.0,0.0
2018-02-06 00:00:00-05:00,5.054300738921974,5.58099624043274,5.044409513304316,5.578029155731201,1114800000,0.0,0.0
2018-02-07 00:00:00-05:00,5.676940561340282,5.810221701948523,5.6057253215550755,5.657652854919434,802932000,0.0,0.0
2018-02-08 00:00:00-05:00,5.783269877541448,5.816404460114995,5.378480302007351,5.378727912902832,1144000000,0.0,0.0
2018-02-09 00:00:00-05:00,5.891329348903947,5.9071547512943035,5.378728086385144,5.738760471343994,1674604000,0.0,0.0
2018-02-12 00:00:00-05:00,5.819865798953115,5.822833356326904,5.564430892641472,5.638613224029541,1093172000,0.0,0.0
2018-02-13 00:00:00-05:00,5.602263353831807,5.798599890767439,5.569870195226973,5.752359390258789,625524000,0.0,0.0
2018-02-14 00:00:00-05:00,5.712054070271278,5.998645967425087,5.700926673530473,5.969714641571045,744988000,0.0,0.0
2018-02-15 00:00:00-05:00,6.053044898741899,6.141569301901227,5.972186054731981,6.0953288078308105,698900000,0.0,0.0
2018-02-16 00:00:00-05:00,6.068129304699802,6.181875589153176,6.020405028949434,6.02955436706543,637656000,0.0,0.0
2018-02-20 00:00:00-05:00,6.052057935278002,6.228117773330174,6.048348488204844,6.159128189086914,686240000,0.0,0.0
2018-02-21 00:00:00-05:00,6.2236659520957165,6.230589623381914,5.968230588887824,5.971939563751221,892292000,0.0,0.0
2018-02-22 00:00:00-05:00,6.005836599007075,6.077590671661302,5.925917145736419,5.991485595703125,534364000,0.00375,0.0
2018-02-23 00:00:00-05:00,6.0513655407182485,6.085015773773193,6.000642662318848,6.085015773773193,415300000,0.0,0.0
2018-02-26 00:00:00-05:00,6.131283823289016,6.135737453392887,6.038745346518081,6.101097583770752,469312000,0.0,0.0
2018-02-27 00:00:00-05:00,6.074373715883196,6.158747266903938,6.065219164596439,6.088230133056641,455436000,0.0,0.0
2018-02-28 00:00:00-05:00,6.099116511604894,6.138705060339469,5.976144529005686,5.987773895263672,523116000,0.0,0.0
2018-03-01 00:00:00-05:00,5.985546229940081,6.03948577542886,5.644342206915726,5.745540618896484,1040120000,0.0,0.0
2018-03-02 00:00:00-05:00,5.637910639312107,5.859112164135894,5.4892060201469,5.8526787757873535,913428000,0.0,0.0
2018-03-05 00:00:00-05:00,5.8024505308955785,5.87024603662688,5.678983472948252,5.830657482147217,620776000,0.0,0.0
2018-03-06 00:00:00-05:00,5.916020426073882,6.01103324338659,5.8729678833341135,5.991733551025391,636808000,0.0,0.0
2018-03-07 00:00:00-05:00,5.888802387630274,6.036022754077321,5.887565451882281,5.9838151931762695,581208000,0.0,0.0
2018-03-08 00:00:00-05:00,6.0112803193301945,6.0112803193301945,5.9231954788803955,5.967485427856445,411912000,0.0,0.0
2018-03-09 00:00:00-05:00,6.014991529185615,6.083034326895513,5.998909003572606,6.070168495178223,505524000,0.0,0.0
2018-03-12 00:00:00-04:00,6.111490377833288,6.25994725184309,6.103324994918987,6.17978048324585,605060000,0.0,0.0
2018-03-13 00:00:00-04:00,6.222583600528991,6.297059776689999,6.087734957863285,6.129055500030518,619772000,0.0,0.0
2018-03-14 00:00:00-04:00,6.172109674769477,6.199326986442657,6.092190205264434,6.154542446136475,505496000,0.0,0.0
2018-03-15 00:00:00-04:00,6.1681489744451605,6.250542287562297,6.127323021017144,6.16938591003418,401952000,0.0,0.0
2018-03-16 00:00:00-04:00,6.185717505131977,6.216646092657637,6.148108236987829,6.197594165802002,399456000,0.0,0.0
2018-03-19 00:00:00-04:00,6.140686168511116,6.169635000282222,5.86406085203501,5.963032245635986,713772000,0.0,0.0
2018-03-20 00:00:00-04:00,5.966001934334593,6.214173036229596,5.966001934334593,6.175326824188232,554696000,0.0,0.0
2018-03-21 00:00:00-04:00,6.168891516754461,6.2352027866223585,6.11965335776843,6.150087356567383,438688000,0.0,0.0
2018-03-22 00:00:00-04:00,6.086746773482351,6.133263306161013,5.946702117893252,5.984063625335693,551196000,0.0,0.0
2018-03-23 00:00:00-04:00,5.997672082455746,6.000146426273777,5.753212765201287,5.764347076416016,735620000,0.0,0.0
2018-03-26 00:00:00-04:00,5.888802669097975,6.050373574448472,5.836842870409199,6.049136638641357,611424000,0.0,0.0
2018-03-27 00:00:00-04:00,6.130046242251505,6.185717796809352,5.439720381532645,5.580012321472168,1409000000,0.0,0.0
2018-03-28 00:00:00-04:00,5.545619927975961,5.675767204397146,5.369203412954883,5.476834774017334,945904000,0.0,0.0
2018-03-29 00:00:00-04:00,5.5451243087033655,5.826945577141952,5.460751221889714,5.730201244354248,916628000,0.0,0.0
2018-04-02 00:00:00-04:00,5.659684295155108,5.805914560642204,5.381574296731509,5.469411373138428,922092000,0.0,0.0
2018-04-03 00:00:00-04:00,5.63642590264016,5.699520012893588,5.476834279384188,5.5758056640625,667432000,0.0,0.0
2018-04-04 00:00:00-04:00,5.319962900584197,5.608217484468438,5.294972650188939,5.597825527191162,789168000,0.0,0.0
2018-04-05 00:00:00-04:00,5.656220285909689,5.669333882542056,5.406069947155247,5.477576732635498,701240000,0.0,0.0
2018-04-06 00:00:00-04:00,5.3748941799192975,5.483020602562584,5.271963737937615,5.3011603355407715,662988000,0.0,0.0
2018-04-09 00:00:00-04:00,5.364253734721358,5.492174408424718,5.309819124334464,5.329861164093018,499524000,0.0,0.0
2018-04-10 00:00:00-04:00,5.560217940450608,5.666117302580963,5.503061686314066,5.639147758483887,761676000,0.0,0.0
2018-04-11 00:00:00-04:00,5.6243004777496495,5.665621014142436,5.5651649551961055,5.597825527191162,460244000,0.0,0.0
2018-04-12 00:00:00-04:00,5.690858632939928,5.822490565468734,5.646568695631647,5.804675579071045,593920000,0.0,0.0
2018-04-13 00:00:00-04:00,5.868266350585737,5.876679024700813,5.679725892956876,5.7279744148254395,503036000,0.0,0.0
2018-04-16 00:00:00-04:00,5.734654909638067,5.761129866997035,5.633456474615821,5.727726936340332,350792000,0.0,0.0
2018-04-17 00:00:00-04:00,5.779932816488009,5.898698442925603,5.724261281616435,5.877419471740723,447224000,0.0,0.0
2018-04-18 00:00:00-04:00,5.826945847347642,5.919731612254024,5.759398104981867,5.8484721183776855,391364000,0.0,0.0
2018-04-19 00:00:00-04:00,5.7341597816873,5.767562711933566,5.611682842717104,5.667106628417969,471996000,0.0,0.0
2018-04-20 00:00:00-04:00,5.658447165064816,5.742820258868323,5.627766340366245,5.658942222595215,386200000,0.0,0.0
2018-04-23 00:00:00-04:00,5.676755985311859,5.727973427605727,5.513453106240779,5.539433002471924,427508000,0.0,0.0
2018-04-24 00:00:00-04:00,5.565167455876372,5.661169457471036,5.40780285391034,5.473124027252197,414596000,0.0,0.0
2018-04-25 00:00:00-04:00,5.443432799634905,5.482526778365553,5.203427068819578,5.3607916831970215,588492000,0.0,0.0
2018-04-26 00:00:00-04:00,5.522608407170399,5.580754301622121,5.456544896401421,5.572588920593262,375824000,0.0,0.0
2018-04-27 00:00:00-04:00,5.678489503179339,5.698283782565751,5.557744068569237,5.6000542640686035,400848000,0.0,0.0
2018-04-30 00:00:00-04:00,5.616383062593244,5.666116276609984,5.545371346046786,5.564670562744141,327844000,0.0,0.0
2018-05-01 00:00:00-04:00,5.556506560750636,5.6228173662743375,5.497865607061131,5.620095729827881,253788000,0.0,0.0
2018-05-02 00:00:00-04:00,5.6166329052080455,5.6611696845094475,5.573332590093414,5.599560260772705,268248000,0.0,0.0
2018-05-03 00:00:00-04:00,5.631476191729088,5.791067785974381,5.586196608595761,5.764840126037598,443144000,0.0,0.0
2018-05-04 00:00:00-04:00,5.736140561592281,5.918248127508027,5.718820625475218,5.915031433105469,400660000,0.0,0.0
2018-05-07 00:00:00-04:00,6.019693134692205,6.210213352505904,6.009795759876155,6.153057098388672,687616000,0.0,0.0
2018-05-08 00:00:00-04:00,6.153305099734564,6.198337405240586,6.104314221392536,6.195615768432617,506616000,0.0,0.0
2018-05-09 00:00:00-04:00,6.215656435010112,6.330958110873279,6.188439127032883,6.328731060028076,596760000,0.0,0.0
2018-05-10 00:00:00-04:00,6.381681781408384,6.445518250506407,6.36386678819515,6.436363697052002,994080000,0.0,0.0
2018-05-11 00:00:00-04:00,6.254503561895993,6.427951158785304,6.1990797666306765,6.2978034019470215,1214456000,0.0,0.0
2018-05-14 00:00:00-04:00,6.335908003034804,6.3957859031986235,6.294587447645033,6.318340301513672,523140000,0.0,0.0
2018-05-15 00:00:00-04:00,6.254749913417246,6.257472021753247,5.975402984090943,6.075859069824219,963528000,0.0,0.0
2018-05-16 00:00:00-04:00,6.037259524520525,6.149097201613888,6.000392610727446,6.0869927406311035,553828000,0.0,0.0
2018-05-17 00:00:00-04:00,6.088724600799516,6.222830893279867,6.072641605270745,6.129055500030518,519784000,0.0,0.0
2018-05-18 00:00:00-04:00,6.181017476137692,6.2443588889801065,6.080313610600602,6.085262298583984,483716000,0.0,0.0
2018-05-21 00:00:00-04:00,6.182748641974521,6.1864599214987495,5.950412821942144,6.043198585510254,640624000,0.0,0.0
2018-05-22 00:00:00-04:00,6.056561184726141,6.0817987401279705,5.944475706471924,6.005095958709717,518264000,0.0,0.0
2018-05-23 00:00:00-04:00,5.948893504525247,6.129875963718784,5.948150695146866,6.128637790679932,442956000,0.00375,0.0
2018-05-24 00:00:00-04:00,6.124925201612679,6.174689187950172,6.071695085768086,6.132352352142334,437372000,0.0,0.0
2018-05-25 00:00:00-04:00,6.144977914720774,6.188057079007608,6.109326371672047,6.171716690063477,292112000,0.0,0.0
2018-05-29 00:00:00-04:00,6.153644220496209,6.222719834047149,6.107841729433728,6.154634475708008,352684000,0.0,0.0
2018-05-30 00:00:00-04:00,6.188304308016738,6.272234199207957,6.163546045537263,6.263568878173828,390996000,0.0,0.0
2018-05-31 00:00:00-04:00,6.231633422985596,6.318287140451361,6.220987587777351,6.243764877319336,493868000,0.0,0.0
2018-06-01 00:00:00-04:00,6.288575592434188,6.384389974947322,6.279910270013704,6.378200054168701,421968000,0.0,0.0
2018-06-04 00:00:00-04:00,6.412365381126908,6.579235379609779,6.380179970688566,6.557200908660889,642024000,0.0,0.0
2018-06-05 00:00:00-04:00,6.560419391651511,6.600280342006725,6.51560716640944,6.562647819519043,391712000,0.0,0.0
2018-06-06 00:00:00-04:00,6.472529683665562,6.567848715265154,6.456189291740624,6.564630031585693,371356000,0.0,0.0
2018-06-07 00:00:00-04:00,6.560915464193068,6.572799469654841,6.4185557888160005,6.508923530578613,369448000,0.0,0.0
2018-06-08 00:00:00-04:00,6.4361336730817795,6.53615650943322,6.417317411787521,6.49357271194458,360456000,0.0,0.0
2018-06-11 00:00:00-04:00,6.480946913040902,6.522540462061018,6.43960080974838,6.452475070953369,265372000,0.0,0.0
2018-06-12 00:00:00-04:00,6.47896688103299,6.513132810725276,6.428707533365651,6.501001358032227,319160000,0.0,0.0
2018-06-13 00:00:00-04:00,6.502486364027999,6.577503501501991,6.487383674909389,6.496544361114502,338208000,0.0,0.0
2018-06-14 00:00:00-04:00,6.541604154070149,6.664899645301337,6.52674891148354,6.608203411102295,430016000,0.0,0.0
2018-06-15 00:00:00-04:00,6.551012381276651,6.622315946311105,6.5200646648747975,6.567352771759033,432260000,0.0,0.0
2018-06-18 00:00:00-04:00,6.5232837243681345,6.580722776210949,6.496050053477133,6.563144683837891,356268000,0.0,0.0
2018-06-19 00:00:00-04:00,6.459902594952906,6.527245142510411,6.313829801237201,6.441334247589111,594932000,0.0,0.0
2018-06-20 00:00:00-04:00,6.4824316198390886,6.547297808193164,6.4440562873507625,6.4943156242370605,369780000,0.0,0.0
2018-06-21 00:00:00-04:00,6.526252998577607,6.544573894897279,6.357897386744108,6.365572452545166,359516000,0.0,0.0
2018-06-22 00:00:00-04:00,6.386371127169921,6.399740752948227,6.197714052932373,6.213063716888428,434160000,0.0,0.0
2018-06-25 00:00:00-04:00,6.106604692728733,6.110318268233105,5.831541326237302,5.920175552368164,665816000,0.0,0.0
2018-06-26 00:00:00-04:00,6.033566360832552,6.081844717769245,5.939732494156797,5.99122953414917,478884000,0.0,0.0
2018-06-27 00:00:00-04:00,6.03480413800863,6.101155948923864,5.830549039832331,5.835996150970459,453892000,0.0,0.0
2018-06-28 00:00:00-04:00,5.826092080047939,5.975136548334691,5.8184170138514615,5.963252544403076,338012000,0.0,0.0
2018-06-29 00:00:00-04:00,6.028368439964648,6.0409947846984755,5.863973790421008,5.8652119636535645,392300000,0.0,0.0
2018-07-02 00:00:00-04:00,5.795641521083196,6.0011343631013006,5.775092189658912,5.997420787811279,357572000,0.0,0.0
2018-07-03 00:00:00-04:00,6.032081803714143,6.038023807237785,5.855308261391385,5.8637261390686035,222732000,0.0,0.0
2018-07-05 00:00:00-04:00,5.918936332148718,6.0145028008377945,5.880066102440484,6.009551525115967,306216000,0.0,0.0
2018-07-06 00:00:00-04:00,5.985040645286968,6.131856712126516,5.963748507103263,6.123438835144043,296352000,0.0,0.0
2018-07-09 00:00:00-04:00,6.197713024892258,6.207368601783479,6.092243071748847,6.170973777770996,303880000,0.0,0.0
2018-07-10 00:00:00-04:00,6.183353438620086,6.292041607715852,6.14299759255186,6.270007133483887,360016000,0.0,0.0
2018-07-11 00:00:00-04:00,6.17716355453527,6.211824841146455,6.117743531452364,6.128389835357666,367508000,0.0,0.0
2018-07-12 00:00:00-04:00,6.173698120144979,6.268026413919594,6.1637946244425805,6.219995498657227,345508000,0.0,0.0
2018-07-13 00:00:00-04:00,6.238562555931024,6.238562555931024,6.130616749924815,6.17270565032959,246988000,0.0,0.0
2018-07-16 00:00:00-04:00,6.14497709274292,6.197959744926717,6.132598197893225,6.14497709274292,197036000,0.0,0.0
2018-07-17 00:00:00-04:00,6.095708627882336,6.296002211201512,6.070207556121228,6.280899524688721,362136000,0.0,0.0
2018-07-18 00:00:00-04:00,6.273473220354727,6.287337735884095,6.18063007767088,6.231631755828857,277640000,0.0,0.0
2018-07-19 00:00:00-04:00,6.212814711720726,6.273472431761503,6.197712497299475,6.239800930023193,235752000,0.0,0.0
2018-07-20 00:00:00-04:00,6.23732593481034,6.276196159524517,6.200683665828568,6.211577415466309,222352000,0.0,0.0
2018-07-23 00:00:00-04:00,6.1850867591406775,6.186819823665211,6.023168004509986,6.174935817718506,301584000,0.0,0.0
2018-07-24 00:00:00-04:00,6.222967213571025,6.309620918714848,6.140027083488105,6.1576056480407715,354620000,0.0,0.0
2018-07-25 00:00:00-04:00,6.167013581637125,6.248468090175373,6.109079168099569,6.235841274261475,319112000,0.0,0.0
2018-07-26 00:00:00-04:00,6.215785532772403,6.346260704377136,6.198949783030089,6.309370994567871,325124000,0.0,0.0
2018-07-27 00:00:00-04:00,6.346015105015212,6.352947363461371,6.185581961129691,6.2395548820495605,295420000,0.0,0.0
2018-07-30 00:00:00-04:00,6.253666141822612,6.259608143977756,6.009302660838038,6.0442118644714355,340340000,0.0,0.0
2018-07-31 00:00:00-04:00,6.033814534101512,6.137056072239644,5.994944303715815,6.062286376953125,283988000,0.0,0.0
2018-08-01 00:00:00-04:00,6.093728268500743,6.148938878842212,6.038269740248729,6.102145671844482,283556000,0.0,0.0
2018-08-02 00:00:00-04:00,6.030841983616854,6.208853178292577,5.971917800416814,6.204892158508301,269668000,0.0,0.0
2018-08-03 00:00:00-04:00,6.229403258976132,6.265302720418206,6.2125679784011485,6.24153470993042,214288000,0.0,0.0
2018-08-06 00:00:00-04:00,6.228909221052597,6.292785167710131,6.182363920990153,6.289319038391113,207508000,0.0,0.0
2018-08-07 00:00:00-04:00,6.338092226177068,6.3801811381283375,6.3113534491076875,6.361612319946289,258132000,0.0,0.0
2018-08-08 00:00:00-04:00,6.362850733040028,6.443067067274201,6.327941523541759,6.398006916046143,262100000,0.0,0.0
2018-08-09 00:00:00-04:00,6.4158334052205,6.418556725155967,6.341806514337259,6.349481582641602,204280000,0.0,0.0
2018-08-10 00:00:00-04:00,6.267531737773424,6.340568368301257,6.256390540837833,6.308135032653809,256396000,0.0,0.0
2018-08-13 00:00:00-04:00,6.316801069356384,6.4618840916466285,6.315068004575565,6.341063976287842,375208000,0.0,0.0
2018-08-14 00:00:00-04:00,6.446534391515192,6.486642802180092,6.363346804170286,6.472530364990234,466220000,0.0,0.0
2018-08-15 00:00:00-04:00,6.493325325430524,6.527244276563652,6.335615991620843,6.414347171783447,591136000,0.0,0.0
2018-08-16 00:00:00-04:00,6.484165724598258,6.486641598597169,6.313581642203329,6.373744010925293,801260000,0.0,0.0
2018-08-17 00:00:00-04:00,6.262332418452518,6.263075227863287,6.034309290557823,6.061295986175537,1143188000,0.0,0.0
2018-08-20 00:00:00-04:00,6.020692031240301,6.268768624871967,5.910270331378359,6.1360650062561035,854388000,0.0,0.0
2018-08-21 00:00:00-04:00,6.1524064260260305,6.27619729788883,6.1325999054169715,6.271740913391113,673988000,0.0,0.0
2018-08-22 00:00:00-04:00,6.239059615333967,6.511894496822788,6.235593486319353,6.5069427490234375,749856000,0.0,0.0
2018-08-23 00:00:00-04:00,6.468320312936721,6.671832625042857,6.454455796135041,6.606471061706543,720684000,0.0,0.0
2018-08-24 00:00:00-04:00,6.61488774520931,6.754276169728114,6.610431361645094,6.739668846130371,531512000,0.0,0.0
2018-08-27 00:00:00-04:00,6.769379487708773,6.905054360068318,6.737936879720231,6.830780029296875,505776000,0.0,0.0
2018-08-28 00:00:00-04:00,6.824838569237897,6.847616328414422,6.673070739985606,6.793148040771484,475384000,0.0,0.0
2018-08-29 00:00:00-04:00,6.78546757979747,6.923693876271423,6.764659431883373,6.898674488067627,420108000,0.00375,0.0
2018-08-30 00:00:00-04:00,6.867462956662928,6.978688290390545,6.844920792605323,6.88183069229126,346608000,0.0,0.0
2018-08-31 00:00:00-04:00,6.861764344743381,6.965805553007864,6.851855433250143,6.9529242515563965,306592000,0.0,0.0
2018-09-04 00:00:00-04:00,6.939794350737068,7.065386911889793,6.911306941159013,7.027734279632568,391720000,0.0,0.0
2018-09-05 00:00:00-04:00,7.010146658672871,7.045570119555992,6.815936340180612,6.896939754486084,393156000,0.0,0.0
2018-09-06 00:00:00-04:00,6.880591447004134,6.883068675244997,6.722795835173256,6.755742073059082,322796000,0.0,0.0
2018-09-07 00:00:00-04:00,6.6635919618378825,6.860031974102041,6.61875521331212,6.734439373016357,295420000,0.0,0.0
2018-09-10 00:00:00-04:00,6.756980584150738,6.83525919719631,6.71313463870323,6.805532932281494,220140000,0.0,0.0
2018-09-11 00:00:00-04:00,6.75920929023195,6.846901175048981,6.738401142475282,6.757723331451416,243112000,0.0,0.0
2018-09-12 00:00:00-04:00,6.7178414091433165,6.7374111815967614,6.488207594735411,6.643774032592773,419092000,0.0,0.0
2018-09-13 00:00:00-04:00,6.7096671103416945,6.81222190504154,6.692326984726139,6.7215576171875,305536000,0.0,0.0
2018-09-14 00:00:00-04:00,6.811973286449542,6.913784849904602,6.775063393625335,6.847644329071045,386936000,0.0,0.0
2018-09-17 00:00:00-04:00,6.822130313568417,6.871178296316763,6.766393862153717,6.785715579986572,205528000,0.0,0.0
2018-09-18 00:00:00-04:00,6.789679642426318,6.89248201670752,6.706942202852049,6.713630199432373,299520000,0.0,0.0
2018-09-19 00:00:00-04:00,6.695051980627779,6.75524725978903,6.6450131960337275,6.7374114990234375,224860000,0.0,0.0
2018-09-20 00:00:00-04:00,6.615285568198102,6.657645077885988,6.542209000031093,6.5962114334106445,430584000,0.0,0.0
2018-09-21 00:00:00-04:00,6.608102477739378,6.6536824346148995,6.492913971519654,6.5261077880859375,435128000,0.0,0.0
2018-09-24 00:00:00-04:00,6.495144648062626,6.58531378593745,6.407948373542679,6.581845760345459,293912000,0.0,0.0
2018-09-25 00:00:00-04:00,6.6479845756142035,6.673994760806731,6.562274282523101,6.648975372314453,280388000,0.0,0.0
2018-09-26 00:00:00-04:00,6.6539311036273086,6.694309029919826,6.596213050549604,6.612066745758057,268548000,0.0,0.0
2018-09-27 00:00:00-04:00,6.647242537405698,6.668546323924885,6.592497348277118,6.62395715713501,214428000,0.0,0.0
2018-09-28 00:00:00-04:00,6.755989017556347,6.983640727469489,6.727996768264487,6.96134614944458,709396000,0.0,0.0
2018-10-01 00:00:00-04:00,7.03913044944934,7.234826747374432,7.000486540994957,7.167943477630615,622060000,0.0,0.0
2018-10-02 00:00:00-04:00,7.140446955755039,7.252166969557371,7.07430642832625,7.0966010093688965,383964000,0.0,0.0
2018-10-03 00:00:00-04:00,7.166951672446521,7.1743833562991846,6.998752005182621,7.102793216705322,320552000,0.0,0.0
2018-10-04 00:00:00-04:00,7.0666270632774975,7.090903237520863,6.841452081406057,6.918492317199707,391220000,0.0,0.0
2018-10-05 00:00:00-04:00,6.8937202068026355,6.955897071068789,6.627424100013318,6.684894561767578,426636000,0.0,0.0
2018-10-08 00:00:00-04:00,6.601662405264776,6.717098506796521,6.442627934931541,6.583579063415527,408612000,0.0,0.0
2018-10-09 00:00:00-04:00,6.563017967197417,6.657645909836312,6.510006796323651,6.577881336212158,273500000,0.0,0.0
2018-10-10 00:00:00-04:00,6.47185745646731,6.517685464672325,6.083932443408722,6.086162090301514,684940000,0.0,0.0
2018-10-11 00:00:00-04:00,5.998966036573877,6.132485944389752,5.803022151077367,5.824573516845703,725436000,0.0,0.0
2018-10-12 00:00:00-04:00,6.081704663271987,6.1815346570602205,5.936542285467567,6.107219219207764,608236000,0.0,0.0
2018-10-15 00:00:00-04:00,6.093841379397081,6.093841379397081,5.829774927497923,5.830765724182129,449760000,0.0,0.0
2018-10-16 00:00:00-04:00,5.943478381637942,6.100778849603345,5.894182809616081,6.0896315574646,408712000,0.0,0.0
2018-10-17 00:00:00-04:00,6.1518074035720565,6.189956149546133,5.971964800354967,6.021012783050537,329668000,0.0,0.0
2018-10-18 00:00:00-04:00,6.0903732677819304,6.1287691192818965,5.873125151573819,5.933568000793457,524020000,0.0,0.0
2018-10-19 00:00:00-04:00,5.98881034670712,6.008379647494549,5.64051997763684,5.676934242248535,613608000,0.0,0.0
2018-10-22 00:00:00-04:00,5.7292019235637826,5.829279479108993,5.624913127613994,5.727715492248535,368844000,0.0,0.0
2018-10-23 00:00:00-04:00,5.460429009890786,5.553570995617626,5.368278293439283,5.4760355949401855,626436000,0.0,0.0
2018-10-24 00:00:00-04:00,5.4376387964621,5.484209549060805,4.925855207505325,4.939727306365967,884288000,0.0,0.0
2018-10-25 00:00:00-04:00,4.842127824652497,5.1958678247719625,4.7977862387861006,5.148553848266602,951720000,0.0,0.0
2018-10-26 00:00:00-04:00,4.9124781752553695,5.074237428443422,4.783913209754917,4.911983013153076,664784000,0.0,0.0
2018-10-29 00:00:00-04:00,5.053183373440727,5.056651399237297,4.360070541494525,4.5981268882751465,758016000,0.0,0.0
2018-10-30 00:00:00-04:00,4.621164002210177,5.038567303692258,4.598126203215396,5.028658390045166,807192000,0.0,0.0
2018-10-31 00:00:00-04:00,5.193389857249629,5.266218851094466,5.053677122474815,5.222620487213135,745772000,0.0,0.0
2018-11-01 00:00:00-04:00,5.2590344266131215,5.4123716702634725,5.13245105568669,5.402958393096924,566528000,0.0,0.0
2018-11-02 00:00:00-04:00,5.393545489895391,5.499320720466473,5.207261999487489,5.323936939239502,452960000,0.0,0.0
2018-11-05 00:00:00-05:00,5.310807551276593,5.334093400860997,5.085137410995759,5.245905876159668,379332000,0.0,0.0
2018-11-06 00:00:00-05:00,5.237978595606073,5.322202453880064,5.1911597917362435,5.228317737579346,299012000,0.0,0.0
2018-11-07 00:00:00-05:00,5.294952463712957,5.385616720143191,5.231289183170964,5.295943260192871,483812000,0.0,0.0
2018-11-08 00:00:00-05:00,5.2367405837573315,5.237483799491122,5.049218702179946,5.102725982666016,511352000,0.0,0.0
2018-11-09 00:00:00-05:00,5.013793261711331,5.185213328197293,4.980103820767114,5.094796657562256,413240000,0.0,0.0
2018-11-12 00:00:00-05:00,5.003390965786616,5.0254379659285044,4.673431541778045,4.695230960845947,617116000,0.0,0.0
2018-11-13 00:00:00-05:00,4.793079519302232,5.058631964852557,4.78688621236767,4.93725061416626,644712000,0.0,0.0
2018-11-14 00:00:00-05:00,5.110402294517286,5.124770022599993,4.77672788602213,4.884732246398926,526580000,0.0,0.0
2018-11-15 00:00:00-05:00,4.87878820943822,5.085632233652016,4.842869116538388,5.013546466827393,840708000,0.0,0.0
2018-11-16 00:00:00-05:00,4.04571743020705,4.22754166702405,4.003357434345037,4.073214054107666,1963520000,0.0,0.0
2018-11-19 00:00:00-05:00,4.007815921116741,4.008558664330263,3.5827331601585435,3.5844671726226807,1697820000,0.0,0.0
2018-11-20 00:00:00-05:00,3.3208960625038757,3.8212845699387716,3.3023173239744312,3.692967176437378,1692032000,0.0,0.0
2018-11-21 00:00:00-05:00,3.8302031437387027,3.847047872875211,3.5574665606640137,3.5847153663635254,1025496000,0.0,0.0
2018-11-23 00:00:00-05:00,3.5500340913156303,3.705600269084871,3.5371527898691024,3.591898202896118,411968000,0.0,0.0
2018-11-26 00:00:00-05:00,3.7130326441297896,3.801715339549664,3.6305427833025696,3.791311264038086,814832000,0.0,0.0
2018-11-27 00:00:00-05:00,3.7653003893153048,3.8894067736078957,3.7293815277331235,3.8081555366516113,738060000,0.0,0.0
2018-11-28 00:00:00-05:00,3.9258214041280914,3.970410568051565,3.7932927627349775,3.9652085304260254,804524000,0.0,0.0
2018-11-29 00:00:00-05:00,3.967439803854357,4.0046344574243555,3.871725398042925,3.901977062225342,549172000,0.004,0.0
2018-11-30 00:00:00-05:00,3.9116469028958205,4.063153499042413,3.8613100021616633,4.052491188049316,729564000,0.0,0.0
2018-12-03 00:00:00-05:00,4.279875493560966,4.331452253382769,4.149445675523541,4.216396331787109,890804000,0.0,0.0
2018-12-04 00:00:00-05:00,4.171763218962079,4.176722632716966,3.8806523475215964,3.8957784175872803,812112000,0.0,0.0
2018-12-06 00:00:00-05:00,3.755181970368687,3.929997276316662,3.739560243486265,3.9250380992889404,692308000,0.0,0.0
2018-12-07 00:00:00-05:00,3.9292531060850457,3.939419761339045,3.610866201521821,3.6602110862731934,681676000,0.0,0.0
2018-12-10 00:00:00-05:00,3.6153298446339974,3.7903932239019893,3.6116102843337035,3.765596628189087,629472000,0.0,0.0
2018-12-11 00:00:00-05:00,3.85734328492718,3.8655261276226778,3.5954923186712424,3.674593210220337,671912000,0.0,0.0
2018-12-12 00:00:00-05:00,3.6802958754027153,3.7884085639566467,3.5910285764581924,3.6921982765197754,654136000,0.0,0.0
2018-12-13 00:00:00-05:00,3.7390630722402696,3.8032859417419114,3.6559948162192284,3.6919496059417725,471384000,0.0,0.0
2018-12-14 00:00:00-05:00,3.650292710206322,3.734104954336497,3.6078908123227293,3.6314475536346436,471820000,0.0,0.0
2018-12-17 00:00:00-05:00,3.60144403819437,3.6736017142675355,3.5022578870381813,3.560281753540039,662868000,0.0,0.0
2018-12-18 00:00:00-05:00,3.6041713071227375,3.7276579154643223,3.576895241725319,3.6435978412628174,564372000,0.0,0.0
2018-12-19 00:00:00-05:00,3.60987410880565,3.6634346829811286,3.3829861599024147,3.434562921524048,745364000,0.0,0.0
2018-12-20 00:00:00-05:00,3.4261330800286744,3.5161443694181633,3.29024815384259,3.3500077724456787,749588000,0.0,0.0
2018-12-21 00:00:00-05:00,3.3765391338646937,3.4095185698211865,3.185358151669684,3.2128822803497314,863740000,0.0,0.0
2018-12-24 00:00:00-05:00,3.1365095578945557,3.223049343600206,3.0871644303403585,3.151139497756958,463840000,0.0,0.0
2018-12-26 00:00:00-05:00,3.1972612527527926,3.3014065889189075,3.0861729257059887,3.300414800643921,695100000,0.0,0.0
2018-12-27 00:00:00-05:00,3.2480935178818586,3.2825606376258523,3.104025772041012,3.252556800842285,637044000,0.0,0.0
2018-12-28 00:00:00-05:00,3.27313812566563,3.4067913944803476,3.2312321197995875,3.3140523433685303,628728000,0.0,0.0
2018-12-31 00:00:00-05:00,3.3574455364533393,3.389928838258639,3.27958450714195,3.3103322982788086,465140000,0.0,0.0
2019-01-02 00:00:00-05:00,3.239415325899269,3.4338197798270143,3.224785384705139,3.377779722213745,508752000,0.0,0.0
2019-01-03 00:00:00-05:00,3.317524085134592,3.3514953152661398,3.1662655010249403,3.1737043857574463,705552000,0.0,0.0
2019-01-04 00:00:00-05:00,3.2468538441957744,3.4152220633267434,3.216106282869077,3.377035617828369,585620000,0.0,0.0
2019-01-07 00:00:00-05:00,3.4343159804175896,3.5927656296182455,3.3829870342996,3.555818796157837,709160000,0.0,0.0
2019-01-08 00:00:00-05:00,3.6373984079374995,3.639630285844697,3.394640656623528,3.467294454574585,786016000,0.0,0.0
2019-01-09 00:00:00-05:00,3.5186232126306787,3.5828463399884547,3.4680384722945203,3.535485029220581,617260000,0.0,0.0
2019-01-10 00:00:00-05:00,3.516143481815704,3.6098740718264133,3.4556399190383114,3.6011953353881836,523156000,0.0,0.0
2019-01-11 00:00:00-05:00,3.578878861805205,3.7132760871336066,3.5511069020027533,3.6904633045196533,874764000,0.0,0.0
2019-01-14 00:00:00-05:00,3.6381421571545687,3.7556775515991787,3.614585417920929,3.7303850650787354,730168000,0.0,0.0
2019-01-15 00:00:00-05:00,3.76311655148842,3.802543082772021,3.6979018753486015,3.7162513732910156,617012000,0.0,0.0
2019-01-16 00:00:00-05:00,3.7435276402750564,3.776506841540623,3.6852559503291613,3.69071102142334,470104000,0.0,0.0
2019-01-17 00:00:00-05:00,3.6577314024953056,3.8020469613465786,3.630455104227583,3.762124538421631,493436000,0.0,0.0
2019-01-18 00:00:00-05:00,3.8119660198131777,3.917351193183303,3.7603892538835297,3.891314744949341,651336000,0.0,0.0
2019-01-22 00:00:00-05:00,3.861063107743239,3.872717445922538,3.6587236679555004,3.6889753341674805,661552000,0.0,0.0
2019-01-23 00:00:00-05:00,3.744271381111148,3.833042796862444,3.6706257973364633,3.701869249343872,591020000,0.0,0.0
2019-01-24 00:00:00-05:00,3.7864256389123656,3.931484935951308,3.7817142907002115,3.913879632949829,708972000,0.0,0.0
2019-01-25 00:00:00-05:00,3.854367546388609,3.9892604134118845,3.7517101549638396,3.971158981323242,1154572000,0.0,0.0
2019-01-28 00:00:00-05:00,3.385962285157664,3.512176436947682,3.248341859729649,3.4221651554107666,2511528000,0.0,0.0
2019-01-29 00:00:00-05:00,3.3760434124240977,3.4243967481456625,3.2485894177784456,3.2632193565368652,1153932000,0.0,0.0
2019-01-30 00:00:00-05:00,3.3393448863930435,3.4211733230985906,3.259748091328944,3.4067914485931396,974228000,0.0,0.0
2019-01-31 00:00:00-05:00,3.4035674343705264,3.600203727646658,3.381746441320375,3.5644967555999756,842852000,0.0,0.0
2019-02-01 00:00:00-05:00,3.5830941945158643,3.6398782020879676,3.535485054619555,3.5887973308563232,625048000,0.0,0.0
2019-02-04 00:00:00-05:00,3.604666951855927,3.7363363943570573,3.582598130384192,3.69914174079895,528592000,0.0,0.0
2019-02-05 00:00:00-05:00,3.7110446749970083,3.7549344982473727,3.677321509152325,3.718235731124878,542424000,0.0,0.0
2019-02-06 00:00:00-05:00,3.7514628265806262,3.858335929299236,3.7460077548925086,3.7938649654388428,702464000,0.0,0.0
2019-02-07 00:00:00-05:00,3.7474950219852925,3.749726663472055,3.612602143413031,3.6554999351501465,637120000,0.0,0.0
2019-02-08 00:00:00-05:00,3.5883017135125006,3.6847600905958267,3.5739198389192794,3.674097776412964,461604000,0.0,0.0
2019-02-11 00:00:00-05:00,3.629959634984495,3.684263936157866,3.5830942176283087,3.6314475536346436,495180000,0.0,0.0
2019-02-12 00:00:00-05:00,3.669882460265143,3.764109199245761,3.6555003486518447,3.7484872341156006,591060000,0.0,0.0
2019-02-13 00:00:00-05:00,3.777994833117407,3.864038720162632,3.764356682162985,3.790889024734497,605372000,0.0,0.0
2019-02-14 00:00:00-05:00,3.7898968448167056,3.8600709321190116,3.7467507548795953,3.8318028450012207,827264000,0.0,0.0
2019-02-15 00:00:00-05:00,4.040589476950102,4.063402021139105,3.878668370913969,3.9014811515808105,1516748000,0.0,0.0
2019-02-19 00:00:00-05:00,3.8908184857298944,3.9647121327885246,3.871725265567342,3.8841233253479004,551892000,0.0,0.0
2019-02-20 00:00:00-05:00,3.9133844534118563,3.9986843995336785,3.902226243332407,3.931485891342163,540988000,0.0,0.0
2019-02-21 00:00:00-05:00,3.9441310946020987,3.968679386020676,3.847920559122508,3.8625504970550537,448548000,0.0,0.0
2019-02-22 00:00:00-05:00,3.9143755919937884,3.966200186710098,3.9007374411830313,3.947354793548584,401740000,0.0,0.0
2019-02-25 00:00:00-05:00,4.030919267172402,4.098365589907887,3.9262778151631865,3.9349567890167236,656020000,0.0,0.0
2019-02-26 00:00:00-05:00,3.930245169008996,3.9862852148853274,3.862054655168669,3.8955299854278564,488464000,0.0,0.0
2019-02-27 00:00:00-05:00,3.8811489555928063,3.9076810657166354,3.79659273790047,3.8536248207092285,500256000,0.0,0.0
2019-02-28 00:00:00-05:00,3.8474189526731846,3.869758842531903,3.806710887786944,3.8290505409240723,324944000,0.004,0.0
2019-03-01 00:00:00-05:00,3.8789430489105072,3.9256084507519478,3.8206112966087065,3.883411169052124,357188000,0.0,0.0
2019-03-04 00:00:00-05:00,3.92188464290107,3.94472093484492,3.835007357804544,3.891601800918579,409992000,0.0,0.0
2019-03-05 00:00:00-05:00,3.875963963292582,3.923374086167874,3.821603695081215,3.885148286819458,362924000,0.0,0.0
2019-03-06 00:00:00-05:00,3.876212236061873,3.8846515966987245,3.7714631787438155,3.774193525314331,403524000,0.0,0.0
2019-03-07 00:00:00-05:00,3.7506131513085164,3.7602938815152305,3.658771558436786,3.7049405574798584,450104000,0.0,0.0
2019-03-08 00:00:00-05:00,3.6155807539530342,3.7498681708144153,3.5942336754772803,3.739194631576538,422416000,0.0,0.0
2019-03-11 00:00:00-04:00,3.7627762492978234,4.0226629689414635,3.7156142017883984,3.9998269081115723,859728000,0.0,0.0
2019-03-12 00:00:00-04:00,4.027625100563701,4.080495895131489,3.951421380364098,4.034079074859619,579576000,0.0,0.0
2019-03-13 00:00:00-04:00,4.071562219149444,4.214785413146647,4.064115431171426,4.185495376586914,768900000,0.0,0.0
2019-03-14 00:00:00-04:00,4.194679262708762,4.206593932851146,4.101844637412754,4.10953950881958,519384000,0.0,0.0
2019-03-15 00:00:00-04:00,4.152730773435022,4.257728176858283,4.149255699976786,4.215034484863281,661484000,0.0,0.0
2019-03-18 00:00:00-04:00,4.246557301838009,4.300421402107758,4.166630156329583,4.193686485290527,486992000,0.0,0.0
2019-03-19 00:00:00-04:00,4.288257546635277,4.4059143061900965,4.271378827474151,4.361482620239258,854972000,0.0,0.0
2019-03-20 00:00:00-04:00,4.390525114567102,4.443892571839304,4.294215417896174,4.3289666175842285,719148000,0.0,0.0
2019-03-21 00:00:00-04:00,4.352051276652491,4.592080321323037,4.347086751867949,4.565768718719482,824312000,0.0,0.0
2019-03-22 00:00:00-04:00,4.53846514746764,4.587116168662094,4.392014968545097,4.405915260314941,747644000,0.0,0.0
2019-03-25 00:00:00-04:00,4.365207099693033,4.4294959477197065,4.247302233016412,4.313577175140381,525212000,0.0,0.0
2019-03-26 00:00:00-04:00,4.455309992781661,4.511407788978834,4.333930078227208,4.3902764320373535,703508000,0.0,0.0
2019-03-27 00:00:00-04:00,4.415843746800536,4.462260583700479,4.311591098396251,4.381092548370361,474372000,0.0,0.0
2019-03-28 00:00:00-04:00,4.407155537996368,4.465487517173927,4.346589854207423,4.399709224700928,480264000,0.0,0.0
2019-03-29 00:00:00-04:00,4.466479390806594,4.481372961160667,4.416090850760058,4.457046985626221,456896000,0.0,0.0
2019-04-01 00:00:00-04:00,4.548890732434333,4.55484806844994,4.477155089443895,4.52456521987915,483824000,0.0,0.0
2019-04-02 00:00:00-04:00,4.548641538247996,4.586867334364161,4.505699301942221,4.542435646057129,440920000,0.0,0.0
2019-04-03 00:00:00-04:00,4.592079603645218,4.7410120098034065,4.587115079636563,4.6819353103637695,783504000,0.0,0.0
2019-04-04 00:00:00-04:00,4.666546834881286,4.7154464153904465,4.61020093978387,4.673000812530518,457376000,0.0,0.0
2019-04-05 00:00:00-04:00,4.716191058105563,4.75714768138921,4.6797027916276575,4.739771842956543,481744000,0.0,0.0
2019-04-08 00:00:00-04:00,4.709241133517369,4.785693216508701,4.685163705630452,4.760622978210449,424192000,0.0,0.0
2019-04-09 00:00:00-04:00,4.727112605107575,4.738282549493832,4.655625055724161,4.697822570800781,439972000,0.0,0.0
2019-04-10 00:00:00-04:00,4.697078225099699,4.794132186225443,4.692610341672005,4.768317222595215,444772000,0.0,0.0
2019-04-11 00:00:00-04:00,4.77079854054169,4.802322749413438,4.705020249878549,4.754415988922119,374600000,0.0,0.0
2019-04-12 00:00:00-04:00,4.793138927871197,4.797110642459718,4.707751088484751,4.7164387702941895,471708000,0.0,0.0
2019-04-15 00:00:00-04:00,4.708743624352061,4.7137081489376005,4.544918100574246,4.5846333503723145,440092000,0.0,0.0
2019-04-16 00:00:00-04:00,4.623852835126191,4.690623944886726,4.591087727512457,4.671759128570557,394964000,0.0,0.0
2019-04-17 00:00:00-04:00,4.706758744602291,4.7276091830110625,4.626583506356754,4.648923397064209,351004000,0.0,0.0
2019-04-18 00:00:00-04:00,4.655624766848665,4.6896307663251955,4.596548060029767,4.6243486404418945,380988000,0.0,0.0
2019-04-22 00:00:00-04:00,4.600767764441382,4.69385046883139,4.569244027924534,4.678212642669678,279936000,0.0,0.0
2019-04-23 00:00:00-04:00,4.691368202169138,4.764097113438633,4.681687710760457,4.732820987701416,346856000,0.0,0.0
2019-04-24 00:00:00-04:00,4.743246488098934,4.785940644030384,4.6824327161213475,4.745232582092285,318204000,0.0,0.0
2019-04-25 00:00:00-04:00,4.705020335230517,4.7273602217936554,4.559811546013233,4.639490127563477,499296000,0.0,0.0
2019-04-26 00:00:00-04:00,4.485593452863211,4.49006180919831,4.301662214134944,4.420559883117676,868988000,0.0,0.0
2019-04-29 00:00:00-04:00,4.42850176694011,4.479138865495448,4.356269511763721,4.451338291168213,391920000,0.0,0.0
2019-04-30 00:00:00-04:00,4.419070874191893,4.518359011805248,4.39995797279976,4.49279260635376,362920000,0.0,0.0
2019-05-01 00:00:00-04:00,4.545166398082446,4.587363907758215,4.47938763469654,4.479636192321777,354280000,0.0,0.0
2019-05-02 00:00:00-04:00,4.489318119274477,4.588854354107428,4.446127785611975,4.547153472900391,394684000,0.0,0.0
2019-05-03 00:00:00-04:00,4.555592513554428,4.565521090672372,4.4811260546755,4.542685031890869,336824000,0.0,0.0
2019-05-06 00:00:00-04:00,4.356270934892559,4.476409981956644,4.319037943048975,4.464247226715088,422176000,0.0,0.0
2019-05-07 00:00:00-04:00,4.415844692294973,4.415844692294973,4.24879214550784,4.296947002410889,555220000,0.0,0.0
2019-05-08 00:00:00-04:00,4.2693922669713595,4.397225657327805,4.257477601103273,4.317050457000732,419168000,0.0,0.0
2019-05-09 00:00:00-04:00,4.248048064225441,4.2577285592365905,4.105569566198816,4.224466800689697,660248000,0.0,0.0
2019-05-10 00:00:00-04:00,4.193684808091247,4.259214994736796,4.070815471409365,4.190457820892334,569500000,0.0,0.0
2019-05-13 00:00:00-04:00,4.058405845877312,4.081490457918425,3.9171683007245237,3.9330544471740723,656912000,0.0,0.0
2019-05-14 00:00:00-04:00,3.972770032750843,4.057413622475935,3.9340478262869696,4.0221662521362305,524880000,0.0,0.0
2019-05-15 00:00:00-04:00,3.9665643709042584,3.9975919404015254,3.9072398152086056,3.961103677749634,502320000,0.0,0.0
2019-05-16 00:00:00-04:00,3.9556423368808873,4.018938600485398,3.9131967436326356,3.9762444496154785,781088000,0.0,0.0
2019-05-17 00:00:00-04:00,3.9342958155221415,4.0636186994564465,3.8459293129036762,3.8853962421417236,1022068000,0.0,0.0
2019-05-20 00:00:00-04:00,3.7866043837695766,3.841709374206978,3.741924610610266,3.766746759414673,572064000,0.0,0.0
2019-05-21 00:00:00-04:00,3.8275618172627293,3.864794813997476,3.788839368094485,3.8489086627960205,361848000,0.0,0.0
2019-05-22 00:00:00-04:00,3.8101856087770347,3.836248653390375,3.7669950485696075,3.77791690826416,325868000,0.0,0.0
2019-05-23 00:00:00-04:00,3.715613399180335,3.715613399180335,3.5969640532761926,3.656785249710083,591844000,0.0,0.0
2019-05-24 00:00:00-04:00,3.6756499276191787,3.7108972961060918,3.596219424781176,3.602921485900879,357584000,0.0,0.0
2019-05-28 00:00:00-04:00,3.6205448397120326,3.653309942814529,3.555759122780061,3.5577449798583984,428356000,0.0,0.0
2019-05-29 00:00:00-04:00,3.510086391671882,3.545085434552852,3.4487759864064724,3.4835269451141357,559800000,0.0,0.0
2019-05-30 00:00:00-04:00,3.486758469732826,3.5225430468078924,3.41866835522945,3.4569380283355713,394300000,0.004,0.0
2019-05-31 00:00:00-04:00,3.407981571775472,3.47532608912245,3.364493352727008,3.3662328720092773,389720000,0.0,0.0
2019-06-03 00:00:00-04:00,3.3774157439853156,3.4161823789098253,3.295161124682421,3.3244845867156982,478644000,0.0,0.0
2019-06-04 00:00:00-04:00,3.3885990793233907,3.558824354022375,3.366482294929206,3.553605794906616,641836000,0.0,0.0
2019-06-05 00:00:00-04:00,3.627411357441452,3.6328785208222416,3.474581520082958,3.5108630657196045,511616000,0.0,0.0
2019-06-06 00:00:00-04:00,3.5150871609116434,3.5975903862162792,3.5126020654707717,3.572988510131836,408140000,0.0,0.0
2019-06-07 00:00:00-04:00,3.5789531985054914,3.6500251379808932,3.5598182450382985,3.615731716156006,348856000,0.0,0.0
2019-06-10 00:00:00-04:00,3.671893699820949,3.7571306414737142,3.671893699820949,3.6885435581207275,402780000,0.0,0.0
2019-06-11 00:00:00-04:00,3.748432284375551,3.786204978790886,3.706683816221876,3.7461957931518555,383872000,0.0,0.0
2019-06-12 00:00:00-04:00,3.702707513482679,3.7089202523359184,3.6179677936535795,3.6331264972686768,358892000,0.0,0.0
2019-06-13 00:00:00-04:00,3.655243208172432,3.702707441931918,3.6375994093569863,3.6843183040618896,308080000,0.0,0.0
2019-06-14 00:00:00-04:00,3.5911296783061224,3.615482952749099,3.5496295752090177,3.594360113143921,394428000,0.0,0.0
2019-06-17 00:00:00-04:00,3.5926212434721223,3.641079670739759,3.569758880127907,3.6040525436401367,276040000,0.0,0.0
2019-06-18 00:00:00-04:00,3.6654322264627153,3.8545435993309813,3.6544981372784355,3.7991273403167725,581920000,0.0,0.0
2019-06-19 00:00:00-04:00,3.8344143652316642,3.84584542443763,3.7789978775402298,3.80509090423584,331644000,0.0,0.0
2019-06-20 00:00:00-04:00,3.895795715351258,3.909711873308816,3.815031993929556,3.8294451236724854,350168000,0.0,0.0
2019-06-21 00:00:00-04:00,3.814534450544001,3.8637382047995343,3.7648334875858107,3.771294593811035,434428000,0.0,0.0
2019-06-24 00:00:00-04:00,3.7926662204093486,3.8232322335350424,3.74545035070567,3.7936601638793945,282948000,0.0,0.0
2019-06-25 00:00:00-04:00,3.7986302415988527,3.873678422153312,3.7616031230417817,3.764336585998535,311868000,0.0,0.0
2019-06-26 00:00:00-04:00,3.8918194556975654,4.018805099931333,3.878897242135455,3.9576728343963623,584072000,0.0,0.0
2019-06-27 00:00:00-04:00,4.043406085198907,4.07546300952276,4.007372913508341,4.056328296661377,445440000,0.0,0.0
2019-06-28 00:00:00-04:00,4.1003143356473615,4.109509142965526,4.034460954052617,4.081179618835449,397668000,0.0,0.0
2019-07-01 00:00:00-04:00,4.28843261444146,4.322726280536419,4.091865900963285,4.129390239715576,709756000,0.0,0.0
2019-07-02 00:00:00-04:00,4.11273909166662,4.133862168283507,4.01830782427504,4.031478404998779,400228000,0.0,0.0
2019-07-03 00:00:00-04:00,4.054837331736692,4.060553098718158,3.984510978445289,4.044400215148926,246636000,0.0,0.0
2019-07-05 00:00:00-04:00,3.986002999077767,3.990475982306691,3.9184096198971794,3.981778383255005,396552000,0.0,0.0
2019-07-08 00:00:00-04:00,3.922136768704108,3.941023116827051,3.8766606549792244,3.9067294597625732,329788000,0.0,0.0
2019-07-09 00:00:00-04:00,3.8644839583677153,3.9372956541388673,3.8518103489092463,3.909214735031128,342860000,0.0,0.0
2019-07-10 00:00:00-04:00,3.952703120901049,4.034957757445139,3.938786962983033,3.977553606033325,452076000,0.0,0.0
2019-07-11 00:00:00-04:00,4.05061252377747,4.172876560811911,4.013337041457255,4.132122039794922,682560000,0.0,0.0
2019-07-12 00:00:00-04:00,4.159954019273234,4.2362449711917725,4.159954019273234,4.165172576904297,506392000,0.0,0.0
2019-07-15 00:00:00-04:00,4.186297721850853,4.202450137383961,4.128396350611081,4.1567254066467285,289840000,0.0,0.0
2019-07-16 00:00:00-04:00,4.141815012831068,4.179090508047541,4.096338652715805,4.152003765106201,341444000,0.0,0.0
2019-07-17 00:00:00-04:00,4.153741480924344,4.224316665951044,4.12441802193321,4.217358589172363,348204000,0.0,0.0
2019-07-18 00:00:00-04:00,4.227797357976233,4.29191122593789,4.171138304345604,4.229039669036865,442192000,0.0,0.0
2019-07-19 00:00:00-04:00,4.267308644681894,4.2737695139511755,4.179834987309309,4.1857991218566895,344896000,0.0,0.0
2019-07-22 00:00:00-04:00,4.207170391872514,4.27029029976045,4.199715105498288,4.257368087768555,315940000,0.0,0.0
2019-07-23 00:00:00-04:00,4.296632277201752,4.3672070031435135,4.280976127161239,4.3652191162109375,428176000,0.0,0.0
2019-07-24 00:00:00-04:00,4.408458395193091,4.445485511839299,4.332416275122632,4.439769744873047,366236000,0.0,0.0
2019-07-25 00:00:00-04:00,4.398269319191523,4.41094316292276,4.28520009087594,4.308559417724609,392700000,0.0,0.0
2019-07-26 00:00:00-04:00,4.335647227502245,4.397275987465649,4.335647227502245,4.350557327270508,274160000,0.0,0.0
2019-07-29 00:00:00-04:00,4.34335019580268,4.360497021120779,4.256125391259245,4.344344139099121,248160000,0.0,0.0
2019-07-30 00:00:00-04:00,4.297875110154959,4.372177725601176,4.2834617431839845,4.360001087188721,197772000,0.0,0.0
2019-07-31 00:00:00-04:00,4.328440121888676,4.329434539282859,4.150511453822565,4.1927571296691895,359416000,0.0,0.0
2019-08-01 00:00:00-04:00,4.203194102345515,4.293649585384976,4.046139673238952,4.098325729370117,421212000,0.0,0.0
2019-08-02 00:00:00-04:00,4.005634784698486,4.074967689451433,3.958170774070685,4.005634784698486,428348000,0.0,0.0
2019-08-05 00:00:00-04:00,3.8219890885382597,3.82323163617756,3.700222263787625,3.747189521789551,589156000,0.0,0.0
2019-08-06 00:00:00-04:00,3.821990039115034,3.8674661564635877,3.7382442507297777,3.785956859588623,361272000,0.0,0.0
2019-08-07 00:00:00-04:00,3.7250732847610952,3.836154649633428,3.7076780881558538,3.8242263793945312,372560000,0.0,0.0
2019-08-08 00:00:00-04:00,3.8818794246834787,3.93406525223203,3.8244750380792505,3.9328227043151855,309300000,0.0,0.0
2019-08-09 00:00:00-04:00,3.8918192688846447,3.8952983079850005,3.7809865154195337,3.831432819366455,341816000,0.0,0.0
2019-08-12 00:00:00-04:00,3.7792472047557633,3.8314330311372755,3.7417231116766367,3.7635915279388428,279200000,0.0,0.0
2019-08-13 00:00:00-04:00,3.7621000423066087,3.92387606605476,3.7230850374128925,3.8779027462005615,351956000,0.0,0.0
2019-08-14 00:00:00-04:00,3.78968408704129,3.800866780355835,3.685561045125781,3.729297637939453,419880000,0.0,0.0
2019-08-15 00:00:00-04:00,3.7481842810292747,3.7680645736022633,3.6626989755670682,3.6969923973083496,477200000,0.0,0.0
2019-08-16 00:00:00-04:00,3.959910100592234,4.014332188381241,3.8985294593398874,3.9651286602020264,1007960000,0.0,0.0
2019-08-19 00:00:00-04:00,4.078446197746273,4.259853932231015,4.0622933114203885,4.2439494132995605,815112000,0.0,0.0
2019-08-20 00:00:00-04:00,4.23848150763034,4.238978716287921,4.150511123998606,4.171634197235107,463188000,0.0,0.0
2019-08-21 00:00:00-04:00,4.237736525794346,4.3102996129999775,4.216116714852491,4.255131721496582,427244000,0.0,0.0
2019-08-22 00:00:00-04:00,4.264823948981501,4.30731799688016,4.222081059715049,4.261344909667969,303488000,0.0,0.0
2019-08-23 00:00:00-04:00,4.184805390659598,4.2392277064288795,4.016816619353168,4.036696910858154,568056000,0.0,0.0
2019-08-26 00:00:00-04:00,4.115472696142068,4.139577601283121,4.0732270203060414,4.111496448516846,318208000,0.0,0.0
2019-08-27 00:00:00-04:00,4.149765270283897,4.152498732758987,3.991468548198162,4.020792007446289,290968000,0.0,0.0
2019-08-28 00:00:00-04:00,3.994425196849824,4.063079923317268,3.95512248556457,4.010344982147217,255612000,0.004,0.0
2019-08-29 00:00:00-04:00,4.101884641561846,4.186459621755093,4.098402159122807,4.154122352600098,357976000,0.0,0.0
2019-08-30 00:00:00-04:00,4.200390853274772,4.250141024495934,4.14865082702966,4.166809558868408,290616000,0.0,0.0
2019-09-03 00:00:00-04:00,4.093925241452394,4.127008828598973,4.060841654305815,4.083726406097412,296140000,0.0,0.0
2019-09-04 00:00:00-04:00,4.144420477785668,4.20536439099438,4.144420477785668,4.197901725769043,227728000,0.0,0.0
2019-09-05 00:00:00-04:00,4.300139012380405,4.477248886927968,4.298397770943813,4.471030235290527,695676000,0.0,0.0
2019-09-06 00:00:00-04:00,4.4476483714591035,4.504612126048834,4.405858566989217,4.443917274475098,376976000,0.0,0.0
2019-09-09 00:00:00-04:00,4.4750095868004145,4.5764997573509385,4.473516958701906,4.48993444442749,417524000,0.0,0.0
2019-09-10 00:00:00-04:00,4.45710163683001,4.583217859970045,4.447400498385292,4.5566020011901855,352812000,0.0,0.0
2019-09-11 00:00:00-04:00,4.5712770519909265,4.633464526154595,4.542173169848685,4.585206985473633,361512000,0.0,0.0
2019-09-12 00:00:00-04:00,4.6317238957685865,4.686448709452249,4.575755066743911,4.583714962005615,327840000,0.0,0.0
2019-09-13 00:00:00-04:00,4.5170491975284275,4.55411297162938,4.481975278246142,4.525755405426025,324592000,0.0,0.0
2019-09-16 00:00:00-04:00,4.450631721173688,4.517296584022552,4.4401842745337445,4.482720375061035,231832000,0.0,0.0
2019-09-17 00:00:00-04:00,4.48943742904578,4.508342471006578,4.442921138228117,4.504113674163818,223048000,0.0,0.0
2019-09-18 00:00:00-04:00,4.497148817078808,4.512819989869579,4.3904349150473205,4.476999759674072,258152000,0.0,0.0
2019-09-19 00:00:00-04:00,4.482969795639282,4.501377611612964,4.390683525912575,4.4013800621032715,245476000,0.0,0.0
2019-09-20 00:00:00-04:00,4.400385017132901,4.424016082282854,4.285462612015412,4.295660972595215,350244000,0.0,0.0
2019-09-23 00:00:00-04:00,4.295910378969834,4.394663918178222,4.292178808283121,4.349142551422119,249712000,0.0,0.0
2019-09-24 00:00:00-04:00,4.380485561431668,4.410086668254638,4.256110620784115,4.29168176651001,317268000,0.0,0.0
2019-09-25 00:00:00-04:00,4.291184232607159,4.453120654553202,4.246409176318801,4.433469295501709,308432000,0.0,0.0
2019-09-26 00:00:00-04:00,4.423768001859884,4.432474209776982,4.3603365162321746,4.411330223083496,234564000,0.0,0.0
2019-09-27 00:00:00-04:00,4.36953998717179,4.420285075697802,4.211832384152225,4.272527694702148,362056000,0.0,0.0
2019-09-30 00:00:00-04:00,4.298397995722028,4.340187792385558,4.267055173771648,4.329988956451416,186184000,0.0,0.0
2019-10-01 00:00:00-04:00,4.353122148911096,4.502372146050008,4.323521047349624,4.3282470703125,366008000,0.0,0.0
2019-10-02 00:00:00-04:00,4.306357396798702,4.318297472895194,4.231981246077953,4.304367542266846,293372000,0.0,0.0
2019-10-03 00:00:00-04:00,4.308844131104082,4.516301371776748,4.2784967202391755,4.510082721710205,450588000,0.0,0.0
2019-10-04 00:00:00-04:00,4.512322635451095,4.555854148776173,4.447150383760403,4.526501655578613,265524000,0.0,0.0
2019-10-07 00:00:00-04:00,4.5914256379994445,4.684955462499203,4.5827194295727525,4.585206985473633,480984000,0.0,0.0
2019-10-08 00:00:00-04:00,4.493417744066732,4.493417744066732,4.390435401144945,4.408594131469727,444436000,0.0,0.0
2019-10-09 00:00:00-04:00,4.485458013318154,4.544660704799519,4.4566032190159595,4.495159149169922,292412000,0.0,0.0
2019-10-10 00:00:00-04:00,4.492919375581474,4.60386158418925,4.487695652067278,4.552867889404297,309124000,0.0,0.0
2019-10-11 00:00:00-04:00,4.636947103185603,4.70983064218771,4.61804205751928,4.626499652862549,446404000,0.0,0.0
2019-10-14 00:00:00-04:00,4.617792763911028,4.66082657848643,4.586699027587535,4.639931678771973,200040000,0.0,0.0
2019-10-15 00:00:00-04:00,4.730227514717211,4.957336163033096,4.71629710886104,4.884700775146484,664124000,0.0,0.0
2019-10-16 00:00:00-04:00,4.850622120157369,4.955594777980669,4.819528388617898,4.830970764160156,428944000,0.0,0.0
2019-10-17 00:00:00-04:00,4.875497670479628,4.920521337360984,4.778484896092596,4.832961559295654,263436000,0.0,0.0
2019-10-18 00:00:00-04:00,4.833459151256394,4.866045516567658,4.664060533412796,4.738436698913574,307440000,0.0,0.0
2019-10-21 00:00:00-04:00,4.799878401323895,4.8891799122371475,4.78097335401835,4.875747203826904,261868000,0.0,0.0
2019-10-22 00:00:00-04:00,4.932709575820752,5.037930847352662,4.858084809553436,4.865796089172363,328720000,0.0,0.0
2019-10-23 00:00:00-04:00,4.783709911051118,4.867040906088538,4.75186985692801,4.852862358093262,279916000,0.0,0.0
2019-10-24 00:00:00-04:00,4.894151613814402,4.930469058045759,4.8600731111257485,4.896888256072998,232020000,0.0,0.0
2019-10-25 00:00:00-04:00,4.9774847276947565,5.108824622675186,4.969773447917292,5.087929725646973,423092000,0.0,0.0
2019-10-28 00:00:00-04:00,5.131709798534818,5.19638482405356,5.102357305201417,5.143898963928223,330792000,0.0,0.0
2019-10-29 00:00:00-04:00,5.129968267140471,5.136436006553304,5.028229948074158,5.047632217407227,211236000,0.0,0.0
2019-10-30 00:00:00-04:00,5.074497619391619,5.080219045208822,4.981465024654051,5.049622535705566,205960000,0.0,0.0
2019-10-31 00:00:00-04:00,5.028727112780852,5.04962201009923,4.920521055630176,5.000369548797607,209732000,0.0,0.0
2019-11-01 00:00:00-04:00,4.965047308163988,5.071761217757975,4.939923612384464,5.039423942565918,283640000,0.0,0.0
2019-11-04 00:00:00-05:00,5.120515868994538,5.248622375242353,5.09738250295255,5.236184597015381,376716000,0.0,0.0
2019-11-05 00:00:00-05:00,5.235935826221247,5.262054448032809,5.166037080383131,5.214046001434326,300868000,0.0,0.0
2019-11-06 00:00:00-05:00,5.189918623071756,5.2155395508440465,5.07723465039158,5.164794921875,269012000,0.0,0.0
2019-11-07 00:00:00-05:00,5.251358887951694,5.266035135103547,5.1376800072228965,5.182455062866211,280340000,0.0,0.0
2019-11-08 00:00:00-05:00,5.16553853036677,5.200114737368097,5.12797706766463,5.16852331161499,189100000,0.0,0.0
2019-11-11 00:00:00-05:00,5.167779794172072,5.201609705554849,5.081463536538511,5.178476333618164,243436000,0.0,0.0
2019-11-12 00:00:00-05:00,5.216782170226102,5.27001481563961,5.181708253470068,5.214046001434326,283504000,0.0,0.0
2019-11-13 00:00:00-05:00,5.182702390214598,5.210313636047078,5.121758948617546,5.188175201416016,300188000,0.0,0.0
2019-11-14 00:00:00-05:00,5.197130903633725,5.2207624447380505,5.137182379036172,5.2185235023498535,518080000,0.0,0.0
2019-11-15 00:00:00-05:00,5.2162839918613,5.268024004305952,4.99091660188889,5.079223155975342,1053628000,0.0,0.0
2019-11-18 00:00:00-05:00,5.071760954812264,5.307078113271968,5.068776172798881,5.280462265014648,574588000,0.0,0.0
2019-11-19 00:00:00-05:00,5.249369150039043,5.273000219064942,5.11554168107026,5.173748970031738,414564000,0.0,0.0
2019-11-20 00:00:00-05:00,5.150863893355781,5.336928600477389,5.13817750157951,5.2530999183654785,472588000,0.0,0.0
2019-11-21 00:00:00-05:00,5.248623383546975,5.304343122459314,5.2065844916334205,5.2282257080078125,288388000,0.0,0.0
2019-11-22 00:00:00-05:00,5.250861917366214,5.297378221100124,5.222255733271349,5.245887279510498,224100000,0.0,0.0
2019-11-25 00:00:00-05:00,5.373991704712721,5.507570535449033,5.361056701312303,5.5025954246521,506476000,0.0,0.0
2019-11-26 00:00:00-05:00,5.4849345241825445,5.489661022292921,5.391404708332853,5.397872447967529,385244000,0.0,0.0
2019-11-27 00:00:00-05:00,5.443426997574796,5.47777945475488,5.406335877860473,5.432722568511963,215784000,0.004,0.0
2019-11-29 00:00:00-05:00,5.401855393170712,5.4302334079582915,5.3714851057615185,5.395382881164551,141556000,0.0,0.0
2019-12-02 00:00:00-05:00,5.388412109642636,5.40185472534565,5.193746302213764,5.208930969238281,372036000,0.0,0.0
2019-12-03 00:00:00-05:00,5.025219010053087,5.173334223792447,4.987879092072044,5.169351577758789,465232000,0.0,0.0
2019-12-04 00:00:00-05:00,5.252992203327518,5.275396246352342,5.184535616219561,5.213162899017334,273424000,0.0,0.0
2019-12-05 00:00:00-05:00,5.235070740496549,5.25075347982264,5.165617998734439,5.196237087249756,184884000,0.0,0.0
2019-12-06 00:00:00-05:00,5.265439695532855,5.314479703590132,5.2554821310367785,5.281620025634766,232236000,0.0,0.0
2019-12-09 00:00:00-05:00,5.258718386978284,5.336385680757568,5.250005755445621,5.281620025634766,211880000,0.0,0.0
2019-12-10 00:00:00-05:00,5.311741451326898,5.378455999077606,5.258967589908185,5.3266777992248535,256388000,0.0,0.0
2019-12-11 00:00:00-05:00,5.337132743877338,5.415795702068406,5.334643352660825,5.410318851470947,233796000,0.0,0.0
2019-12-12 00:00:00-05:00,5.38144200813465,5.596022467788937,5.3724805808628355,5.577850341796875,404348000,0.0,0.0
2019-12-13 00:00:00-05:00,5.580838806125459,5.70007794366406,5.52184122908239,5.575860023498535,454704000,0.0,0.0
2019-12-16 00:00:00-05:00,5.6234060478819385,5.677175568341097,5.595276354651247,5.604735851287842,320976000,0.0,0.0
2019-12-17 00:00:00-05:00,5.623405269311124,5.705553268306525,5.613945773984214,5.682900428771973,321196000,0.0,0.0
2019-12-18 00:00:00-05:00,5.717750900956038,5.773761007689279,5.709287067084748,5.71327018737793,343548000,0.0,0.0
2019-12-19 00:00:00-05:00,5.747872345624189,5.874828438845495,5.742893563583482,5.861385822296143,445360000,0.0,0.0
2019-12-20 00:00:00-05:00,5.927850898812793,5.9841098046043175,5.908683110859449,5.958718776702881,603044000,0.0,0.0
2019-12-23 00:00:00-05:00,5.987346527892371,6.0194588663588044,5.934323873662012,5.945027828216553,355060000,0.0,0.0
2019-12-24 00:00:00-05:00,5.929594489342768,5.957226116490681,5.895241552931231,5.940049648284912,138864000,0.0,0.0
2019-12-26 00:00:00-05:00,5.943533509630597,5.982367152831068,5.924614518727591,5.954237937927246,182852000,0.0,0.0
2019-12-27 00:00:00-05:00,5.9694235957264254,5.982866213789336,5.870099114404077,5.896486282348633,254644000,0.0,0.0
2019-12-30 00:00:00-05:00,5.874579953407556,5.879807532386408,5.751855770938896,5.783221244812012,258056000,0.0,0.0
2019-12-31 00:00:00-05:00,5.747873381405786,5.866863729686001,5.728705589378045,5.8574042320251465,231004000,0.0,0.0
2020-01-02 00:00:00-05:00,5.943286160023145,5.972162246704102,5.892752889630751,5.972162246704102,237536000,0.0,0.0
2020-01-03 00:00:00-05:00,5.852425081823098,5.920384087732343,5.827531643498655,5.8765716552734375,205384000,0.0,0.0
2020-01-06 00:00:00-05:00,5.783220886910184,5.906442655101871,5.757082993633497,5.901215076446533,262636000,0.0,0.0
2020-01-07 00:00:00-05:00,5.929593548989243,6.018462860706855,5.88453666408317,5.972659111022949,314856000,0.0,0.0
2020-01-08 00:00:00-05:00,5.968427030697477,6.025184004233772,5.928348928870455,5.983860969543457,277108000,0.0,0.0
2020-01-09 00:00:00-05:00,6.070241617025367,6.122019814933287,5.995810576233439,6.049580097198486,255112000,0.0,0.0
2020-01-10 00:00:00-05:00,6.1568692700088326,6.187239077952757,6.067751168887327,6.081940174102783,316296000,0.0,0.0
2020-01-13 00:00:00-05:00,6.1650845121949756,6.2977657695347995,6.142431197700387,6.272623538970947,319840000,0.0,0.0
2020-01-14 00:00:00-05:00,6.229808071278928,6.255199578572625,6.1424324751511294,6.15562629699707,359088000,0.0,0.0
2020-01-15 00:00:00-05:00,6.1683213424842025,6.19072538934148,6.087168990499455,6.113058090209961,263104000,0.0,0.0
2020-01-16 00:00:00-05:00,6.166578128382356,6.202673585938603,6.143178422576871,6.196699142456055,284192000,0.0,0.0
2020-01-17 00:00:00-05:00,6.215866590995436,6.223334763640799,6.15786516037779,6.205411434173584,253792000,0.0,0.0
2020-01-21 00:00:00-05:00,6.16881898850275,6.205661312431895,6.137951108313541,6.172055244445801,217916000,0.0,0.0
2020-01-22 00:00:00-05:00,6.217359681611769,6.3127010160537775,6.198440692696439,6.226072311401367,239240000,0.0,0.0
2020-01-23 00:00:00-05:00,6.266152376360802,6.302994226877726,6.177283056528043,6.294530391693115,244516000,0.0,0.0
2020-01-24 00:00:00-05:00,6.410035013873357,6.4598218835138725,6.181016268171984,6.235283851623535,373512000,0.0,0.0
2020-01-27 00:00:00-05:00,5.930589397272543,6.030411937538711,5.780980460009184,5.9793806076049805,470536000,0.0,0.0
2020-01-28 00:00:00-05:00,6.045347340574895,6.20516262639807,5.99207542036625,6.172801494598389,310976000,0.0,0.0
2020-01-29 00:00:00-05:00,6.158364393072457,6.194459855480185,6.0724820532193915,6.112311840057373,258848000,0.0,0.0
2020-01-30 00:00:00-05:00,6.014480325152171,6.132475000668001,5.9594663457306005,6.119032382965088,290504000,0.0,0.0
2020-01-31 00:00:00-05:00,6.073229077548555,6.085177966433363,5.843712696530741,5.885533332824707,370420000,0.0,0.0
2020-02-03 00:00:00-05:00,5.867360888297709,6.0020339655297725,5.861137647487947,5.982617378234863,255564000,0.0,0.0
2020-02-04 00:00:00-05:00,6.124508404438751,6.1710590171259705,6.07447273945635,6.151890754699707,271544000,0.0,0.0
2020-02-05 00:00:00-05:00,6.272873344564743,6.283079706340834,6.158861788223002,6.242254734039307,208220000,0.0,0.0
2020-02-06 00:00:00-05:00,6.276606546794915,6.329131126403809,6.195454210072389,6.329131126403809,218284000,0.0,0.0
2020-02-07 00:00:00-05:00,6.289053983566939,6.311209232941691,6.237524582680928,6.262916088104248,189752000,0.0,0.0
2020-02-10 00:00:00-05:00,6.2855691368705555,6.54694904967077,6.280590354294611,6.546202659606934,529608000,0.0,0.0
2020-02-11 00:00:00-05:00,6.6544878466622785,6.783435262639754,6.592503292289817,6.668676853179932,638556000,0.0,0.0
2020-02-12 00:00:00-05:00,6.721451236748671,6.79090396963494,6.682617588464696,6.784431457519531,374644000,0.0,0.0
2020-02-13 00:00:00-05:00,6.726429222958646,6.80783035930972,6.6990463976554,6.7406182289123535,528016000,0.0,0.0
2020-02-14 00:00:00-05:00,7.150861219880521,7.342788859581885,7.1194957464110455,7.213841438293457,1041924000,0.0,0.0
2020-02-18 00:00:00-05:00,7.11053409323562,7.401039827252744,7.091117506539812,7.382618427276611,620164000,0.0,0.0
2020-02-19 00:00:00-05:00,7.505093939279053,7.8516093193598975,7.505093939279053,7.833934783935547,694332000,0.0,0.0
2020-02-20 00:00:00-05:00,7.785890399721732,7.874261646645899,7.377141689610496,7.684574604034424,810052000,0.0,0.0
2020-02-21 00:00:00-05:00,7.572304872082457,7.597447102443904,7.235497839172956,7.3203840255737305,768180000,0.0,0.0
2020-02-24 00:00:00-05:00,6.725931724643267,7.016686246225031,6.671415340872214,6.802852153778076,856916000,0.0,0.0
2020-02-25 00:00:00-05:00,6.878030602828271,6.940015164910747,6.421486774021762,6.523300647735596,1055496000,0.0,0.0
2020-02-26 00:00:00-05:00,6.5235492474458985,6.85687128170397,6.522055992536877,6.662703037261963,747732000,0.0,0.0
2020-02-27 00:00:00-05:00,6.349107911870958,6.6504977486511425,6.199409488033335,6.291819095611572,906416000,0.004,0.0
2020-02-28 00:00:00-05:00,6.0392501577391435,6.786497136893554,6.022561782497065,6.726966381072998,1133252000,0.0,0.0
2020-03-02 00:00:00-05:00,6.897088786752712,6.914275525682535,6.501047905140563,6.885381698608398,890744000,0.0,0.0
2020-03-03 00:00:00-05:00,6.941176114370048,7.00095580518992,6.537413662019829,6.622848987579346,652792000,0.0,0.0
2020-03-04 00:00:00-05:00,6.7302041110260316,7.096105989166216,6.655479133187068,7.08664083480835,597408000,0.0,0.0
2020-03-05 00:00:00-05:00,6.887124632802147,7.054009771792561,6.76258349848353,6.807169437408447,540328000,0.0,0.0
2020-03-06 00:00:00-05:00,6.62758174053055,6.685119975650796,6.426323102976451,6.626585483551025,515412000,0.0,0.0
2020-03-09 00:00:00-04:00,5.975484465987302,6.461195152889279,5.932642563987071,6.113476276397705,614160000,0.0,0.0
2020-03-10 00:00:00-04:00,6.389957305900693,6.503040790557861,6.127175872348924,6.503040790557861,580648000,0.0,0.0
2020-03-11 00:00:00-04:00,6.363057079152088,6.391452544563444,6.041990066264939,6.139132022857666,499964000,0.0,0.0
2020-03-12 00:00:00-04:00,5.615810451892924,5.8813322287768575,5.375197004612166,5.387900352478027,816540000,0.0,0.0
2020-03-13 00:00:00-04:00,5.741346375628971,6.003380946123381,5.470096072412743,5.998897552490234,634836000,0.0,0.0
2020-03-16 00:00:00-04:00,5.290756572420966,5.631750563263404,4.832196188838089,4.8919758796691895,726972000,0.0,0.0
2020-03-17 00:00:00-04:00,5.004312317866577,5.501231708194184,4.757471955983776,5.411810874938965,833632000,0.0,0.0
2020-03-18 00:00:00-04:00,4.984136339903638,5.229233110309666,4.500418706347469,5.051886558532715,874268000,0.0,0.0
2020-03-19 00:00:00-04:00,5.030466044188625,5.3983609069742196,4.817002895403094,5.30470609664917,765512000,0.0,0.0
2020-03-20 00:00:00-04:00,5.454903162780322,5.73686436466875,5.109426173092745,5.124869346618652,804636000,0.0,0.0
2020-03-23 00:00:00-04:00,5.123871959464408,5.392133997407695,4.944781813714114,5.297731399536133,643876000,0.0,0.0
2020-03-24 00:00:00-04:00,5.703984178273461,6.293313140337309,5.680321532450428,6.206632137298584,1101644000,0.0,0.0
2020-03-25 00:00:00-04:00,6.321709035304789,6.521473066169563,6.0691395795160865,6.117959976196289,793432000,0.0,0.0
2020-03-26 00:00:00-04:00,6.325195838645777,6.531436242149124,6.227057634565984,6.407393455505371,696108000,0.0,0.0
2020-03-27 00:00:00-04:00,6.227057176911279,6.553853205968076,6.194178322618575,6.2950568199157715,638828000,0.0,0.0
2020-03-30 00:00:00-04:00,6.360565572392479,6.624593158034933,6.316477992958648,6.615376949310303,602252000,0.0,0.0
2020-03-31 00:00:00-04:00,6.655479033659384,6.859726923295402,6.420096330914564,6.565809726715088,949960000,0.0,0.0
2020-04-01 00:00:00-04:00,6.367789228140478,6.514249459309813,6.009857889253428,6.054443359375,656912000,0.0,0.0
2020-04-02 00:00:00-04:00,6.083586335487414,6.376507282646197,6.035513726718876,6.363306045532227,675764000,0.0,0.0
2020-04-03 00:00:00-04:00,6.3256944931640025,6.367291194451505,5.937873523633539,6.075366973876953,663212000,0.0,0.0
2020-04-06 00:00:00-04:00,6.35757716300458,6.722233853485814,6.300038922974676,6.685369491577148,727884000,0.0,0.0
2020-04-07 00:00:00-04:00,6.907051444220359,6.930714564649222,6.408886888992002,6.4519782066345215,784520000,0.0,0.0
2020-04-08 00:00:00-04:00,6.561077251171953,6.674160741564589,6.4910850854844675,6.649252414703369,542444000,0.0,0.0
2020-04-09 00:00:00-04:00,6.775037867333062,6.797953200304439,6.486600365869771,6.549618244171143,525564000,0.0,0.0
2020-04-13 00:00:00-04:00,6.489839474046614,6.730203934202917,6.401415370592808,6.7214860916137695,398408000,0.0,0.0
2020-04-14 00:00:00-04:00,6.849763148211364,7.106815975372771,6.822114998119444,7.072691917419434,530948000,0.0,0.0
2020-04-15 00:00:00-04:00,6.904560827722919,7.078171307263126,6.859228049104564,6.995226860046387,366148000,0.0,0.0
2020-04-16 00:00:00-04:00,7.150655027784946,7.447561001787736,7.137453790728576,7.340455532073975,745620000,0.0,0.0
2020-04-17 00:00:00-04:00,7.422652171604382,7.44407335910978,7.147167405269901,7.2811737060546875,539120000,0.0,0.0
2020-04-20 00:00:00-04:00,7.154641357933581,7.310566765772717,7.1055720115859895,7.149908542633057,449388000,0.0,0.0
2020-04-21 00:00:00-04:00,7.031842995013919,7.09311684107269,6.653237765638514,6.713017463684082,735160000,0.0,0.0
2020-04-22 00:00:00-04:00,6.905308579945586,7.170332420198244,6.859726852955732,7.127490043640137,483356000,0.0,0.0
2020-04-23 00:00:00-04:00,7.16958566198625,7.30159898871442,7.0490295291724605,7.0741868019104,424160000,0.0,0.0
2020-04-24 00:00:00-04:00,7.063974286406707,7.215166857112754,6.989249310229326,7.213174343109131,352328000,0.0,0.0
2020-04-27 00:00:00-04:00,7.347679246189242,7.559648251538082,7.32301986550024,7.399737358093262,479388000,0.0,0.0
2020-04-28 00:00:00-04:00,7.547192445894836,7.577082526758455,7.251781149202428,7.257260799407959,442904000,0.0,0.0
2020-04-29 00:00:00-04:00,7.392016050247552,7.486916543753276,7.316793177918443,7.43411111831665,379160000,0.0,0.0
2020-04-30 00:00:00-04:00,7.380059363266312,7.434110461581394,7.266229045301317,7.280177593231201,375916000,0.0,0.0
2020-05-01 00:00:00-04:00,7.0826553577426115,7.1959877898838185,6.995227508667212,7.043549537658691,342096000,0.0,0.0
2020-05-04 00:00:00-04:00,6.996223664055567,7.2692180393081935,6.996223664055567,7.255518436431885,317556000,0.0,0.0
2020-05-05 00:00:00-04:00,7.359634420747958,7.479193802315444,7.255517734019702,7.316543102264404,368896000,0.0,0.0
2020-05-06 00:00:00-04:00,7.396000628885586,7.522285342216522,7.358140014415435,7.417421340942383,323464000,0.0,0.0
2020-05-07 00:00:00-04:00,7.556659104625478,7.65703924710628,7.505348303593929,7.5937724113464355,373732000,0.0,0.0
2020-05-08 00:00:00-04:00,7.665506930129137,7.79004806782445,7.6316318204905835,7.783821105957031,339216000,0.0,0.0
2020-05-11 00:00:00-04:00,7.778839210396345,8.082719885114322,7.750194806237749,8.035892486572266,469060000,0.0,0.0
2020-05-12 00:00:00-04:00,8.093679830683575,8.1424997468575,7.764143971249282,7.773858070373535,493060000,0.0,0.0
2020-05-13 00:00:00-04:00,7.888438011143998,8.048846819644972,7.566872607396423,7.751442909240723,625852000,0.0,0.0
2020-05-14 00:00:00-04:00,7.812964929554271,8.006501990035128,7.659281000499965,8.001022338867188,602312000,0.0,0.0
2020-05-15 00:00:00-04:00,7.860788181491247,8.469295953031287,7.845096065259283,8.459582328796387,987660000,0.0,0.0
2020-05-18 00:00:00-04:00,8.7283406684085,8.883768138306543,8.648634419769518,8.718128204345703,774460000,0.0,0.0
2020-05-19 00:00:00-04:00,8.757982920775056,9.054141581914417,8.730583714666999,8.773177146911621,717320000,0.0,0.0
2020-05-20 00:00:00-04:00,8.95799844258949,9.009807620655112,8.856123655429936,8.9370756149292,587536000,0.0,0.0
2020-05-21 00:00:00-04:00,9.018274986522457,9.019270768523343,8.705427456810417,8.74303913116455,761068000,0.0,0.0
2020-05-22 00:00:00-04:00,8.792854928040327,9.059622838486286,8.68126653165921,8.993117332458496,1038764000,0.0,0.0
2020-05-26 00:00:00-04:00,9.123135727462815,9.148044523741856,8.640165427167261,8.685747146606445,770780000,0.0,0.0
2020-05-27 00:00:00-04:00,8.593339977535337,8.601061088518641,7.967395990303073,8.493956565856934,1175892000,0.0,0.0
2020-05-28 00:00:00-04:00,8.381370278290833,8.728342326374072,8.348491420727514,8.455846786499023,734896000,0.0,0.0
2020-05-29 00:00:00-04:00,8.523098503753154,8.842920303344727,8.453853648788746,8.842920303344727,745256000,0.0,0.0
2020-06-01 00:00:00-04:00,8.800827101900822,8.808299268671028,8.657604554371137,8.77392578125,389876000,0.0,0.0
2020-06-02 00:00:00-04:00,8.763962380549906,8.804811298562834,8.626219498349856,8.792855262756348,391320000,0.0,0.0
2020-06-03 00:00:00-04:00,8.789865451620612,8.833703608573678,8.6680636547622,8.737308502197266,365440000,0.0,0.0
2020-06-04 00:00:00-04:00,8.699930983185242,8.914488767786045,8.649593471696994,8.73830795288086,424280000,0.004,0.0
2020-06-05 00:00:00-04:00,8.766215551349127,8.968063664128229,8.679993584629917,8.891311645507812,481748000,0.0,0.0
2020-06-08 00:00:00-04:00,8.848700868943123,8.861160479365633,8.657817013593998,8.776683807373047,387736000,0.0,0.0
2020-06-09 00:00:00-04:00,8.771698559133752,9.08045197843133,8.723105419785812,9.01690673828125,468488000,0.0,0.0
2020-06-10 00:00:00-04:00,9.138265701793136,9.469446785903406,9.124060778733396,9.336625099182129,632180000,0.0,0.0
2020-06-11 00:00:00-04:00,9.120574107613491,9.231466262359875,8.75774532749661,8.767962455749512,583652000,0.0,0.0
2020-06-12 00:00:00-04:00,9.133034130918888,9.157704292510665,8.67526061265537,8.903773307800293,570908000,0.0,0.0
2020-06-15 00:00:00-04:00,8.786897716811467,9.15271695416062,8.715626908107776,9.144244194030762,400004000,0.0,0.0
2020-06-16 00:00:00-04:00,9.195330819969957,9.23694649746912,8.810322587730733,9.03933334350586,535716000,0.0,0.0
2020-06-17 00:00:00-04:00,9.08444047440057,9.269094037882377,9.041079473800002,9.206296920776367,408304000,0.0,0.0
2020-06-18 00:00:00-04:00,9.19732441785952,9.252645949536891,9.085186049512535,9.188353538513184,254408000,0.0,0.0
2020-06-19 00:00:00-04:00,9.21277640019517,9.414624551280685,9.19757523890359,9.231465339660645,524160000,0.0,0.0
2020-06-22 00:00:00-04:00,9.270089807030988,9.50059587754508,9.243425276825075,9.496109962463379,398468000,0.0,0.0
2020-06-23 00:00:00-04:00,9.520282163699129,9.611488167064309,9.377244305276504,9.419607162475586,375108000,0.0,0.0
2020-06-24 00:00:00-04:00,9.445773236990211,9.525765883557868,9.11509025800938,9.205798149108887,449372000,0.0,0.0
2020-06-25 00:00:00-04:00,9.32566046007241,9.474430478058899,9.152718403636332,9.459478378295898,376072000,0.0,0.0
2020-06-26 00:00:00-04:00,9.469448669975863,9.469448669975863,9.095654643529448,9.125557899475098,592084000,0.0,0.0
2020-06-29 00:00:00-04:00,9.140260702990933,9.174898933320014,8.87137761386688,9.17041301727295,342248000,0.0,0.0
2020-06-30 00:00:00-04:00,9.2840458445988,9.495612994745153,9.23669894916683,9.467205047607422,367892000,0.0,0.0
2020-07-01 00:00:00-04:00,9.490130608274994,9.544954028394578,9.382727201096621,9.499350547790527,326648000,0.0,0.0
2020-07-02 00:00:00-04:00,9.607998645602894,9.706182097370768,9.547444024301976,9.581335067749023,364056000,0.0,0.0
2020-07-06 00:00:00-04:00,9.710419463836537,9.876882195050138,9.681263389843593,9.807605743408203,315892000,0.0,0.0
2020-07-07 00:00:00-04:00,9.914263510420922,10.03761527281641,9.8190706394156,9.84000301361084,357800000,0.0,0.0
2020-07-08 00:00:00-04:00,9.96160934885514,10.192116400758481,9.93345046046877,10.183144569396973,365480000,0.0,0.0
2020-07-09 00:00:00-04:00,10.346867718441027,10.536007212490864,10.20058920891485,10.475203514099121,494548000,0.0,0.0
2020-07-10 00:00:00-04:00,10.55469679418127,10.620982643258161,10.34537210964692,10.445549011230469,497676000,0.0,0.0
2020-07-13 00:00:00-04:00,10.560926145450688,10.75754119269287,9.992758651355837,10.01992130279541,457076000,0.0,0.0
2020-07-14 00:00:00-04:00,10.042596323567997,10.369292410523117,9.754027185513412,10.34362506866455,542676000,0.0,0.0
2020-07-15 00:00:00-04:00,10.380754786129524,10.399443719597212,10.023407358636849,10.194355964660645,403984000,0.0,0.0
2020-07-16 00:00:00-04:00,9.9827907942497,10.173923675334947,9.863674962154512,10.102155685424805,344964000,0.0,0.0
2020-07-17 00:00:00-04:00,10.192613661861978,10.215539455329925,10.055307009529447,10.16869068145752,266284000,0.0,0.0
2020-07-20 00:00:00-04:00,10.241208569233297,10.49738203999158,10.124086139014114,10.476947784423828,284852000,0.0,0.0
2020-07-21 00:00:00-04:00,10.479189706623767,10.52603943669131,10.25366763128037,10.295283317565918,277036000,0.0,0.0
2020-07-22 00:00:00-04:00,10.334157256120164,10.568401127424853,10.258401467746838,10.40517807006836,367292000,0.0,0.0
2020-07-23 00:00:00-04:00,10.416393348345077,10.513081524877485,9.998990208874888,10.097173690795898,411660000,0.0,0.0
2020-07-24 00:00:00-04:00,9.843239321878578,10.33141406179904,9.745554942328344,10.161711692810059,473292000,0.0,0.0
2020-07-27 00:00:00-04:00,10.199341982067489,10.408167564338216,10.184887999937322,10.387983322143555,292132000,0.0,0.0
2020-07-28 00:00:00-04:00,10.34088674251749,10.348611377375835,10.176417421816467,10.182646751403809,271636000,0.0,0.0
2020-07-29 00:00:00-04:00,10.35733135965204,10.482427454688489,10.313722257857174,10.431840896606445,284508000,0.0,0.0
2020-07-30 00:00:00-04:00,10.341633765622548,10.588836336512387,10.262140182585282,10.579865455627441,308880000,0.0,0.0
2020-07-31 00:00:00-04:00,10.529276541514152,10.73187374020232,10.399445468499222,10.580611228942871,386080000,0.0,0.0
2020-08-03 00:00:00-04:00,10.697984346886285,11.06305652459791,10.680789762062144,10.974841117858887,412720000,0.0,0.0
2020-08-04 00:00:00-04:00,11.014460994108525,11.191638946533203,10.870924076098587,11.191638946533203,310336000,0.0,0.0
2020-08-05 00:00:00-04:00,11.207840117330324,11.335178722582281,11.130339953317211,11.250452041625977,249924000,0.0,0.0
2020-08-06 00:00:00-04:00,11.313248583108203,11.32147228672258,11.142798993433086,11.299044609069824,244316000,0.0,0.0
2020-08-07 00:00:00-04:00,11.276120139418081,11.467752133742245,11.002004891962478,11.163483619689941,342516000,0.0,0.0
2020-08-10 00:00:00-04:00,11.297797410313493,11.371558819486845,10.821583166729399,11.129091262817383,427796000,0.0,0.0
2020-08-11 00:00:00-04:00,11.03813596736403,11.100934033941547,10.761030146991756,10.815106391906738,354512000,0.0,0.0
2020-08-12 00:00:00-04:00,10.955404101900573,11.430122179530569,10.923008355606033,11.403458595275879,464412000,0.0,0.0
2020-08-13 00:00:00-04:00,11.508866935930598,11.684052444002864,11.319229345903878,11.406198501586914,374460000,0.0,0.0
2020-08-14 00:00:00-04:00,11.49291579012123,11.667104068633677,11.403704173742854,11.526806831359863,366436000,0.0,0.0
2020-08-17 00:00:00-04:00,11.813135235638537,12.369839349029562,11.779245137203514,12.297323226928711,621300000,0.0,0.0
2020-08-18 00:00:00-04:00,12.409958625490619,12.455811161264746,12.047378997783936,12.221317291259766,503448000,0.0,0.0
2020-08-19 00:00:00-04:00,12.25695340371678,12.275393282226384,12.059091168815021,12.099461555480957,622624000,0.0,0.0
2020-08-20 00:00:00-04:00,11.936488900057252,12.335202123816478,11.840547906754143,12.101954460144043,921388000,0.0,0.0
2020-08-21 00:00:00-04:00,12.162507651881219,12.767555823919658,12.156028313230228,12.642708778381348,999868000,0.0,0.0
2020-08-24 00:00:00-04:00,12.842317258494884,12.870975219967725,12.467276970373488,12.679343223571777,490564000,0.0,0.0
2020-08-25 00:00:00-04:00,12.590127142685079,12.720207273609155,12.533310304318814,12.708993911743164,289076000,0.0,0.0
2020-08-26 00:00:00-04:00,12.758084749408962,12.827112134281696,12.636975502052307,12.731919288635254,321244000,0.0,0.0
2020-08-27 00:00:00-04:00,12.740393828304285,12.808674045517998,12.526085128500187,12.587636947631836,317604000,0.0,0.0
2020-08-28 00:00:00-04:00,12.634235653075363,13.105713994381041,12.60183991135932,13.105464935302734,537160000,0.0,0.0
2020-08-31 00:00:00-04:00,13.140351922143596,13.531340444411214,12.995818759589534,13.331485748291016,500840000,0.0,0.0
2020-09-01 00:00:00-04:00,13.440667445417443,13.952918495863635,13.397294423464833,13.780673027038574,511316000,0.004,0.0
2020-09-02 00:00:00-04:00,14.660846685338182,14.683780290429024,13.859441849310095,14.30463981628418,874012000,0.0,0.0
2020-09-03 00:00:00-04:00,13.788397474852612,13.843984690294908,12.841169757496619,12.977520942687988,945128000,0.0,0.0
2020-09-04 00:00:00-04:00,12.746446241371599,13.13655517149353,11.670595272815271,12.585667610168457,1463684000,0.0,0.0
2020-09-08 00:00:00-04:00,11.70025841605904,12.51337902871138,11.670097089367253,11.8782377243042,795728000,0.0,0.0
2020-09-09 00:00:00-04:00,12.363819819147611,12.77187599848752,12.196060642842799,12.677901268005371,736200000,0.0,0.0
2020-09-10 00:00:00-04:00,12.951348369987782,13.027126819778966,12.131497278506084,12.275825500488281,698684000,0.0,0.0
2020-09-11 00:00:00-04:00,12.449069863720515,12.615582404816298,11.861040360382365,12.129006385803223,636928000,0.0,0.0
2020-09-14 00:00:00-04:00,13.042830742844918,13.27614719918699,12.594393139992235,12.834689140319824,1201744000,0.0,0.0
2020-09-15 00:00:00-04:00,13.241248834931985,13.25994431280962,12.790318967266236,12.953092575073242,727556000,0.0,0.0
2020-09-16 00:00:00-04:00,12.919440559635914,13.054545126798825,12.477235120332265,12.477982521057129,556384000,0.0,0.0
2020-09-17 00:00:00-04:00,12.096849903540244,12.553015449497009,11.999634544799727,12.427133560180664,792512000,0.0,0.0
2020-09-18 00:00:00-04:00,12.557001431479684,12.59563805467588,11.953767278196814,12.153681755065918,698460000,0.0,0.0
2020-09-21 00:00:00-04:00,11.890205393675586,12.485961854454477,11.869765026058538,12.480727195739746,721044000,0.0,0.0
2020-09-22 00:00:00-04:00,12.53830718247085,12.611094129925739,12.120031843646952,12.600873947143555,646452000,0.0,0.0
2020-09-23 00:00:00-04:00,12.538806778942002,12.689865432542552,12.044005534485787,12.088375091552734,647012000,0.0,0.0
2020-09-24 00:00:00-04:00,12.037026082317416,12.532824815977994,11.978945617549236,12.311970710754395,731240000,0.0,0.0
2020-09-25 00:00:00-04:00,12.411179703445859,12.84590737096743,12.210018586981217,12.836185455322266,588016000,0.0,0.0
2020-09-28 00:00:00-04:00,13.00220102074307,13.013667823611113,12.712798086330098,12.996966361999512,573808000,0.0,0.0
2020-09-29 00:00:00-04:00,12.899751564802479,13.40352734705288,12.895514391254116,13.18716049194336,621460000,0.0,0.0
2020-09-30 00:00:00-04:00,13.119108422732165,13.582751766420662,13.111879744629505,13.491020202636719,689184000,0.0,0.0
2020-10-01 00:00:00-04:00,13.71785731901077,13.722592759617836,13.421473888726387,13.574775695800781,525004000,0.0,0.0
2020-10-02 00:00:00-04:00,13.186412873324,13.480052989122546,13.012919827396015,13.024137496948242,552496000,0.0,0.0
2020-10-05 00:00:00-04:00,13.197379788701449,13.604438443946247,13.184168099894958,13.602693557739258,479820000,0.0,0.0
2020-10-06 00:00:00-04:00,13.789648000639717,14.100737949112155,13.625129460753673,13.696420669555664,784420000,0.0,0.0
2020-10-07 00:00:00-04:00,13.958901041754581,14.07805251907267,13.823048103619962,13.92325496673584,418084000,0.0,0.0
2020-10-08 00:00:00-04:00,14.033929971056136,14.043402752809419,13.717855517208713,13.798369407653809,378900000,0.0,0.0
2020-10-09 00:00:00-04:00,13.726829523980777,13.783912497257951,13.620889740605797,13.722591400146484,346892000,0.0,0.0
2020-10-12 00:00:00-04:00,13.948681431101125,14.305138392357874,13.871906436698138,14.184491157531738,434744000,0.0,0.0
2020-10-13 00:00:00-04:00,14.254785897155454,14.306634217269046,13.977846300513065,14.206676483154297,344604000,0.0,0.0
2020-10-14 00:00:00-04:00,14.248800848206926,14.300898294489315,13.919265577728954,14.054121017456055,276100000,0.0,0.0
2020-10-15 00:00:00-04:00,13.770452723605999,13.964883444400389,13.727577969263605,13.929238319396973,267224000,0.0,0.0
2020-10-16 00:00:00-04:00,13.995793185410296,14.08029607546171,13.75225556530927,13.771200180053711,242392000,0.0,0.0
2020-10-19 00:00:00-04:00,13.862431583223284,13.942696338110522,13.3676294650607,13.458364486694336,298068000,0.0,0.0
2020-10-20 00:00:00-04:00,13.543864914965305,13.75948434227297,13.467588193477743,13.605684280395508,229212000,0.0,0.0
2020-10-21 00:00:00-04:00,13.585242521221673,13.751256768821637,13.438172885249852,13.485284805297852,219596000,0.0,0.0
2020-10-22 00:00:00-04:00,13.483044519972317,13.572033721212627,13.193142358953583,13.322015762329102,290480000,0.0,0.0
2020-10-23 00:00:00-04:00,13.410756198585203,13.55358869627765,13.252469808299784,13.550597190856934,233484000,0.0,0.0
2020-10-26 00:00:00-04:00,13.38782188167736,13.652796390775253,13.000455258958455,13.1029052734375,336896000,0.0,0.0
2020-10-27 00:00:00-04:00,13.267174399254001,13.402778198495477,13.153008451267365,13.357660293579102,250520000,0.0,0.0
2020-10-28 00:00:00-04:00,13.159489582629648,13.22130894702688,12.572208473530731,12.590155601501465,376520000,0.0,0.0
2020-10-29 00:00:00-04:00,12.801039269404054,13.154255577159386,12.712797475867808,12.985998153686523,320080000,0.0,0.0
2020-10-30 00:00:00-04:00,12.81250588144576,12.898752703035122,12.264110514178018,12.497427940368652,416820000,0.0,0.0
2020-11-02 00:00:00-05:00,12.620816623897126,12.799294228587504,12.35883361795099,12.544041633605957,299652000,0.0,0.0
2020-11-03 00:00:00-05:00,12.67141962079184,13.066762365838558,12.565978089692178,12.981512069702148,272900000,0.0,0.0
2020-11-04 00:00:00-05:00,13.350181713613207,13.787153497267303,13.298084263597342,13.753999710083008,410228000,0.0,0.0
2020-11-05 00:00:00-05:00,14.121178006847186,14.297162395831098,13.950178192420632,14.118684768676758,319028000,0.0,0.0
2020-11-06 00:00:00-05:00,14.068580320112584,14.546182783638443,13.854457580182475,14.519511222839355,383348000,0.0,0.0
2020-11-09 00:00:00-05:00,14.510038239373735,14.648632601948703,13.57103651956659,13.590977668762207,582976000,0.0,0.0
2020-11-10 00:00:00-05:00,13.56679991162546,13.56679991162546,12.591404605951114,12.732741355895996,644068000,0.0,0.0
2020-11-11 00:00:00-05:00,13.015658876353323,13.39579675988782,12.910466507326122,13.378846168518066,404744000,0.0,0.0
2020-11-12 00:00:00-05:00,13.439670490086485,13.725832772565191,13.277145991940019,13.417485237121582,365812000,0.0,0.0
2020-11-13 00:00:00-05:00,13.58748777408256,13.62886677558887,13.021145259004319,13.258201599121094,346312000,0.0,0.0
2020-11-16 00:00:00-05:00,13.134064362524917,13.609672786936784,13.117612986194123,13.475814819335938,413776000,0.0,0.0
2020-11-17 00:00:00-05:00,13.51295613681123,13.556578292397134,13.264932208572795,13.383086204528809,312028000,0.0,0.0
2020-11-18 00:00:00-05:00,13.425958939432709,13.566049034361518,13.146527101210655,13.389565467834473,510924000,0.0,0.0
2020-11-19 00:00:00-05:00,13.174196318972344,13.448144369389391,13.0617752643355,13.401032447814941,565936000,0.0,0.0
2020-11-20 00:00:00-05:00,13.414742852467638,13.455124365045503,13.026877031101098,13.049561500549316,341088000,0.0,0.0
2020-11-23 00:00:00-05:00,13.132816680038925,13.343449606657945,12.97752088414747,13.10165786743164,361356000,0.0,0.0
2020-11-24 00:00:00-05:00,13.10415243884235,13.123595320692461,12.847404082477862,12.919941902160645,346500000,0.0,0.0
2020-11-25 00:00:00-05:00,12.994472329441068,13.230780292918476,12.982008993757889,13.196131706237793,259916000,0.0,0.0
2020-11-27 00:00:00-05:00,13.335974672983816,13.368380111336071,13.13207116150674,13.222556114196777,167276000,0.0,0.0
2020-11-30 00:00:00-05:00,13.226295119524549,13.373364775324069,12.934398961308828,13.362396240234375,286952000,0.0,0.0
2020-12-01 00:00:00-05:00,13.452882922722688,13.489276400657282,13.1896523285899,13.350931167602539,296948000,0.0,0.0
2020-12-02 00:00:00-05:00,13.311544958763958,13.633602438103843,13.195634124198149,13.504979133605957,283360000,0.0,0.0
2020-12-03 00:00:00-05:00,13.551855309334533,13.624165347184348,13.294034288848101,13.360857963562012,199520000,0.004,0.0
2020-12-04 00:00:00-05:00,13.413220304466646,13.524428545240987,13.353627442000162,13.522683143615723,202244000,0.0,0.0
2020-12-07 00:00:00-05:00,13.565570000052025,13.695229089623341,13.464585910101487,13.57105541229248,223244000,0.0,0.0
2020-12-08 00:00:00-05:00,13.549362739309682,13.563076745263064,13.246658730666162,13.314979553222656,271920000,0.0,0.0
2020-12-09 00:00:00-05:00,13.26560870892222,13.378810606682494,12.834492607705123,12.896828651428223,401300000,0.0,0.0
2020-12-10 00:00:00-05:00,12.835240381567349,13.034466311639912,12.815790806635867,12.93821907043457,207764000,0.0,0.0
2020-12-11 00:00:00-05:00,12.933231867461886,12.985844070175068,12.78936037349505,12.979111671447754,209264000,0.0,0.0
2020-12-14 00:00:00-05:00,13.053665393364675,13.353626188722778,13.043192984595962,13.273836135864258,270156000,0.0,0.0
2020-12-15 00:00:00-05:00,13.404492379361614,13.428678793253217,13.152156782582875,13.325450897216797,193016000,0.0,0.0
2020-12-16 00:00:00-05:00,13.387288930666692,13.402000716951177,13.177839777525831,13.207761764526367,223116000,0.0,0.0
2020-12-17 00:00:00-05:00,13.331683975809367,13.344401151947084,13.14392823410941,13.306251525878906,231384000,0.0,0.0
2020-12-18 00:00:00-05:00,13.343902274173757,13.369834090607293,13.036212231295044,13.237183570861816,342064000,0.0,0.0
2020-12-21 00:00:00-05:00,13.04045227501662,13.334927714623442,12.933483400051559,13.297276496887207,302332000,0.0,0.0
2020-12-22 00:00:00-05:00,13.284310552386875,13.302262984082963,13.019756160642086,13.243417739868164,185580000,0.0,0.0
2020-12-23 00:00:00-05:00,13.221225029416,13.240175239878393,12.970884026955623,12.975122451782227,179144000,0.0,0.0
2020-12-24 00:00:00-05:00,13.00304731148748,13.098047559563101,12.904806418967256,12.959661483764648,97884000,0.0,0.0
2020-12-28 00:00:00-05:00,13.02823353821314,13.02823353821314,12.729768901732854,12.866159439086914,212564000,0.0,0.0
2020-12-29 00:00:00-05:00,12.891095349813664,13.038208466084006,12.808562099894305,12.909296989440918,170372000,0.0,0.0
2020-12-30 00:00:00-05:00,12.956170805423591,13.17908472306344,12.862916909020544,13.111263275146484,225396000,0.0,0.0
2020-12-31 00:00:00-05:00,13.102038200138118,13.116499826176188,12.881118885247153,13.020751953125,192424000,0.0,0.0
2021-01-04 00:00:00-05:00,13.0698742321973,13.616686233298404,12.928495743054027,13.079099655151367,560640000,0.0,0.0
2021-01-05 00:00:00-05:00,13.065386706781853,13.408234992402004,13.05267047939134,13.369586944580078,322760000,0.0,0.0
2021-01-06 00:00:00-05:00,13.187813339939485,13.210254353866354,12.552983660244543,12.581408500671387,580424000,0.0,0.0
2021-01-07 00:00:00-05:00,12.933482770253919,13.34265724493693,12.852695877279768,13.308995246887207,461480000,0.0,0.0
2021-01-08 00:00:00-05:00,13.327446099963366,13.385791973828983,13.007786500606592,13.241920471191406,292528000,0.0,0.0
2021-01-11 00:00:00-05:00,13.383548460055362,13.924376609518959,13.327446400909752,13.585766792297363,518344000,0.0,0.0
2021-01-12 00:00:00-05:00,13.71642352162883,13.718419081750215,13.309993175343564,13.449376106262207,291476000,0.0,0.0
2021-01-13 00:00:00-05:00,13.454612578563953,13.589258672592168,13.349888472879313,13.49625301361084,210028000,0.0,0.0
2021-01-14 00:00:00-05:00,13.539386859835721,13.564071686647862,13.145922020378611,13.165619850158691,283120000,0.0,0.0
2021-01-15 00:00:00-05:00,13.193299661324813,13.290294537427819,12.81479573848984,12.825766563415527,277780000,0.0,0.0
2021-01-19 00:00:00-05:00,12.98210407137599,13.059650314910332,12.810306141016198,12.991081237792969,226188000,0.0,0.0
2021-01-20 00:00:00-05:00,13.077354122549842,13.395268338939731,13.022499048639284,13.3306884765625,258572000,0.0,0.0
2021-01-21 00:00:00-05:00,13.383298033959763,13.962524966377716,13.218232516422713,13.831120491027832,337780000,0.0,0.0
2021-01-22 00:00:00-05:00,13.703954077972952,13.805437518566272,13.59149981451587,13.676526069641113,246820000,0.0,0.0
2021-01-25 00:00:00-05:00,13.745598367556989,13.792225804589675,13.201778691513653,13.617435455322266,251112000,0.0,0.0
2021-01-26 00:00:00-05:00,13.544873671973665,13.60895511614543,13.352380132256862,13.400005340576172,163980000,0.0,0.0
2021-01-27 00:00:00-05:00,13.195293514907451,13.198036696568142,12.760188188261171,12.88386344909668,371272000,0.0,0.0
2021-01-28 00:00:00-05:00,12.96215686988838,13.30475589750108,12.926500265389267,13.016762733459473,228316000,0.0,0.0
2021-01-29 00:00:00-05:00,13.04070043799861,13.29976940655163,12.877629511506997,12.955674171447754,271552000,0.0,0.0
2021-02-01 00:00:00-05:00,13.01900904409855,13.235938232062036,12.868903538730756,13.202277183532715,217204000,0.0,0.0
2021-02-02 00:00:00-05:00,13.36360226071687,13.536397032264457,13.250648611357782,13.521187782287598,220440000,0.0,0.0
2021-02-03 00:00:00-05:00,13.600229078172731,13.895203869099124,13.481043347618648,13.495006561279297,245408000,0.0,0.0
2021-02-04 00:00:00-05:00,13.49550393934747,13.637630039577589,13.302761193484542,13.62840461730957,201340000,0.0,0.0
2021-02-05 00:00:00-05:00,13.68899670751416,13.701214519822724,13.510216204135968,13.555347442626953,169152000,0.0,0.0
2021-02-08 00:00:00-05:00,13.691239490275796,14.435781216736476,13.691239490275796,14.400873184204102,434624000,0.0,0.0
2021-02-09 00:00:00-05:00,14.303129021239856,14.544993164702273,14.185189338195658,14.22583293914795,287560000,0.0,0.0
2021-02-10 00:00:00-05:00,14.425309142366958,14.865899886486943,14.303878647303545,14.725519180297852,485352000,0.0,0.0
2021-02-11 00:00:00-05:00,14.940953310040186,15.232187136333499,14.885848077590166,15.210742950439453,450828000,0.0,0.0
2021-02-12 00:00:00-05:00,15.010517943667557,15.251135085237093,14.736238809363154,14.922000885009766,374756000,0.0,0.0
2021-02-16 00:00:00-05:00,15.02473229127375,15.332174092252155,14.910781818050188,15.290034294128418,321960000,0.0,0.0
2021-02-17 00:00:00-05:00,15.13119986482596,15.183562859002489,14.741225821276931,14.86689567565918,274756000,0.0,0.0
2021-02-18 00:00:00-05:00,14.690360149048791,14.834231641034966,14.536763869885384,14.790098190307617,233868000,0.0,0.0
2021-02-19 00:00:00-05:00,14.985087815542935,15.13718793166389,14.807804452339793,14.887345314025879,271724000,0.0,0.0
2021-02-22 00:00:00-05:00,14.735990942930265,15.093550964129731,14.287420831821091,14.318090438842773,325884000,0.0,0.0
2021-02-23 00:00:00-05:00,14.038325894837678,14.201397767025272,13.354374823711513,14.104901313781738,391780000,0.0,0.0
2021-02-24 00:00:00-05:00,14.085702837613358,14.468695336229112,13.719914197710844,14.460965156555176,448320000,0.0,0.0
2021-02-25 00:00:00-05:00,14.00865457563382,14.337041196742353,13.181580543821173,13.272590637207031,824436000,0.0,0.0
2021-02-26 00:00:00-05:00,13.71642348961757,13.818156155148777,13.325950967006433,13.678524017333984,500932000,0.0,0.0
2021-03-01 00:00:00-05:00,13.8385997139201,13.888468731952491,13.517694119025096,13.805437088012695,353184000,0.0,0.0
2021-03-02 00:00:00-05:00,13.863536705004078,13.88398311138837,13.360859102716057,13.371082305908203,264116000,0.0,0.0
2021-03-03 00:00:00-05:00,13.391028778728382,13.416212021844284,12.765174394686703,12.771159172058105,377592000,0.0,0.0
2021-03-04 00:00:00-05:00,12.76716977902036,12.94096327295648,12.052050665907048,12.337799072265625,573344000,0.0,0.0
2021-03-05 00:00:00-05:00,12.51707894231135,12.51707894231135,11.648612673686339,12.428811073303223,542840000,0.0,0.0
2021-03-08 00:00:00-05:00,12.417340640984973,12.438534669142374,11.536158162594553,11.562838554382324,543112000,0.0,0.0
2021-03-09 00:00:00-05:00,12.102605785194852,12.587996864538763,12.031767491447203,12.491717338562012,521824000,0.004,0.0
2021-03-10 00:00:00-05:00,12.811234842956008,12.950416570843228,12.429108324276118,12.439833641052246,384376000,0.0,0.0
2021-03-11 00:00:00-05:00,12.92048735611561,13.016518539638954,12.705478592482818,12.963888168334961,299916000,0.0,0.0
2021-03-12 00:00:00-05:00,12.619422429593925,12.859374744297998,12.56130571502629,12.826699256896973,243964000,0.0,0.0
2021-03-15 00:00:00-04:00,12.835430391734757,13.176650961364134,12.738152752171693,13.161186218261719,221988000,0.0,0.0
2021-03-16 00:00:00-04:00,13.326058448869464,13.48170304132562,13.086854962061286,13.260957717895508,272128000,0.0,0.0
2021-03-17 00:00:00-04:00,13.0100312493019,13.422588675401132,12.959895720621097,13.310844421386719,243864000,0.0,0.0
2021-03-18 00:00:00-04:00,13.106564261140482,13.153955673284413,12.68801988803935,12.693507194519043,293896000,0.0,0.0
2021-03-19 00:00:00-04:00,12.720942322961571,12.89205167424167,12.58375588036706,12.816473960876465,299208000,0.0,0.0
2021-03-22 00:00:00-04:00,12.88332137939055,13.363972980433424,12.877334536102579,13.156197547912598,297804000,0.0,0.0
2021-03-23 00:00:00-04:00,13.224042396554665,13.314086726980229,12.991573614500512,13.040961265563965,222048000,0.0,0.0
2021-03-24 00:00:00-04:00,13.121276238494158,13.12925837829712,12.607949195154129,12.614184379577637,245840000,0.0,0.0
2021-03-25 00:00:00-04:00,12.47101443199076,12.685773901392986,12.244032933114475,12.506682395935059,295144000,0.0,0.0
2021-03-26 00:00:00-04:00,12.525887935677616,12.82695043045627,12.345300678057612,12.809988975524902,363968000,0.0,0.0
2021-03-29 00:00:00-04:00,12.791032674735577,13.032731037287151,12.671056971311053,12.918741226196289,273520000,0.0,0.0
2021-03-30 00:00:00-04:00,12.812732786313775,12.945679342388935,12.676044928817321,12.842414855957031,200204000,0.0,0.0
2021-03-31 00:00:00-04:00,12.985838094343524,13.43980108547059,12.952913308067277,13.317830085754395,314776000,0.0,0.0
2021-04-01 00:00:00-04:00,13.54131921224643,13.838390160541337,13.480457409128894,13.7802734375,308276000,0.0,0.0
2021-04-05 00:00:00-04:00,13.835892485284987,13.982058206405076,13.701698545119568,13.955618858337402,255672000,0.0,0.0
2021-04-06 00:00:00-04:00,13.967844602013875,14.022220023117734,13.74211053193706,13.829909324645996,191744000,0.0,0.0
2021-04-07 00:00:00-04:00,13.849116212600178,14.211039577939392,13.680252388675337,14.111268043518066,251284000,0.0,0.0
2021-04-08 00:00:00-04:00,14.220268761348414,14.438520235973197,14.216526508236932,14.284372329711914,244416000,0.0,0.0
2021-04-09 00:00:00-04:00,14.181606745832925,14.37516487301247,14.142696066400408,14.367182731628418,195172000,0.0,0.0
2021-04-12 00:00:00-04:00,14.257181982739741,15.317509706392366,14.10702469407602,15.174336433410645,869324000,0.0,0.0
2021-04-13 00:00:00-04:00,15.196787430678915,15.664219866852763,15.091278348791171,15.643766403198242,676212000,0.0,0.0
2021-04-14 00:00:00-04:00,15.589388205801377,15.684670538903228,15.19279413178576,15.242181777954102,385500000,0.0,0.0
2021-04-15 00:00:00-04:00,15.62680486220305,16.177297582654937,15.595875375534593,16.100473403930664,598480000,0.0,0.0
2021-04-16 00:00:00-04:00,16.01641295672224,16.128906991938468,15.829090996501154,15.87623405456543,335208000,0.0,0.0
2021-04-19 00:00:00-04:00,15.501090408405377,15.77147267517712,15.19828194665709,15.326738357543945,404420000,0.0,0.0
2021-04-20 00:00:00-04:00,15.288326982692308,15.461680917306573,14.928898498985163,15.136673927307129,334132000,0.0,0.0
2021-04-21 00:00:00-04:00,15.084294044383183,15.327489109940338,15.067832127378264,15.325493812561035,216776000,0.0,0.0
2021-04-22 00:00:00-04:00,15.33996009148954,15.40331577725499,14.749807849252367,14.81640625,277788000,0.0,0.0
2021-04-23 00:00:00-04:00,14.9002142001903,15.300051036777765,14.86629224305582,15.230460166931152,227500000,0.0,0.0
2021-04-26 00:00:00-04:00,15.150394597685631,15.443724259742597,15.09053091588781,15.442726135253906,197796000,0.0,0.0
2021-04-27 00:00:00-04:00,15.542997204875022,15.63478754928176,15.319507712036915,15.346695899963379,164572000,0.0,0.0
2021-04-28 00:00:00-04:00,15.329481396373424,15.496849419638043,15.180820828554292,15.241930961608887,209416000,0.0,0.0
2021-04-29 00:00:00-04:00,15.36490170360878,15.401318494154166,15.037150588700314,15.289823532104492,173196000,0.0,0.0
2021-04-30 00:00:00-04:00,15.139916112457653,15.329981249345485,14.962819931309065,14.97529125213623,201912000,0.0,0.0
2021-05-03 00:00:00-04:00,15.090529591591428,15.2120019972556,14.753799146594277,14.802936553955078,203912000,0.0,0.0
2021-05-04 00:00:00-04:00,14.603889950710407,14.604139243915204,13.978319101299036,14.318541526794434,405324000,0.0,0.0
2021-05-05 00:00:00-04:00,14.675476412223556,14.77973901550892,14.354709316649194,14.42554759979248,292024000,0.0,0.0
2021-05-06 00:00:00-04:00,14.462214770271128,14.538041777814561,14.185597291076173,14.489901542663574,193380000,0.0,0.0
2021-05-07 00:00:00-04:00,14.774501379415508,14.936630459546414,14.638312114784819,14.778491973876953,229328000,0.0,0.0
2021-05-10 00:00:00-04:00,14.753550342425147,14.772257802640691,14.217525135668332,14.23323917388916,268904000,0.0,0.0
2021-05-11 00:00:00-04:00,13.793493290883639,14.322035886373337,13.718664402624059,14.273646354675293,285584000,0.0,0.0
2021-05-12 00:00:00-04:00,13.977570688888433,14.227749748406719,13.678005882819994,13.727143287658691,303408000,0.0,0.0
2021-05-13 00:00:00-04:00,14.001767558085845,14.048661331069436,13.428327430047378,13.63410758972168,285404000,0.0,0.0
2021-05-14 00:00:00-04:00,13.85834555724193,14.295347097755329,13.717167558452239,14.210540771484375,258616000,0.0,0.0
2021-05-17 00:00:00-04:00,14.124736130247342,14.136958159511208,13.821928575791024,14.133216857910156,216980000,0.0,0.0
2021-05-18 00:00:00-04:00,14.234487164504909,14.371424332512284,13.972086027430052,13.983809471130371,186256000,0.0,0.0
2021-05-19 00:00:00-04:00,13.535582567163612,14.04741396173957,13.512385925342585,14.033695220947266,344000000,0.0,0.0
2021-05-20 00:00:00-04:00,14.269905830723385,14.650287381400735,14.237979166512895,14.57919979095459,321592000,0.0,0.0
2021-05-21 00:00:00-04:00,15.129191369333865,15.187309043318711,14.835612432131729,14.9575834274292,672992000,0.0,0.0
2021-05-24 00:00:00-04:00,15.17782946856189,15.709116137261757,15.141412676969354,15.576419830322266,554816000,0.0,0.0
2021-05-25 00:00:00-04:00,15.730068601519758,15.78244872406465,15.447214988276473,15.612088203430176,435408000,0.0,0.0
2021-05-26 00:00:00-04:00,15.69839110432169,15.75775524271262,15.550728638016997,15.66421890258789,370440000,0.0,0.0
2021-05-27 00:00:00-04:00,15.663969971167402,15.714105503916327,15.424766456507427,15.452702522277832,581476000,0.0,0.0
2021-05-28 00:00:00-04:00,15.465676860639382,16.240407128055963,15.465676860639382,16.207481384277344,644536000,0.0,0.0
2021-06-01 00:00:00-04:00,16.23292050791609,16.350900905100538,15.867005629586217,16.227432250976562,472804000,0.0,0.0
2021-06-02 00:00:00-04:00,16.215210925909048,16.88019202823062,16.198498765123478,16.74001121520996,594168000,0.0,0.0
2021-06-03 00:00:00-04:00,16.662689988589232,17.219668184761648,16.5452081688085,16.931076049804688,580008000,0.0,0.0
2021-06-04 00:00:00-04:00,17.073498763976346,17.62074875852088,17.05653921314601,17.538188934326172,617120000,0.0,0.0
2021-06-07 00:00:00-04:00,17.53120813273789,17.77190743935272,17.15357070426815,17.578847885131836,575756000,0.0,0.0
2021-06-08 00:00:00-04:00,17.4873067175246,17.58134165328646,17.211685437703707,17.417217254638672,323848000,0.0,0.0
2021-06-09 00:00:00-04:00,17.47983489644697,17.53896328270028,17.22036779716421,17.322656631469727,381656000,0.004,0.0
2021-06-10 00:00:00-04:00,17.314425705549816,17.456134744782876,17.140782690693,17.389270782470703,287772000,0.0,0.0
2021-06-11 00:00:00-04:00,17.443661994784094,17.90247050661968,17.40798585561609,17.78870391845703,416308000,0.0,0.0
2021-06-14 00:00:00-04:00,17.86928407777206,18.002509484726332,17.62653296585785,17.981801986694336,321376000,0.0,0.0
2021-06-15 00:00:00-04:00,17.878269225821697,17.97931132521287,17.69165236370676,17.75202751159668,243032000,0.0,0.0
2021-06-16 00:00:00-04:00,17.75427429222566,17.917937602943923,17.548446022631445,17.773733139038086,307124000,0.0,0.0
2021-06-17 00:00:00-04:00,17.738056049490442,18.796380852352936,17.71984395555316,18.618995666503906,809656000,0.0,0.0
2021-06-18 00:00:00-04:00,18.745483103627077,19.335270840178946,18.545892449708276,18.60053062438965,968856000,0.0,0.0
2021-06-21 00:00:00-04:00,18.39745025777969,18.498494256767234,17.786206870403326,18.389467239379883,672384000,0.0,0.0
2021-06-22 00:00:00-04:00,18.433628778330313,18.92486997304728,18.348303360978484,18.848026275634766,580144000,0.0,0.0
2021-06-23 00:00:00-04:00,18.9687771045024,19.11348026123593,18.86898175836073,19.01817512512207,332356000,0.0,0.0
2021-06-24 00:00:00-04:00,19.18832412486223,19.380179214268757,19.04910860227057,19.166118621826172,320924000,0.0,0.0
2021-06-25 00:00:00-04:00,19.240970238833803,19.30583750444343,18.855761961661692,18.991981506347656,278364000,0.0,0.0
2021-06-28 00:00:00-04:00,19.321555086988734,20.037584738824343,19.279392028593858,19.944026947021484,495436000,0.0,0.0
2021-06-29 00:00:00-04:00,19.841735948620798,20.057542052889268,19.61669816944735,19.98569107055664,367632000,0.0,0.0
2021-06-30 00:00:00-04:00,19.95824717255962,20.12116244061837,19.82302502560131,19.961490631103516,326568000,0.0,0.0
2021-07-01 00:00:00-04:00,20.083735514290062,20.41405620450806,19.977951959245576,20.170557022094727,480136000,0.0,0.0
2021-07-02 00:00:00-04:00,20.398336903887945,20.463204151935557,20.246149458528663,20.444990158081055,342764000,0.0,0.0
2021-07-06 00:00:00-04:00,20.69497885754218,20.799264406948467,20.308523883899067,20.65605926513672,446708000,0.0,0.0
2021-07-07 00:00:00-04:00,20.81074358587222,20.832199138087294,20.29031320400236,20.329980850219727,418428000,0.0,0.0
2021-07-08 00:00:00-04:00,19.815783923494628,20.091715744077106,19.660353022207257,19.8619384765625,503300000,0.0,0.0
2021-07-09 00:00:00-04:00,19.921572345469496,20.039081100999855,19.713749255567958,20.00914192199707,296624000,0.0,0.0
2021-07-12 00:00:00-04:00,20.19850144596285,20.490650623096794,20.14635866615761,20.470443725585938,321984000,0.0,0.0
2021-07-13 00:00:00-04:00,20.358671605643057,20.419298007480663,20.072759999501244,20.208480834960938,290708000,0.0,0.0
2021-07-14 00:00:00-04:00,20.316007653222723,20.375884094034173,19.712248624493125,19.80081558227539,380100000,0.0,0.0
2021-07-15 00:00:00-04:00,19.771127841795916,19.806305274882078,18.819831529208127,18.92736053466797,550564000,0.0,0.0
2021-07-16 00:00:00-04:00,18.991480426516045,19.117720229645098,18.035943220014392,18.123762130737305,688224000,0.0,0.0
2021-07-19 00:00:00-04:00,17.878517774320905,19.00295655360081,17.828868501426797,18.74124526977539,749060000,0.0,0.0
2021-07-20 00:00:00-04:00,18.691595362338763,18.799373720092376,18.12675590967269,18.573837280273438,434687000,0.0,4.0
2021-07-21 00:00:00-04:00,18.843283856723506,19.486961789834456,18.703571525234402,19.370201110839844,371017000,0.0,0.0
2021-07-22 00:00:00-04:00,19.601723472760458,19.846220024304472,19.236472843910477,19.553821563720703,323826000,0.0,0.0
2021-07-23 00:00:00-04:00,19.615699109499815,19.659609519887088,19.210531401083966,19.517900466918945,195672000,0.0,0.0
2021-07-26 00:00:00-04:00,19.271401830805168,19.402131817487167,18.875214652139295,19.254436492919922,203943000,0.0,0.0
2021-07-27 00:00:00-04:00,19.225497674306034,19.581766017643996,18.70257193709135,19.168615341186523,248863000,0.0,0.0
2021-07-28 00:00:00-04:00,19.279389940593333,19.605719148054416,18.956054841013263,19.4630126953125,202191000,0.0,0.0
2021-07-29 00:00:00-04:00,19.478976686884963,19.8122933800188,19.288368334942337,19.621685028076172,190781000,0.0,0.0
2021-07-30 00:00:00-04:00,19.378185414523912,19.589750632003597,19.223504438237402,19.459020614624023,183497000,0.0,0.0
2021-08-02 00:00:00-04:00,19.659610263853708,19.92007482124093,19.32130460799053,19.70950698852539,217444000,0.0,0.0
2021-08-03 00:00:00-04:00,19.699523218402682,20.18053523537102,19.18058901323196,19.774370193481445,301811000,0.0,0.0
2021-08-04 00:00:00-04:00,19.949013314665788,20.276341820757914,19.7873448162624,20.232431411743164,231309000,0.0,0.0
2021-08-05 00:00:00-04:00,20.457964481741737,20.690486514235243,20.30028751870424,20.594682693481445,211435000,0.0,0.0
2021-08-06 00:00:00-04:00,20.48191478147792,20.527819984354416,20.168557571462205,20.324237823486328,178497000,0.0,0.0
2021-08-09 00:00:00-04:00,20.40407883524216,20.465951991106525,20.101700576845037,20.253389358520508,146443000,0.0,0.0
2021-08-10 00:00:00-04:00,20.280332668750773,20.38811102969267,19.794329787926134,19.895124435424805,179238000,0.0,0.0
2021-08-11 00:00:00-04:00,20.001903929821303,20.00789214540426,19.39016183516955,19.65860939025879,185925000,0.0,0.0
2021-08-12 00:00:00-04:00,19.82925725328981,19.987929715073147,19.579769880167298,19.864185333251953,151652000,0.0,0.0
2021-08-13 00:00:00-04:00,19.864189545728184,20.172556019528486,19.810299408965527,20.146608352661133,183063000,0.0,0.0
2021-08-16 00:00:00-04:00,20.09371398663874,20.245402741354958,19.413111296530506,19.909093856811523,210876000,0.0,0.0
2021-08-17 00:00:00-04:00,19.644636093502562,19.729462793894655,19.227493918155808,19.418102264404297,204585000,0.0,0.0
2021-08-18 00:00:00-04:00,19.460017206207215,19.593743229252496,18.96104240604806,19.000961303710938,285913000,0.0,0.0
2021-08-19 00:00:00-04:00,19.454032464038942,20.452981547549747,18.723532875955772,19.757410049438477,766555000,0.0,0.0
2021-08-20 00:00:00-04:00,19.950008215956153,20.82221665066995,19.892128483415195,20.773317337036133,675741000,0.0,0.0
2021-08-23 00:00:00-04:00,20.928001463334397,21.951896810931448,20.907044613368058,21.91297721862793,575807000,0.0,0.0
2021-08-24 00:00:00-04:00,21.708396911428117,21.913973895266203,21.49084349746949,21.748313903808594,297299000,0.0,0.0
2021-08-25 00:00:00-04:00,21.692431791193993,22.423928711519626,21.67746315503596,22.167455673217773,347701000,0.0,0.0
2021-08-26 00:00:00-04:00,22.154483998522892,22.294196346774118,21.745324775697455,22.022754669189453,237940000,0.0,0.0
2021-08-27 00:00:00-04:00,22.138515254341666,22.675412277569755,22.121549912178164,22.589588165283203,304722000,0.0,0.0
2021-08-30 00:00:00-04:00,22.783188528597606,22.99575113149389,22.50476126953537,22.6414794921875,262580000,0.0,0.0
2021-08-31 00:00:00-04:00,22.652464652285502,22.652464652285502,22.07854346142749,22.343046188354492,259850000,0.004,0.0
2021-09-01 00:00:00-04:00,22.4428572885443,22.654459833301413,22.315096938238806,22.39893913269043,201767000,0.0,0.0
2021-09-02 00:00:00-04:00,22.475790220167823,22.55065039604721,22.25320865455279,22.354019165039062,187834000,0.0,0.0
2021-09-03 00:00:00-04:00,22.28315179399334,22.942912026550225,22.158386110720752,22.800180435180664,280532000,0.0,0.0
2021-09-07 00:00:00-04:00,22.79019917160321,22.85607543777553,22.479781326200726,22.61952018737793,198107000,0.0,0.0
2021-09-08 00:00:00-04:00,22.47080232009072,22.567620625993627,21.93580579054596,22.297128677368164,254434000,0.0,0.0
2021-09-09 00:00:00-04:00,22.27017655402658,22.49575275074935,22.089516081204597,22.13542938232422,196856000,0.0,0.0
2021-09-10 00:00:00-04:00,22.306111815053313,22.58359062659003,22.228258896952823,22.435869216918945,248376000,0.0,0.0
2021-09-13 00:00:00-04:00,22.641481778146552,22.92095763955937,21.81702979556362,22.1104793548584,297500000,0.0,0.0
2021-09-14 00:00:00-04:00,22.23324884827066,22.36799604174789,22.04460391966671,22.2003116607666,199755000,0.0,0.0
2021-09-15 00:00:00-04:00,22.26718606048304,22.325077914090357,21.924828537182147,22.29912567138672,166538000,0.0,0.0
2021-09-16 00:00:00-04:00,22.14142223119242,22.23524590680437,21.885901542653063,22.2003116607666,156033000,0.0,0.0
2021-09-17 00:00:00-04:00,22.25819950957799,22.279160055223453,21.78908117577002,21.858949661254883,294503000,0.0,0.0
2021-09-20 00:00:00-04:00,21.1063643864586,21.392827095889,20.62327232997256,21.073427200317383,349440000,0.0,0.0
2021-09-21 00:00:00-04:00,21.37685384034194,21.384838265665675,20.91073017197917,21.206174850463867,204688000,0.0,0.0
2021-09-22 00:00:00-04:00,21.32595075308163,21.91883722130404,21.156269325247195,21.899873733520508,268726000,0.0,0.0
2021-09-23 00:00:00-04:00,22.098497607860224,22.49275763096914,21.84896623684546,22.439857482910156,248555000,0.0,0.0
2021-09-24 00:00:00-04:00,22.028628941311577,22.107481326017684,21.820021082441105,22.039608001708984,217655000,0.0,0.0
2021-09-27 00:00:00-04:00,21.66930554216764,21.75813941984435,21.28502886716347,21.619400024414062,245215000,0.0,0.0
2021-09-28 00:00:00-04:00,21.174236070678667,21.378851731817658,20.61228975766216,20.660200119018555,343069000,0.0,0.0
2021-09-29 00:00:00-04:00,20.900751721814398,20.97760706208617,20.428636810279663,20.478544235229492,218394000,0.0,0.0
2021-09-30 00:00:00-04:00,20.729072377363426,21.02651414505671,20.64922240448641,20.677169799804688,221009000,0.0,0.0
2021-10-01 00:00:00-04:00,20.711105611128573,20.81990055215603,20.165130040101197,20.703121185302734,240978000,0.0,0.0
2021-10-04 00:00:00-04:00,20.465567287478837,20.503496167398797,19.518346674353516,19.69501495361328,345635000,0.0,0.0
2021-10-05 00:00:00-04:00,19.912604096044507,20.609295635692575,19.816783379795243,20.41266441345215,279282000,0.0,0.0
2021-10-06 00:00:00-04:00,20.08228682900517,20.681160633760157,20.04236089334236,20.66119956970215,297202000,0.0,0.0
2021-10-07 00:00:00-04:00,21.052464094730574,21.282034428331333,20.932690089504817,21.035497665405273,256919000,0.0,0.0
2021-10-08 00:00:00-04:00,21.061448413209504,21.166251145772502,20.73605924982708,20.791954040527344,151258000,0.0,0.0
2021-10-11 00:00:00-04:00,20.536432141657382,21.02351633144884,20.47255103074775,20.656206130981445,163388000,0.0,0.0
2021-10-12 00:00:00-04:00,20.788958953630814,21.01752980565477,20.489522037442182,20.632253646850586,162134000,0.0,0.0
2021-10-13 00:00:00-04:00,20.87878921100457,20.95065475212392,20.674173552471455,20.899749755859375,180652000,0.0,0.0
2021-10-14 00:00:00-04:00,21.248098528115012,21.714222253274098,21.082409307932014,21.70524024963379,243589000,0.0,0.0
2021-10-15 00:00:00-04:00,21.769119455245605,21.889892945838103,21.62139804997386,21.821022033691406,226994000,0.0,0.0
2021-10-18 00:00:00-04:00,21.708230721714468,22.249214526905615,21.603426103748866,22.180343627929688,189494000,0.0,0.0
2021-10-19 00:00:00-04:00,22.23424103023094,22.337048588636605,21.995690637681346,22.24821662902832,161473000,0.0,0.0
2021-10-20 00:00:00-04:00,22.26319023572242,22.390950562386468,21.940795735447892,22.061569213867188,146276000,0.0,0.0
2021-10-21 00:00:00-04:00,22.055579656692842,22.668429043567482,22.041605960384647,22.649463653564453,187590000,0.0,0.0
2021-10-22 00:00:00-04:00,22.780215577111317,23.086639277811397,22.518707594810163,22.68339729309082,249384000,0.0,0.0
2021-10-25 00:00:00-04:00,22.929938637364884,23.311222580367943,22.72732002696426,23.122577667236328,230235000,0.0,0.0
2021-10-26 00:00:00-04:00,23.944033530481246,25.21165340368274,23.879154838322947,24.67066764831543,485898000,0.0,0.0
2021-10-27 00:00:00-04:00,24.428128046404414,25.042972669039454,24.236486581667393,24.405170440673828,245990000,0.0,0.0
2021-10-28 00:00:00-04:00,24.83136923034824,24.90323477699716,24.47703509504955,24.894250869750977,234204000,0.0,0.0
2021-10-29 00:00:00-04:00,24.954138212280494,25.66081133782431,24.953140634941878,25.51907730102539,292503000,0.0,0.0
2021-11-01 00:00:00-04:00,25.60092529063793,25.84546501189111,25.17971537761912,25.77859115600586,265740000,0.0,0.0
2021-11-02 00:00:00-04:00,25.773603352009502,26.62799797996302,25.751643321631274,26.351516723632812,294112000,0.0,0.0
2021-11-03 00:00:00-04:00,26.620008930212876,26.73379556460861,26.18582484191522,26.54814338684082,239910000,0.0,0.0
2021-11-04 00:00:00-04:00,27.177958918675024,31.306205604228296,27.067166928934654,29.74513816833496,1153631000,0.0,0.0
2021-11-05 00:00:00-04:00,30.130421724134788,31.34114758127291,29.354877604488976,29.696237564086914,851260000,0.0,0.0
2021-11-08 00:00:00-05:00,30.092488648394927,31.04170629985102,29.850941676322343,30.746261596679688,503101000,0.0,0.0
2021-11-09 00:00:00-05:00,32.22149093283239,32.24943832676834,29.907835084715092,30.59953498840332,646746000,0.0,0.0
2021-11-10 00:00:00-05:00,29.30097811813441,30.79217735388519,28.72406045944693,29.403783798217773,636206000,0.0,0.0
2021-11-11 00:00:00-05:00,30.410891240075124,30.53266230455437,29.721186464615332,30.333036422729492,332172000,0.0,0.0
2021-11-12 00:00:00-05:00,29.95374953179042,30.622493760998218,29.574460737077853,30.333036422729492,413054000,0.0,0.0
2021-11-15 00:00:00-05:00,30.49473401848278,30.586560631343108,29.192179778474006,29.968721389770508,384909000,0.0,0.0
2021-11-16 00:00:00-05:00,29.70322098675446,30.333036864576925,29.65031892792296,30.146387100219727,264484000,0.0,0.0
2021-11-17 00:00:00-05:00,30.360984817465404,30.451815757988463,28.7460175104748,29.206153869628906,428508000,0.0,0.0
2021-11-18 00:00:00-05:00,32.30632958805424,32.698590667031276,31.262288852689565,31.615625381469727,781711000,0.0,0.0
2021-11-19 00:00:00-05:00,32.182565986384056,33.0259833953756,31.84520016505162,32.92317581176758,533867000,0.0,0.0
2021-11-22 00:00:00-05:00,33.45417397567859,34.58205696797993,31.8402062080976,31.896100997924805,754335000,0.0,0.0
2021-11-23 00:00:00-05:00,31.475891783715838,32.299346195049736,30.822118806678535,31.68649673461914,532163000,0.0,0.0
2021-11-24 00:00:00-05:00,31.40203282737438,32.79341914298425,30.87003088944136,32.61275863647461,435162000,0.0,0.0
2021-11-26 00:00:00-05:00,32.53889461478636,32.64868904531779,31.29123945806128,31.443952560424805,283069000,0.0,0.0
2021-11-29 00:00:00-05:00,32.305333266978955,33.34937023539346,31.975950001854695,33.313438415527344,454964000,0.0,0.0
2021-11-30 00:00:00-05:00,33.10683359082286,33.29049065819166,31.80428101273231,32.6147575378418,622066000,0.0,0.0
2021-12-01 00:00:00-05:00,33.160795426923904,33.23067246826559,31.325015118496538,31.379919052124023,484368000,0.004,0.0
2021-12-02 00:00:00-05:00,31.159308990581952,32.421094208004575,30.970639066061615,32.06970977783203,472890000,0.0,0.0
2021-12-03 00:00:00-05:00,31.94393229120707,32.07270788285371,30.077207910176693,30.639223098754883,544325000,0.0,0.0
2021-12-06 00:00:00-05:00,29.827644780843933,30.188012313938046,27.98887319412435,29.984371185302734,658938000,0.0,0.0
2021-12-07 00:00:00-05:00,30.902752964613377,32.39213902433527,30.5972875260648,32.370174407958984,593053000,0.0,0.0
2021-12-08 00:00:00-05:00,31.942934185854615,32.23342468200651,31.365945895627483,31.77023696899414,475551000,0.0,0.0
2021-12-09 00:00:00-05:00,31.6783946707129,32.14857195475035,30.37468329865997,30.436574935913086,488507000,0.0,0.0
2021-12-10 00:00:00-05:00,31.095423738360477,31.25015285842479,29.808682552815608,30.145092010498047,488825000,0.0,0.0
2021-12-13 00:00:00-05:00,30.19599683965419,30.24091806471552,28.06673305655488,28.11165428161621,598344000,0.0,0.0
2021-12-14 00:00:00-05:00,27.650465209942464,28.627749897244694,27.20225254192556,28.2873477935791,667035000,0.0,0.0
2021-12-15 00:00:00-05:00,28.350237826437468,30.44655863805575,27.78922227506093,30.405630111694336,698297000,0.0,0.0
2021-12-16 00:00:00-05:00,31.097415740907646,31.105401144450823,28.043775720321822,28.33725929260254,707366000,0.0,0.0
2021-12-17 00:00:00-05:00,27.935968356285734,28.87132692165236,27.711362195849723,27.752290725708008,713758000,0.0,0.0
2021-12-20 00:00:00-05:00,27.25715510319622,28.094683761647232,27.097435615605775,27.670429229736328,461847000,0.0,0.0
2021-12-21 00:00:00-05:00,28.324281700128683,29.06897479771501,27.35298517924628,29.0240535736084,524385000,0.0,0.0
2021-12-22 00:00:00-05:00,28.840377051858262,29.50321312900466,28.399150197366662,29.34848403930664,395184000,0.0,0.0
2021-12-23 00:00:00-05:00,29.70286437703643,30.006332580906882,29.37943266291663,29.58806610107422,343022000,0.0,0.0
2021-12-27 00:00:00-05:00,29.608029328774624,31.032528972229475,29.58806391599303,30.890777587890625,403686000,0.0,0.0
2021-12-28 00:00:00-05:00,31.257136433970018,31.27510454463421,29.95941310813058,30.268871307373047,420591000,0.0,0.0
2021-12-29 00:00:00-05:00,30.21995182538682,30.49446954834492,29.314539714065013,29.948427200317383,343139000,0.0,0.0
2021-12-30 00:00:00-05:00,29.774735640296466,30.403632796140236,29.48823978184023,29.53415870666504,308864000,0.0,0.0
2021-12-31 00:00:00-05:00,29.622004297954177,29.97738140497539,29.279604899449346,29.359464645385742,266530000,0.0,0.0
2022-01-03 00:00:00-05:00,29.762760353092375,30.657190340475623,29.73281223197668,30.06822395324707,391547000,0.0,0.0
2022-01-04 00:00:00-05:00,30.223950007701305,30.414615328202974,28.299328692062627,29.238679885864258,527154000,0.0,0.0
2022-01-05 00:00:00-05:00,28.89827420780447,29.364456877758002,27.48475689863298,27.555631637573242,498064000,0.0,0.0
2022-01-06 00:00:00-05:00,27.591568449323077,28.388170524976964,27.017577109502056,28.128625869750977,454186000,0.0,0.0
2022-01-07 00:00:00-05:00,28.091691414138594,28.372199176316535,27.009589286388195,27.199256896972656,409939000,0.0,0.0
2022-01-10 00:00:00-05:00,26.53442639235559,27.420871001183084,25.599067850438242,27.351991653442383,594681000,0.0,0.0
2022-01-11 00:00:00-05:00,27.275123269740316,28.015823680203926,26.791972104363566,27.76825714111328,404089000,0.0,0.0
2022-01-12 00:00:00-05:00,28.017821375861725,28.544896110029402,27.559625985910053,27.949941635131836,383413000,0.0,0.0
2022-01-13 00:00:00-05:00,28.329274682646453,28.43009754522804,26.451570009485632,26.5284366607666,540171000,0.0,0.0
2022-01-14 00:00:00-05:00,26.25391352607578,27.149342969653407,26.16407108151607,26.89478874206543,395832000,0.0,0.0
2022-01-18 00:00:00-05:00,26.213987424363868,26.591325351246454,25.724846231443944,25.85761260986328,424270000,0.0,0.0
2022-01-19 00:00:00-05:00,26.033304819361373,26.496490594712675,25.0081039034072,25.0230770111084,488315000,0.0,0.0
2022-01-20 00:00:00-05:00,25.259666335157394,25.53418413360021,24.035812643236415,24.10768699645996,435181000,0.0,0.0
2022-01-21 00:00:00-05:00,23.465810427443177,24.779504484725948,23.222238488118958,23.333044052124023,718958000,0.0,0.0
2022-01-24 00:00:00-05:00,22.29087122277176,23.33903055359547,20.85139859275891,23.331045150756836,913982000,0.0,0.0
2022-01-25 00:00:00-05:00,22.506494634650444,22.902800279174155,21.961451803005843,22.284883499145508,664616000,0.0,0.0
2022-01-26 00:00:00-05:00,23.199274101229253,24.014841830559643,22.26092081983181,22.732093811035156,755959000,0.0,0.0
2022-01-27 00:00:00-05:00,23.52670498128017,23.95295683827954,21.637020339093276,21.905550003051758,573353000,0.0,0.0
2022-01-28 00:00:00-05:00,21.973431793431153,22.81795018269309,21.2586866967448,22.79998207092285,543774000,0.0,0.0
2022-01-31 00:00:00-05:00,23.14138195748147,24.46605848577613,23.011610568627187,24.443098068237305,564680000,0.0,0.0
2022-02-01 00:00:00-05:00,25.060012633846654,25.100941158842325,23.84813911503411,24.594829559326172,518925000,0.0,0.0
2022-02-02 00:00:00-05:00,25.74880779143588,25.77176630577957,24.509980980222984,25.19777488708496,543419000,0.0,0.0
2022-02-03 00:00:00-05:00,24.415142943146904,25.03305776455981,23.7383314909626,23.906036376953125,410178000,0.0,0.0
2022-02-04 00:00:00-05:00,23.929999824762128,24.59183831796362,23.590595371632805,24.276391983032227,354829000,0.0,0.0
2022-02-07 00:00:00-05:00,24.3292980583028,25.137878340746738,24.159595835665748,24.684675216674805,376868000,0.0,0.0
2022-02-08 00:00:00-05:00,24.316320468294705,25.18579470072166,23.937984793979524,25.064008712768555,410359000,0.0,0.0
2022-02-09 00:00:00-05:00,25.577108069101325,26.678176169851245,25.308580276033723,26.65821075439453,524282000,0.0,0.0
2022-02-10 00:00:00-05:00,25.949453184069903,26.87782206679956,25.55514483417539,25.778751373291016,513200000,0.0,0.0
2022-02-11 00:00:00-05:00,25.870590198315274,26.106176738658828,23.73134552582586,23.90703582763672,605472000,0.0,0.0
2022-02-14 00:00:00-05:00,23.89206297353471,24.831414142549452,23.713375763493875,24.22447967529297,440424000,0.0,0.0
2022-02-15 00:00:00-05:00,24.905287053983553,26.49849142319038,24.74057713533627,26.448579788208008,699869000,0.0,0.0
2022-02-16 00:00:00-05:00,26.212990752516394,26.5354247584652,25.50722879997539,26.464548110961914,732676000,0.0,0.0
2022-02-17 00:00:00-05:00,25.58508935405849,25.739818442923863,24.122658131455818,24.46405792236328,810595000,0.0,0.0
2022-02-18 00:00:00-05:00,24.624773808589243,24.942217372815527,23.059522509377167,23.60057258605957,761255000,0.0,0.0
2022-02-22 00:00:00-05:00,22.994638666049642,24.02183501533585,22.959700144237637,23.349016189575195,633422000,0.0,0.0
2022-02-23 00:00:00-05:00,23.760296175065644,24.112678317780876,22.261926649888636,22.347774505615234,566511000,0.0,0.0
2022-02-24 00:00:00-05:00,20.978177373546444,23.758297405959556,20.853396395775633,23.706388473510742,735801000,0.0,0.0
2022-02-25 00:00:00-05:00,23.6794348746559,24.174564129979828,23.340030496986053,24.114669799804688,528866000,0.0,0.0
2022-02-28 00:00:00-05:00,23.94996266290202,24.621783791712947,23.665462181929623,24.342273712158203,477319000,0.0,0.0
2022-03-01 00:00:00-05:00,24.248438306705097,24.33428806146982,23.0914686803487,23.435863494873047,412056000,0.0,0.0
2022-03-02 00:00:00-05:00,23.71841598057506,24.370382742730364,23.377955875213303,24.18168067932129,389642000,0.004,0.0
2022-03-03 00:00:00-05:00,24.2236146029454,24.287514431211836,23.431869927038584,23.676483154296875,365095000,0.0,0.0
2022-03-04 00:00:00-05:00,23.347004684636605,23.64253590739631,22.4464313225243,22.89971351623535,431415000,0.0,0.0
2022-03-07 00:00:00-05:00,22.780902641587442,22.996562434970834,21.296255582695046,21.318220138549805,450821000,0.0,0.0
2022-03-08 00:00:00-05:00,21.2752877029685,22.33760355868449,20.617329890460645,21.479963302612305,557467000,0.0,0.0
2022-03-09 00:00:00-05:00,22.351579845606995,23.183262108859935,22.21180195407909,22.977588653564453,492742000,0.0,0.0
2022-03-10 00:00:00-05:00,22.495354352227555,22.751947727878036,21.84738095284978,22.622154235839844,428066000,0.0,0.0
2022-03-11 00:00:00-05:00,22.9855770902532,23.108383593316066,22.011121351979686,22.06503677368164,367209000,0.0,0.0
2022-03-14 00:00:00-04:00,21.834401952883447,22.22677986262866,21.125526111998212,21.296255111694336,385354000,0.0,0.0
2022-03-15 00:00:00-04:00,21.483955222900324,23.001550831506428,21.288266174917517,22.93665313720703,491996000,0.0,0.0
2022-03-16 00:00:00-04:00,23.462818537379118,24.55808299693735,23.135338379275424,24.457242965698242,671422000,0.0,0.0
2022-03-17 00:00:00-04:00,24.08184022245879,24.80269615292569,23.8681780942896,24.726818084716797,471941000,0.0,0.0
2022-03-18 00:00:00-04:00,24.759765519619773,26.526965676132647,24.585043147223455,26.411148071289062,730719000,0.0,0.0
2022-03-21 00:00:00-04:00,26.46506364568239,27.10904365797584,25.925917057437342,26.69170379638672,591727000,0.0,0.0
2022-03-22 00:00:00-04:00,26.68471261905234,27.194905714445504,26.030750159353722,26.48203468322754,547007000,0.0,0.0
2022-03-23 00:00:00-04:00,26.084663153944433,26.569894270511988,25.53453625084924,25.593442916870117,502120000,0.0,0.0
2022-03-24 00:00:00-04:00,26.12459914857366,28.275190306517132,25.866008174985843,28.105459213256836,877379000,0.0,0.0
2022-03-25 00:00:00-04:00,27.841882872392173,28.313136270708256,27.227856056399368,27.648189544677734,579016000,0.0,0.0
2022-03-28 00:00:00-04:00,27.7120877211009,28.205305645201793,27.162956734082435,28.174354553222656,425494000,0.0,0.0
2022-03-29 00:00:00-04:00,28.649600315235286,28.90020265076086,27.935731389818635,28.61066246032715,488984000,0.0,0.0
2022-03-30 00:00:00-04:00,28.25921951967007,28.45091518210364,27.459486232193132,27.646190643310547,463487000,0.0,0.0
2022-03-31 00:00:00-04:00,27.738045847217542,28.203308195213072,27.22685674782994,27.242830276489258,523440000,0.0,0.0
2022-04-01 00:00:00-04:00,27.331687987480848,27.45249683388837,26.225441234293676,26.669736862182617,517235000,0.0,0.0
2022-04-04 00:00:00-04:00,26.685713274366496,27.51440002424251,26.570895448674566,27.316713333129883,397120000,0.0,0.0
2022-04-05 00:00:00-04:00,27.21088144403923,27.275779141436164,25.779150145109142,25.88997459411621,436615000,0.0,0.0
2022-04-06 00:00:00-04:00,24.894551975696334,25.259972150743756,23.96502515298765,24.368385314941406,703833000,0.0,0.0
2022-04-07 00:00:00-04:00,24.402333720111592,24.68288930829468,23.440857864946675,24.169702529907227,557992000,0.0,0.0
2022-04-08 00:00:00-04:00,23.879162026385522,23.885153052088434,23.02551513263404,23.08242416381836,524781000,0.0,0.0
2022-04-11 00:00:00-04:00,22.178853275805785,22.284684555047285,21.625728972293903,21.882322311401367,575207000,0.0,0.0
2022-04-12 00:00:00-04:00,22.50134297361651,22.689045248795317,21.24832754814828,21.4699764251709,662258000,0.0,0.0
2022-04-13 00:00:00-04:00,21.693624502064967,22.46440247145248,21.421055702716224,22.167871475219727,516943000,0.0,0.0
2022-04-14 00:00:00-04:00,22.46939400417776,22.74096493748478,21.12951812677189,21.224367141723633,569097000,0.0,0.0
2022-04-18 00:00:00-04:00,21.16645927175718,22.05305290950582,21.045650421935058,21.748537063598633,525701000,0.0,0.0
2022-04-19 00:00:00-04:00,21.685635559735957,22.337602310242648,21.28027776536861,22.162879943847656,512781000,0.0,0.0
2022-04-20 00:00:00-04:00,22.481375661869,22.634133476038546,21.16645987408989,21.448013305664062,468974000,0.0,0.0
2022-04-21 00:00:00-04:00,21.67465447269553,22.35657448244033,19.968358596275365,20.15106964111328,656209000,0.0,0.0
2022-04-22 00:00:00-04:00,20.27087459773092,20.4535856053564,19.46914566612064,19.484121322631836,624713000,0.0,0.0
2022-04-25 00:00:00-04:00,19.17162060867915,19.913445155411033,19.065789314403048,19.870513916015625,641566000,0.0,0.0
2022-04-26 00:00:00-04:00,19.686804955917445,19.756693905617453,18.640462640700314,18.758275985717773,653143000,0.0,0.0
2022-04-27 00:00:00-04:00,18.568575296461518,19.136675313654155,18.261063930223024,18.385866165161133,499460000,0.0,0.0
2022-04-28 00:00:00-04:00,18.93698897780138,20.005297595782352,18.460744415559034,19.750699996948242,570327000,0.0,0.0
2022-04-29 00:00:00-04:00,19.37130311158457,20.09615428661352,18.487703105916232,18.517656326293945,500435000,0.0,0.0
2022-05-02 00:00:00-04:00,18.511668743114942,19.543033590674664,18.361906422043727,19.502099990844727,572049000,0.0,0.0
2022-05-03 00:00:00-04:00,19.36930572544229,19.79363445026666,19.102727963969997,19.570985794067383,475751000,0.0,0.0
2022-05-04 00:00:00-04:00,19.891477476244106,20.367722034335905,18.721330971525965,20.30182647705078,648855000,0.0,0.0
2022-05-05 00:00:00-04:00,19.835570298208268,19.893477199554358,18.47073236054234,18.81418800354004,626331000,0.0,0.0
2022-05-06 00:00:00-04:00,18.706358724203252,19.481130122104307,17.96153864595354,18.64545440673828,633297000,0.0,0.0
2022-05-09 00:00:00-04:00,18.00546803272832,18.226117145161634,16.800376947832692,16.92318344116211,644455000,0.0,0.0
2022-05-10 00:00:00-04:00,17.661008866704005,18.169204224025417,16.99805999346856,17.567157745361328,761474000,0.0,0.0
2022-05-11 00:00:00-04:00,17.31955580309831,17.72491361626801,16.54178891271083,16.603689193725586,670167000,0.0,0.0
2022-05-12 00:00:00-04:00,16.193335526429767,16.761435405954167,15.54236775233764,16.149404525756836,708728000,0.0,0.0
2022-05-13 00:00:00-04:00,16.761435656601723,17.899631171051634,16.566744519059558,17.677982330322266,670437000,0.0,0.0
2022-05-16 00:00:00-04:00,17.481299931962116,17.759857858030514,17.07893763682731,17.23668670654297,521446000,0.0,0.0
2022-05-17 00:00:00-04:00,18.04540146963005,18.341932419242756,17.606099039261828,18.148239135742188,585830000,0.0,0.0
2022-05-18 00:00:00-04:00,17.676990169187597,18.08933689945816,16.837321048409155,16.911203384399414,545161000,0.0,0.0
2022-05-19 00:00:00-04:00,16.91020603540993,17.659019539624946,16.707526159547534,17.09691047668457,621310000,0.0,0.0
2022-05-20 00:00:00-04:00,17.30458229549473,17.382458019432324,15.730076420771963,16.667591094970703,739105000,0.0,0.0
2022-05-23 00:00:00-04:00,16.24825212947614,16.88823871274261,16.153403120038337,16.871265411376953,639889000,0.0,0.0
2022-05-24 00:00:00-04:00,16.483876551702995,16.57073878546732,15.755031131324223,16.12843894958496,588550000,0.0,0.0
2022-05-25 00:00:00-04:00,15.994655856173082,17.083929432634935,15.974687040333203,16.948144912719727,781132000,0.0,0.0
2022-05-26 00:00:00-04:00,16.01062527690817,18.063371791083195,15.9966474902733,17.82275390625,996575000,0.0,0.0
2022-05-27 00:00:00-04:00,18.15722925835725,18.85112941351262,18.07136487475826,18.781240463256836,738379000,0.0,0.0
2022-05-31 00:00:00-04:00,18.949971241226027,19.169624397490942,18.320968803583344,18.642459869384766,664100000,0.0,0.0
2022-06-01 00:00:00-04:00,18.69437574123345,19.022853764053927,18.093327039751365,18.291013717651367,544514000,0.0,0.0
2022-06-02 00:00:00-04:00,18.263056649595164,19.587956621485738,18.169205521550257,19.560998916625977,648656000,0.0,0.0
2022-06-03 00:00:00-04:00,19.051810692697362,19.30141516237342,18.492695309504686,18.69038200378418,598779000,0.0,0.0
2022-06-06 00:00:00-04:00,19.10871922629009,19.306405915466303,18.53462819912293,18.756277084350586,422406000,0.0,0.0
2022-06-07 00:00:00-04:00,18.442776806994864,18.969941371656333,18.159225708286073,18.896059036254883,388914000,0.0,0.0
2022-06-08 00:00:00-04:00,18.773226668072084,19.15370484145058,18.509588668664488,18.622434616088867,363252000,0.004,0.0
2022-06-09 00:00:00-04:00,18.45566321727446,18.90704318439752,18.016265929443026,18.023256301879883,395574000,0.0,0.0
2022-06-10 00:00:00-04:00,17.575872545670485,17.672739690299487,16.845873774339914,16.95073127746582,465248000,0.0,0.0
2022-06-13 00:00:00-04:00,15.978063114136962,16.289635619144264,15.5846032566188,15.625547409057617,604153000,0.0,0.0
2022-06-14 00:00:00-04:00,15.709431606714736,16.043972335554802,15.39086873500502,15.814288139343262,469680000,0.0,0.0
2022-06-15 00:00:00-04:00,16.072932305621386,16.844873202123953,15.904164340254262,16.50434112548828,563936000,0.0,0.0
2022-06-16 00:00:00-04:00,15.838255559738554,15.920143868962862,15.379885215530072,15.579610824584961,545749000,0.0,0.0
2022-06-17 00:00:00-04:00,15.62654452479903,15.97306886909858,15.30698358700043,15.858226776123047,630334000,0.0,0.0
2022-06-21 00:00:00-04:00,16.452410541498544,16.98467875393018,16.384502987920513,16.543285369873047,483089000,0.0,0.0
2022-06-22 00:00:00-04:00,16.20375313433491,16.63915617828488,16.157816675124355,16.337570190429688,437135000,0.0,0.0
2022-06-23 00:00:00-04:00,16.49635060350386,16.56226009847651,15.831264314401132,16.202754974365234,463680000,0.0,0.0
2022-06-24 00:00:00-04:00,16.4773787732115,17.11650073429401,16.287638726739992,17.102519989013672,472153000,0.0,0.0
2022-06-27 00:00:00-04:00,17.288264381866544,17.306239352209836,16.603204110211394,16.845870971679688,427968000,0.0,0.0
2022-06-28 00:00:00-04:00,16.876829403288493,17.17841540135944,15.923138802321352,15.960088729858398,461149000,0.0,0.0
2022-06-29 00:00:00-04:00,15.792319274408227,15.798310614181643,15.149202139419758,15.520691871643066,482352000,0.0,0.0
2022-06-30 00:00:00-04:00,15.339939689323622,15.545657585028724,14.84162423644088,15.138216972351074,686070000,0.0,0.0
2022-07-01 00:00:00-04:00,14.878573864617884,15.042348581207367,14.372268984402996,14.50308895111084,577610000,0.0,0.0
2022-07-05 00:00:00-04:00,14.155563746424361,14.950471816592792,14.035728402033643,14.9434814453125,651397000,0.0,0.0
2022-07-06 00:00:00-04:00,14.98942043366788,15.297996787571694,14.768722770175227,15.10925579071045,529066000,0.0,0.0
2022-07-07 00:00:00-04:00,15.434808686703755,15.923137588985114,15.367900161488345,15.836256980895996,492903000,0.0,0.0
2022-07-08 00:00:00-04:00,15.40884547069508,16.015013612204577,15.36790131679417,15.816286087036133,467972000,0.0,0.0
2022-07-11 00:00:00-04:00,15.504713369588908,15.505712402359757,15.017382517341197,15.131226539611816,437321000,0.0,0.0
2022-07-12 00:00:00-04:00,15.247067074911202,15.409843707011005,14.856603345377188,15.061322212219238,458483000,0.0,0.0
2022-07-13 00:00:00-04:00,14.569997015391333,15.35392061472374,14.4451683925074,15.143209457397461,521918000,0.0,0.0
2022-07-14 00:00:00-04:00,15.087287438201166,15.451786811648414,14.707808286202585,15.35092544555664,456235000,0.0,0.0
2022-07-15 00:00:00-04:00,15.63753135293556,15.760361907974943,15.423824053568111,15.740389823913574,385935000,0.0,0.0
2022-07-18 00:00:00-04:00,16.279652668966587,16.873836335540332,15.98006468181246,16.078927993774414,670517000,0.0,0.0
2022-07-19 00:00:00-04:00,16.463395590625716,17.086540553268563,16.1498269486933,16.96870231628418,702366000,0.0,0.0
2022-07-20 00:00:00-04:00,16.92376553145508,17.908413749496592,16.777965794347658,17.78258514404297,760538000,0.0,0.0
2022-07-21 00:00:00-04:00,17.86048049580398,18.11912428792284,17.52094647197657,18.025253295898438,557049000,0.0,0.0
2022-07-22 00:00:00-04:00,17.868468104985222,17.94236605570938,17.113504073103183,17.295255661010742,536671000,0.0,0.0
2022-07-25 00:00:00-04:00,16.995663824282083,17.100521303135608,16.626172209363542,17.00065803527832,480748000,0.0,0.0
2022-07-26 00:00:00-04:00,16.86584492916972,16.89580448453477,16.455409115756805,16.510334014892578,397865000,0.0,0.0
2022-07-27 00:00:00-04:00,17.00864767966369,17.911409474895198,16.88981135399597,17.765609741210938,569776000,0.0,0.0
2022-07-28 00:00:00-04:00,17.950356423261784,18.115129215664382,17.416090067566007,17.95934295654297,474646000,0.0,0.0
2022-07-29 00:00:00-04:00,17.788579119485384,18.218987999280966,17.667744714059165,18.138099670410156,435460000,0.0,0.0
2022-08-01 00:00:00-04:00,18.15707238058243,18.820163524797316,17.965336169045,18.41571807861328,476469000,0.0,0.0
2022-08-02 00:00:00-04:00,18.097155349870032,18.912036637847795,18.06719579272413,18.500600814819336,489527000,0.0,0.0
2022-08-03 00:00:00-04:00,18.159068404484795,18.94199387860434,18.112131961169382,18.867095947265625,418146000,0.0,0.0
2022-08-04 00:00:00-04:00,18.823160297594526,19.24757689107455,18.734281609291912,19.188657760620117,409652000,0.0,0.0
2022-08-05 00:00:00-04:00,18.784213359111057,19.202639588378975,18.640411663753596,18.962968826293945,386068000,0.0,0.0
2022-08-08 00:00:00-04:00,17.47800666761525,18.213995799408384,17.218362882676377,17.768606185913086,981859000,0.0,0.0
2022-08-09 00:00:00-04:00,17.228345229259787,17.42307754461736,16.70106933362083,17.062572479248047,668263000,0.0,0.0
2022-08-10 00:00:00-04:00,17.6737361881134,18.093160448855087,17.293258016896214,18.072189331054688,597422000,0.0,0.0
2022-08-11 00:00:00-04:00,18.10614424417863,18.681354803668896,17.85149276386308,17.917402267456055,509327000,0.0,0.0
2022-08-12 00:00:00-04:00,18.135098798533694,18.692334230980617,17.92838190616684,18.683345794677734,478094000,0.0,0.0
2022-08-15 00:00:00-04:00,18.675361478518084,19.137726058613044,18.587482780164496,19.00590705871582,457666000,0.0,0.0
2022-08-16 00:00:00-04:00,18.894063056177398,19.115758843067542,18.47563682948943,18.853118896484375,451240000,0.0,0.0
2022-08-17 00:00:00-04:00,18.497604095833214,18.66237687623196,18.12012210718254,18.309860229492188,446799000,0.0,0.0
2022-08-18 00:00:00-04:00,18.275909944267593,18.83913587806954,18.15807169165651,18.747262954711914,415447000,0.0,0.0
2022-08-19 00:00:00-04:00,18.38076519901237,18.49460922307441,17.74563748579289,17.82452964782715,441588000,0.0,0.0
2022-08-22 00:00:00-04:00,17.466021020329865,17.5339285848503,16.942739255547924,17.01064682006836,409593000,0.0,0.0
2022-08-23 00:00:00-04:00,16.96570780280568,17.441055022428973,16.946732846775344,17.15744400024414,369986000,0.0,0.0
2022-08-24 00:00:00-04:00,16.98867785339594,17.382138735444496,16.87183957113937,17.19839096069336,522661000,0.0,0.0
2022-08-25 00:00:00-04:00,16.820904665261263,17.922392956465742,16.809920067610644,17.888439178466797,770691000,0.0,0.0
2022-08-26 00:00:00-04:00,17.832517711038342,17.899425287639172,16.214737955773558,16.237707138061523,769127000,0.0,0.0
2022-08-29 00:00:00-04:00,15.998035568116483,16.315598448591818,15.745382195272603,15.779335021972656,496132000,0.0,0.0
2022-08-30 00:00:00-04:00,15.938119627666996,16.01701084238438,15.161186351030654,15.446794509887695,530181000,0.0,0.0
2022-08-31 00:00:00-04:00,15.362908457406297,15.518694719527108,14.938490939263094,15.0733060836792,573710000,0.0,0.0
2022-09-01 00:00:00-04:00,14.189518900332127,14.360284936978742,13.251807105060896,13.917892456054688,1178865000,0.0,0.0
2022-09-02 00:00:00-04:00,14.080668193345614,14.151569993548428,13.572365294475969,13.628289222717285,743157000,0.0,0.0
2022-09-06 00:00:00-04:00,13.712173046876005,13.760107568170556,13.332693959605383,13.446537971496582,535751000,0.0,0.0
2022-09-07 00:00:00-04:00,13.548429577340283,13.8231347282429,13.331662683497774,13.699267387390137,512657000,0.004,0.0
2022-09-08 00:00:00-04:00,13.444540197108026,13.992951127986652,13.354637687231783,13.974969863891602,624873000,0.0,0.0
2022-09-09 00:00:00-04:00,14.141791420251705,14.458451271437566,14.110825537493945,14.37154483795166,486612000,0.0,0.0
2022-09-12 00:00:00-04:00,14.35356350397063,14.531371771685043,14.182746732868823,14.48941707611084,484159000,0.0,0.0
2022-09-13 00:00:00-04:00,13.78717243345947,13.90704340206628,13.084927604067657,13.11689281463623,714956000,0.0,0.0
2022-09-14 00:00:00-04:00,13.239759491985067,13.275721064756445,12.899126261795528,13.113895416259766,588507000,0.0,0.0
2022-09-15 00:00:00-04:00,13.001018642377574,13.218783909130673,12.77625997339062,12.91511058807373,523625000,0.0,0.0
2022-09-16 00:00:00-04:00,12.72831029894144,13.197805622661757,12.603444592298251,13.183820724487305,670751000,0.0,0.0
2022-09-19 00:00:00-04:00,12.9980209443721,13.448536636408672,12.99602323782833,13.367623329162598,569685000,0.0,0.0
2022-09-20 00:00:00-04:00,13.200802865242403,13.468514593898119,13.042972617197668,13.161844253540039,524818000,0.0,0.0
2022-09-21 00:00:00-04:00,13.198806825462382,14.015927965659142,13.095916828405237,13.24675464630127,807679000,0.0,0.0
2022-09-22 00:00:00-04:00,13.055957383930226,13.134872979429439,12.414647898475032,12.547504425048828,759162000,0.0,0.0
2022-09-23 00:00:00-04:00,12.406656407596893,12.597451187788838,12.24383142312108,12.50255298614502,663309000,0.0,0.0
2022-09-26 00:00:00-04:00,12.477582711754044,12.645402472127271,12.20087983019135,12.214864730834961,547343000,0.0,0.0
2022-09-27 00:00:00-04:00,12.493564718799432,12.722318814218484,12.244832603128204,12.399665832519531,553854000,0.0,0.0
2022-09-28 00:00:00-04:00,12.39666770608599,12.809224124270647,12.34072811111852,12.722317695617676,542414000,0.0,0.0
2022-09-29 00:00:00-04:00,12.434627698749594,12.486571883512196,11.93316711671052,12.206872940063477,532763000,0.0,0.0
2022-09-30 00:00:00-04:00,12.074016162174793,12.619430134723995,12.062028968618225,12.125960350036621,565638000,0.0,0.0
2022-10-03 00:00:00-04:00,12.333736288383395,12.66438103750038,12.091995679020886,12.49855899810791,547478000,0.0,0.0
2022-10-04 00:00:00-04:00,12.865162336529824,13.205796517810239,12.865162336529824,13.152853012084961,584182000,0.0,0.0
2022-10-05 00:00:00-04:00,12.897128792057934,13.30668813941161,12.607440403491943,13.194808006286621,507131000,0.0,0.0
2022-10-06 00:00:00-04:00,13.205797781421655,13.641329249168423,13.088922897428635,13.115894317626953,644157000,0.0,0.0
2022-10-07 00:00:00-04:00,12.49156642287505,12.65638913094354,12.00908549131545,12.063027381896973,672478000,0.0,0.0
2022-10-10 00:00:00-04:00,12.024069418326597,12.110975855224824,11.395745386998117,11.657464027404785,698699000,0.0,0.0
2022-10-11 00:00:00-04:00,11.548580323969118,11.833274006789148,11.27087909082818,11.573554039001465,667482000,0.0,0.0
2022-10-12 00:00:00-04:00,11.566562669743492,11.72239428391225,11.332813819515492,11.48764705657959,492590000,0.0,0.0
2022-10-13 00:00:00-04:00,10.959213365382153,12.065024444936823,10.801383115389287,11.947151184082031,850103000,0.0,0.0
2022-10-14 00:00:00-04:00,12.044047375714609,12.097989264666413,11.19196406249194,11.21493911743164,713432000,0.0,0.0
2022-10-17 00:00:00-04:00,11.505625543705177,11.935163887669312,11.504627166759075,11.875227928161621,580774000,0.0,0.0
2022-10-18 00:00:00-04:00,12.330738357702486,12.478579120897942,11.605518487513544,11.954143524169922,659362000,0.0,0.0
2022-10-19 00:00:00-04:00,11.866237416989302,12.336732065245936,11.821285686867334,12.038052558898926,523131000,0.0,0.0
2022-10-20 00:00:00-04:00,12.099988209372933,12.755283675568238,12.09199642948279,12.180901527404785,652398000,0.0,0.0
2022-10-21 00:00:00-04:00,12.08500154788342,12.484572361651132,11.874228755754816,12.452606201171875,609494000,0.0,0.0
2022-10-24 00:00:00-04:00,12.4945626379864,12.696345287738323,12.051039397189356,12.585464477539062,517457000,0.0,0.0
2022-10-25 00:00:00-04:00,12.680364284552173,13.285713262923357,12.650395824796759,13.24675464630127,505482000,0.0,0.0
2022-10-26 00:00:00-04:00,12.855175413310036,13.373616958180671,12.694348122288913,12.882145881652832,532953000,0.0,0.0
2022-10-27 00:00:00-04:00,13.615356979676683,13.823133701689956,13.10790236650194,13.161844253540039,583113000,0.0,0.0
2022-10-28 00:00:00-04:00,13.089923183140582,13.835122085871737,13.046969154666838,13.819138526916504,521040000,0.0,0.0
2022-10-31 00:00:00-04:00,13.763199312088274,13.823135278216157,13.282716063958425,13.482501029968262,486341000,0.0,0.0
2022-11-01 00:00:00-04:00,13.79616270270372,13.910040552507906,13.50447658143312,13.528450965881348,432817000,0.0,0.0
2022-11-02 00:00:00-04:00,13.835121333715565,14.194734242960633,13.19680787203194,13.204798698425293,672628000,0.0,0.0
2022-11-03 00:00:00-04:00,13.028988642622243,13.766195754614126,12.942082209973792,13.40658187866211,500065000,0.0,0.0
2022-11-04 00:00:00-04:00,13.970974453238004,14.2137134210402,13.682284424573579,14.140791893005371,612576000,0.0,0.0
2022-11-07 00:00:00-05:00,14.212715367274726,14.396517721923427,13.939010494664025,14.285636901855469,410061000,0.0,0.0
2022-11-08 00:00:00-05:00,14.785099833381034,14.875003304313351,14.20072822497082,14.58631420135498,595292000,0.0,0.0
2022-11-09 00:00:00-05:00,14.146786897646434,14.195735001155587,13.744219921750998,13.761201858520508,454414000,0.0,0.0
2022-11-10 00:00:00-05:00,14.784100677648635,15.756054965318722,14.531372214254848,15.73307991027832,700819000,0.0,0.0
2022-11-11 00:00:00-05:00,15.790020660509551,16.37139526908105,15.465369958229326,16.30946159362793,655487000,0.0,0.0
2022-11-14 00:00:00-05:00,16.200577486630568,16.522232066468828,15.904894997972113,16.277494430541992,527852000,0.0,0.0
2022-11-15 00:00:00-05:00,16.704033766167488,16.979736298037132,16.364398914602432,16.648094177246094,545876000,0.0,0.0
2022-11-16 00:00:00-05:00,16.144639155069807,16.34442316842563,15.855949093255452,15.892909049987793,649547000,0.0,0.0
2022-11-17 00:00:00-05:00,15.698116484447885,16.24852510301491,15.518309565551975,15.660157203674316,710894000,0.0,0.0
2022-11-18 00:00:00-05:00,15.94884635246615,15.9848088796115,15.10375554404222,15.39244556427002,492072000,0.0,0.0
2022-11-21 00:00:00-05:00,15.130728243271124,15.460373655747635,15.063799831129005,15.300545692443848,404739000,0.0,0.0
2022-11-22 00:00:00-05:00,15.311533717452877,16.040749998560774,15.10575468856274,16.020771026611328,472866000,0.0,0.0
2022-11-23 00:00:00-05:00,16.08070587095073,16.509245859928704,16.030760346892983,16.501253128051758,427241000,0.0,0.0
2022-11-25 00:00:00-05:00,16.300472196560975,16.469289378466257,16.1546291194299,16.25252342224121,167934000,0.0,0.0
2022-11-28 00:00:00-05:00,16.00878222333703,16.339427908021538,15.708106900644491,15.809996604919434,303741000,0.0,0.0
2022-11-29 00:00:00-05:00,15.809996816938067,15.914884511468573,15.503327417734571,15.622199058532715,298384000,0.0,0.0
2022-11-30 00:00:00-05:00,15.684146535771454,16.91613768564476,15.584228989487908,16.909143447875977,565298000,0.004,0.0
2022-12-01 00:00:00-05:00,16.985083344047936,17.250864409196577,16.621381033320617,17.1209716796875,470977000,0.0,0.0
2022-12-02 00:00:00-05:00,16.6453593433564,16.919135148946967,16.43153387375457,16.862180709838867,371389000,0.0,0.0
2022-12-05 00:00:00-05:00,16.665344964965847,16.981086225523303,16.458513713867134,16.59640121459961,352255000,0.0,0.0
2022-12-06 00:00:00-05:00,16.516466931221224,16.55943099362411,15.806048612472887,15.97391128540039,352694000,0.0,0.0
2022-12-07 00:00:00-05:00,15.759084532517418,16.17274601632601,15.654170022106927,16.106800079345703,372388000,0.0,0.0
2022-12-08 00:00:00-05:00,16.259677159760216,17.16493550735757,15.945933165507713,17.154943466186523,515456000,0.0,0.0
2022-12-09 00:00:00-05:00,17.145949833064485,17.56860383071365,16.961101838286083,16.987079620361328,465338000,0.0,0.0
2022-12-12 00:00:00-05:00,17.023051775036333,17.5236410372187,16.783248501431842,17.52064323425293,457328000,0.0,0.0
2022-12-13 00:00:00-05:00,18.515832968752292,18.77462176117344,17.69650442354289,18.057209014892578,656589000,0.0,0.0
2022-12-14 00:00:00-05:00,17.97227218085048,18.237056501037223,17.405736991187297,17.659528732299805,496888000,0.0,0.0
2022-12-15 00:00:00-05:00,17.131959361835964,17.30581666296131,16.686325436894144,16.93811798095703,478542000,0.0,0.0
2022-12-16 00:00:00-05:00,16.85019346435218,17.027048597052637,16.396564689566986,16.557432174682617,478232000,0.0,0.0
2022-12-19 00:00:00-05:00,16.55842868729629,16.59539713555637,16.131778337753406,16.24068832397461,354039000,0.0,0.0
2022-12-20 00:00:00-05:00,16.05084803309705,16.29664692951684,15.839022651133764,16.07183074951172,403260000,0.0,0.0
2022-12-21 00:00:00-05:00,16.100803689987192,16.61338405429373,16.088812480691324,16.487485885620117,325025000,0.0,0.0
2022-12-22 00:00:00-05:00,16.08082376342015,16.12478836587808,14.869816130143493,15.326441764831543,565045000,0.0,0.0
2022-12-23 00:00:00-05:00,15.183559021916842,15.32644159609821,14.870815551756776,15.193551063537598,349326000,0.0,0.0
2022-12-27 00:00:00-05:00,15.0616587078648,15.087637443556918,14.044491580502148,14.1094388961792,464902000,0.0,0.0
2022-12-28 00:00:00-05:00,13.91559845889987,14.250324243293269,13.87263344054516,14.02450942993164,351066000,0.0,0.0
2022-12-29 00:00:00-05:00,14.390210661703463,14.670979813807444,14.215353729624166,14.591045379638672,354923000,0.0,0.0
2022-12-30 00:00:00-05:00,14.32226407843037,14.617022631784828,14.22134693702295,14.602035522460938,310490000,0.0,0.0
2023-01-03 00:00:00-05:00,14.838840315183736,14.983722051275688,14.084458370348052,14.303278923034668,401277000,0.0,0.0
2023-01-04 00:00:00-05:00,14.555074914722184,14.840840075575478,14.22934158563889,14.73692512512207,431324000,0.0,0.0
2023-01-05 00:00:00-05:00,14.47913742347032,14.552077617819347,14.136417801544157,14.25332260131836,389168000,0.0,0.0
2023-01-06 00:00:00-05:00,14.462148249448697,14.997709608789437,14.022508953382575,14.846833229064941,405044000,0.0,0.0
2023-01-09 00:00:00-05:00,15.271486598821125,16.042853882336043,15.128603078053724,15.615204811096191,504231000,0.0,0.0
2023-01-10 00:00:00-05:00,15.494303818205713,15.94893121673774,15.459332626456098,15.895975112915039,384101000,0.0,0.0
2023-01-11 00:00:00-05:00,15.827031344724569,16.01487714757313,15.550257708216126,15.987898826599121,353285000,0.0,0.0
2023-01-12 00:00:00-05:00,16.08681762259126,16.623376674174565,15.479314701266622,16.497480392456055,551409000,0.0,0.0
2023-01-13 00:00:00-05:00,16.264672409444337,16.908146146393516,16.15176596394343,16.885164260864258,447287000,0.0,0.0
2023-01-17 00:00:00-05:00,16.885167342585643,17.713489229977547,16.885167342585643,17.687509536743164,511102000,0.0,0.0
2023-01-18 00:00:00-05:00,17.652537414377978,17.858368155388927,17.267852350964912,17.362775802612305,439624000,0.0,0.0
2023-01-19 00:00:00-05:00,17.022050215153467,17.182919592747304,16.717301550134714,16.751272201538086,452932000,0.0,0.0
2023-01-20 00:00:00-05:00,16.99706934760768,17.8413785956031,16.811222745760446,17.824392318725586,564967000,0.0,0.0
2023-01-23 00:00:00-05:00,18.049212513133778,19.229247442824025,17.803415497666883,19.177289962768555,655163000,0.0,0.0
2023-01-24 00:00:00-05:00,18.811584516005322,19.479038745727824,18.804590277949554,19.249225616455078,496204000,0.0,0.0
2023-01-25 00:00:00-05:00,18.897514353205867,19.354140898523635,18.56478682693734,19.307178497314453,449537000,0.0,0.0
2023-01-26 00:00:00-05:00,19.684868544073076,20.149487942957048,19.262214571587723,19.785785675048828,489535000,0.0,0.0
2023-01-27 00:00:00-05:00,19.44606519137818,20.61111088344215,19.389112653490265,20.348325729370117,542142000,0.0,0.0
2023-01-30 00:00:00-05:00,19.933665698445655,20.12350875424224,19.13431959512867,19.146310806274414,488611000,0.0,0.0
2023-01-31 00:00:00-05:00,19.154305515596747,19.67088244369698,18.934486316616958,19.521005630493164,498017000,0.0,0.0
2023-02-01 00:00:00-05:00,19.67487620181203,21.174646573762274,19.594941785261792,20.925851821899414,660477000,0.0,0.0
2023-02-02 00:00:00-05:00,20.982804077538745,21.931026391008707,20.683050495888622,21.69122314453125,564276000,0.0,0.0
2023-02-03 00:00:00-05:00,20.98280321848353,21.727193980733027,20.771975563050532,21.082721710205078,429366000,0.0,0.0
2023-02-06 00:00:00-05:00,20.78896612562126,21.55234058671362,20.768982041999962,21.071735382080078,452197000,0.0,0.0
2023-02-07 00:00:00-05:00,21.364493456754502,22.240776221047813,21.13268305609244,22.15484619140625,664150000,0.0,0.0
2023-02-08 00:00:00-05:00,22.368671190085877,22.859270343104374,21.989981762053976,22.18682098388672,559651000,0.0,0.0
2023-02-09 00:00:00-05:00,22.587493006154816,23.00115361559773,22.101890841134466,22.31871223449707,523876000,0.0,0.0
2023-02-10 00:00:00-05:00,21.672240349373936,22.059921229694073,20.793960380960065,21.247587203979492,550737000,0.0,0.0
2023-02-13 00:00:00-05:00,21.520365368362526,22.029948022697017,20.94483676830914,21.770160675048828,474919000,0.0,0.0
2023-02-14 00:00:00-05:00,21.56033490554851,23.030131384470028,21.348508559985785,22.95219612121582,675474000,0.0,0.0
2023-02-15 00:00:00-05:00,22.530539101779834,22.8362883381025,22.087902895293183,22.745363235473633,420575000,0.0,0.0
2023-02-16 00:00:00-05:00,22.114879171338252,22.531537591194823,21.909048448284622,21.98398780822754,412026000,0.0,0.0
2023-02-17 00:00:00-05:00,21.613292124399432,21.722202143594874,20.957829026914965,21.37049102783203,465888000,0.0,0.0
2023-02-21 00:00:00-05:00,20.982806991007344,21.47640202756458,20.60111977052066,20.638090133666992,410015000,0.0,0.0
2023-02-22 00:00:00-05:00,20.690046644389827,21.086720955863115,20.404279605625497,20.73700714111328,513184000,0.0,0.0
2023-02-23 00:00:00-05:00,23.42080908535159,23.86844224060142,23.00614795090794,23.644624710083008,1117995000,0.0,0.0
2023-02-24 00:00:00-05:00,23.20598256621261,23.454779221175173,22.92821032876659,23.266931533813477,589716000,0.0,0.0
2023-02-27 00:00:00-05:00,23.65062037481705,23.86044752352484,23.43479762020704,23.48175811767578,452994000,0.0,0.0
2023-02-28 00:00:00-05:00,23.35286529557159,23.80549545006619,23.18700083236071,23.196992874145508,455963000,0.0,0.0
2023-03-01 00:00:00-05:00,23.173011690631437,23.236960375063273,22.489571679600164,22.67941665649414,460026000,0.0,0.0
2023-03-02 00:00:00-05:00,22.46958842521254,23.360856377006066,22.413632614347023,23.294910430908203,389415000,0.0,0.0
2023-03-03 00:00:00-05:00,23.300906520013164,23.88043157064552,23.111061548282237,23.870439529418945,412393000,0.0,0.0
2023-03-06 00:00:00-05:00,23.87144155642439,24.22814773094674,23.467771069999735,23.534717559814453,437429000,0.0,0.0
2023-03-07 00:00:00-05:00,23.58468213091472,24.109340983531098,23.225913991146093,23.272884368896484,515154000,0.004,0.0
2023-03-08 00:00:00-05:00,23.47175440633603,24.184292857733897,23.40879557329516,24.16530418395996,513573000,0.0,0.0
2023-03-09 00:00:00-05:00,24.15930848577099,24.43812863634961,23.367822715310396,23.42078971862793,501257000,0.0,0.0
2023-03-10 00:00:00-05:00,23.39380627921089,23.61166519332035,22.71124903091007,22.95009422302246,474866000,0.0,0.0
2023-03-13 00:00:00-04:00,22.737233773647205,23.28287892325679,22.282529164620772,22.951093673706055,421890000,0.0,0.0
2023-03-14 00:00:00-04:00,23.48074905093903,24.20327932512599,23.444771213854455,24.047380447387695,474910000,0.0,0.0
2023-03-15 00:00:00-04:00,23.74557858510268,24.27023747433623,23.344839767755705,24.212276458740234,524486000,0.0,0.0
2023-03-16 00:00:00-04:00,24.01140628522713,25.57139207335748,23.878491278999082,25.524423599243164,583253000,0.0,0.0
2023-03-17 00:00:00-04:00,25.965138540410706,26.381867732572218,25.651341237604235,25.70830535888672,848547000,0.0,0.0
2023-03-20 00:00:00-04:00,25.598375276520795,26.00711022624769,25.113689438376866,25.883190155029297,432747000,0.0,0.0
2023-03-21 00:00:00-04:00,26.16301052912087,26.37487284283391,25.36452926173858,26.181997299194336,547408000,0.0,0.0
2023-03-22 00:00:00-04:00,26.407847658541623,27.571093609171683,26.219969957500446,26.450820922851562,797295000,0.0,0.0
2023-03-23 00:00:00-04:00,27.09739850119744,27.481150011411028,26.67267514561765,27.173349380493164,564889000,0.0,0.0
2023-03-24 00:00:00-04:00,27.013456826272407,27.149368241079962,26.33789496036664,26.761619567871094,454920000,0.0,0.0
2023-03-27 00:00:00-04:00,26.819585603923258,26.98247994142295,26.347891758511725,26.513784408569336,361026000,0.0,0.0
2023-03-28 00:00:00-04:00,26.429835146196694,26.49579229381834,25.83322250551309,26.392858505249023,356104000,0.0,0.0
2023-03-29 00:00:00-04:00,26.80759068169934,27.06042483163502,26.579738018819665,26.96648597717285,393694000,0.0,0.0
2023-03-30 00:00:00-04:00,27.2113254721655,27.481150669900916,27.084407100959258,27.365224838256836,364516000,0.0,0.0
2023-03-31 00:00:00-04:00,27.122384566656116,27.815934380003373,27.08740743538737,27.75897216796875,433933000,0.0,0.0
2023-04-03 00:00:00-04:00,27.49114640923392,27.981826954201942,27.318258357219978,27.946849822998047,398716000,0.0,0.0
2023-04-04 00:00:00-04:00,27.947848187847303,27.981826516516946,27.289275517291117,27.4351806640625,368592000,0.0,0.0
2023-04-05 00:00:00-04:00,26.811589608214934,26.980478653593416,26.377871240257907,26.863555908203125,515015000,0.0,0.0
2023-04-06 00:00:00-04:00,26.566746033983005,27.062424408814838,26.40984834215217,27.019453048706055,397654000,0.0,0.0
2023-04-10 00:00:00-04:00,26.805592033185857,27.603074472787966,26.651692648954523,27.56110191345215,395279000,0.0,0.0
2023-04-11 00:00:00-04:00,27.706005335708603,27.771962479988098,27.108392017203613,27.151365280151367,314378000,0.0,0.0
2023-04-12 00:00:00-04:00,27.352236262733783,27.45017222858766,26.43083380500762,26.47780418395996,446259000,0.0,0.0
2023-04-13 00:00:00-04:00,26.7166476867757,26.869548260916794,26.31191176986607,26.445823669433594,353615000,0.0,0.0
2023-04-14 00:00:00-04:00,26.486796261789348,26.865549967420687,26.202980206526043,26.740631103515625,395660000,0.0,0.0
2023-04-17 00:00:00-04:00,26.547759434806412,26.988473203686386,26.415845135360854,26.98447608947754,321471000,0.0,0.0
2023-04-18 00:00:00-04:00,27.515132130784668,28.091757324454164,27.33924575942383,27.649044036865234,604812000,0.0,0.0
2023-04-19 00:00:00-04:00,27.343238817123687,27.981823952764458,27.214322846498675,27.91286849975586,358660000,0.0,0.0
2023-04-20 00:00:00-04:00,27.653040047394537,28.01180820232442,26.982476023380784,27.086408615112305,427713000,0.0,0.0
2023-04-21 00:00:00-04:00,26.934507038823,27.165358012841736,26.704656772926235,27.101398468017578,345103000,0.0,0.0
2023-04-24 00:00:00-04:00,26.99546979327811,27.348239440320924,26.653690781200147,27.024450302124023,339282000,0.0,0.0
2023-04-25 00:00:00-04:00,27.06042320812397,27.22931413806429,26.207978142776422,26.223966598510742,378527000,0.0,0.0
2023-04-26 00:00:00-04:00,26.98447484193406,27.31226106523399,26.687666728848185,26.93850326538086,406337000,0.0,0.0
2023-04-27 00:00:00-04:00,27.345242278323862,27.477156579807456,26.607720371241534,27.208330154418945,377161000,0.0,0.0
2023-04-28 00:00:00-04:00,27.20733127338207,27.739984394080437,27.05342998469089,27.73099136352539,292216000,0.0,0.0
2023-05-01 00:00:00-04:00,27.821930157082058,29.039140006502908,27.761969634748656,28.8912353515625,570329000,0.0,0.0
2023-05-02 00:00:00-04:00,28.661382750770706,28.817281620979408,28.06477016991846,28.191686630249023,402730000,0.0,0.0
2023-05-03 00:00:00-04:00,27.821931972424778,28.348590376013785,27.45417077419222,27.78395652770996,383387000,0.0,0.0
2023-05-04 00:00:00-04:00,27.633050368513334,27.840915535411145,27.222317856560554,27.544109344482422,321850000,0.0,0.0
2023-05-05 00:00:00-04:00,27.807938808563854,28.736334757570592,27.713001157721607,28.66138458251953,361494000,0.0,0.0
2023-05-08 00:00:00-04:00,28.503488588696168,29.201035541124472,28.331601238328425,29.132080078125,344979000,0.0,0.0
2023-05-09 00:00:00-04:00,28.88024597338646,28.954197355897705,28.431537949568657,28.552457809448242,314869000,0.0,0.0
2023-05-10 00:00:00-04:00,28.986172032468282,29.09410363760538,28.44252642346218,28.86625099182129,369350000,0.0,0.0
2023-05-11 00:00:00-04:00,28.877242611386247,28.931208412235282,28.227664927932555,28.5594482421875,322149000,0.0,0.0
2023-05-12 00:00:00-04:00,28.510486025998997,28.761324501904014,28.02779965707035,28.321609497070312,274222000,0.0,0.0
2023-05-15 00:00:00-04:00,28.48949515899852,28.95019637066434,28.133727241512663,28.934206008911133,293926000,0.0,0.0
2023-05-16 00:00:00-04:00,28.822280100198324,29.85061345390706,28.813287070144554,29.19403839111328,449405000,0.0,0.0
2023-05-17 00:00:00-04:00,29.56479859708841,30.17939921213159,29.410899219353887,30.15841293334961,432535000,0.0,0.0
2023-05-18 00:00:00-04:00,30.390263479848883,31.807342452955133,30.30032173818178,31.657440185546875,748725000,0.0,0.0
2023-05-19 00:00:00-04:00,31.515532395418244,31.559504464567972,30.895935843609628,31.243709564208984,473908000,0.0,0.0
2023-05-22 00:00:00-04:00,30.880942499765002,31.499542119934745,30.660087176948643,31.155765533447266,372000000,0.0,0.0
2023-05-23 00:00:00-04:00,30.979879050427765,31.267692227057807,30.61111907309606,30.668081283569336,356253000,0.0,0.0
2023-05-24 00:00:00-04:00,30.19039081167834,30.587134398271413,29.786653705153253,30.518178939819336,721419000,0.0,0.0
2023-05-25 00:00:00-04:00,38.497991938105514,39.454371441773645,36.61121702902255,37.955345153808594,1543911000,0.0,0.0
2023-05-26 00:00:00-04:00,37.865408555661546,39.14457660817056,37.52562906518615,38.92072296142578,714397000,0.0,0.0
2023-05-30 00:00:00-04:00,40.56865175565744,41.91077854478706,39.92307115381186,40.084964752197266,923401000,0.0,0.0
2023-05-31 00:00:00-04:00,39.46236628795612,40.26884165058491,37.79744736537709,37.80944061279297,1002580000,0.0,0.0
2023-06-01 00:00:00-04:00,38.46401952597585,40.02400727959351,38.31511796351833,39.74419021606445,635873000,0.0,0.0
2023-06-02 00:00:00-04:00,40.070976234421984,40.47371455603789,39.032649105745655,39.301475524902344,482731000,0.0,0.0
2023-06-05 00:00:00-04:00,38.88374928722303,39.539321788375425,38.68188071638041,39.14558029174805,396094000,0.0,0.0
2023-06-06 00:00:00-04:00,38.80480599281515,39.134589881532925,38.123245506650676,38.6289176940918,388729000,0.0,0.0
2023-06-07 00:00:00-04:00,38.89376845678286,39.47744945385498,37.33561714302101,37.454551696777344,511998000,0.004,0.0
2023-06-08 00:00:00-04:00,37.70342399186317,38.84280161488972,37.48454548013019,38.48899459838867,417772000,0.0,0.0
2023-06-09 00:00:00-04:00,39.01569674007006,39.68932873307715,38.545955805851406,38.748844146728516,427717000,0.0,0.0
2023-06-12 00:00:00-04:00,39.17861302696572,39.50843099459079,38.59692983734383,39.46045684814453,388701000,0.0,0.0
2023-06-13 00:00:00-04:00,40.164076100144555,41.0785778084364,39.71832028335553,40.99961853027344,613208000,0.0,0.0
2023-06-14 00:00:00-04:00,40.8017229530102,42.97653416086688,40.52986821598953,42.97353744506836,740465000,0.0,0.0
2023-06-15 00:00:00-04:00,42.57875935956908,43.265384836246646,42.12400575806211,42.629730224609375,568622000,0.0,0.0
2023-06-16 00:00:00-04:00,43.426294660759105,43.69714671301747,42.63772367115166,42.66870880126953,655709000,0.0,0.0
2023-06-20 00:00:00-04:00,42.974540163328015,43.96599947936296,42.65071563542564,43.784095764160156,451153000,0.0,0.0
2023-06-21 00:00:00-04:00,43.4772635468863,43.59120357044556,42.05704128100148,43.02151107788086,551603000,0.0,0.0
2023-06-22 00:00:00-04:00,42.22994767790135,43.40230809572924,42.21096084923493,43.001529693603516,417737000,0.0,0.0
2023-06-23 00:00:00-04:00,42.440832245341774,42.78564141996851,41.99207590923577,42.185970306396484,358140000,0.0,0.0
2023-06-26 00:00:00-04:00,42.43782552753006,42.74066156890999,40.07811397770065,40.609825134277344,594322000,0.0,0.0
2023-06-27 00:00:00-04:00,40.77673370825854,41.917109847802685,40.425927340777655,41.853145599365234,462175000,0.0,0.0
2023-06-28 00:00:00-04:00,40.637818733572594,41.822173657024464,40.495897906410136,41.09457015991211,582639000,0.0,0.0
2023-06-29 00:00:00-04:00,41.53532693406014,41.57730383820015,40.57784938235287,40.79972839355469,380514000,0.0,0.0
2023-06-30 00:00:00-04:00,41.657256974665316,42.52678117830855,41.47835379473084,42.27891540527344,501148000,0.0,0.0
2023-07-03 00:00:00-04:00,42.4938054204214,42.874598104799084,42.178978624337354,42.389862060546875,198209000,0.0,0.0
2023-07-05 00:00:00-04:00,42.112011067613764,43.15344240900505,42.062039108236945,42.293914794921875,323618000,0.0,0.0
2023-07-06 00:00:00-04:00,41.8211671860052,42.15598345897762,41.323437850288094,42.08002471923828,303582000,0.0,0.0
2023-07-07 00:00:00-04:00,42.298907804592,43.19042323587049,42.156986987539184,42.47980880737305,355881000,0.0,0.0
2023-07-10 00:00:00-04:00,42.633723309603205,42.787638599844065,41.6262701482501,42.156982421875,353908000,0.0,0.0
2023-07-11 00:00:00-04:00,42.45782138833829,42.734670684336905,42.04404961503228,42.38186264038086,298244000,0.0,0.0
2023-07-12 00:00:00-04:00,43.00952257917707,43.91103088418023,42.753661731653004,43.878047943115234,481277000,0.0,0.0
2023-07-13 00:00:00-04:00,44.49371584363228,46.12982004252078,44.46772905127002,45.95191955566406,478204000,0.0,0.0
2023-07-14 00:00:00-04:00,46.55758543157375,48.061765401261425,45.0354175393941,45.44419479370117,772075000,0.0,0.0
2023-07-17 00:00:00-04:00,46.26374664142169,46.47063062366615,45.23730653549651,46.43564987182617,510488000,0.0,0.0
2023-07-18 00:00:00-04:00,46.675515893049734,47.86986348716586,45.7090445218803,47.468082427978516,569164000,0.0,0.0
2023-07-19 00:00:00-04:00,47.43810135841546,47.79190828525745,46.71649520501369,47.05131149291992,427502000,0.0,0.0
2023-07-20 00:00:00-04:00,46.48162782743177,47.061313235391935,45.03741645990332,45.49516677856445,537865000,0.0,0.0
2023-07-21 00:00:00-04:00,45.763017562258014,45.84097793575254,44.07593876183976,44.28482437133789,963769000,0.0,0.0
2023-07-24 00:00:00-04:00,44.70659248014653,45.08438839809802,44.01597143107396,44.5876579284668,382516000,0.0,0.0
2023-07-25 00:00:00-04:00,44.916479357127734,46.15779841353938,44.89848762347168,45.654075622558594,348081000,0.0,0.0
2023-07-26 00:00:00-04:00,45.99588624332529,46.027870275466796,44.60564647122582,45.42719650268555,364237000,0.0,0.0
2023-07-27 00:00:00-04:00,46.49361978738997,47.3691412842477,45.72503835474356,45.87495803833008,455976000,0.0,0.0
2023-07-28 00:00:00-04:00,46.642535130211954,47.00134040286981,46.35569298072291,46.724491119384766,331194000,0.0,0.0
2023-07-31 00:00:00-04:00,46.72848290547878,47.10427713262333,46.48061716784997,46.703495025634766,251055000,0.0,0.0
2023-08-01 00:00:00-04:00,46.434649363103794,46.87441172832599,46.00188696062389,46.481624603271484,237858000,0.0,0.0
2023-08-02 00:00:00-04:00,45.80600223710468,45.8149961994171,43.363335100892726,44.24485397338867,530142000,0.0,0.0
2023-08-03 00:00:00-04:00,43.776101176403955,45.093382845124545,43.776101176403955,44.4907112121582,324176000,0.0,0.0
2023-08-04 00:00:00-04:00,44.96045829684696,45.617097541524984,44.36878221779862,44.65562438964844,362666000,0.0,0.0
2023-08-07 00:00:00-04:00,45.086390535169315,45.51515735566512,44.538689151581146,45.3922233581543,322154000,0.0,0.0
2023-08-08 00:00:00-04:00,44.82852923844918,45.217316942470724,44.03196319010825,44.63963317871094,353843000,0.0,0.0
2023-08-09 00:00:00-04:00,44.24984760036063,44.287828885113804,42.11101554142512,42.53078842163086,586449000,0.0,0.0
2023-08-10 00:00:00-04:00,42.13699574373503,43.550225675456986,41.81217231360565,42.364871978759766,492705000,0.0,0.0
2023-08-11 00:00:00-04:00,41.728217445224736,41.99507385757675,40.61682471129046,40.832706451416016,533085000,0.0,0.0
2023-08-14 00:00:00-04:00,40.4639102150388,43.77610121709491,40.28900646052013,43.7291259765625,690286000,0.0,0.0
2023-08-15 00:00:00-04:00,44.53569544040969,45.24330943400887,43.6861567983136,43.91603088378906,676512000,0.0,0.0
2023-08-16 00:00:00-04:00,44.49570885554983,44.65062306232533,43.38231446466475,43.46227264404297,527451000,0.0,0.0
2023-08-17 00:00:00-04:00,43.94600464449855,44.03795349007865,42.97753170604989,43.32034683227539,452395000,0.0,0.0
2023-08-18 00:00:00-04:00,42.611732431819654,43.55421863038225,41.63726601370566,43.27537155151367,583768000,0.0,0.0
2023-08-21 00:00:00-04:00,44.46972532960602,47.03932184051733,44.197874362477556,46.941375732421875,692573000,0.0,0.0
2023-08-22 00:00:00-04:00,48.108734662611624,48.16070824217046,45.30826536444509,45.64308166503906,755293000,0.0,0.0
2023-08-23 00:00:00-04:00,45.84097961779093,47.174251508019,45.18333763432702,47.09029769897461,779046000,0.0,0.0
2023-08-24 00:00:00-04:00,50.1885998204007,50.23857177595236,47.13326863032971,47.137264251708984,1156044000,0.0,0.0
2023-08-25 00:00:00-04:00,46.98635035429789,47.77891694569502,44.999432271074504,45.99289321899414,925341000,0.0,0.0
2023-08-28 00:00:00-04:00,46.45663639493685,46.9543657684175,44.863508175320256,46.809444427490234,685192000,0.0,0.0
2023-08-29 00:00:00-04:00,46.64053709400586,49.05422026588247,46.36568562252749,48.757381439208984,701397000,0.0,0.0
2023-08-30 00:00:00-04:00,49.01723659596874,49.89975418473673,48.39857488779277,49.237117767333984,735206000,0.0,0.0
2023-08-31 00:00:00-04:00,49.353059479355466,49.71685929593791,48.93128883683363,49.32807159423828,528570000,0.0,0.0
2023-09-01 00:00:00-04:00,49.73485494683887,49.772832417582066,48.11573594167944,48.48253631591797,463830000,0.0,0.0
2023-09-05 00:00:00-04:00,48.196691434350704,48.824350993462005,47.83389050664192,48.521514892578125,382653000,0.0,0.0
2023-09-06 00:00:00-04:00,48.41855768556727,48.52650554110728,46.55841988311631,47.0391960144043,468670000,0.004,0.0
2023-09-07 00:00:00-04:00,45.50390615122535,46.322526887042805,45.13107789383709,46.219573974609375,433330000,0.0,0.0
2023-09-08 00:00:00-04:00,45.920715564296074,46.584405572056994,45.25002501733814,45.55088424682617,473069000,0.0,0.0
2023-09-11 00:00:00-04:00,46.12661816019719,46.14161060053682,44.29147025437245,45.15707015991211,473966000,0.0,0.0
2023-09-12 00:00:00-04:00,44.7172700232729,45.65183817230261,44.510365202730895,44.84920883178711,349256000,0.0,0.0
2023-09-13 00:00:00-04:00,44.57933609209525,45.90872175707665,44.482380908447524,45.46392822265625,398355000,0.0,0.0
2023-09-14 00:00:00-04:00,45.92871548306057,45.965697093021376,45.110094621925995,45.55988693237305,370097000,0.0,0.0
2023-09-15 00:00:00-04:00,45.319995927008314,45.57787583202591,43.78770512533303,43.87966537475586,506831000,0.0,0.0
2023-09-18 00:00:00-04:00,42.72819123361807,44.221498380036465,41.98053676641629,43.94562530517578,500271000,0.0,0.0
2023-09-19 00:00:00-04:00,43.81269066855042,43.94562846497067,42.98207442166159,43.49983596801758,373064000,0.0,0.0
2023-09-20 00:00:00-04:00,43.579802461208814,43.88266351133672,42.203441401322486,42.21943283081055,367108000,0.0,0.0
2023-09-21 00:00:00-04:00,41.563736977268604,42.08049577030541,40.96101567472074,40.99799728393555,450736000,0.0,0.0
2023-09-22 00:00:00-04:00,41.552736723974945,42.09548821247719,41.21189511865896,41.590721130371094,479236000,0.0,0.0
2023-09-25 00:00:00-04:00,41.57173394062744,42.51629589542394,41.15792424834583,42.20244216918945,419091000,0.0,0.0
2023-09-26 00:00:00-04:00,41.98154094572675,42.800161757936735,41.6357005718536,41.89158248901367,402282000,0.0,0.0
2023-09-27 00:00:00-04:00,42.31039336126926,42.85214210831798,41.60971787103185,42.448326110839844,444935000,0.0,0.0
2023-09-28 00:00:00-04:00,42.4403244191023,43.42586759785592,42.095486874346165,43.069034576416016,424663000,0.0,0.0
2023-09-29 00:00:00-04:00,43.80669465697379,44.123549133326094,43.28693511492848,43.47884750366211,397830000,0.0,0.0
2023-10-02 00:00:00-04:00,44.00959530378771,45.15406516901344,43.84067489943253,44.76124954223633,433298000,0.0,0.0
2023-10-03 00:00:00-04:00,44.78723595609942,45.109089160595936,43.22595946616348,43.49683380126953,470850000,0.0,0.0
2023-10-04 00:00:00-04:00,43.72173808377064,44.12255330566711,43.27194577354406,44.020599365234375,361821000,0.0,0.0
2023-10-05 00:00:00-04:00,44.02959243795168,44.879200950918715,43.867668737435245,44.66729736328125,393483000,0.0,0.0
2023-10-06 00:00:00-04:00,44.17252932671095,45.76779068476559,44.00560686892616,45.74080276489258,434436000,0.0,0.0
2023-10-09 00:00:00-04:00,44.8212255136796,45.58387253374561,44.34744607540805,45.25202560424805,409675000,0.0,0.0
2023-10-10 00:00:00-04:00,45.289010107776726,46.23756795276768,45.06711283415853,45.77678298950195,368582000,0.0,0.0
2023-10-11 00:00:00-04:00,46.17460275218862,46.83729768668541,46.028670465862824,46.78432083129883,378137000,0.0,0.0
2023-10-12 00:00:00-04:00,46.75532686388765,47.58694209872688,46.30853537914647,46.923248291015625,481325000,0.0,0.0
2023-10-13 00:00:00-04:00,46.93824369140591,47.09417346423808,45.25902168835329,45.439937591552734,474115000,0.0,0.0
2023-10-16 00:00:00-04:00,45.04212688013775,46.20358739976767,44.8911958461008,46.07365036010742,375099000,0.0,0.0
2023-10-17 00:00:00-04:00,43.9796198725083,44.73327224791512,42.46032345572455,43.91764831542969,812333000,0.0,0.0
2023-10-18 00:00:00-04:00,42.571266267488184,43.19897746718347,41.805622331067,42.176448822021484,627294000,0.0,0.0
2023-10-19 00:00:00-04:00,42.79116734856338,43.27694225554759,41.86259688147746,42.08149719238281,501233000,0.0,0.0
2023-10-20 00:00:00-04:00,41.870593705500575,42.450326848741874,41.0589695927208,41.367828369140625,477266000,0.0,0.0
2023-10-23 00:00:00-04:00,41.209903709929456,43.22796955938642,40.92603485604566,42.95509338378906,478530000,0.0,0.0
2023-10-24 00:00:00-04:00,43.05704182148603,43.67675350399577,42.67122288444641,43.64276885986328,401463000,0.0,0.0
2023-10-25 00:00:00-04:00,43.37788900782008,43.629774950649335,41.53574451341277,41.759639739990234,398379000,0.0,0.0
2023-10-26 00:00:00-04:00,41.833612702341114,42.23642589504536,39.86152709976489,40.30731964111328,541001000,0.0,0.0
2023-10-27 00:00:00-04:00,41.11094855365019,41.18691356194545,39.99646337372596,40.481239318847656,416784000,0.0,0.0
2023-10-30 00:00:00-04:00,41.0679702193919,41.746652746404344,40.462248113483334,41.14193344116211,388028000,0.0,0.0
2023-10-31 00:00:00-04:00,40.431267029772826,40.860069199780845,39.21183083198442,40.761112213134766,517969000,0.0,0.0
2023-11-01 00:00:00-04:00,40.86506257244454,42.361370852066266,40.85007013008419,42.305397033691406,437593000,0.0,0.0
2023-11-02 00:00:00-04:00,43.307924724858786,43.86366687925398,42.874127693562194,43.485843658447266,409172000,0.0,0.0
2023-11-03 00:00:00-04:00,43.99960568025811,45.28800612867796,43.70274239785865,44.98414993286133,424610000,0.0,0.0
2023-11-06 00:00:00-05:00,45.2640212668527,45.9137216751558,44.87819849776826,45.72980499267578,400733000,0.0,0.0
2023-11-07 00:00:00-05:00,45.69782127762116,46.19658683928955,45.137080351571434,45.933712005615234,343165000,0.0,0.0
2023-11-08 00:00:00-05:00,46.07863835763678,46.84528507821162,45.94669954943022,46.55242156982422,346719000,0.0,0.0
2023-11-09 00:00:00-05:00,47.44500813069146,48.207655129484806,46.728341254280565,46.92824935913086,540496000,0.0,0.0
2023-11-10 00:00:00-05:00,47.47799081031637,48.44954055480649,47.26109230316845,48.31260299682617,421245000,0.0,0.0
2023-11-13 00:00:00-05:00,48.29761289799248,49.0932455425318,48.07671461686158,48.59747314453125,384136000,0.0,0.0
2023-11-14 00:00:00-05:00,49.656982745411305,49.81091072360735,49.0172798779873,49.632991790771484,416954000,0.0,0.0
2023-11-15 00:00:00-05:00,49.91186458554616,49.93685071433626,48.17766786704911,48.86534881591797,475497000,0.0,0.0
2023-11-16 00:00:00-05:00,48.656453168876766,49.50206198018349,48.30761579872143,49.45708084106445,339756000,0.0,0.0
2023-11-17 00:00:00-05:00,49.501058800683616,49.69397019639206,48.98429998268991,49.27516555786133,325205000,0.0,0.0
2023-11-20 00:00:00-05:00,49.28915864996291,50.52458618809572,49.15821881141774,50.385650634765625,414120000,0.0,0.0
2023-11-21 00:00:00-05:00,50.10277517356445,50.4935928571012,49.19919468409959,49.920860290527344,565747000,0.0,0.0
2023-11-22 00:00:00-05:00,49.82890718697637,50.311681331872194,47.667906173948076,48.69343185424805,899420000,0.0,0.0
2023-11-24 00:00:00-05:00,48.447542972132375,48.898334217844386,47.72287660824091,47.75386428833008,294645000,0.0,0.0
2023-11-27 00:00:00-05:00,47.77785748284775,48.50751887716154,47.62992722854215,48.21965408325195,395662000,0.0,0.0
2023-11-28 00:00:00-05:00,48.2136481790491,48.300609664179134,47.45100125443084,47.7988395690918,401491000,0.0,0.0
2023-11-29 00:00:00-05:00,48.35658634646633,48.739408312871504,47.83782580627924,48.11769485473633,382005000,0.0,0.0
2023-11-30 00:00:00-05:00,48.00174983128795,48.08771233820332,46.400494624850445,46.74833297729492,526247000,0.0,0.0
2023-12-01 00:00:00-05:00,46.50345283310802,47.17813943501106,46.16560813180413,46.74333953857422,369317000,0.0,0.0
2023-12-04 00:00:00-05:00,46.05565315263873,46.05565315263873,44.989146129304046,45.488914489746094,437543000,0.0,0.0
2023-12-05 00:00:00-05:00,45.44892610639851,46.582499135380694,45.25399963830875,46.54851531982422,371718000,0.004,0.0
2023-12-06 00:00:00-05:00,47.197275238129286,47.36921155253726,45.39495069645239,45.48591613769531,380590000,0.0,0.0
2023-12-07 00:00:00-05:00,45.682846700658764,46.611498843154216,45.58688206431512,46.57851028442383,350823000,0.0,0.0
2023-12-08 00:00:00-05:00,46.57750949930058,47.72307920041658,46.53252440936205,47.48816680908203,359224000,0.0,0.0
2023-12-11 00:00:00-05:00,47.47317498768805,47.51315707527434,45.81279915946564,46.6094970703125,509728000,0.0,0.0
2023-12-12 00:00:00-05:00,46.028715290198626,47.64810605776617,46.028715290198626,47.63911056518555,372387000,0.0,0.0
2023-12-13 00:00:00-05:00,47.61112654633229,48.57576453625137,47.59013451910957,48.06995391845703,447792000,0.0,0.0
2023-12-14 00:00:00-05:00,48.37183404392987,48.65172771318974,47.40419892072773,48.33184814453125,391232000,0.0,0.0
2023-12-15 00:00:00-05:00,48.17590524193445,49.38545001807013,48.10193171433854,48.87164306640625,479948000,0.0,0.0
2023-12-18 00:00:00-05:00,49.381456841806674,50.414066187630915,49.13155069141953,50.05820083618164,412587000,0.0,0.0
2023-12-19 00:00:00-05:00,49.40544401373602,49.68134136834579,48.87664329291069,49.58537673950195,464444000,0.0,0.0
2023-12-20 00:00:00-05:00,49.636352578237826,49.98022517040364,48.07993804838336,48.092933654785156,397894000,0.0,0.0
2023-12-21 00:00:00-05:00,48.79267736467951,49.076571148767,48.40082241502789,48.97161102294922,300425000,0.0,0.0
2023-12-22 00:00:00-05:00,49.17653306295307,49.36446221767303,48.44880569619553,48.81167221069336,252507000,0.0,0.0
2023-12-26 00:00:00-05:00,48.949613984887115,49.581376676631486,48.94161756801922,49.260498046875,244200000,0.0,0.0
2023-12-27 00:00:00-05:00,49.49241542635842,49.661350703421,49.066572842938115,49.3984489440918,233648000,0.0,0.0
2023-12-28 00:00:00-05:00,49.62436711615611,49.86527396770583,49.39345101981501,49.50341033935547,246587000,0.0,0.0
2023-12-29 00:00:00-05:00,49.79430147307111,49.978234327074226,48.732699840316755,49.50341033935547,389293000,0.0,0.0
2024-01-02 00:00:00-05:00,49.22551389912714,49.27649344260116,47.57713465197093,48.14991760253906,411254000,0.0,0.0
2024-01-03 00:00:00-05:00,47.46717554449256,48.16591065021649,47.302236567517355,47.551143646240234,320896000,0.0,0.0
2024-01-04 00:00:00-05:00,47.74906818641796,48.48179475152094,47.49016653492504,47.979984283447266,306535000,0.0,0.0
2024-01-05 00:00:00-05:00,48.4438038170967,49.52839547317931,48.28786035280196,49.07856369018555,415039000,0.0,0.0
2024-01-08 00:00:00-05:00,49.493414803058315,52.2553780928012,49.46042624518818,52.23338317871094,642510000,0.0,0.0
2024-01-09 00:00:00-05:00,52.38133132087113,54.304608899415356,51.670595858503674,53.120052337646484,773100000,0.0,0.0
2024-01-10 00:00:00-05:00,53.59587940710282,54.57950746453521,53.468924354297435,54.3296012878418,533796000,0.0,0.0
2024-01-11 00:00:00-05:00,54.978353810668786,55.32522366817502,53.539894837912634,54.80141830444336,596759000,0.0,0.0
2024-01-12 00:00:00-05:00,54.59949438818704,54.94936528488959,54.30960615330977,54.68946075439453,352994000,0.0,0.0
2024-01-16 00:00:00-05:00,54.99734961591672,56.813665103138256,54.879393878712925,56.360836029052734,449580000,0.0,0.0
2024-01-17 00:00:00-05:00,56.325847887071866,56.44980188752581,54.71945269845349,56.031959533691406,474394000,0.0,0.0
2024-01-18 00:00:00-05:00,57.23850228505454,57.57837479782586,56.08593525602744,57.0855598449707,491650000,0.0,0.0
2024-01-19 00:00:00-05:00,57.967230984594906,59.47766538428564,57.203517829580356,59.46866989135742,543501000,0.0,0.0
2024-01-22 00:00:00-05:00,60.02646308238528,60.308358741109046,59.047830414692214,59.63161087036133,452955000,0.0,0.0
2024-01-23 00:00:00-05:00,59.54764104000483,59.88751357892662,58.56301013401379,59.850528717041016,294654000,0.0,0.0
2024-01-24 00:00:00-05:00,60.28136484798457,62.82540771389363,59.91550110281905,61.338966369628906,560271000,0.0,0.0
2024-01-25 00:00:00-05:00,62.326590967001806,62.69545573126452,60.8271540987025,61.593868255615234,482777000,0.0,0.0
2024-01-26 00:00:00-05:00,60.93711847607482,61.759811433716834,60.550266507965134,61.00809097290039,390309000,0.0,0.0
2024-01-29 00:00:00-05:00,61.209012360122756,62.46554046020734,60.884137413565526,62.441551208496094,348733000,0.0,0.0
2024-01-30 00:00:00-05:00,62.876387020851176,63.46916289646236,62.23662409247559,62.750431060791016,410735000,0.0,0.0
2024-01-31 00:00:00-05:00,61.41693710561366,62.24562831970366,60.6772170002544,61.50390625,453795000,0.0,0.0
2024-02-01 00:00:00-05:00,62.07668769492248,63.167281577618986,61.626859664228725,63.00334167480469,369146000,0.0,0.0
2024-02-02 00:00:00-05:00,63.94998587832111,66.57499963939881,63.66609208338151,66.13516998291016,476578000,0.0,0.0
2024-02-05 00:00:00-05:00,68.19939012424172,69.47091584987561,67.17977633836104,69.30597686767578,680078000,0.0,0.0
2024-02-06 00:00:00-05:00,69.60386495591794,69.72781896754408,66.27512050871108,68.19739532470703,683111000,0.0,0.0
2024-02-07 00:00:00-05:00,68.29334720317483,70.1936343745623,67.57461541049389,70.07267761230469,495575000,0.0,0.0
2024-02-08 00:00:00-05:00,70.04768899799114,70.76741990227906,69.42892572649546,69.61485290527344,414422000,0.0,0.0
2024-02-09 00:00:00-05:00,70.50652846806685,72.15790895507466,70.18564978274989,72.1059341430664,436637000,0.0,0.0
2024-02-12 00:00:00-05:00,72.57274383383451,74.5829904741092,71.22325216031359,72.22087860107422,613710000,0.0,0.0
2024-02-13 00:00:00-05:00,70.37358093821054,73.42243172037925,69.5938748865512,72.1009292602539,602580000,0.0,0.0
2024-02-14 00:00:00-05:00,73.17452501401227,74.20813345586252,71.91099955356471,73.87226104736328,504917000,0.0,0.0
2024-02-15 00:00:00-05:00,73.84127361084667,73.9472289995395,72.37282328939969,72.63072204589844,420122000,0.0,0.0
2024-02-16 00:00:00-05:00,74.07218040927339,74.37406898709354,72.47378167003887,72.58573913574219,495327000,0.0,0.0
2024-02-20 00:00:00-05:00,71.91999242878622,71.92899173506727,67.70857639129635,69.42593383789062,704833000,0.0,0.0
2024-02-21 00:00:00-05:00,67.9804743369606,68.86214710879592,66.22313849991595,67.4466781616211,690298000,0.0,0.0
2024-02-22 00:00:00-05:00,74.99683289517465,78.54549544838737,74.19213483266267,78.50851440429688,865100000,0.0,0.0
2024-02-23 00:00:00-05:00,80.759665666911,82.36305967089498,77.54087350099768,78.78740692138672,829388000,0.0,0.0
2024-02-26 00:00:00-05:00,79.67009046088133,80.6157422578572,78.47553917565106,79.06232452392578,503973000,0.0,0.0
2024-02-27 00:00:00-05:00,79.35119274989219,79.45016223022866,77.13303174065258,78.67144775390625,391705000,0.0,0.0
2024-02-28 00:00:00-05:00,77.59087459563746,78.90337778350795,77.09605760677522,77.63385772705078,393110000,0.0,0.0
2024-02-29 00:00:00-05:00,79.06430729405044,79.9599670015527,78.3205833213307,79.0822982788086,507289000,0.0,0.0
2024-03-01 00:00:00-05:00,79.96996422541928,82.26910374751212,79.40517391258761,82.24810791015625,479135000,0.0,0.0
2024-03-04 00:00:00-05:00,84.09841513764894,87.66207928922401,83.6875739405617,85.20500183105469,615616000,0.0,0.0
2024-03-05 00:00:00-05:00,85.24198821051228,86.06872004565462,83.38960003379123,85.93576049804688,520639000,0.004,0.0
2024-03-06 00:00:00-05:00,87.99308922719804,89.69452599594824,87.00141069166892,88.67086029052734,582520000,0.0,0.0
2024-03-07 00:00:00-05:00,90.12837327546654,92.73651717702312,89.57255620841083,92.6385498046875,608119000,0.0,0.0
2024-03-08 00:00:00-05:00,95.10675351305797,97.36801162259309,86.47758481062256,87.49925231933594,1142269000,0.0,0.0
2024-03-11 00:00:00-04:00,86.40061803177863,88.7678366102768,84.13836070078284,85.74583435058594,678364000,0.0,0.0
2024-03-12 00:00:00-04:00,88.02007593748665,91.92978650047704,86.1216977613809,91.88280487060547,668075000,0.0,0.0
2024-03-13 00:00:00-04:00,91.02508398682748,91.47393396528192,88.40594204784502,90.85813903808594,635713000,0.0,0.0
2024-03-14 00:00:00-04:00,89.54757446626068,90.61622350841212,86.57154750613068,87.91510772705078,602318000,0.0,0.0
2024-03-15 00:00:00-04:00,86.90143633231817,89.51657406692517,86.22866094849327,87.80813598632812,642086000,0.0,0.0
2024-03-18 00:00:00-04:00,90.35831286729302,92.37464868231102,87.05639632268333,88.42594909667969,668976000,0.0,0.0
2024-03-19 00:00:00-04:00,86.67151765212044,90.51425674084177,84.98207797118587,89.36863708496094,672171000,0.0,0.0
2024-03-20 00:00:00-04:00,89.76749997737916,90.38030520484318,88.19401951660328,90.34231567382812,479063000,0.0,0.0
2024-03-21 00:00:00-04:00,92.26968196617385,92.61756721905257,90.37530021359187,91.40496063232422,480372000,0.0,0.0
2024-03-22 00:00:00-04:00,91.11105766429952,94.7468638928685,90.8041593115699,94.25802612304688,586719000,0.0,0.0
2024-03-25 00:00:00-04:00,93.91013861786189,96.7342074446901,93.47928046219188,94.97078704833984,552136000,0.0,0.0
2024-03-26 00:00:00-04:00,95.8195062336972,96.34333614885402,92.47160751849903,92.53058624267578,513648000,0.0,0.0
2024-03-27 00:00:00-04:00,93.08140362412708,93.20935991690288,89.09371596526927,90.22034454345703,586067000,0.0,0.0
2024-03-28 00:00:00-04:00,89.97043098866838,91.2700069314821,89.163696917333,90.3263168334961,435212000,0.0,0.0
2024-04-01 00:00:00-04:00,90.26933865065378,92.1947007975338,89.17469715880289,90.33331298828125,452441000,0.0,0.0
2024-04-02 00:00:00-04:00,88.41893947358703,90.06440242112468,87.59121620163441,89.42261505126953,433064000,0.0,0.0
2024-04-03 00:00:00-04:00,88.45493823513225,90.3443168469122,88.3709661913593,88.93477630615234,370067000,0.0,0.0
2024-04-04 00:00:00-04:00,90.37629845117095,90.60422800372173,85.85178433643762,85.87677764892578,434965000,0.0,0.0
2024-04-05 00:00:00-04:00,86.8374646504957,88.45193966671309,85.89777859630549,87.97909545898438,399678000,0.0,0.0
2024-04-08 00:00:00-04:00,88.67085666122206,88.80081883400379,86.70350850941023,87.10437774658203,283220000,0.0,0.0
2024-04-09 00:00:00-04:00,87.41326961083752,87.60620698800746,82.99472376686872,85.3259506225586,503547000,0.0,0.0
2024-04-10 00:00:00-04:00,83.89843024698811,87.3712879556285,83.68149867040677,87.01040649414062,431929000,0.0,0.0
2024-04-11 00:00:00-04:00,87.39127824687137,90.70918810631315,86.89744487180356,90.58622741699219,431637000,0.0,0.0
2024-04-12 00:00:00-04:00,89.66953943111257,90.1453886602286,87.50125303417155,88.15703582763672,426805000,0.0,0.0
2024-04-15 00:00:00-04:00,89.06873054875433,90.58323225547265,85.9007728583494,85.97274780273438,443077000,0.0,0.0
2024-04-16 00:00:00-04:00,86.40460421758179,88.08904823109181,86.03572977127556,87.38628387451172,370453000,0.0,0.0
2024-04-17 00:00:00-04:00,88.3109710984958,88.7458333599475,83.92241409948026,84.00739288330078,495400000,0.0,0.0
2024-04-18 00:00:00-04:00,84.94208621726145,86.16168663370678,82.37492908333081,84.64318084716797,447260000,0.0,0.0
2024-04-19 00:00:00-04:00,83.12269469975273,84.29630512599306,75.58117346384236,76.17497253417969,875198000,0.0,0.0
2024-04-22 00:00:00-04:00,78.07834524781059,80.04670035538005,76.3749101252901,79.49188232421875,596341000,0.0,0.0
2024-04-23 00:00:00-04:00,80.74246382535908,82.7418068067518,80.23763246823718,82.39591979980469,438559000,0.0,0.0
2024-04-24 00:00:00-04:00,83.92242471814481,84.0543851474842,79.15699208262093,79.65083312988281,512208000,0.0,0.0
2024-04-25 00:00:00-04:00,78.84208734175279,83.29562566305763,78.19730258611348,82.6048583984375,424641000,0.0,0.0
2024-04-26 00:00:00-04:00,83.79046380504667,88.30198162324554,83.35960564687717,87.7061767578125,551011000,0.0,0.0
2024-04-29 00:00:00-04:00,87.56622296271497,87.96308807915567,85.23798574736955,87.7281723022461,388971000,0.0,0.0
2024-04-30 00:00:00-04:00,87.21134895392602,88.7898328026838,86.27166282860942,86.37362670898438,363709000,0.0,0.0
2024-05-01 00:00:00-04:00,85.04905184528752,85.9717451202874,81.22830132116862,83.01371765136719,559863000,0.0,0.0
2024-05-02 00:00:00-04:00,84.42125626969049,86.20867093085921,83.17266601309362,85.78881072998047,377898000,0.0,0.0
2024-05-03 00:00:00-04:00,87.76016278941914,89.25166943381491,87.01140828668458,88.75983428955078,398341000,0.0,0.0
2024-05-06 00:00:00-04:00,89.36062948973989,92.18970149787158,89.02574047227303,92.10972595214844,376203000,0.0,0.0
2024-05-07 00:00:00-04:00,91.06806618454974,91.75084041902228,88.98175395384375,90.52424621582031,437342000,0.0,0.0
2024-05-08 00:00:00-04:00,89.45361321300157,91.16404981267715,89.39063036492911,90.38230895996094,325721000,0.0,0.0
2024-05-09 00:00:00-04:00,90.4992620554592,91.04208295679378,88.20202038816478,88.71784973144531,378013000,0.0,0.0
2024-05-10 00:00:00-04:00,90.27534193987526,91.37098265790202,89.19769305265027,89.84848022460938,335325000,0.0,0.0
2024-05-13 00:00:00-04:00,90.44827727503778,90.96811074029578,88.49991996993283,90.36930847167969,289680000,0.0,0.0
2024-05-14 00:00:00-04:00,89.5695622301617,91.62089001998181,88.904779793576,91.32598876953125,296507000,0.0,0.0
2024-05-15 00:00:00-04:00,92.44161932872312,94.83083350687552,91.5689050462718,94.59890747070312,417735000,0.0,0.0
2024-05-16 00:00:00-04:00,94.87882442022669,95.78752238437566,94.07208269713682,94.3280029296875,323952000,0.0,0.0
2024-05-17 00:00:00-04:00,94.33799437588382,94.70886703782735,91.77583301886031,92.4486083984375,359691000,0.0,0.0
2024-05-20 00:00:00-04:00,93.71921034558147,95.16873108150425,93.40931459730984,94.74887084960938,318764000,0.0,0.0
2024-05-21 00:00:00-04:00,93.56825212335475,95.36866300361463,93.14939104451075,95.35466766357422,328946000,0.0,0.0
2024-05-22 00:00:00-04:00,95.42765114316352,95.98846392246197,93.21837781672151,94.91881561279297,548648000,0.0,0.0
2024-05-23 00:00:00-04:00,101.99449335003398,106.28508365177811,101.48665694608555,103.7649154663086,835065000,0.0,0.0
2024-05-24 00:00:00-04:00,104.41469537259921,106.44003098960508,102.96617374072069,106.43403625488281,429494000,0.0,0.0
2024-05-28 00:00:00-04:00,110.2077900069521,114.90124747385036,109.84690852832622,113.86358642578125,652728000,0.0,0.0
2024-05-29 00:00:00-04:00,113.01286640628571,115.45405793078952,110.86457027293942,114.78727722167969,557442000,0.0,0.0
2024-05-30 00:00:00-04:00,114.61232962234554,115.78094422890767,109.62696874788826,110.46369171142578,487350000,0.0,0.0
2024-05-31 00:00:00-04:00,112.48303762096089,112.67997913664935,106.90487625910878,109.59699249267578,613263000,0.0,0.0
2024-06-03 00:00:00-04:00,113.58368201334555,114.96222686767578,111.96620962094242,114.96222686767578,438392000,0.0,0.0
2024-06-04 00:00:00-04:00,115.67799408835361,116.56169877793198,114.00753771578134,116.39875030517578,403324000,0.0,0.0
2024-06-05 00:00:00-04:00,118.33212409256934,122.40878000462286,117.42942079845784,122.39978790283203,528402000,0.0,0.0
2024-06-06 00:00:00-04:00,124.00725324087743,125.54574922421772,118.2811377621336,120.95825958251953,664696000,0.0,0.0
2024-06-07 00:00:00-04:00,119.73066046106749,121.65203391481319,117.98324108710487,120.84829711914062,412386000,0.0,0.0
2024-06-10 00:00:00-04:00,120.33046067723372,123.05955958930451,116.9715638416941,121.74999237060547,314162700,0.0,10.0
2024-06-11 00:00:00-04:00,121.73999195116299,122.83972700807324,118.7107397776175,120.88021087646484,222551200,0.01,0.0
2024-06-12 00:00:00-04:00,123.02967915018486,126.84873770805827,122.53980200765415,125.16915130615234,299595000,0.0,0.0
2024-06-13 00:00:00-04:00,129.35813218658845,129.7680348697194,127.12868568021801,129.5780792236328,260704500,0.0,0.0
2024-06-14 00:00:00-04:00,129.92799370452428,132.80727390157034,128.28839829543193,131.84751892089844,309320400,0.0,0.0
2024-06-17 00:00:00-04:00,132.9572533982128,133.69706139159663,129.54808953427707,130.94773864746094,288504400,0.0,0.0
2024-06-18 00:00:00-04:00,131.10769173939232,136.29641557179684,130.6578056523983,135.54660034179688,294335100,0.0,0.0
2024-06-20 00:00:00-04:00,139.76557010788932,140.72532511567726,129.48810330722768,130.74778747558594,517768400,0.0,0.0
2024-06-21 00:00:00-04:00,127.08867825178737,130.5978154647857,124.26937345205326,126.53881072998047,655484700,0.0,0.0
2024-06-24 00:00:00-04:00,123.20963548646723,124.42933613805307,118.01091965046173,118.08090209960938,476060900,0.0,0.0
2024-06-25 00:00:00-04:00,121.17013488438512,126.46883208603107,119.29060083723321,126.05892944335938,425787500,0.0,0.0
2024-06-26 00:00:00-04:00,126.09892059020918,128.08842814640124,122.56979155312732,126.36885833740234,362975900,0.0,0.0
2024-06-27 00:00:00-04:00,124.06941564080125,126.37885155800387,122.88970613137967,123.95944213867188,252571700,0.0,0.0
2024-06-28 00:00:00-04:00,124.54930428199576,127.67853027804634,122.71975337861936,123.50955963134766,315516700,0.0,0.0
2024-07-01 00:00:00-04:00,123.43958890104815,124.80924657003757,118.8007324055703,124.2693862915039,284885500,0.0,0.0
2024-07-02 00:00:00-04:00,121.10014907077634,123.37959365292392,121.00017523772506,122.6397705078125,218374000,0.0,0.0
2024-07-03 00:00:00-04:00,121.63003350315482,128.24839782714844,121.33010435521813,128.24839782714844,215749000,0.0,0.0
2024-07-05 00:00:00-04:00,127.34860945857926,128.81825608276083,125.64903140778242,125.79899597167969,214176700,0.0,0.0
2024-07-08 00:00:00-04:00,127.4585719244731,130.73776982046533,127.0086858992603,128.16839599609375,237677300,0.0,0.0
2024-07-09 00:00:00-04:00,130.3178959397844,133.78704236722226,128.61830251041144,131.34764099121094,285366600,0.0,0.0
2024-07-10 00:00:00-04:00,133.99698191654937,135.0667256558596,132.38737791270125,134.87677001953125,248978600,0.0,0.0
2024-07-11 00:00:00-04:00,135.71655549549055,136.1164508461357,127.0187019512054,127.36861419677734,374782700,0.0,0.0
2024-07-12 00:00:00-04:00,128.2284060345482,131.88750829381019,127.1886688828338,129.2081756591797,252680500,0.0,0.0
2024-07-15 00:00:00-04:00,130.52782847793975,131.35762580228223,127.14866403247436,128.40835571289062,208326200,0.0,0.0
2024-07-16 00:00:00-04:00,128.40836211736584,129.0082051584145,124.54931239200171,126.32887268066406,214769500,0.0,0.0
2024-07-17 00:00:00-04:00,121.32010271185337,121.8199795319496,116.69124610366761,117.96092987060547,390086200,0.0,0.0
2024-07-18 00:00:00-04:00,121.81998031239168,122.36984786902624,116.53128260658956,121.06016540527344,320979500,0.0,0.0
2024-07-19 00:00:00-04:00,120.32034177331325,121.57003374775046,117.341080377663,117.90093994140625,217223800,0.0,0.0
2024-07-22 00:00:00-04:00,120.3203432330864,124.03942781453529,119.8304661088677,123.50955963134766,258068900,0.0,0.0
2024-07-23 00:00:00-04:00,122.74974719191928,124.65928025097237,122.06991443104106,122.5597915649414,173911000,0.0,0.0
2024-07-24 00:00:00-04:00,119.1406333610656,119.92043994002134,113.41204956795865,114.22184753417969,327776900,0.0,0.0
2024-07-25 00:00:00-04:00,113.01214179627254,116.60125336651197,106.27380502948411,112.25232696533203,460067000,0.0,0.0
2024-07-26 00:00:00-04:00,116.16137637359374,116.17136841805404,111.55251154245995,113.03214263916016,293399100,0.0,0.0
2024-07-29 00:00:00-04:00,113.66198865142056,116.25134680115113,111.27257816967544,111.5625,248152100,0.0,0.0
2024-07-30 00:00:00-04:00,111.49251876218644,111.96240417731258,102.51473565355279,103.7044448852539,486833300,0.0,0.0
2024-07-31 00:00:00-04:00,112.87217777091092,118.31083191790377,110.85267132044424,116.99115753173828,473174200,0.0,0.0
2024-08-01 00:00:00-04:00,117.50104810323892,120.13040514788088,106.78368749587625,109.18309783935547,523462300,0.0,0.0
2024-08-02 00:00:00-04:00,103.73443867463745,108.69321575888374,101.3450281116693,107.24356842041016,482027500,0.0,0.0
2024-08-05 00:00:00-04:00,92.0373150047539,103.38452459369911,90.66765743904186,100.42524719238281,552842400,0.0,0.0
2024-08-06 00:00:00-04:00,103.8144091952266,107.68345833707174,100.52522659409519,104.22431182861328,409012100,0.0,0.0
2024-08-07 00:00:00-04:00,107.78343659639361,108.77319818362058,98.6656883565928,98.88563537597656,411440400,0.0,0.0
2024-08-08 00:00:00-04:00,101.97486813365401,105.47400576569116,97.49596860854,104.94413757324219,391910000,0.0,0.0
2024-08-09 00:00:00-04:00,105.6139698534446,106.57373239559361,103.40451530940655,104.72418975830078,290844200,0.0,0.0
2024-08-12 00:00:00-04:00,106.29380933051287,111.04263923804827,106.23382655143305,108.9931411743164,325559900,0.0,0.0
2024-08-13 00:00:00-04:00,112.41229629244809,116.20136332032301,111.55250759337807,116.11138153076172,312646700,0.0,0.0
2024-08-14 00:00:00-04:00,118.5007970340635,118.57077948335262,114.04189674110647,118.05091094970703,339246400,0.0,0.0
2024-08-15 00:00:00-04:00,118.73074633761901,123.2096384456698,117.44106320591041,122.8297348022461,318086700,0.0,0.0
2024-08-16 00:00:00-04:00,121.90995234205361,124.9691958147952,121.15013749579563,124.54930114746094,302589900,0.0,0.0
2024-08-19 00:00:00-04:00,124.24936523467589,129.96795654296875,123.38957660426745,129.96795654296875,318333600,0.0,0.0
2024-08-20 00:00:00-04:00,128.36836140301475,129.8480077753235,125.85898525590325,127.2186508178711,300087400,0.0,0.0
2024-08-21 00:00:00-04:00,127.288628455805,129.31813467743694,126.62879504399294,128.4683380126953,257883600,0.0,0.0
2024-08-22 00:00:00-04:00,129.98796994394152,130.717785815134,123.06966909662319,123.70951080322266,376189100,0.0,0.0
2024-08-23 00:00:00-04:00,125.82898983127045,129.56807382051312,125.18914813175064,129.33811950683594,323230300,0.0,0.0
2024-08-26 00:00:00-04:00,129.53808260280766,131.22765338990934,124.33935925298674,126.42884063720703,331964700,0.0,0.0
2024-08-27 00:00:00-04:00,125.01920259136338,129.1681743229575,123.84948497148315,128.26840209960938,303134600,0.0,0.0
2024-08-28 00:00:00-04:00,128.0884319398247,128.29838691719942,122.60978624415954,125.57905578613281,448101100,0.0,0.0
2024-08-29 00:00:00-04:00,121.33009516824127,124.39933835599817,116.68123949231907,117.56101989746094,453023300,0.0,0.0
2024-08-30 00:00:00-04:00,119.50054804230363,121.72000228172388,117.19111963899515,119.34059143066406,333751600,0.0,0.0
2024-09-03 00:00:00-04:00,115.9814171340765,116.18136480283337,107.26356453201906,107.973388671875,477155100,0.0,0.0
2024-09-04 00:00:00-04:00,105.38403194779274,113.24208832420429,104.09434887245212,106.18383026123047,372470300,0.0,0.0
2024-09-05 00:00:00-04:00,104.96413183407385,109.6229874268856,104.73419276980215,107.18358612060547,306850700,0.0,0.0
2024-09-06 00:00:00-04:00,108.0133719412909,108.12334543943037,100.92511547059387,102.80465698242188,413638100,0.0,0.0
2024-09-09 00:00:00-04:00,104.85415910703641,106.52375348417674,103.66445746112835,106.44377136230469,273912000,0.0,0.0
2024-09-10 00:00:00-04:00,107.78343479415585,109.37304700834024,104.92413884500664,108.0733642578125,268283700,0.0,0.0
2024-09-11 00:00:00-04:00,109.3630438515934,117.16112485124165,107.39352807236727,116.88119506835938,441422400,0.0,0.0
2024-09-12 00:00:00-04:00,116.82120128077001,120.77057045474369,115.3614370539407,119.12083435058594,367100500,0.01,0.0
2024-09-13 00:00:00-04:00,119.06084000976254,119.94069565795841,117.58107480834963,119.0808334350586,238358300,0.0,0.0
2024-09-16 00:00:00-04:00,116.77120810734208,118.16098383065176,114.34159881620232,116.7612075805664,248772300,0.0,0.0
2024-09-17 00:00:00-04:00,118.15099033708098,118.7808938826076,114.81153124290536,115.57140350341797,231925900,0.0,0.0
2024-09-18 00:00:00-04:00,115.87135202544096,117.68105834506785,113.20178347448297,113.35176086425781,310318900,0.0,0.0
2024-09-19 00:00:00-04:00,117.3311230698782,119.64075670028409,117.23114068021938,117.85104370117188,293506400,0.0,0.0
2024-09-20 00:00:00-04:00,117.041165532472,118.6009197546388,115.37143602446805,115.98133850097656,382462400,0.0,0.0
2024-09-23 00:00:00-04:00,116.5312567610485,116.97118080282907,114.84152614526418,116.24130249023438,206228500,0.0,0.0
2024-09-24 00:00:00-04:00,116.5012492087513,121.78040609310197,115.36143323881014,120.85055541992188,354966800,0.0,0.0
2024-09-25 00:00:00-04:00,122.00036937142775,124.91990547833531,121.5904392877682,123.4901351928711,284692900,0.0,0.0
2024-09-26 00:00:00-04:00,126.77960826024157,127.64946344549999,121.78041247124415,124.02005004882812,302582900,0.0,0.0
2024-09-27 00:00:00-04:00,123.9500642912149,124.01005220096552,119.24082267160239,121.38047790527344,271009200,0.0,0.0
2024-09-30 00:00:00-04:00,118.29096227592748,121.48045146740193,118.13099198549791,121.42046356201172,226553700,0.0,0.0
2024-10-01 00:00:00-04:00,121.75040758040218,122.42030559533124,115.77137385100936,116.9811782836914,302094500,0.0,0.0
2024-10-02 00:00:00-04:00,116.42127087200362,119.360792730428,115.12147695024304,118.83087921142578,221845900,0.0,0.0
2024-10-03 00:00:00-04:00,120.90054847309592,124.33999759824167,120.32063993396463,122.83023834228516,277118000,0.0,0.0
2024-10-04 00:00:00-04:00,124.91990339813242,125.01988578554294,121.810403092212,124.89990234375,243678100,0.0,0.0
2024-10-07 00:00:00-04:00,124.96989107230341,130.61898369823507,124.92989659161151,127.69945526123047,346250200,0.0,0.0
2024-10-08 00:00:00-04:00,130.23904002332463,133.45852325335272,129.39917881279587,132.86862182617188,285722500,0.0,0.0
2024-10-09 00:00:00-04:00,134.08841860906853,134.49835629027027,131.35886221320516,132.62864685058594,246191600,0.0,0.0
2024-10-10 00:00:00-04:00,131.8887724251562,134.97827142059657,130.97891523035668,134.78829956054688,242311300,0.0,0.0
2024-10-11 00:00:00-04:00,133.98843884138304,135.75815840657205,133.63850429309608,134.7783203125,170209500,0.0,0.0
2024-10-14 00:00:00-04:00,136.44805696221857,139.57755854294567,136.27808612883217,138.0478057861328,232347700,0.0,0.0
2024-10-15 00:00:00-04:00,137.84782283581688,138.547722466739,128.71930149862905,131.57884216308594,377831000,0.0,0.0
2024-10-16 00:00:00-04:00,133.9584403413635,136.5980149944232,131.55883256815804,135.6981658935547,264879700,0.0,0.0
2024-10-17 00:00:00-04:00,139.31759037510415,140.8673441853548,136.8479863322171,136.90797424316406,306435900,0.0,0.0
2024-10-18 00:00:00-04:00,138.64768884107772,138.87764756674068,137.25791307551907,137.97779846191406,176090200,0.0,0.0
2024-10-21 00:00:00-04:00,138.1077854115753,143.6868896484375,137.97780144123402,143.6868896484375,264554500,0.0,0.0
2024-10-22 00:00:00-04:00,142.88702644418225,144.39677817254247,141.7572032447214,143.56690979003906,226311600,0.0,0.0
2024-10-23 00:00:00-04:00,142.00715584596583,142.4070854107316,137.43789878035992,139.5375518798828,285930000,0.0,0.0
2024-10-24 00:00:00-04:00,140.79735837298583,141.3272719093067,138.4377373361036,140.38742065429688,172354900,0.0,0.0
2024-10-25 00:00:00-04:00,140.90732467853542,144.1068221770471,140.77735596279692,141.51722717285156,205122100,0.0,0.0
2024-10-28 00:00:00-04:00,142.9770029033179,143.11697977842437,140.02748037021578,140.49740600585938,173586700,0.0,0.0
2024-10-29 00:00:00-04:00,140.26742736816374,142.23711171034327,138.87765156261756,141.22727966308594,157593600,0.0,0.0
2024-10-30 00:00:00-04:00,139.51754595215704,140.30742741103543,136.78798938993828,139.3175811767578,179418100,0.0,0.0
2024-10-31 00:00:00-04:00,137.57788081150406,137.5878737112806,132.08875807974474,132.7386474609375,270039600,0.0,0.0
2024-11-01 00:00:00-04:00,134.67833522595924,137.2879161101812,134.5483665061615,135.3782196044922,207127800,0.0,0.0
2024-11-04 00:00:00-05:00,137.18793904541485,138.9376575905799,135.54820341905642,136.0281219482422,187528200,0.0,0.0
2024-11-05 00:00:00-05:00,137.4278859649573,140.3474144064953,137.30791015086248,139.8874969482422,160537400,0.0,0.0
2024-11-06 00:00:00-05:00,142.9370107400554,146.46644169789403,141.93717159604822,145.58657836914062,242043900,0.0,0.0
2024-11-07 00:00:00-05:00,146.3664587614797,148.9060435973239,146.14649291865044,148.85606384277344,207323300,0.0,0.0
2024-11-08 00:00:00-05:00,148.7460628790407,149.74590195013883,146.236457046531,147.6062469482422,175665800,0.0,0.0
2024-11-11 00:00:00-05:00,148.65606583595482,148.82605190369284,143.5469028263821,145.2366180419922,182325600,0.0,0.0
2024-11-12 00:00:00-05:00,146.7563770410738,149.62591028148023,145.98649668767203,148.26612854003906,198634700,0.0,0.0
2024-11-13 00:00:00-05:00,149.04602786184785,149.30598054586102,145.87652436377047,146.24647521972656,191903300,0.0,0.0
2024-11-14 00:00:00-05:00,147.6162371498861,148.97601887199116,145.52657719098687,146.7363739013672,194463300,0.0,0.0
2024-11-15 00:00:00-05:00,144.8466877533126,145.2166386002855,140.05746510375218,141.9571533203125,250132900,0.0,0.0
2024-11-18 00:00:00-05:00,139.47755210471132,141.52722527651324,137.1279241566863,140.12744140625,221866000,0.0,0.0
2024-11-19 00:00:00-05:00,141.2972716123141,147.10633445236968,140.96732287230222,146.98634338378906,227834900,0.0,0.0
2024-11-20 00:00:00-05:00,147.38629113505743,147.53626090336707,142.70703603144835,145.8665313720703,309871700,0.0,0.0
2024-11-21 00:00:00-05:00,149.32598496889756,152.8654088901037,140.67736706254192,146.6464080810547,400946600,0.0,0.0
2024-11-22 00:00:00-05:00,145.90650981286518,147.13632286743956,141.07730047570033,141.92715454101562,236406200,0.0,0.0
2024-11-25 00:00:00-05:00,141.9671640146257,142.02715192160386,135.79815839357323,135.9981231689453,344941900,0.0,0.0
2024-11-26 00:00:00-05:00,137.6778530821544,139.277601884859,135.64818075181995,136.89797973632812,190287700,0.0,0.0
2024-11-27 00:00:00-05:00,134.98827330747284,137.19792446250455,131.77879829463743,135.31822204589844,226370900,0.0,0.0
2024-11-29 00:00:00-05:00,136.75800311530705,139.32759715528792,136.02812477876728,138.22776794433594,141863200,0.0,0.0
2024-12-02 00:00:00-05:00,138.8076612979231,140.42739572538855,137.7978293194704,138.60769653320312,171682800,0.0,0.0
2024-12-03 00:00:00-05:00,138.23776359782383,140.51739577472358,137.92781588392697,140.23744201660156,164414000,0.0,0.0
2024-12-04 00:00:00-05:00,141.97715912549498,145.76654278655016,140.26742746830917,145.1166534423828,231224300,0.0,0.0
2024-12-05 00:00:00-05:00,145.0966598316491,146.52652104015894,143.93676281520223,145.04666137695312,172621200,0.01,0.0
2024-12-06 00:00:00-05:00,144.58670004061705,145.68658966441174,141.29699424160657,142.42689514160156,188505600,0.0,0.0
2024-12-09 00:00:00-05:00,138.9572148926683,139.93712045292858,137.1173878488451,138.79722595214844,189308600,0.0,0.0
2024-12-10 00:00:00-05:00,138.99721154250668,141.80696595909077,133.77769033829185,135.05758666992188,210020900,0.0,0.0
2024-12-11 00:00:00-05:00,137.3473626393387,140.15710166074888,135.19756655561218,139.29718017578125,184905200,0.0,0.0
2024-12-12 00:00:00-05:00,137.0673914713081,138.42726697152892,135.7875104425574,137.32736206054688,159211400,0.0,0.0
2024-12-13 00:00:00-05:00,138.92722683278515,139.58716980719961,132.52780616182653,134.23765563964844,231514900,0.0,0.0
2024-12-16 00:00:00-05:00,134.16764608739564,134.38762706465963,130.40799755691268,131.98785400390625,237951100,0.0,0.0
2024-12-17 00:00:00-05:00,129.07812250532473,131.57789255271604,126.84833189511964,130.3780059814453,259410300,0.0,0.0
2024-12-18 00:00:00-05:00,133.84768927135005,136.68742440979707,128.2682006428492,128.8981475830078,277444500,0.0,0.0
2024-12-19 00:00:00-05:00,131.7478712095932,134.01766661792476,129.5380830968377,130.66796875,209719200,0.0,0.0
2024-12-20 00:00:00-05:00,129.7980572196654,135.26755529215387,128.20820713472543,134.68760681152344,306528600,0.0,0.0
2024-12-23 00:00:00-05:00,136.2674627166313,139.77713434768583,135.1075657604122,139.6571502685547,176053500,0.0,0.0
2024-12-24 00:00:00-05:00,139.98712655305678,141.88694573903672,138.6372445869122,140.2071075439453,105157000,0.0,0.0
2024-12-26 00:00:00-05:00,139.68715493157526,140.8370583714796,137.7173348045662,139.91712951660156,116205600,0.0,0.0
2024-12-27 00:00:00-05:00,138.53725762424156,139.00721560881072,134.69761453351015,136.9973907470703,170582600,0.0,0.0
2024-12-30 00:00:00-05:00,134.81759702407376,140.2570989672278,134.00767398793965,137.47735595703125,167734700,0.0,0.0
2024-12-31 00:00:00-05:00,138.0173106258272,138.05731549303724,133.8176997545706,134.27764892578125,155659200,0.0,0.0
2025-01-02 00:00:00-05:00,135.98748671158143,138.8672266066605,134.61761764692358,138.29727172851562,198247200,0.0,0.0
2025-01-03 00:00:00-05:00,139.99711439640743,144.88666393436952,139.71714137538024,144.4567108154297,229322500,0.0,0.0
2025-01-06 00:00:00-05:00,148.57632545203526,152.14600432101588,147.80640728049391,149.41624450683594,265377400,0.0,0.0
2025-01-07 00:00:00-05:00,153.0159191493047,153.1159160516902,139.99711279126652,140.12710571289062,351782200,0.0,0.0
2025-01-08 00:00:00-05:00,142.5668963792699,143.9367655713296,137.5473535279277,140.0971221923828,227349900,0.0,0.0
2025-01-10 00:00:00-05:00,137.43735839735214,139.90713250101766,134.20765966847648,135.8975067138672,207602500,0.0,0.0
2025-01-13 00:00:00-05:00,129.97805065881337,133.47772877314173,129.49808381781634,133.21774291992188,204808900,0.0,0.0
2025-01-14 00:00:00-05:00,136.0374931021696,136.3674645891877,130.03804480886453,131.7478790283203,195590500,0.0,0.0
2025-01-15 00:00:00-05:00,133.63770458598145,136.43745017340345,131.277920981104,136.22747802734375,185217300,0.0,0.0
2025-01-16 00:00:00-05:00,138.6272498193542,138.73724031386243,133.47772952507327,133.55772399902344,209235600,0.0,0.0
2025-01-17 00:00:00-05:00,136.67743145335606,138.48726255165812,135.44754884500142,137.6973419189453,201188800,0.0,0.0
2025-01-21 00:00:00-05:00,139.14720257048143,141.8169551308445,137.07738566270945,140.81704711914062,197749000,0.0,0.0
2025-01-22 00:00:00-05:00,144.64670591256592,147.77640781491758,143.65679142482674,147.05648803710938,237651400,0.0,0.0
2025-01-23 00:00:00-05:00,145.03666800279981,147.2164602628041,143.706788444335,147.2064666748047,155915500,0.0,0.0
2025-01-24 00:00:00-05:00,148.35634349735062,148.95629439391405,141.86695041120194,142.60687255859375,234657600,0.0,0.0
2025-01-27 00:00:00-05:00,124.78852130861458,128.3881809500624,116.68926041493282,118.40910339355469,818830900,0.0,0.0
2025-01-28 00:00:00-05:00,121.79880142784785,128.9881430022562,116.23931491482392,128.9781494140625,579666400,0.0,0.0
2025-01-29 00:00:00-05:00,126.48836708502724,126.87833061040895,120.03896327722832,123.6886215209961,467120600,0.0,0.0
2025-01-30 00:00:00-05:00,123.08867408422283,124.9885008224628,118.08913405132431,124.63853454589844,392925500,0.0,0.0
2025-01-31 00:00:00-05:00,123.76861793270326,127.83824341487099,119.1790436181177,120.0589599609375,390372900,0.0,0.0
2025-02-03 00:00:00-05:00,114.7394486968032,118.55909714130068,112.99961082645434,116.64927673339844,371235700,0.0,0.0
2025-02-04 00:00:00-05:00,116.94924444838958,121.1888524384042,116.68926621972048,118.63909149169922,256550000,0.0,0.0
2025-02-05 00:00:00-05:00,121.74880228526035,124.98850212428793,120.74889426826606,124.81851959228516,262230800,0.0,0.0
2025-02-06 00:00:00-05:00,127.40827329026631,128.7581551695,125.19847756454047,128.66815185546875,251483600,0.0,0.0
2025-02-07 00:00:00-05:00,129.20811063964976,130.35799871586244,124.9884977355082,129.8280487060547,228186300,0.0,0.0
2025-02-10 00:00:00-05:00,130.0780330404282,134.98758517024453,129.94805537047182,133.55772399902344,216989100,0.0,0.0
2025-02-11 00:00:00-05:00,132.56781502240796,134.4676342706669,131.0079608594355,132.7877960205078,178902400,0.0,0.0
2025-02-12 00:00:00-05:00,130.00805277951918,132.22784993678553,129.0681367435288,131.12794494628906,160278600,0.0,0.0
2025-02-13 00:00:00-05:00,131.54790450828392,136.487452862588,131.15794096754342,135.27755737304688,197430000,0.0,0.0
2025-02-14 00:00:00-05:00,136.46744211776974,139.23719160158925,135.4875365315285,138.8372344970703,195479600,0.0,0.0
2025-02-18 00:00:00-05:00,141.25701494818574,143.4268135927519,137.91731045487123,139.38717651367188,219176600,0.0,0.0
2025-02-19 00:00:00-05:00,139.49716663707372,141.34700263351252,137.2073839146051,139.21719360351562,167536000,0.0,0.0
2025-02-20 00:00:00-05:00,140.01712771481476,140.6470746897965,136.7774200315485,140.0971221923828,143903600,0.0,0.0
2025-02-21 00:00:00-05:00,140.02711787829398,141.4470007486669,134.01767593596887,134.41763305664062,228217600,0.0,0.0
2025-02-24 00:00:00-05:00,136.5474420161462,138.57725415414035,130.06804206967678,130.2680206298828,251381100,0.0,0.0
2025-02-25 00:00:00-05:00,129.96804527013506,130.18802626376245,124.42856133510212,126.61835479736328,271428700,0.0,0.0
2025-02-26 00:00:00-05:00,129.97805439122038,133.71770077604796,128.478192299153,131.26792907714844,322553800,0.0,0.0
2025-02-27 00:00:00-05:00,134.9875872324259,134.99758082030266,119.99896764539281,120.13895416259766,443175800,0.0,0.0
2025-02-28 00:00:00-05:00,118.00914142194866,125.07849083366686,116.38929530836823,124.90850830078125,389091100,0.0,0.0
2025-03-03 00:00:00-05:00,123.49864257535764,123.68861991301428,112.26967207329028,114.04950714111328,411381400,0.0,0.0
2025-03-04 00:00:00-05:00,110.63982667322061,119.29902637351395,110.09987541363249,115.97933197021484,398163300,0.0,0.0
2025-03-05 00:00:00-05:00,117.56918811598004,118.26912068620358,114.49947076595478,117.28921508789062,284337900,0.0,0.0
2025-03-06 00:00:00-05:00,113.51955654224739,115.3393888375433,110.209863429875,110.55982971191406,321181900,0.0,0.0
2025-03-07 00:00:00-05:00,111.2397716760376,113.46957000648335,107.5501084934214,112.67964172363281,341755500,0.0,0.0
2025-03-10 00:00:00-04:00,109.88989097369002,111.83970852661247,105.45029700249104,106.97016143798828,366487400,0.0,0.0
2025-03-11 00:00:00-04:00,106.98015850635034,112.22967568900775,104.76036144852146,108.75,354865700,0.0,0.0
2025-03-12 00:00:00-04:00,114.12000274658203,116.76000213623047,112.87999725341797,115.73999786376953,323857500,0.01,0.0
2025-03-13 00:00:00-04:00,117.02999877929688,117.76000213623047,113.79000091552734,115.58000183105469,299033100,0.0,0.0
2025-03-14 00:00:00-04:00,118.61000061035156,121.87999725341797,118.1500015258789,121.66999816894531,277593500,0.0,0.0
2025-03-17 00:00:00-04:00,122.73999786376953,122.88999938964844,118.02999877929688,119.52999877929688,255501500,0.0,0.0
2025-03-18 00:00:00-04:00,118.0,119.0199966430664,114.54000091552734,115.43000030517578,299686900,0.0,0.0
2025-03-19 00:00:00-04:00,117.2699966430664,120.44999694824219,115.68000030517578,117.5199966430664,273426200,0.0,0.0
2025-03-20 00:00:00-04:00,116.55000305175781,120.19999694824219,116.47000122070312,118.52999877929688,248829700,0.0,0.0
2025-03-21 00:00:00-04:00,116.94000244140625,117.98999786376953,115.41999816894531,117.69999694824219,266498500,0.0,0.0
2025-03-24 00:00:00-04:00,119.87999725341797,122.22000122070312,119.33999633789062,121.41000366210938,228452500,0.0,0.0
2025-03-25 00:00:00-04:00,120.55000305175781,121.29000091552734,118.91999816894531,120.69000244140625,167447200,0.0,0.0
2025-03-26 00:00:00-04:00,118.7300033569336,118.83999633789062,112.70999908447266,113.76000213623047,293463300,0.0,0.0
2025-03-27 00:00:00-04:00,111.3499984741211,114.44999694824219,110.66000366210938,111.43000030517578,236902100,0.0,0.0
2025-03-28 00:00:00-04:00,111.48999786376953,112.87000274658203,109.06999969482422,109.66999816894531,229177400,0.0,0.0
2025-03-31 00:00:00-04:00,105.11000061035156,110.95500183105469,103.6500015258789,108.37999725341797,295794496,0.0,0.0
